و	168
در	167
به	163
از	162
که	157
است	155
این	154
را	153
با	149
آن	145
سال	143
برای	141
شد	141
یک	141
بود	140
او	139
بر	138
سیارک	137
ایران	136
خود	136
شده	136
تا	135
می‌شود	135
یا	135
دارد	134
نام	134
نیز	134
کرد	134
شده‌است	132
دو	131
شهر	131
قرار	131
می	131
پس	131
یکی	131
کشف	130
وی	129
استفاده	128
دیگر	128
هم	128
بخش	127
های	127
هر	127
استان	126
عنوان	126
می‌باشد	126
وجود	126
آنها	125
برابر	125
توسط	125
شهرستان	125
می‌کند	125
کار	125
اما	124
باشد	124
جمعیت	124
صورت	124
مورد	124
هستند	124
کشور	124
روی	123
زبان	123
زمان	123
میلادی	123
بوده	122
بین	122
دارای	122
دانشگاه	122
دست	122
شود	122
نفر	122
همچنین	122
بعد	121
تهران	121
داشت	121
هزار	121
واقع	121
کند	121
بسیار	120
روز	120
مردم	120
می‌کنند	120
هاء	120
پیش	120
کتاب	120
کرده	120
آب	119
آمریکا	119
بزرگ	119
بودند	119
بیشتر	119
تاریخ	119
داد	119
داشته	119
دهستان	119
زندگی	119
زیر	119
سه	119
قدر	119
مانند	119
مطلق	119
نظر	119
ولی	119
گروه	119
انجام	118
جنگ	118
دارند	118
روستا	118
شرکت	118
فیلم	118
مرکز	118
میان	118
آغاز	117
اصلی	117
اولین	117
برخی	117
بسیاری	117
حال	117
داده	117
دوره	117
راه	117
محمد	117
منطقه	117
می‌توان	117
چند	117
گرفته	117
اسلامی	116
اول	116
بار	116
تشکیل	116
تنها	116
جنوب	116
جهان	116
حدود	116
دوم	116
می‌شوند	116
گرفت	116
آثار	115
اثر	115
اگر	115
ایجاد	115
بازی	115
باید	115
تولید	115
جمله	115
دوران	115
دولت	115
سازمان	115
شامل	115
شاه	115
شدن	115
شرقی	115
شمال	115
مرکزی	115
ملی	115
می‌دهد	115
همراه	115
همین	115
کردن	115
کردند	115
اساس	114
ایرانی	114
بوده‌است	114
ساخته	114
شدند	114
شکل	114
فارسی	114
ماه	114
مختلف	114
موسیقی	114
نوع	114
ای	113
بن	113
بیش	113
توابع	113
توجه	113
جمهوری	113
دلیل	113
زمین	113
زیادی	113
سر	113
سیاسی	113
طول	113
علی	113
غربی	113
نشان	113
نمود	113
همان	113
همه	113
چون	113
یافت	113
آذربایجان	112
تمام	112
جهت	112
حزب	112
ساخت	112
سطح	112
طور	112
قبل	112
كه	112
منابع	112
نخستین	112
نقش	112
نیست	112
پایان	112
کنند	112
گفته	112
یعنی	112
آمد	111
اشاره	111
اطلاعات	111
اند	111
انقلاب	111
اینکه	111
باعث	111
بی	111
تحت	111
تعداد	111
تغییر	111
جدید	111
جهانی	111
دیگری	111
سرشماری	111
سپس	111
قابل	111
معروف	111
می‌تواند	111
نسبت	111
وارد	111
چهار	111
آن‌ها	110
ادامه	110
انگلیسی	110
برنامه	110
تاریخی	110
تیم	110
حکومت	110
خط	110
خواهد	110
روستایی	110
سوی	110
سیستم	110
غیر	110
فعالیت	110
قرن	110
متر	110
مجموعه	110
مرگ	110
منتشر	110
هجری	110
گردید	110
افراد	109
انتخاب	109
اين	109
بالا	109
بدون	109
تبدیل	109
ترین	109
جای	109
داستان	109
رسید	109
رشته	109
روش	109
زمانی	109
شروع	109
ما	109
مجلس	109
محل	109
ممکن	109
نه	109
چنین	109
آنان	108
آنجا	108
اسلام	108
اعلام	108
افزایش	108
باز	108
بنا	108
جریان	108
حتی	108
دهه	108
رفت	108
رنگ	108
طریق	108
طی	108
علمی	108
علوم	108
عمل	108
غرب	108
فرانسه	108
فرهنگ	108
قانون	108
مدت	108
مربوط	108
من	108
مناطق	108
مهم	108
می‌گیرد	108
نوشته	108
هیچ	108
چاپ	108
چه	108
کنار	108
کوچک	108
آزاد	107
آلمان	107
اجتماعی	107
انسان	107
ایالات	107
بودن	107
جنوبی	107
حرکت	107
حضور	107
خان	107
خانه	107
خانواده	107
درجه	107
دریافت	107
دنیا	107
دور	107
رئیس	107
زنان	107
سازی	107
سوم	107
سپتامبر	107
سید	107
شناخته	107
طبیعی	107
قدرت	107
قسمت	107
متحده	107
مسجد	107
معنی	107
موجود	107
می‌رود	107
می‌گردد	107
هنگام	107
پیدا	107
کشورهای	107
کمک	107
کوه	107
کیلومتر	107
آخرین	106
آلبوم	106
آموزش	106
آورد	106
اروپا	106
باشند	106
برد	106
بیماری	106
تر	106
تقویم	106
حالت	106
خارج	106
خانوار	106
خورشیدی	106
دیده	106
سایر	106
شبکه	106
شده‌اند	106
شمالی	106
شهرهای	106
شوند	106
شیخ	106
طراحی	106
طرف	106
عراق	106
عربی	106
عضو	106
علت	106
عمومی	106
فرهنگی	106
فقط	106
قلعه	106
مواد	106
نتیجه	106
نزدیک	106
نظامی	106
نیروهای	106
نیروی	106
پدر	106
پرداخت	106
پسر	106
کم	106
گذشته	106
گفت	106
آمده	105
آمریکایی	105
ارائه	105
اقتصادی	105
البته	105
انواع	105
اکنون	105
ایالت	105
بعضی	105
بهترین	105
ترتیب	105
تقسیم	105
درصد	105
دهد	105
رسمی	105
رود	105
زن	105
سرعت	105
سی	105
شرق	105
شمار	105
شورای	105
فوتبال	105
منبع	105
میلاد	105
میلیون	105
می‌آید	105
می‌دهند	105
نیاز	105
هنر	105
ویژه	105
پنج	105
کامل	105
کاهش	105
کرده‌است	105
کننده	105
ابتدا	104
ارتباط	104
اعضای	104
امام	104
امروزه	104
انتخابات	104
اکتبر	104
بدن	104
بررسی	104
بیان	104
تعریف	104
توسعه	104
جایزه	104
جزیره	104
حاضر	104
حسین	104
حقوق	104
حمله	104
خاطر	104
داخل	104
داشتند	104
درباره	104
دکتر	104
رشد	104
رو	104
ریاست	104
زاده	104
زمینه	104
شهری	104
علاوه	104
قدیمی	104
مدرسه	104
مشهور	104
مصرف	104
موارد	104
نمایش	104
وزارت	104
کشاورزی	104
کل	104
کنترل	104
گونه	104
آباد	103
آمار	103
اجرا	103
ادبیات	103
ارتش	103
ازدواج	103
استاد	103
اسرائیل	103
افغانستان	103
انتقال	103
اندازه	103
انرژی	103
بازار	103
باقی	103
بخشی	103
تحصیل	103
ترجمه	103
تن	103
جامعه	103
جان	103
خاص	103
داخلی	103
دادن	103
دستگاه	103
ده	103
دومین	103
روسیه	103
سالگی	103
سبک	103
سن	103
سنگ	103
شعر	103
طرح	103
فاصله	103
فرزند	103
قمری	103
ماده	103
مثال	103
مشخص	103
مقدار	103
موضوع	103
میدان	103
میزان	103
می‌باشند	103
هدف	103
هند	103
هنوز	103
واژه	103
چشم	103
کیلومتری	103
اجرای	102
احمد	102
ارتفاع	102
اصفهان	102
اغلب	102
امکان	102
انتشار	102
ایشان	102
برگزار	102
بیست	102
تهیه	102
خاک	102
دانش	102
زیاد	102
زیرا	102
ساختمان	102
شش	102
شکست	102
عدد	102
علم	102
عهده	102
فارس	102
فرد	102
فصل	102
مارس	102
متولد	102
مثل	102
محسوب	102
محلی	102
مدیریت	102
مربع	102
مسیر	102
معرفی	102
مقابل	102
منظور	102
موجب	102
موفق	102
میرزا	102
می‌رسد	102
نامیده	102
نوعی	102
هفت	102
همچون	102
واحد	102
وزیر	102
وقتی	102
پادشاه	102
پایه	102
پزشکی	102
پهلوی	102
چندین	102
چین	102
کشته	102
کلی	102
گسترش	102
گل	102
گیری	102
یاد	102
آزادی	101
اش	101
اصل	101
اطراف	101
امور	101
انجمن	101
اهل	101
اولیه	101
بازگشت	101
بدست	101
بعدها	101
توان	101
جام	101
جمع	101
حسن	101
خارجی	101
خدا	101
خراسان	101
دانشکده	101
دختر	101
درمان	101
درگذشت	101
دسته	101
دستور	101
دین	101
رودخانه	101
روزنامه	101
ساعت	101
سرانجام	101
سرزمین	101
سفر	101
سفید	101
سیاه	101
شرایط	101
صد	101
صنعتی	101
طبق	101
عالی	101
عبارت	101
علیه	101
قرآن	101
لازم	101
مدتی	101
مرد	101
مشغول	101
مهندسی	101
ناحیه	101
نامه	101
نخست	101
نوامبر	101
نور	101
نویسنده	101
همکاری	101
هنری	101
وسیله	101
پایین	101
پخش	101
پر	101
ژانویه	101
کسب	101
کسی	101
یافته	101
آوریل	100
ابن	100
اساسی	100
امر	100
انگلستان	100
اوت	100
باستان	100
براساس	100
بریتانیا	100
بطور	100
بلکه	100
بنابراین	100
تبریز	100
ترک	100
تصویر	100
تعیین	100
تمامی	100
ثبت	100
جدا	100
حالی	100
حمایت	100
خون	100
درون	100
دسامبر	100
دولتی	100
دی	100
ذکر	100
رفته	100
سبب	100
شخصی	100
شرح	100
شوروی	100
عمر	100
فشار	100
قدیم	100
لحاظ	100
متفاوت	100
محیط	100
مذهبی	100
مرحله	100
مسابقات	100
مصر	100
مطرح	100
معماری	100
معمولا	100
مقام	100
مکان	100
نزدیکی	100
نظام	100
نظریه	100
نقاط	100
نقطه	100
نمونه	100
وقت	100
پدرش	100
کاربرد	100
کرده‌اند	100
کمتر	100
کوتاه	100
گرم	100
اداره	99
اقتصاد	99
الله	99
اهمیت	99
اواخر	99
بدین	99
بزرگی	99
بسته	99
بصورت	99
بلند	99
بندی	99
بهره	99
بیرون	99
تأسیس	99
تاریخچه	99
ثابت	99
خویش	99
خیابان	99
دادند	99
درخت	99
دنبال	99
دوباره	99
رهبری	99
زندان	99
ساختار	99
ساله	99
ستاره	99
سپاه	99
شب	99
شناسی	99
شهرت	99
صفحه	99
عدم	99
عملیات	99
فرانسوی	99
فراهم	99
فروش	99
فعال	99
فلسفه	99
فهرست	99
فوریه	99
محدود	99
مراسم	99
مساحت	99
مناسب	99
می‌گوید	99
می‌گویند	99
نسخه	99
نقل	99
نژاد	99
هنگامی	99
هوایی	99
ورود	99
پادشاهی	99
پایتخت	99
پشت	99
پل	99
چهارم	99
کنید	99
گرفتن	99
گروهی	99
یکدیگر	99
آتش	98
آلمانی	98
آنکه	98
اختیار	98
اسپانیا	98
اقدام	98
بالای	98
برده	98
بعدی	98
بکار	98
بین‌المللی	98
تابع	98
تاسیس	98
تجاری	98
ترکیب	98
تصمیم	98
تعدادی	98
تلاش	98
جا	98
جمهور	98
جنبش	98
حاصل	98
حد	98
حفظ	98
حق	98
حوزه	98
خاصی	98
خدمات	98
خدمت	98
درآمد	98
دریای	98
رابطه	98
رضا	98
ساده	98
سنتی	98
سومین	98
سیاست	98
صنایع	98
صنعت	98
ضد	98
عباس	98
فضای	98
قتل	98
مادر	98
مانده	98
محله	98
محمود	98
مدل	98
مشاهده	98
میانه	98
می‌توانند	98
نفت	98
نموده	98
هوا	98
چهل	98
کمی	98
گاه	98
گاهی	98
گوناگون	98
آبی	97
آموزشی	97
آهنگ	97
اجازه	97
اخیر	97
اصول	97
المللی	97
امروز	97
امپراتوری	97
اکثر	97
بازیگر	97
باستانی	97
باشگاه	97
باغ	97
برادر	97
بیشتری	97
تحصیلات	97
تشخیص	97
توانست	97
جز	97
جلوگیری	97
حل	97
خورشید	97
دار	97
داشته‌است	97
درست	97
دریا	97
دریایی	97
دید	97
روابط	97
ریشه	97
زنده	97
سده	97
سری	97
سلطان	97
سنت	97
شاعر	97
شبیه	97
شماره	97
شیراز	97
طبقه	97
عامل	97
عصر	97
فوق	97
قوانین	97
مالی	97
محصولات	97
مستقل	97
مه	97
موزه	97
موقعیت	97
نبود	97
نظیر	97
نیمه	97
هشت	97
وضعیت	97
پاریس	97
پیروزی	97
چیزی	97
ژاپن	97
کارهای	97
کاری	97
کنونی	97
کنیم	97
کودکان	97
گردد	97
گرفته‌است	97
گزارش	97
یونانی	97
آنچه	96
آیت‌الله	96
اختلاف	96
استقلال	96
اضافه	96
ان	96
انسانی	96
اهالی	96
اوایل	96
ایتالیا	96
برخوردار	96
برنامه‌های	96
بزرگترین	96
بنابر	96
بنام	96
بندر	96
تأثیر	96
تحقیقات	96
تدریس	96
ترکیه	96
تلویزیونی	96
جغرافیایی	96
حساب	96
خلق	96
خلیج	96
خمینی	96
خوانده	96
خوبی	96
خودش	96
خیلی	96
داشتن	96
دانشجویان	96
دفاع	96
دلار	96
رخ	96
روم	96
ساکن	96
سبز	96
سخن	96
سینما	96
شبه	96
شدت	96
صاحب	96
عبور	96
عربستان	96
عمده	96
متعلق	96
متن	96
محصول	96
مراکز	96
مسائلي	96
مستقیم	96
مشترک	96
منجر	96
مهاجرت	96
مهمترین	96
مهم‌ترینش	96
می‌دانند	96
نبرد	96
نماید	96
نو	96
هاییتی	96
همانند	96
هوای	96
پا	96
پاسخ	96
پنجاه	96
پیشنهاد	96
ژوئن	96
کتابخانه	96
کلمه	96
گاز	96
گذاری	96
گروه‌های	96
گسترده	96
آورده	95
اتفاق	95
ادبی	95
ارزش	95
استاندارد	95
اعمال	95
الکتریکی	95
امنیت	95
ایرانیان	95
بخش‌های	95
برج	95
بزرگ‌ترین	95
بشر	95
تفاوت	95
تلویزیون	95
تو	95
جاده	95
جایی	95
جرم	95
جلد	95
جوان	95
حاکم	95
حقیقت	95
حمل	95
حکم	95
خواننده	95
دسترسی	95
دفتر	95
دویست	95
دچار	95
دینی	95
رسیدن	95
رمان	95
رهبر	95
روشن	95
زیبا	95
سابق	95
ساز	95
سخت	95
سراسر	95
سرخ	95
سلطنت	95
شخص	95
شخصیت	95
شدید	95
شصت	95
طولانی	95
عبارتند	95
عرب	95
عرضه	95
فرمان	95
فعالیت‌های	95
مازندران	95
ماشین	95
ماهی	95
مرز	95
مطالعه	95
معاصر	95
مفهوم	95
مقاومت	95
مقدس	95
ملل	95
منتقل	95
مهدی	95
می‌یابد	95
نرم‌افزار	95
نهایت	95
نواحی	95
نگهداری	95
نیویورک	95
هفتادبار	95
همسر	95
همواره	95
همیشه	95
ورودی	95
وزن	95
پارک	95
پرورش	95
پنجم	95
پوشش	95
چرا	95
چهارمین	95
ژوئیه	95
کارشناسی	95
کارگردانی	95
کره	95
کسانی	95
کشتی	95
گیرد	95
آخر	94
آقای	94
آمده‌است	94
آهن	94
ابراهیم	94
اتحاد	94
احتمال	94
اصطلاح	94
امیر	94
انتشارات	94
اینترنت	94
باب	94
بحث	94
برق	94
برنده	94
بهمن	94
به‌عنوان	94
بیت	94
تاثیر	94
تخت	94
تصویب	94
تغییرات	94
تیر	94
جشن	94
جشنواره	94
جنسی	94
خبر	94
خشک	94
خصوص	94
خطوط	94
دادگاه	94
دره	94
دقیقه	94
دهند	94
دوست	94
راست	94
شاید	94
شیعه	94
صدای	94
ضمن	94
ظاهر	94
عوامل	94
فراوان	94
فراوانی	94
فضایی	94
فنی	94
فیزیک	94
قاجار	94
قرمز	94
قم	94
لندن	94
لیگ	94
ماند	94
مبارزه	94
متصل	94
متوسط	94
مجله	94
مدیر	94
مشکل	94
موسسه	94
می‌پردازد	94
می‌گیرند	94
ناشی	94
نشده	94
نفوذ	94
نقاشی	94
نوشت	94
نوشتن	94
هدایت	94
هفته	94
همچنان	94
وابسته	94
واقعی	94
پاپ	94
پنجمین	94
پیرامون	94
چپ	94
کامپیوتر	94
کرمان	94
گشت	94
یمن	94
یونان	94
آسیا	93
آنرا	93
آینده	93
اتحادیه	93
ارشد	93
اروپایی	93
اعداد	93
الدین	93
الگوریتم	93
ایستگاه	93
برجسته	93
برخورد	93
بنای	93
بهتر	93
بوجود	93
بوده‌اند	93
تازه	93
تاکنون	93
ترکی	93
تنظیم	93
توزیع	93
تپه	93
جامع	93
جایگاه	93
جذب	93
حاج	93
حیات	93
خرداد	93
خصوصی	93
دریاچه	93
دل	93
رادیو	93
رایج	93
رد	93
رسیده	93
رفتار	93
ریاضی	93
زمینی	93
سایت	93
سد	93
سلسله	93
سیصد	93
شاخه	93
ششمین	93
شناسایی	93
شیمیایی	93
صدا	93
صورتی	93
طبیعت	93
طوری	93
عبدالله	93
عشق	93
علاقه	93
فردی	93
فناوری	93
قابلیت	93
قهرمانی	93
قیمت	93
متحد	93
مدرن	93
مذهب	93
مشابه	93
مشهد	93
مشکلات	93
مقاله	93
مقایسه	93
مهر	93
مهمیت	93
موتور	93
موج	93
نتایج	93
نسل	93
نصب	93
نماینده	93
نمی	93
نگاه	93
هشتاد	93
پرواز	93
پروژه	93
پشتیبانی	93
پوست	93
پیشرفت	93
چشمه	93
کافی	93
کانادا	93
کشت	93
کشوری	93
کلیسای	93
گذاشت	93
گونه‌ای	93
گویش	93
گیاه	93
آشنا	92
آفریقا	92
اختصاص	92
ارسال	92
ارومیه	92
اسماعیل	92
اشعار	92
اطلاعاتی	92
اعتقاد	92
اعدام	92
المپیک	92
ام	92
امروزی	92
امکانات	92
انگلیس	92
اهداف	92
بالغ	92
باور	92
برتر	92
بروز	92
برگزاری	92
بعنوان	92
بند	92
بنیاد	92
بهار	92
بیمارستان	92
تئاتر	92
تابستان	92
تامین	92
تجارت	92
تجربه	92
تحلیل	92
ترانه	92
توانایی	92
توصیف	92
تولد	92
تک	92
جدیدی	92
جو	92
حداقل	92
حذف	92
حرف	92
حرفه‌ای	92
خداوند	92
خوب	92
دامنه	92
دانست	92
دشت	92
دعوت	92
دقیق	92
دنیای	92
دهنده	92
دیدگاه	92
دیگران	92
ذخیره	92
رای	92
رساند	92
روح	92
روند	92
زیست	92
ساختن	92
سرد	92
سرویس	92
سعی	92
ششم	92
شمسی	92
شهید	92
شیر	92
شیوه	92
صفر	92
صلح	92
عادی	92
عرض	92
عملکرد	92
عناصر	92
فتح	92
قادر	92
قانونی	92
قصد	92
قطب	92
قطع	92
قطعه	92
لباس	92
لقب	92
مخصوص	92
مسلمان	92
معادل	92
معتقد	92
موفقیت	92
نشر	92
نصف‌النهار	92
نهاد	92
نهم	92
نودا	92
نوری	92
نویسندگانش	92
هست	92
هشتن	92
واکنش	92
وظیفه	92
ویژگی	92
پدید	92
پست	92
پلیس	92
پیام	92
پیامبر	92
پیشین	92
پیوست	92
پیوند	92
چینی	92
کاخ	92
کد	92
کشورها	92
کشیده	92
کمیته	92
کهن	92
کودکی	92
کوچکی	92
گذاشته	92
گذشت	92
گرفتند	92
گیاهان	92
گیلان	92
یکم	92
آرامگاه	91
آسیب	91
آمدن	91
آمریکای	91
اثبات	91
احداث	91
استرالیا	91
اسم	91
افتاد	91
افرادی	91
امامزاده	91
امنیتی	91
اگرچه	91
بازداشت	91
بافت	91
بانک	91
بهبود	91
بومی	91
بیشترین	91
بینی	91
تحقیق	91
تصرف	91
تلفن	91
جدول	91
جنس	91
جنگی	91
خاندان	91
خسرو	91
خطی	91
داده‌است	91
دانشمندان	91
دبیرستان	91
دربار	91
درخواست	91
دستگیر	91
دمای	91
راک	91
رضوی	91
رفتن	91
زده	91
زیبایی	91
سرمایه	91
سریع	91
ضبط	91
عثمانی	91
عضویت	91
عهد	91
فرض	91
فرماندهی	91
قرارداد	91
قسمتی	91
قهرمان	91
قوی	91
مادرش	91
متعددی	91
مجموع	91
مجموعه‌ای	91
محدوده	91
مخالفت	91
مرتب	91
مسیح	91
مطالعات	91
مکتب	91
می‌برد	91
نشد	91
نقشه	91
نمایندگانتان	91
نمودند	91
هرات	91
هزینه	91
هسته	91
هسته‌ای	91
همزمان	91
هواپیما	91
ورزش	91
ورزشی	91
ولایت	91
پارسی	91
پانصد	91
پاکستان	91
پول	91
کتابی	91
کدام	91
کردستان	91
کلاسیک	91
کمونیست	91
کیفیت	91
گردیده	91
گویند	91
یکمین	91
آسمان	90
آماده	90
آوردن	90
آوری	90
ابتدایی	90
ابزار	90
احساس	90
احمدی	90
اسید	90
اصلاح	90
اطلاق	90
ايران	90
باد	90
بازی‌های	90
بالاتر	90
برداری	90
بقیه	90
تخریب	90
تربیت	90
تفسیر	90
تمدن	90
جزء	90
جزایر	90
جزو	90
جوانان	90
حاوی	90
حجم	90
خرید	90
خطر	90
خلاف	90
خواست	90
خواهند	90
خوش	90
داریوش	90
دانشگاهی	90
درمانی	90
دهستانی	90
دوازده	90
دیوار	90
رایانه	90
رشته‌های	90
رقص	90
روایت	90
روسی	90
ریزی	90
زد	90
زدن	90
ساسانی	90
سریال	90
سنگی	90
ششصد	90
شیرین	90
صحبت	90
صحنه	90
صحیح	90
ظهور	90
عبارت‌اند	90
عنصر	90
عکس	90
عین	90
غذایی	90
فرار	90
فرودگاه	90
فعلی	90
قالب	90
قلب	90
قوم	90
كرد	90
لاتین	90
مجبور	90
محاسبه	90
محمدرضا	90
مخالف	90
مدار	90
مدرک	90
مرتبط	90
مسیحی	90
مغز	90
موسوی	90
می‌داند	90
می‌نویسد	90
نظارت	90
نهایی	90
نویسی	90
نیم	90
هرمزگان	90
هرچند	90
هفتصدساله	90
وسایل	90
ویژگی‌های	90
پای	90
پایگاه	90
پیاده	90
پیشینه	90
چنان	90
چهارصد	90
چوب	90
کابل	90
کاربر	90
کاربران	90
کارگردان	90
کرمانشاه	90
کلید	90
کلیه	90
کودک	90
کوهستانی	90
گرد	90
گنبد	90
یافتن	90
یهودی	90
یهودیان	90
آذر	89
آرام	89
آزمایش	89
آسیای	89
آل	89
ابتدای	89
اتاق	89
اتصال	89
اسب	89
استان‌های	89
اشغال	89
اعتراض	89
اقامت	89
اقیانوس	89
انتهای	89
اوج	89
اکبر	89
اینجا	89
بازسازی	89
بازیکن	89
بختیاری	89
برقرار	89
بزرگان	89
بنیان	89
بگیرد	89
بیستم	89
بیمار	89
تجهیزات	89
تصاویر	89
تغذیه	89
تقریبا	89
توضیح	89
جسم	89
جنگل	89
جوانی	89
حضرت	89
خواجه	89
خواندن	89
خوزستان	89
دارو	89
دانشجو	89
دانشگاه‌های	89
درد	89
درس	89
درک	89
دستی	89
دیدار	89
رده	89
رم	89
رواج	89
رژیم	89
رییس	89
زرد	89
زمستان	89
ساحل	89
سعید	89
سقوط	89
سیستان	89
سینمایی	89
شغل	89
شناخت	89
شهرک	89
شهریور	89
صادر	89
صادق	89
صرف	89
صفوی	89
ضرب	89
طلا	89
عالم	89
عده‌ای	89
عصبی	89
عملی	89
غذا	89
غیره	89
فرزندان	89
فضا	89
فکر	89
فیزیکی	89
فیلمی	89
فیلم‌های	89
قبلی	89
قبیل	89
قطعات	89
لایه	89
لبنان	89
لیست	89
متعدد	89
محور	89
محکوم	89
مدارس	89
مراحل	89
مرحوم	89
مرداد	89
مسابقه	89
معمول	89
معمولی	89
مقامات	89
منطقه‌ای	89
موسی	89
می‌آورد	89
می‌روند	89
می‌نماید	89
نجات	89
نداشته‌است	89
نشریه	89
نماز	89
نهصدروزه	89
نيزار	89
هرگز	89
هشتصدمین	89
هشتمين	89
همدان	89
يا	89
پرنده	89
پیمان	89
پیوسته	89
چیز	89
کالیفرنیا	89
کاملا	89
کنون	89
کنگره	89
گلستان	89
گیاهی	89
یابد	89
آقا	88
آیا	88
آید	88
آیین	88
اتمی	88
ارتباطات	88
ارتباطی	88
اردیبهشت	88
ارمنستان	88
اسفند	88
اعراب	88
اقوام	88
الکترونیکی	88
امتیاز	88
امپراتور	88
اندکی	88
اوست	88
اینترنتی	88
باره	88
بتواند	88
بردن	88
برگ	88
برگزیده	88
بغداد	88
بهداشت	88
تکنولوژی	88
تگزاس	88
تیره	88
جایگزین	88
جبهه	88
حافظه	88
حفاظت	88
حیوانات	88
خواند	88
خودرو	88
درختان	88
دقت	88
دهم	88
دیدن	88
دیدنی	88
دیوان	88
راهی	88
رهبران	88
روزگار	88
ریاضیات	88
ساکنان	88
سخنرانی	88
سردار	88
سلول	88
سنگین	88
سوره	88
شیعیان	88
عظیم	88
عقب	88
غار	88
فرآیند	88
فرمانده	88
فروردین	88
فلسطین	88
قبول	88
قدمت	88
قزوین	88
متال	88
مثبت	88
مردمانش	88
مقطع	88
ملک	88
منفی	88
مواجه	88
موشک	88
میلیارد	88
می‌آیند	88
نامی	88
نماد	88
نمایند	88
هریارت	88
همسرش	88
هندوستان	88
وجه	88
وضع	88
پیروان	88
چندی	88
کارخانه	88
کتاب‌های	88
کردی	88
کنندگان	88
گردشگری	88
گرچه	88
گوش	88
گونه‌های	88
گیتار	88
آبان	87
آشکار	87
ابهام‌زدایی	87
اداری	87
اردشیر	87
اسناد	87
اسکار	87
اطلاع	87
اعتماد	87
اقدامات	87
امواج	87
انتقاد	87
اندیشه	87
انقلابی	87
ایتالیایی	87
ایل	87
باران	87
بارها	87
بالایی	87
بلوچستان	87
بنی	87
بهرام	87
بوسیله	87
بیماران	87
تخصصی	87
تخم	87
تدوین	87
تصویری	87
تلفظ	87
تماس	87
تواند	87
توپ	87
تکرار	87
ثانیه	87
جدی	87
جلب	87
جمعه	87
حداکثر	87
حلقه	87
خدای	87
خروجی	87
خلاصه	87
خواص	87
خواهر	87
داشته‌اند	87
دلایل	87
دوره‌های	87
ذرات	87
ذهن	87
رقابت	87
رها	87
روان	87
روزی	87
ری	87
سابقه	87
سلطنتی	87
سوخت	87
سوریه	87
سکونت	87
سیم	87
شاهد	87
شاگردان	87
شهرداری	87
شیمی	87
صدر	87
ظرفیت	87
عقیده	87
عیسی	87
فرا	87
فلسفی	87
قطر	87
لذا	87
لرستان	87
مایع	87
مبنای	87
متغیر	87
متوجه	87
مجدد	87
مجمع	87
مذکور	87
مرجع	87
مردمی	87
مردیان	87
مسعود	87
مشخصات	87
مشروطه	87
مطابق	87
معین	87
مغناطیسی	87
مقالات	87
منصوب	87
میشود	87
می‌رفتم	87
می‌سازد	87
می‌نامند	87
نامزد	87
نامگذاری	87
نحوه	87
نقد	87
نوار	87
نوین	87
نکته	87
نگارش	87
هندی	87
هواپیمای	87
ورزشگاه	87
وسعت	87
وقوع	87
ویلیام	87
ویندوز	87
يك	87
پذیرش	87
پرتاب	87
پیدایش	87
چاه	87
چندان	87
ژاپنی	87
کاربردهای	87
کاربردی	87
کانال	87
کتب	87
کلاس	87
کوتاهی	87
کوه‌های	87
گراف	87
گرایش	87
گندم	87
گوناگونی	87
یافته‌است	87
آبادی	86
آشنایی	86
آنگاه	86
آواز	86
آگاهی	86
اجرایی	86
اختلال	86
ادعا	86
اس	86
استخوان	86
استقبال	86
اسپانیایی	86
اشتباه	86
اشکال	86
انبار	86
اندازی	86
اوقات	86
بابل	86
بازرگانی	86
بخاطر	86
بدلیل	86
برادرش	86
براي	86
برخلاف	86
برداشت	86
برسد	86
بستک	86
تاج	86
تالار	86
تایید	86
تجزیه	86
تدریج	86
ترکیبی	86
تصور	86
تقویت	86
توجهی	86
جاری	86
جانبی	86
جانشین	86
جراحی	86
جعفر	86
جمعی	86
جواب	86
جکسون	86
جیمز	86
حافظ	86
حرارت	86
حروف	86
حقیقی	86
حملات	86
خانم	86
خبری	86
خروج	86
خواب	86
خورد	86
داده‌اند	86
داده‌ها	86
دارا	86
داری	86
داریم	86
داستان‌های	86
دانسته	86
دروازه	86
درگیری	86
دشمن	86
دم	86
دکترای	86
رتبه	86
روانی	86
روبرو	86
روحانی	86
زبانی	86
زندانی	86
زنی	86
ساری	86
ساسانیان	86
سالها	86
ستارگان	86
ستون	86
سربازان	86
سلیمان	86
سود	86
سینمای	86
شاعران	86
شان	86
شهرها	86
شورش	86
شکار	86
صبح	86
طایفه	86
طرفداران	86
عبری	86
علیا	86
عمان	86
عمق	86
عوارض	86
فرایند	86
فردوسی	86
فرستاد	86
فرستاده	86
فرم	86
قاره	86
قضیه	86
قلم	86
قلمرو	86
لوله	86
مایکل	86
مبتلا	86
مبتنی	86
متری	86
متهم	86
متون	86
مثلا	86
محسن	86
مراجعه	86
مشتری	86
مطالب	86
معاون	86
مفید	86
مقابله	86
ملت	86
موثر	86
موسوم	86
مکانیک	86
میراث	86
میل	86
میوه	86
می‌کنیم	86
نباید	86
نرخ	86
نرم	86
نشانه	86
نشست	86
نوازنده	86
نوشته‌های‌شان	86
نگه	86
نیرو	86
هاشمی	86
هلند	86
وسیع	86
يک	86
پایانی	86
پرندگان	86
پرچم	86
پژوهش	86
پژوهشی	86
پیچیده	86
چای	86
چهره	86
چگونگی	86
کارگران	86
کبیر	86
کن	86
کنفرانس	86
گره	86
گوشت	86
یزد	86
آوردند	85
آیه	85
ابعاد	85
اتمام	85
احترام	85
احزاب	85
اختراع	85
اخذ	85
ارمنی	85
اسکندر	85
اشتغال	85
اظهار	85
اعظم	85
اف	85
افتخار	85
افزوده	85
ال	85
الهی	85
الکترونیک	85
امید	85
انتظار	85
اکثریت	85
ایالتی	85
برعهده	85
برلین	85
برگرفته	85
بویژه	85
تأمین	85
تئوری	85
تبعید	85
تحریک	85
ترور	85
ترکیبات	85
تری	85
تقسیمات	85
تهدید	85
تکامل	85
تکمیل	85
جستجو	85
جستجوی	85
جلو	85
جی	85
حاجی	85
حادثه	85
حمام	85
حوادث	85
خاتمی	85
خالی	85
خامنه‌ای	85
خصوصیات	85
خلیفه	85
دانشجویی	85
دسترس	85
دوستان	85
رادیویی	85
رایانه‌ای	85
ردیف	85
رشت	85
رنگی	85
روغن	85
رونق	85
سازد	85
ستاد	85
سختی	85
سرطان	85
سوئد	85
سپرده	85
سیر	85
سیستم‌عامل	85
سینه	85
سیگنال	85
شاهنامه	85
شیرازی	85
عام	85
عرصه	85
علامت	85
عوض	85
فارغ	85
فاقد	85
فرو	85
فعالیتهای	85
فلزی	85
فلکی	85
فن	85
فوت	85
فکری	85
قرون	85
قیام	85
لیسانس	85
مانده‌است	85
مانع	85
مبنی	85
متفاوتی	85
مجاهدین	85
مرتضی	85
مسلح	85
مسیحیت	85
مشارکت	85
مشرق	85
مشهورترین	85
مغرب	85
منحصر	85
منطق	85
مهندس	85
می‌برند	85
نادر	85
نباشد	85
نجف	85
نخواهدآمد	85
نمی‌توانست	85
نهضت	85
نوبل	85
نوزدهمين	85
هایدلبرگنسیس	85
همگی	85
هم‌زمانانش	85
هیات	85
وسط	85
وظایف	85
وقایع	85
پدیده	85
پذیر	85
پذیرفته	85
پرداخته	85
پردازش	85
پرویز	85
پزشک	85
پسرش	85
پیر	85
پیشرفته	85
چگونه	85
کاتولیک	85
کاغذ	85
کانون	85
کبیسه	85
کشید	85
کلمات	85
کلیسا	85
کمال	85
کوخرد	85
کیلوگرم	85
گری	85
یاری	85
یازده	85
یوسف	85
آثاری	84
آمدند	84
احمدی‌نژاد	84
اخلاقی	84
اردبیل	84
اصلاحات	84
اعتبار	84
افتتاح	84
امتداد	84
انجامید	84
ایده	84
اینگونه	84
بازدید	84
بالاترین	84
باله	84
بخصوص	84
بدان	84
برزیل	84
بزرگتر	84
بستگی	84
بناهای	84
بودجه	84
بیرونی	84
تاکید	84
تبلیغات	84
تحصیلی	84
تظاهرات	84
توده	84
تی	84
جالب	84
جانب	84
جغرافیا	84
جفت	84
جلوی	84
جمشید	84
جناح	84
حاشیه	84
حالیکه	84
حکومتی	84
خارجه	84
خانگی	84
ختم	84
خواستار	84
خوردن	84
دارویی	84
دبیر	84
دختران	84
درونی	84
درگیر	84
دفن	84
ديگر	84
دژ	84
دیجیتال	84
دیسک	84
دیوید	84
رأی	84
رابرت	84
راس	84
رسیده‌است	84
رفع	84
رقم	84
روزانه	84
رومی	84
ساحلی	84
سازمانی	84
سالانه	84
سالم	84
سالن	84
سال‌ها	84
سامانه	84
سبزوار	84
سرکوب	84
سطوح	84
سفلی	84
سند	84
سو	84
سیاره	84
شاپور	84
شریف	84
صفحات	84
ضعیف	84
ظاهری	84
عباسی	84
عقاید	84
فاز	84
فایل	84
فدراسیون	84
فدرال	84
فرمانروایی	84
فشرده	84
فقه	84
قاضی	84
قبیله	84
قول	84
لشکر	84
مایل	84
متشکل	84
متوقف	84
محمدعلیا	84
محیطی	84
مخالفانش	84
مدینه	84
مرغ	84
مرکب	84
مسئولیتش	84
مساله	84
مستقر	84
مسکونی	84
مصدق	84
مصنوعی	84
معبد	84
معتبر	84
معلم	84
معلوم	84
مفاهیم	84
مقادیر	84
ملا	84
ملکه	84
ممنوع	84
منتهی	84
منزل	84
موقت	84
موقع	84
مکه	84
میانگین	84
میباشد	84
میر	84
میزبان	84
می‌خورد	84
نابود	84
نامه‌ای	84
نظم	84
نمایشگاه	84
نمی‌توان	84
نوروز	84
هخامنشیان	84
هنرمند	84
هویت	84
هکتار	84
واحدهای	84
واسطه	84
واقعه	84
وحدت	84
وسیعی	84
ولتاژ	84
ویژه‌ای	84
پارلمان	84
پاک	84
پرده	84
پلی	84
پنهان	84
پوشیده	84
کربن	84
کریم	84
کشتار	84
کف	84
کمبود	84
گذراند	84
گرفته‌اند	84
گرینویچ	84
یافتند	84
یکسان	84
آرژانتین	83
آفریقای	83
آهنگساز	83
آی	83
اخبار	83
اخلاق	83
ارزیابی	83
ارکستر	83
استادان	83
استخراج	83
الفبای	83
الکترون	83
امضا	83
انفجار	83
اهواز	83
ایفا	83
بازیکنان	83
بازیگری	83
بخار	83
بد	83
برنج	83
بروجرد	83
بزرگراه	83
بست	83
بوشهر	83
تسلط	83
تعلق	83
توصیه	83
جانوران	83
جزئی	83
جلسه	83
جوامع	83
جوایز	83
حدی	83
حرفه	83
حرکات	83
حیوان	83
خانوادگی	83
خاورمیانه	83
خدایان	83
داده‌های	83
داستانی	83
دستگیری	83
دموکرات	83
دهان	83
دهی	83
دودمان	83
دوربین	83
راحتی	83
رستم	83
رسم	83
روایات	83
روس	83
زنجان	83
زندگینامه	83
زوج	83
سانتی	83
ست	83
سرباز	83
سرود	83
سرچشمه	83
سقف	83
سلاح	83
شاهزاده	83
شاهنشاهی	83
شاهی	83
شباهت	83
شرط	83
شرکت‌های	83
ضربه	83
ضلع	83
طلایی	83
عمارت	83
عمیق	83
فاطمه	83
فرمول	83
قبایل	83
قراردادی	83
قلبی	83
قله	83
قنات	83
ماهواره	83
مترجم	83
محبوب	83
مخفی	83
مدال	83
مدعی	83
مدنی	83
مرا	83
مستند	83
مسکن	83
مسیحیانی	83
مصطفی	83
مطبوعات	83
معادله	83
معدنی	83
مغول	83
مقداری	83
ملاقات	83
منطقی	83
مواردی	83
موجودات	83
موضوعات	83
نا	83
نر	83
نفس	83
نقاش	83
نکرد	83
هزارانی	83
همراهی	83
هم‌اکنون	83
واقعیت	83
واگذار	83
پادشاهان	83
پارس	83
پراکنده	83
پروتکل	83
پیروز	83
چوبی	83
ژان	83
کالج	83
کتیبه	83
کرج	83
کس	83
کشی	83
کمپانی	83
گاو	83
گذر	83
گسترده‌ای	83
آبشار	82
آدم	82
آمیز	82
آگاه	82
ابداع	82
اتریش	82
اتم	82
اتهام	82
اثری	82
اخراج	82
ادوارد	82
ادیان	82
ارتفاعات	82
اساتید	82
استدلال	82
استقرار	82
استوار	82
اصفهانی	82
اطلس	82
اطمینان	82
افتاده	82
امارات	82
انسان‌ها	82
اواسط	82
اکسیژن	82
ایام	82
ایمان	82
ایمنی	82
ایوان	82
بالاخره	82
باند	82
برآورد	82
برادران	82
بردند	82
برود	82
بمب	82
بهشت	82
به‌شمار	82
به‌وسیله	82
به‌کار	82
تبار	82
تجاوز	82
تجدید	82
تحقیقاتی	82
تحمل	82
تحویل	82
تسلیم	82
تشویق	82
تفکر	82
تمرکز	82
تنهایی	82
تور	82
تیمور	82
جدایی	82
جغرافیای	82
جمعیتی	82
جنگ‌های	82
حرکتی	82
حس	82
حسب	82
حقوقی	82
حومه	82
حین	82
خاصیت	82
خانه‌های	82
خاور	82
خلافت	82
خوانندگان	82
داروهای	82
دامداری	82
دانسته‌اند	82
دانشمند	82
دایره	82
دراز	82
دراین	82
درگذشته	82
دستیابی	82
راهنمایی	82
رسانه‌های	82
رعایت	82
رفتند	82
رمز	82
روحانیون	82
ریز	82
ریچارد	82
زاویه	82
زرتشت	82
سان	82
سانتیمتر	82
سران	82
سطحی	82
سفارت	82
سلول‌های	82
سنی	82
سهم	82
شاخص	82
شاخه‌های	82
شخصیت‌های	82
شعاع	82
شکنجه	82
صدها	82
صدور	82
ضروری	82
طیف	82
علمیه	82
عموم	82
غالب	82
فراز	82
فرقه	82
فرکانس	82
فلز	82
فیلسوف	82
قسمت‌های	82
قصر	82
قومی	82
كتاب	82
لغت	82
لی	82
مجاز	82
مجتمع	82
مجسمه	82
مجوز	82
محاسبات	82
محاصره	82
محاکمه	82
محبوبیت	82
محقق	82
مرزی	82
مرور	82
مس	82
مسکو	82
معرض	82
مقبره	82
مقدمه	82
منتقدانش	82
منصور	82
منظم	82
میانی	82
میلی	82
می‌آورند	82
می‌شده‌اند	82
می‌گذرد	82
می‌گردند	82
ناصر	82
نامید	82
نخل	82
نسبی	82
نشده‌است	82
نشین	82
نظری	82
نفتی	82
نمایندگی	82
نموده‌است	82
نمونه‌پایه	82
نهاده	82
همت	82
ویران	82
وین	82
ویکی‌پدیای	82
پایدار	82
پرداختند	82
پرونده	82
پیروی	82
چنانکه	82
چک	82
کارت	82
کارگر	82
کارگری	82
کاشان	82
کتابهای	82
کشتن	82
کمتری	82
کمیسیون	82
کهکشان	82
کوههای	82
گردش	82
گردیده‌است	82
آر	81
آرامی	81
آزمون	81
آفتاب	81
آیات	81
ابزارهای	81
ابوالحسن	81
ادب	81
ادعای	81
ادغام	81
اراضی	81
اردن	81
ارشاد	81
ازای	81
افسانه	81
افکار	81
الف	81
الهام	81
انتظامی	81
انجیل	81
اندک	81
ایلام	81
بال	81
بتوان	81
بحران	81
بدنه	81
بدهد	81
برقراری	81
برهان	81
برپا	81
برگشت	81
بزرگ‌تر	81
بلافاصله	81
تابش	81
تجمع	81
تخمین	81
ترس	81
تسخیر	81
تصادفی	81
تعقیب	81
تقلید	81
تلقی	81
تمایل	81
تنوع	81
توقیف	81
توماس	81
تکنیک	81
تکیه	81
جلال	81
جورج	81
حکمت	81
خاطرات	81
خانواده‌ای	81
خاکستری	81
خرد	81
خشونت	81
خودشان	81
خوی	81
دام	81
دبستان	81
دخالت	81
درستی	81
دفاعی	81
دندان	81
دوستی	81
راستای	81
رساله	81
رسول	81
رسیدند	81
روشی	81
رویداد	81
زیستی	81
ساختمانی	81
سازنده	81
سراسری	81
سرور	81
سرپرستی	81
سلولی	81
سمنان	81
سواحل	81
سوار	81
سگ	81
شاهان	81
شبانه	81
شور	81
شکسته	81
شکلی	81
شیشه	81
صفویه	81
صوتی	81
ضعف	81
طرز	81
عده	81
علائم	81
علامه	81
علمای	81
غزه	81
غنی	81
فرصت	81
فرهنگستان	81
فعالان	81
فی	81
قبر	81
قفقاز	81
قهوه‌ای	81
قوه	81
كار	81
كرده	81
لهجه	81
لهستان	81
مؤسسه	81
مادی	81
مالزی	81
مالکیت	81
ماموریت	81
ماهیان	81
مایکروسافت	81
متداول	81
متمرکز	81
مجهز	81
محافظت	81
محوطه	81
مخلوط	81
مرتبه	81
مریم	81
مشاور	81
مصاحبه	81
مطلب	81
معانی	81
معتدل	81
معدن	81
معمار	81
معنا	81
ملقب	81
موافقت	81
مکانی	81
مکانیکی	81
مکزیک	81
می‌کشد	81
نابودیش	81
نبوده	81
نشود	81
نمای	81
نوجوانی‌اش	81
نویس	81
نگهبان	81
نیازهای‌های	81
هتل	81
هرگونه	81
هستی	81
هیتلر	81
واشنگتن	81
وحشی	81
وفات	81
ویتامین	81
ویروس	81
پائین	81
پاتر	81
پذیرفت	81
پرسپولیس	81
پناه	81
پیرو	81
پیکر	81
چنانچه	81
ژنرال	81
کالا	81
کامپیوتری	81
کلمبیا	81
کنسرت	81
کودتای	81
کوشش	81
کوهی	81
کوچ	81
کوچکتر	81
گذار	81
گردن	81
گرگان	81
گشته	81
گمان	81
گیرنده	81
آتن	80
آدرس	80
آزمایشگاه	80
آسان	80
آلوده	80
آلودگی	80
آموخت	80
آنتی	80
آن‌جا	80
آورده‌است	80
ابی	80
اجزای	80
احتمالا	80
اختصاصی	80
اروپای	80
استانبول	80
استخدام	80
اعتراضات	80
اعزام	80
البرز	80
الی	80
اورشلیم	80
اوضاع	80
اینها	80
بازیگران	80
بتوانند	80
بجای	80
برف	80
بریتانیایی	80
بستر	80
بلندی	80
بهینه	80
تألیف	80
تار	80
تالیف	80
تحول	80
تخیلی	80
تزریق	80
تعادل	80
تعلیم	80
تقریبی	80
تنگ	80
توافق	80
تولیدی	80
جداگانه	80
جرج	80
جنبه	80
جنگلی	80
حدیث	80
حساس	80
خالص	80
خام	80
خاموش	80
خریداری	80
خزر	80
خطاب	80
خواهان	80
خودداری	80
خودکار	80
خونی	80
درخشان	80
دروس	80
دستگاه‌های	80
دفع	80
دما	80
دنباله	80
ذهنی	80
ذوب	80
رسانی	80
رسیدگی	80
رفته‌است	80
رنج	80
روزه	80
زلزله	80
زند	80
سایه	80
سوال	80
سپری	80
سکه	80
سیب	80
سینا	80
شافعی	80
شمس	80
شهرستان‌های	80
شهروندان	80
صدام	80
ضریب	80
طلب	80
عددی	80
عقل	80
علایم	80
علل	80
عمران	80
عید	80
فرود	80
فقیه	80
فولاد	80
قاعده	80
قربانی	80
قره	80
قضایی	80
كند	80
لحظه	80
ماجرای	80
ماد	80
مالک	80
ماهیت	80
مجازات	80
مجازی	80
مجاور	80
محتوای	80
محلول	80
مدارک	80
مربی	80
مشتریان	80
معادن	80
مغزی	80
مقدماتی	80
مهارت	80
موتورهد	80
مولانا	80
مک	80
میرحسینه	80
می‌دارد	80
می‌زند	80
نرم‌افزاری	80
نشریات	80
نقره	80
نمایشنامه	80
نمایی	80
نمودن	80
نمونه‌ای	80
نمک	80
نهایتا	80
نیازمند	80
نیروگاه	80
هادی	80
هزاره	80
همانطور	80
هماهنگی	80
هم‌چنین	80
هواپیمایی	80
وصل	80
ویرایش	80
پذیری	80
پرتو	80
پروتئین	80
پسران	80
پور	80
پیانو	80
چرخ	80
چرخش	80
کارشناسان	80
کارل	80
کارکنان	80
کلام	80
کوروش	80
کوهستان	80
کیهان	80
گرجستان	80
گرمی	80
گوشه	80
گیرند	80
آئین	79
آرامش	79
آسمانی	79
آسیایی	79
آنجلس	79
آور	79
آکادمی	79
ابراز	79
اثرات	79
اجباری	79
اجتماع	79
اشخاص	79
اشرف	79
اشیاء	79
اصیل	79
افشار	79
التحصیل	79
الدوله	79
اماکن	79
انتخاباتی	79
انگور	79
اوستا	79
اي	79
اکسید	79
ایرلند	79
ایفای	79
ایکس	79
باختر	79
باختری	79
بایستی	79
بخش‌هایی	79
بدل	79
برتری	79
برکه	79
بسیج	79
بقعه	79
بلوک	79
بهائی	79
بهداشتی	79
به‌طور	79
بیماری‌های	79
تاجیکستان	79
تب	79
تبریزی	79
ترانه‌های	79
تشکیلات	79
تعطیل	79
تقی	79
تورم	79
تکلم	79
جامد	79
جهاد	79
حبس	79
حسینی	79
حمید	79
حیاط	79
خبرگزاری	79
خواهیم	79
خورده	79
خوشنویسی	79
خیر	79
داغ	79
دانشجوی	79
دانشگاه‌ها	79
دهیم	79
دکتری	79
ذیل	79
رأس	79
رازی	79
راه‌های	79
رایگان	79
رسد	79
رسمیت	79
رطوبت	79
رمضان	79
روانشناسی	79
روستاها	79
رومیان	79
زرتشتی	79
زندانیان	79
زهرا	79
سادگی	79
سراب	79
سرشناس	79
سرنوشت	79
سعدی	79
سعودی	79
سوئیس	79
سیمای	79
شاگرد	79
شعار	79
شعبه	79
شلیک	79
شماری	79
شواهد	79
شورا	79
شوهر	79
شک	79
شی	79
شیطان	79
صحرای	79
صعود	79
عاشق	79
عدالت	79
عرفان	79
عروس	79
عفونت	79
علیرضا	79
غذای	79
فرعی	79
فرهاد	79
فریدون	79
فقر	79
فلزات	79
قبلا	79
قدیمی‌ترین	79
قوای	79
كشور	79
لا	79
لغو	79
مبلغ	79
متحرک	79
متخصص	79
متمایز	79
مجاورت	79
مجزا	79
مجموعه‌های	79
محدودیت	79
مدرس	79
مدیرانش	79
مراجع	79
مربوطه	79
مرده	79
مساجد	79
مطلوب	79
معنوی	79
مقر	79
مقصد	79
منافع	79
منسوب	79
مهاجر	79
موازی	79
موسسات	79
مگر	79
میکند	79
می‌افتد	79
می‌خواهد	79
می‌ماند	79
می‌نمایند	79
می‌پردازند	79
می‌گذارد	79
می‌گفتندش	79
نازی	79
ناچار	79
نتوانستد	79
نهاده‌است	79
نواختن	79
نوک	79
نژادی	79
نکرده	79
نیشابور	79
نیمی	79
نیک	79
هجوم	79
هوادارانش	79
هوش	79
وکیل	79
پاسداران	79
پتانسیل	79
پرتغال	79
پیوستن	79
کابینه	79
کاظم	79
کرسی	79
کشیدن	79
کلیدی	79
کمدی	79
کندی	79
کوانتومی	79
کویر	79
کی	79
گر	79
گرایی	79
گشود	79
گورستان	79
گویا	79
گوید	79
گچ	79
یخ	79
آبیاری	78
آداب	78
آرتور	78
آغازین	78
آماری	78
آگوست	78
اتومبیل	78
احکام	78
اسامی	78
استالین	78
استانداردهای	78
اسرائیلی	78
اشکانی	78
اضافی	78
اعضا	78
افغان	78
امضای	78
امین	78
اندازه‌گیری	78
انگشت	78
این‌که	78
بادی	78
بارش	78
باریک	78
باشیم	78
باکتری	78
بدنی	78
بدو	78
بشری	78
بشمار	78
بعدا	78
بلندترین	78
بلژیک	78
بماند	78
بهشتی	78
بوش	78
بين	78
بپردازد	78
بچه	78
بیرجند	78
بیل	78
تابستانی	78
تام	78
تبلیغ	78
تجربی	78
ترجیح	78
ترکان	78
تصحیح	78
تفکیک	78
تلسکوپ	78
تمرین	78
تند	78
تنگه	78
توانستند	78
توقف	78
تکثیر	78
تیم‌های	78
ثروت	78
جابجایی	78
جاذبه‌های	78
جسمی	78
جلسات	78
جواد	78
حالتی	78
حاکمیت	78
حرارتی	78
حکیم	78
خاتمه	78
خانواده‌های	78
خاوری	78
خشکی	78
خطرناک	78
خنک	78
خواسته	78
خودمختار	78
دائمی	78
دانه	78
دختری	78
درآورد	78
درب	78
درسی	78
دشمنان	78
دشوار	78
دهانه	78
دیو	78
راجع	78
رسانه	78
رضاشاه	78
رفسنجانی	78
روح‌الله	78
روده	78
زابل	78
زادگاه	78
زود	78
زیرزمینی	78
ساختند	78
سالی	78
سروده	78
سفیر	78
سلامت	78
سهام	78
سیما	78
شام	78
شرایطی	78
شعری	78
شنبه	78
شکم	78
شیلی	78
صادرات	78
صاف	78
صالح	78
صفت	78
طباطبایی	78
طبقات	78
طراح	78
طنز	78
طوایف	78
ظرف	78
عراقی	78
عمدتا	78
عملیاتی	78
عکاسی	78
غالبا	78
فرانک	78
فرح	78
فرزندش	78
فروند	78
فروپاشی	78
فیلمهای	78
قاسم	78
قطار	78
قند	78
قهرمانان	78
لس	78
لینوکس	78
ماجرا	78
مادری	78
مارتین	78
مباحث	78
متنوع	78
متوسطه	78
مجید	78
محرم	78
مخابرات	78
مد	78
مراتب	78
مراغه	78
مرکزیت	78
مزبور	78
مساوی	78
مسایل	78
مشاهیری	78
مشتق	78
مشخص‌اند	78
معادلات	78
معاونت	78
معروفترین	78
مقررات	78
مقیاس	78
مقیم	78
مواقع	78
مورخ	78
می‌بایست	78
می‌توانستد	78
می‌رسید	78
می‌پرداختم	78
نان	78
نایب	78
نحو	78
نحوی	78
نسبتا	78
نظرات	78
نفره	78
نقشی	78
نمایشی	78
نمودار	78
نوجوانانه	78
نگاری	78
نی	78
هلندی	78
هندسی	78
هیدروژن	78
ه‍ا	78
وب‌گاهش	78
وسطی	78
پانزده	78
پاییز	78
پرو	78
پروانه	78
پروفسور	78
پسوند	78
پژوهشگران	78
پیشگیری	78
پیچ	78
چاراویماق	78
چارلز	78
چندانی	78
کارایی	78
کرم	78
کروبی	78
کلیبر	78
کمترین	78
کناره	78
کوی	78
کیش	78
گرما	78
گفتار	78
گفتگو	78
گور	78
گیر	78
یادگیری	78
یحیی	78
یزدی	78
یعقوب	78
یك	78
یهود	78
یونانیان	78
آبادان	77
آبهای	77
آب‌های	77
آثارش	77
آذربایجانی	77
آرایه	77
آستانه	77
آلن	77
آلی	77
آینه	77
ابر	77
ابریشم	77
ابو	77
ابوالقاسم	77
اجسام	77
احاطه	77
احساسات	77
اختلافات	77
اختلالات	77
ارایه	77
ارباب	77
استراتژی	77
استراحت	77
استعداد	77
استناد	77
اسیر	77
اشکانیان	77
افزون	77
افسران	77
العاده	77
الگوی	77
اموال	77
انبوه	77
انداخت	77
اهدا	77
اهر	77
باشگاه‌های	77
برداشته	77
برساند	77
برمی	77
برنامه‌ها	77
بسيار	77
بقایای	77
بنیادی	77
به‌ویژه	77
بوئینگ	77
بورس	77
بگیرند	77
تأیید	77
تاریک	77
تبادل	77
تبلیغاتی	77
تحولات	77
تخلیه	77
تعبیر	77
تغییراتی	77
تفریحی	77
تقاضای	77
تولیدات	77
تومان	77
ثمر	77
جزئیات	77
جنگنده	77
جنین	77
جوش	77
جوی	77
حالا	77
حامل	77
حبیب	77
حزبی	77
حساسیت	77
حصار	77
حوالی	77
خاکی	77
خرم	77
خشم	77
خلال	77
خلیل	77
خودکشی	77
خور	77
خوراکی	77
خونریزی	77
دائم	77
دارایی	77
دانشنامه	77
داوود	77
دبی	77
درهم	77
دری	77
دهخدا	77
دهکده	77
دیپلم	77
رزمی	77
رسانه‌ها	77
رسوم	77
رصدخانه	77
رغم	77
رقیب	77
روحی	77
رکورد	77
زخمی	77
زدند	77
زرین	77
زیارت	77
سازماندهی	77
سامان	77
ساکنین	77
سخنان	77
سلولهای	77
سنندج	77
سپاهیان	77
سیزدهم	77
شاخه‌ای	77
شطرنج	77
شمرده	77
شمشیر	77
شنا	77
شناسان	77
شهریار	77
شیب	77
شیوه‌های	77
شیکاگو	77
صندوق	77
طاق	77
طرفی	77
طرفین	77
عارف	77
عثمان	77
عسل	77
عضلات	77
عمده‌ای	77
عمودی	77
غلات	77
فجر	77
فراتر	77
فردوس	77
فرماندهان	77
فساد	77
فلات	77
فهم	77
فیلیپ	77
قائم	77
قدرتمند	77
قدم	77
قریب	77
قطبی	77
قطعی	77
لار	77
لذت	77
مار	77
مارک	77
مالیات	77
مبارزات	77
مبدل	77
متاسفانه	77
متناسب	77
محروم	77
محض	77
محققانه	77
محلات	77
محکم	77
مخفف	77
مداوم	77
مراکش	77
مرتفع	77
مسئولانش	77
مشتمل	77
مشرف	77
مشروطیت	77
مصالح	77
مفصل	77
مناسبت	77
مند	77
منظومه	77
مهرانا	77
مو	77
مولکول	77
مولکولی	77
مکعب	77
می‌توانیم	77
می‌خواند	77
می‌پذیرد	77
نامدار	77
نامش	77
ناگهانی	77
نظریات	77
نوازندگان	77
نوشته‌است	77
نگار	77
نیازی	77
نیل	77
های‌خود	77
هرچه	77
هزینه‌کردی	77
همسایه	77
هیأت	77
والی	77
واژگان	77
وزیری	77
پارچه	77
پزشکان	77
پهنای	77
پیتر	77
پیچیدگی	77
چرخه	77
چهره‌های	77
چگالی	77
ژن	77
کاربری	77
کاشانی	77
کرانه	77
کردم	77
کشورهایی	77
کلسیم	77
کودتا	77
کیلو	77
گانه	77
گرافیکی	77
گران	77
گردآوری	77
گرمایی	77
گفتند	77
گفته‌است	77
گلوله	77
یادبود	77
یازدهم	77
یکبار	77
آرا	76
آزار	76
آشور	76
آفریقایی	76
آلفا	76
آنجایی	76
ابوبکر	76
احتمالی	76
ارسطو	76
ارگ	76
اساطیر	76
استادی	76
استادیوم	76
استعفا	76
اسلحه	76
اسکاتلند	76
اشتراک	76
اصطلاحات	76
اعصاب	76
افسانه‌ای	76
افقی	76
اقبال	76
الجزایر	76
الکساندر	76
الکل	76
امان	76
امیرکبیر	76
اندام	76
انها	76
انگیز	76
ایست	76
بابا	76
بازتاب	76
بازرگان	76
بازیهای	76
بافی	76
بجز	76
بحرین	76
بدنیا	76
برابری	76
برایش	76
برروی	76
برنامه‌ریزی	76
برنامه‌نویسی	76
برگزید	76
بسکتبال	76
بطوریکه	76
بلخ	76
بوی	76
بیزانس	76
بیگانه	76
تأکید	76
تابعی	76
تاريخ	76
تراکم	76
ترسیم	76
تسمیه	76
توانند	76
توجیه	76
جسد	76
جعفری	76
جنبه‌های	76
جولای	76
جین	76
حرم	76
خرما	76
خطا	76
خلبان	76
خم	76
داماد	76
دشتی	76
دموکراتیک	76
دموکراسی	76
دهمین	76
دوره‌ای	76
دوری	76
دکترا	76
دیار	76
دیر	76
دیواره	76
دیوارهای	76
ذره	76
رابط	76
راز	76
راه‌اندازی	76
رسما	76
رضایت	76
ریخته	76
زندگی‌نامه	76
زید	76
ساختاری	76
سادات	76
ستایش	76
سرتاسر	76
سنجش	76
سوراخ	76
شانزدهم	76
شاهین	76
شتر	76
شدیدی	76
شرکتهای	76
شناس	76
شهادت	76
شهرستانهای	76
شوشتر	76
شکایت	76
شکوه	76
صحت	76
صف	76
طالبان	76
طب	76
طبری	76
طرفدار	76
طلاق	76
عازم	76
عامه	76
فراموش	76
فرمانروای	76
فعل	76
فلسطینی	76
قائل	76
قاجاریه	76
قدس	76
قواعد	76
لر	76
لنگه	76
لویی	76
ماتریس	76
ماه‌های	76
مبدا	76
مجلات	76
مختلط	76
مدیترانه	76
مراقبت	76
مرسوم	76
مرطوب	76
مرمت	76
مرگش	76
مزار	76
معده	76
مناطقی	76
منتقد	76
منع	76
منوچهر	76
مهار	76
میتوان	76
می‌توانید	76
می‌رساند	76
ناخالص	76
نادرست	76
نازک	76
نثر	76
نستعلیق	76
نشانی	76
نشینی	76
نصف	76
نفری	76
نمی‌باشم	76
نمی‌کنه	76
نوازندگیشان	76
نوبت	76
نوجوان	76
نگاشته	76
هالیوود	76
هرمزآباد	76
هریک	76
هستیم	76
هماهنگ	76
هندسه	76
هوی	76
هیچگاه	76
وابستگی	76
واژه‌ای	76
وطن	76
ون	76
ویتنام	76
ویژگیهای	76
ویکی‌پدیا	76
پاره	76
پاس	76
پروژه‌های	76
پشتی	76
پهن	76
پیگیری	76
چربی	76
ژنتیکی	76
کارگاه	76
کلاه	76
کمونیستی	76
کنم	76
کپی	76
گازی	76
گرافیک	76
گربه	76
گروههای	76
گرگ	76
گرگوری	76
گناه	76
یاران	76
آذری	75
آرایش	75
آسانی	75
آمل	75
آهنگ‌های	75
آورند	75
ابتلا	75
اراک	75
ارزشمند	75
ازبکستان	75
استانی	75
اسحاق	75
اشراف	75
اصرار	75
اعم	75
افزود	75
اقلیت	75
التهاب	75
السلطنه	75
امامی	75
امری	75
امپراطوری	75
انتقام	75
انصاری	75
اورانیوم	75
اولی	75
اینک	75
بادام	75
بارز	75
بارندگی	75
بازارهای	75
بازی‌ها	75
باشید	75
بالینی	75
باورند	75
بتا	75
بتن	75
براى	75
بس	75
بل	75
بلک	75
بمباران	75
به‌دست	75
بودم	75
بیانگر	75
بیمه	75
بیژن	75
تازه‌ای	75
تثبیت	75
تجویز	75
تحقق	75
تخته	75
تربت	75
تردید	75
ترشح	75
ترویج	75
تشریح	75
تضمین	75
تعمیر	75
تلفات	75
تنش	75
تهرانی	75
تونل	75
تکه	75
جاوا	75
جست	75
جلوه	75
جلگه	75
جمال	75
جماهیر	75
جنگهای	75
حالات	75
حامی	75
حامیان	75
حاکی	75
حدودی	75
حشرات	75
حوزه‌های	75
حکایت	75
حیاتی	75
خانه‌ها	75
خانواده‌اش	75
خوراک	75
خوشه	75
خیام	75
دادگستری	75
داراست	75
دان	75
درج	75
دستورات	75
دقیقا	75
دلخواه	75
دوازدهم	75
دوک	75
دیجیتالی	75
ذات	75
رساندن	75
رسانید	75
رمزنگاری	75
رهایی	75
روانه	75
رودبار	75
ریسک	75
زاگرس	75
زرتشتیان	75
سازه	75
ساقه	75
سانتیگراد	75
ستاره‌ای	75
سرخس	75
سردبیر	75
سرپرست	75
سعد	75
سلجوقی	75
سلطه	75
سمی	75
سنا	75
سنین	75
سوء	75
سواد	75
سوسیالیست	75
سکنه	75
سکوت	75
سیاست‌مدار	75
شاهرخ	75
شایع	75
شراب	75
شهردار	75
شکاف	75
صغیر	75
صفات	75
ضرورت	75
طبس	75
ظروف	75
ظهر	75
عتیق	75
عجیب	75
عرفانی	75
عشایر	75
عصب	75
عضلانی	75
علوی	75
علیرغم	75
غلبه	75
فتحعلی	75
فراگیری	75
فرش	75
فرماندار	75
فضاهای	75
فنون	75
فوقانی	75
فیلمنامه	75
فیلیپین	75
فینال	75
قشلاق	75
قهوه	75
قوچان	75
لارستان	75
لامپ	75
لاهیجان	75
لری	75
لو	75
لوح	75
لیکن	75
مؤثر	75
ماری	75
مال	75
مامور	75
ماندن	75
مبانی	75
مثلث	75
مثنوی	75
مجارستان	75
محضر	75
محمدی	75
مختصات	75
مذاهب	75
مزارع	75
مزایجان	75
مزرعه	75
مسافرت	75
مستوفی	75
مسلم	75
معارف	75
معرفت	75
معکوس	75
مقاوم	75
ممتاز	75
مملکت	75
منتظریم	75
مکانیسم	75
مکرر	75
میلانایتالیا	75
می‌رسند	75
می‌سازند	75
ناگهان	75
نبودند	75
نروژ	75
نشانگر	75
نشسته	75
نفع	75
نقض	75
نمایان	75
نویسندگی‌اش	75
هاشم	75
هدیه	75
هرگاه	75
هشدار	75
هفدهمين	75
پایداری	75
پردازنده	75
پرسش	75
پسری	75
پوستی	75
پیش‌بینی	75
چارچوب	75
کارش	75
کاشی	75
کالاهای	75
کبد	75
کتاب‌ها	75
کشاورزان	75
کلا	75
کنت	75
کهنه	75
کوچک‌تر	75
کویت	75
گازهای	75
گذارد	75
گذاشتن	75
گذراندن	75
گرا	75
گرجی	75
گردند	75
گردو	75
گفته‌اند	75
گلی	75
گواهی	75
یادگار	75
یال	75
یه	75
یورش	75
یونسکو	75
یکپارچه	75
آتشکده	74
آدمی	74
آفرینش	74
آمده‌اند	74
آموختن	74
آموزان	74
آمیزش	74
ائتلاف	74
ابزاری	74
اتخاذ	74
اتوبوس	74
احوال	74
اختصار	74
ادیب	74
ار	74
ارتقا	74
اسارت	74
استخر	74
اسطوره‌های	74
اسمیت	74
اشعه	74
اعتقادات	74
اعطا	74
افتخاری	74
افسر	74
افلاطون	74
الملک	74
امتحان	74
انار	74
انتخابی	74
انتگرال	74
انداز	74
اندیشه‌های	74
انقراض	74
انکار	74
انیمیشن	74
اکران	74
بازاریابی	74
باقیمانده	74
بانی	74
باورهای	74
ببرد	74
بخشهای	74
بخشید	74
براین	74
برش	74
برعکس	74
برنامه‌ای	74
بز	74
بستن	74
بصره	74
بلوار	74
بلوغ	74
به‌صورت	74
بومیان	74
بیانیه	74
بیگ	74
تابعه	74
ترافیک	74
ترکمن	74
ترکمنستان	74
تشدید	74
تشیع	74
تقاضا	74
تقدیر	74
تقدیم	74
تمیز	74
تندیس	74
تنفس	74
تنفسی	74
ته	74
توانسته	74
ثبات	74
جاذبه	74
جاز	74
جانشینی	74
جانور	74
جبران	74
جمع‌آوری	74
جک	74
حریف	74
خاستگاه	74
خبرگان	74
خراب	74
خمیر	74
خنثی	74
خوان	74
خوشنویسان	74
خیابانی	74
دارم	74
داوری	74
دایر	74
دخترش	74
دخیل	74
درختی	74
دهه‌های	74
دوام	74
دیم	74
راهپیمایی	74
رجال	74
رجوع	74
روایتی	74
روزها	74
روشنایی	74
زبان‌ها	74
زخم	74
زير	74
زیباترین	74
زیستگاه	74
سازگار	74
سالیان	74
ساواک	74
سردشت	74
سرسبز	74
سرهنگ	74
سروش	74
سفارش	74
سفرهای	74
سلامتی	74
سلجوقیان	74
سپرد	74
سیل	74
شادی	74
شارل	74
شدگان	74
شركت	74
شریعتی	74
شمارش	74
شناختی	74
شوش	74
شکر	74
شکستن	74
شیوع	74
صحن	74
صلیب	74
صوت	74
صید	74
طلای	74
عبدالحسین	74
عروسی	74
عظیمی	74
عقد	74
غارت	74
غذاهای	74
غلامحسین	74
فرشته	74
فرق	74
فرنگی	74
فقیر	74
فیزیوتراپی	74
قالی	74
قشم	74
قصه	74
قوس	74
قید	74
لانه	74
لزوم	74
لوازم	74
لیزر	74
ماجراهای	74
مادها	74
ماده‌ای	74
مارکس	74
ماموران	74
ماندگار	74
مبارز	74
مترو	74
متروی	74
متناوب	74
متوالی	74
محاسباتی	74
مخزن	74
مخصوصا	74
مذاکرات	74
مذاکره	74
مسافت	74
مسافر	74
معروف‌ترینشان	74
مقاله‌ای	74
مقدم	74
منتخب	74
مهردادبذرپاش	74
موزیک	74
موسس	74
موضوعی	74
ميانبر	74
میکنند	74
می‌بیند	74
می‌خوانند	74
ناشر	74
ناپذیر	74
نجوم	74
نسخ	74
نظامیان	74
نفوس	74
نقص	74
نقطه‌ای	74
نویسانارمنی	74
نکات	74
نکند	74
نگرش	74
هاروارد	74
هجرت	74
همدیگر	74
همگان	74
هنرستان	74
هوشمند	74
هوشنگی	74
واضح	74
والدین	74
وبا	74
وسیله‌ای	74
وي	74
ویدئو	74
پایه‌های	74
پدیده‌های	74
پشته	74
پنبه	74
پنجره	74
پوسته	74
پویا	74
پژوهشگر	74
پژوهش‌های	74
پیشتر	74
پیشه	74
چشمگیری	74
چهاردهم	74
کارها	74
کارکرد	74
کامپیوترهای	74
کسروی	74
کشش	74
کمربند	74
کنده	74
کوبا	74
کور	74
کوفه	74
کوچه	74
گذاشتند	74
گردان	74
گردشگران	74
گرفتار	74
گرمای	74
گروه‌ها	74
گشایش	74
گویی	74
یابی	74
یکصد	74
آجر	73
آراء	73
آرای	73
آزمایشی	73
آسیاب	73
آمریکاست	73
آموخته	73
آنالوگ	73
آنتونیو	73
آنزیم	73
آنقدر	73
آنهاست	73
آهنگسازی	73
آورده‌اند	73
اتفاقی	73
احتیاج	73
اختیارات	73
اخیرا	73
ادرار	73
ارتقاء	73
استحکام	73
استراتژیک	73
اشیا	73
اصغر	73
اعتراف	73
اعضاء	73
افتخارات	73
افزودن	73
الهیات	73
الیزابت	73
امریکا	73
انتقادی	73
انحراف	73
انزلی	73
انفرادی	73
اوستایی	73
اوین	73
اپرا	73
اچ	73
ایرج	73
اینشتین	73
بابک	73
باری	73
بازنشسته	73
بازگشتی	73
بازیابی	73
باقر	73
بانوان	73
بخارا	73
بذر	73
براون	73
برجای	73
بردار	73
برقی	73
برکنار	73
بسط	73
بعلت	73
بندرعباس	73
بهائیان	73
بیاید	73
تازگی	73
تحریر	73
تحلیلی	73
تست	73
تصنیف	73
تعبیه	73
تفنگ	73
تمایز	73
تناسلی	73
تنیس	73
تورات	73
توکیو	73
تیز	73
جاسوسی	73
جایگزینی	73
جبر	73
جماعت	73
جنگل‌های	73
حاد	73
حج	73
حجاب	73
حجت	73
حدس	73
حسابداری	73
حفره	73
حول	73
حیدر	73
خصوصا	73
خطای	73
خلع	73
خوانندگی	73
خیانت	73
داروها	73
داروی	73
دانمارک	73
داوران	73
درآمده	73
درحال	73
دعا	73
دقیقی	73
دمشق	73
دهستان‌های	73
دهید	73
رادار	73
راستا	73
راسته	73
راهنمای	73
راه‌آهن	73
رفاه	73
رفتارهای	73
روزمره	73
روزنامه‌نگار	73
رویه	73
رویکرد	73
زئوس	73
زراعت	73
زنجیره‌ای	73
سازند	73
سامی	73
سحابی	73
سرزمینی	73
سرشار	73
سرو	73
سل	73
سلماس	73
سنج	73
سوسیال	73
سوسیالیستی	73
سیال	73
سیاوش	73
سیزده	73
شاعری	73
شاملو	73
شانه	73
شجاع	73
شخصیتی	73
شریعت	73
شنیدن	73
شنیده	73
شهرستانی	73
ضخامت	73
طبقه‌بندی	73
طرح‌های	73
طعم	73
طوسی	73
عبارتی	73
عملا	73
عموما	73
غزل	73
غلط	73
فارغ‌التحصیل	73
فرسایش	73
فرستنده	73
فصلی	73
فيلم	73
فیروز	73
فیلتر	73
فیلمبرداری	73
قاهره	73
قرص	73
لایه‌های	73
لبه	73
لیتر	73
مؤلف	73
مابین	73
متفقین	73
متقابل	73
مجددا	73
مجری	73
مخابراتی	73
مخدر	73
مدفون	73
مردگانشان	73
مروارید	73
مری	73
مریخ	73
مستعار	73
مستقیما	73
مشاغل	73
مضمون	73
معترضانه	73
معدود	73
معیار	73
معینیان	73
مفهومی	73
مقدمات	73
منشا	73
منشور	73
منچستر	73
موافق	73
موبایل	73
موجودی	73
مورخانی	73
موضع	73
مکان‌هایی	73
مکمل	73
میز	73
میلیمتر	73
می‌ریزد	73
می‌زنند	73
می‌شناسند	73
می‌یابند	73
ناشناخته	73
نام‌گذاری	73
ناوگان	73
نموده‌اند	73
نمی‌توانید	73
نوشته‌اند	73
نگرانی	73
نیوتن	73
هان	73
هردوآبرود	73
هریسبورگ	73
همایون	73
همگانی	73
وادار	73
وادی	73
وحش	73
وحشت	73
وصف	73
وعده	73
ولز	73
پاره‌ای	73
پاسکال	73
پدری	73
پدیدار	73
پراکندگی	73
پری	73
پولی	73
پيش	73
پکن	73
پیشروی	73
پیک	73
چراغ	73
چراکه	73
چشمه‌های	73
چنگ	73
ژنتیک	73
کارمندان	73
کارنامه	73
کاروانسرای	73
کاپیتان	73
کربلا	73
کعبه	73
کلان	73
کمان	73
کوره	73
کوفی	73
گز	73
گوسفند	73
گوشی	73
گیتاریست	73
یزدگرد	73
یورو	73
آجری	72
آریایی	72
آلات	72
آلبوم‌های	72
آن‌که	72
آکسفورد	72
اجاره	72
اجرام	72
ادریس	72
اراده	72
ارث	72
اردو	72
اردوگاه	72
ارنست	72
استعمار	72
استودیو	72
اسرار	72
اسکی	72
اصالت	72
افت	72
افسردگی	72
الاسلام	72
السلام	72
الملل	72
الیاف	72
امارت	72
اندونزی	72
انعطاف	72
انقباض	72
اوراق	72
اولين	72
اوکراین	72
ایستاده	72
اینان	72
باخ	72
بايد	72
باکو	72
ببینید	72
بدر	72
بدهند	72
برطرف	72
برنز	72
برپایی	72
بری	72
بزرگسالان	72
بشود	72
بعلاوه	72
به‌خاطر	72
بيشتر	72
بچه‌ها	72
بکر	72
بگذارد	72
بیابان	72
بیتی	72
بینایی	72
بین‌الملل	72
تبیین	72
تحریم	72
تخصص	72
تداوم	72
ترقی	72
تعویض	72
تفلیس	72
تقاطع	72
تلخ	72
تلفنی	72
تهاجم	72
تپه‌های	72
تک‌آهنگ	72
تیرماه	72
تیمی	72
تیپ	72
ثانویه	72
ثروتمند	72
جد	72
جمعيت	72
حذفی	72
حسی	72
حسینیه	72
حفاری	72
حماس	72
حمزه	72
خانه‌ای	72
خبرنگار	72
خدماتی	72
خراسانی	72
خرس	72
خشت	72
خواه	72
خودروهای	72
خیابان‌های	72
خیالی	72
داور	72
درازای	72
درام	72
دزفول	72
دسته‌ای	72
دماوند	72
ده‌ها	72
دوستانش	72
دوشنبه	72
دومی	72
دیدگاه‌های	72
راستی	72
راگبی	72
رباط	72
رجب	72
رحم	72
رسانده	72
رسانه‌ای	72
رشته‌ای	72
رفتاری	72
رمانی	72
رنگ‌های	72
روباه	72
روحانیت	72
روشنفکران	72
روشنی	72
زمره	72
زنجیره	72
زودتر	72
زور	72
زیتون	72
سخت‌افزار	72
سدیم	72
سعادت	72
سفری	72
سلام	72
سمرقند	72
سپاهی	72
سکه‌های	72
سیارات	72
سیمرغ	72
سیوند	72
شعرهای	72
شغلی	72
شهاب	72
شهروند	72
شگفت	72
شیری	72
صحرا	72
صلاحیت	72
طولی	72
ظریف	72
عاشورا	72
عبادت	72
عبد	72
عبدالکریم	72
عضوی	72
عقاب	72
علما	72
عینی	72
غرق	72
غیبت	72
فرانسیس	72
فراگیر	72
فستیوال	72
فضاپیمای	72
فهرستی	72
فورد	72
فیلم‌ها	72
قاتل	72
قایق	72
قبرستان	72
قربانیان	72
قریه	72
قطعنامه	72
قفل	72
قوام	72
كنند	72
لفظ	72
لنین	72
لوئیس	72
مادرید	72
ماست	72
مانی	72
مایه	72
مجاری	72
مجموعه‌ها	72
محافظ	72
محافل	72
محرک	72
مدافع	72
مدل‌هایی	72
مدیره	72
مراد	72
مزمن	72
مزیت	72
مسئولینی	72
مسطح	72
مشکلاتی	72
مصرفی	72
مطلع	72
مقاطع	72
ملحق	72
منتقدین	72
موادی	72
مولد	72
می‌خواستم	72
می‌گذارند	72
ناحیه‌ای	72
نازل	72
ناسائو	72
ناظر	72
نجفی	72
نخست‌وزیر	72
نسب	72
نصر	72
نما	72
نمونه‌هایی	72
نوح	72
نوزاد	72
نوشتار	72
نوشتاری	72
نوه	72
هستم	72
همینطور	72
هنگ	72
وان	72
واپسین	72
وحی	72
وزیران	72
وضوح	72
ولسوالی	72
ونیز	72
ویکی	72
پانزدهم	72
پرتغالی	72
پرجمعیت	72
پشتخه	72
پلنگ	72
پله	72
پهلوان	72
پیاز	72
چهارده	72
چهارشنبه	72
چیره	72
کاردانی	72
کارمند	72
کاسته	72
کاوش	72
کاووس	72
کرمانی	72
کریمی	72
کش	72
کشاورز	72
کمر	72
کنوانسیون	72
کورش	72
کوک	72
کیسه	72
گریز	72
گستره	72
گفتن	72
گوگل	72
گوگوریو	72
یابند	72
یافته‌اند	72
یانگ	72
آزمایشگاهی	71
آلبرت	71
آمادگی	71
آمیزی	71
آناتولی	71
آنالیز	71
آنتن	71
آپولو	71
آژانس	71
اجتناب	71
اجلاس	71
احادیث	71
ارامنه	71
ارزان	71
ارمغان	71
ازجمله	71
استعمال	71
اسهال	71
اشک	71
اصطلاحی	71
اعتصاب	71
اعلان	71
اقتباس	71
اقلیم	71
الماس	71
الکتریک	71
الگوهای	71
امضاء	71
انتقادات	71
اندازه‌ای	71
انگیزه	71
این‌ها	71
بارسلونا	71
بام	71
بان	71
بانوی	71
بدترین	71
بروجردی	71
برون	71
بزند	71
بستری	71
بنایی	71
بنزین	71
بنگاه	71
بهتری	71
بهره‌برداری	71
بهزاد	71
به‌نام	71
بوستان	71
بکارگیری	71
بکشد	71
بگیرید	71
بیات	71
تاریکی	71
تاسیسات	71
تایمز	71
تایپ	71
تحسین	71
ترابری	71
تروریستی	71
تضاد	71
تعاریف	71
تعامل	71
تعهد	71
تلاش‌های	71
تنه	71
تکذیب	71
تیراندازی	71
جابجا	71
جانوری	71
جانی	71
جت	71
جداسازی	71
جسمانی	71
جعبه	71
جنایت	71
جوزف	71
حاکمان	71
خرده	71
خرمشهر	71
خستگی	71
خشن	71
خواهرش	71
خواهی	71
خیال	71
خیریه	71
دانه‌های	71
درحالی	71
درشت	71
دروغ	71
درویش	71
درگاه	71
درگیری‌های	71
دشمنی	71
دهندگان	71
دولت‌های	71
دوی	71
دگرگونی	71
ذخایر	71
رئیس‌جمهور	71
رابطه‌ای	71
راسل	71
راضی	71
رانندگی	71
رنسانس	71
رومانی	71
رپ	71
ریال	71
ریخت	71
ریه	71
زنانه	71
زنگ	71
سازگاری	71
سالگرد	71
سانتی‌متر	71
سرا	71
سرب	71
سربازی	71
سرداران	71
سرما	71
سلاح‌های	71
سم	71
سهراب	71
سودان	71
سونی	71
سیمین	71
شاخ	71
شانزده	71
شاهرود	71
شاهنشاه	71
شایسته	71
شده‌بود	71
شرعی	71
شعبان	71
شفاف	71
شن	71
شهرام	71
شونده	71
شیشه‌ای	71
صاحبان	71
صبا	71
صوفی	71
طالقان	71
طاهر	71
طبرستان	71
طبع	71
طرحی	71
طوفان	71
عادت	71
عاشقانه	71
عامیانه	71
عزل	71
عناوین	71
غلظت	71
فرستادن	71
فروخته	71
فریاد	71
فشارهای	71
فصول	71
فعاليت	71
فلاسفه	71
فنلاند	71
فواصل	71
فون	71
فیلسوفان	71
قدری	71
قرائت	71
قضاوت	71
قلی	71
لاله	71
لاک	71
لایحه	71
لب	71
لهستانی	71
مأموریت	71
مارشال	71
ماندند	71
مبادله	71
مجتبی	71
مجروح	71
محراب	71
محققین	71
محمدحسینقلی	71
مختصر	71
مدتها	71
مركزامور	71
مرند	71
مستمر	71
مسلط	71
مطبوعاتی	71
معامله	71
معنایی	71
مغلوب	71
مقصود	71
ملاحظه	71
منشی	71
مهاباد	71
مهره	71
مهندسانی	71
مورخینی	71
موضعی	71
موهبات	71
موی	71
میزبانی	71
می‌دهیم	71
می‌گردید	71
ناقص	71
نامیدند	71
نبودن	71
نجومی	71
ندادم	71
ندرت	71
نعمت	71
نقوش	71
نمادین	71
نمی‌شدم	71
نگاهی	71
نیرومند	71
نیروها	71
نیوآ	71
هجدهمين	71
هرکدام	71
هشترود	71
همانجا	71
هیچگونه	71
واسط	71
وام	71
ویژگی‌ها	71
يكي	71
پاها	71
پایینی	71
پرتوهای	71
پردیس	71
پرستش	71
پشتو	71
پلاستیک	71
پمپ	71
پودر	71
پیامبران	71
پیوستند	71
پیوندی	71
کاربردها	71
کاروان	71
کاشت	71
کبک	71
کتابت	71
کتابخانه‌های	71
کجا	71
کردها	71
کروی	71
کشتی‌های	71
کشیش	71
کفش	71
کمونیسم	71
کمکی	71
کمک‌های	71
کمیت	71
کنگ	71
گارد	71
گرانش	71
گردیدند	71
گریخت	71
گزارشی	71
گزینش	71
گسسته	71
گوگرد	71
یازدهمین	71
یاقوت	71
یگانه	71
آخوند	70
آرد	70
آش	70
آلت	70
آندره	70
ابوالفضل	70
اتهامات	70
احیای	70
ادارات	70
ارز	70
ارقام	70
ارگان	70
استبداد	70
اسدالله	70
اسدی	70
اسطوره	70
اسکان	70
اسیدهای	70
اطاعت	70
اعتباری	70
افسانه‌های	70
افق	70
الهه	70
الکترومغناطیسی	70
الکلی	70
الگو	70
الگوریتم‌های	70
امامت	70
املاک	70
امن	70
انحلال	70
انداختن	70
انوشیروان	70
اپرای	70
ایالت‌های	70
ایدز	70
ایراد	70
ایستگاه‌های	70
ایلات	70
اینست	70
بارداری	70
بازمانده	70
باس	70
باغات	70
باغی	70
باغ‌های	70
بانو	70
بحرانی	70
بدیع	70
برترین	70
برخوردارند	70
برهنه	70
بروند	70
برکناری	70
بسازد	70
بم	70
بندری	70
بهانه	70
به‌دنبال	70
بو	70
بودا	70
بيش	70
بپردازند	70
بیاورد	70
بیروت	70
بیننده	70
تاخت	70
تانک	70
تجارتی	70
تجربیات	70
تحمیل	70
تحکیم	70
تداخل	70
تدریجی	70
ترش	70
تساوی	70
تصوف	70
تطبیق	70
تعاونی	70
تعلیق	70
تلگراف	70
توفیق	70
تونس	70
تونی	70
ثلث	70
جادو	70
جادویی	70
جامعه‌شناسی	70
جذاب	70
جهانگیر	70
جوار	70
جونز	70
جوهر	70
حجر	70
حفر	70
حقایق	70
حوض	70
حیوانی	70
خرج	70
خواستند	70
خودروی	70
خودی	70
دادستان	70
دال	70
دامنه‌های	70
دامپروری	70
دربند	70
دسته‌های	70
دستگاهی	70
دفاتر	70
دلالت	70
دليل	70
دلیلی	70
دهلی	70
دوبار	70
دود	70
دودویی	70
دوستانه	70
دگرگون	70
دیفرانسیل	70
ذاتی	70
رئال	70
راحت	70
راند	70
رحمت	70
رستوران	70
رنگهای	70
رهسپار	70
رودکی	70
روزنامه‌ها	70
روس‌ها	70
رکن	70
ریتم	70
ریش	70
زانو	70
زایش	70
زراعی	70
زمانیکه	70
زنجیر	70
زیرین	70
سارا	70
سام	70
سانسور	70
سبکی	70
سخنگوی	70
سردبیری	70
سرزمینهای	70
سرودن	70
سفال	70
سلمان	70
سمفونی	70
سندرم	70
سوئدی	70
سوابق	70
سوق	70
سکته	70
سیار	70
سیبری	70
سیدنی	70
سیستمی	70
سیستم‌ها	70
سیمان	70
شاد	70
شبستان	70
شبکه‌ای	70
شدم	70
شیروان	70
شیرینی	70
شیعی	70
صفویان	70
صندلی	70
صومعه	70
ضحاک	70
ضربات	70
طالقانی	70
طلوع	70
طناب	70
طهماسب	70
عاملی	70
عدسی	70
عزیز	70
عظمت	70
علف	70
علنی	70
عوام	70
غبار	70
غروب	70
غم	70
غول	70
فر	70
فرآیندهای	70
فراری	70
فرضیه	70
فرمانداری	70
فروشگاه	70
فضل	70
فعالیت‌ها	70
فقهی	70
فلج	70
فیبر	70
فیزیکدان	70
فیل	70
قزوینی	70
كوه	70
لئون	70
لشگر	70
له	70
لیبی	70
لیلا	70
مأمور	70
ماریا	70
ماشینی	70
ماهنامه	70
ماهواره‌ای	70
مایعات	70
متغیرهای	70
متمایل	70
متنوعی	70
مجالس	70
محافظه	70
محتوا	70
محصور	70
محوری	70
مخاطب	70
مدارهای	70
مراسمی	70
مردانه	70
مرمر	70
مرکبات	70
مشخصه	70
مصاحبه‌ای	70
معاش	70
معاهده	70
معاویه	70
معروفین	70
مغان	70
مقرر	70
ملایم	70
مناره	70
مناظر	70
منتظر	70
منحنی	70
مهاجم	70
مهمان	70
مواضع	70
مولوی	70
مکتوب	70
میخی	70
میسر	70
میله	70
میهن	70
می‌توانسته	70
می‌روید	70
می‌پرداخته	70
می‌کنم	70
ناتوانی	70
نادرشاهی	70
نارنجی	70
ناصری	70
نامند	70
ناو	70
ناپدید	70
نداشتن	70
نسبیت	70
نقش‌هایش	70
نقلیه	70
نمایید	70
نهاوند	70
نوسان	70
هائیتی	70
هرم	70
هفدهم	70
هلال	70
همبستگی	70
همدانی	70
هموار	70
همکارانش	70
هندو	70
هنرپیشه	70
هورمون	70
هیپاتی	70
واجب	70
واحدی	70
واینا	70
وجودی	70
ورق	70
وفادار	70
وقف	70
ولت	70
ولیعهد	70
ونزوئلا	70
ویرانی	70
ویرجینیا	70
ویکتوریا	70
پارسیان	70
پالایشگاه	70
پاهای	70
پاپ‌های	70
پخته	70
پرهیز	70
پلاسما	70
پیاپی	70
پیشگامان	70
چی	70
ژانر	70
کارهایی	70
کاروانسرا	70
کانی	70
کاوی	70
کر	70
کلاس‌های	70
کمبریج	70
کنی	70
کوچکترین	70
گاما	70
گاهشماری	70
گرمسیری	70
گله	70
گلهای	70
گویش‌های	70
گیتاشناسی	70
یار	70
یهودیت	70
یکنواخت	70
آبادانی	69
آبیلای	69
آتشفشانی	69
آشوری	69
آقایان	69
آلفرد	69
آلومینیوم	69
آمیخته	69
آهنگسازان	69
آیت	69
ابراهیمی	69
اتفاقات	69
اجزاء	69
ارتقای	69
اردبیلی	69
ارس	69
ارواح	69
استون	69
اسقف	69
اسکندریه	69
اشباع	69
اصابت	69
اعطای	69
اعلامیه	69
الکترونی	69
امامان	69
امثال	69
انتها	69
انتهایی	69
انداخته	69
انسانها	69
انعکاس	69
اهلی	69
ايجاد	69
اپل	69
اکثرا	69
ایرباس	69
ایرلندی	69
ایزد	69
اینچ	69
باخت	69
بادهای	69
باردار	69
بازرگانان	69
بازماندگان	69
بامداد	69
ببیند	69
بت	69
بخشیدن	69
بخواهد	69
برانگیخت	69
برداشتن	69
بردگان	69
برمی‌گردد	69
بروی	69
برپایه	69
بزرگداشت	69
بستان‌آباد	69
بسته‌های	69
بطوری	69
بلورین	69
بلوچ	69
بنادر	69
بنیادین	69
بنیان‌گذار	69
بهم	69
بهمراه	69
بودایی	69
بولیوی	69
بچه‌های	69
بگوید	69
بیابانی	69
بیانیه‌ای	69
بیعت	69
بی‌بی‌سی	69
تالاب	69
تبعیض	69
تحتانی	69
تراز	69
ترمیم	69
تشکل	69
تصادف	69
تصفیه	69
تعالیم	69
تناسب	69
تنکابن	69
تهوع	69
تهی	69
توضیحات	69
توطئه	69
توهین	69
تيم	69
تپه‌ای	69
تکنیکی	69
تیغه	69
جامی	69
جانداران	69
جاهای	69
جبل	69
جزیره‌ای	69
جلوه‌های	69
جملات	69
جناب	69
جنازه	69
جنبشی	69
جهش	69
جویی	69
حامد	69
حرام	69
حماسی	69
حک	69
حکمرانی	69
حیث	69
خالد	69
خبرنگاران	69
خدایی	69
خوانی	69
خوردگی	69
دارالفنون	69
داران	69
دانشكده	69
درجات	69
دستاوردهای	69
دكتر	69
دلاری	69
دلایلی	69
دوازدهمین	69
دورانی	69
دوش	69
دیکتاتوری	69
ران	69
راننده	69
رایت	69
راین	69
رده‌بندی	69
رساندند	69
رشید	69
رضایی	69
رمانتیک	69
روحیه	69
زغال	69
زمین‌شناسی	69
زندگانی	69
زیست‌شناسی	69
زین	69
ساخته‌است	69
ساعات	69
سامانی	69
ساوه	69
ستاره‌ها	69
سحر	69
سراغ	69
سرای	69
سرش	69
سرقت	69
سرگذشت	69
سریعتر	69
سزار	69
سفرنامه	69
سنتز	69
سنگینی	69
سواری	69
سکس	69
سیا	69
سیزدهمین	69
شانس	69
شر	69
شرف	69
شرکت‌ها	69
شریک	69
شناور	69
شو	69
شوهرش	69
شکارچی	69
شکل‌گیری	69
صدایی	69
صفحه‌ای	69
صوفیان	69
ضخیم	69
ضلعی	69
ضمیمه	69
طاعون	69
طراحان	69
طلاب	69
عبارات	69
عبدالرحمن	69
عروق	69
عزاداری	69
علاقمند	69
عمرش	69
غده	69
غزنوی	69
غلامرضا	69
غیرقابل	69
غیرقانونی	69
فاتح	69
فاطمی	69
فرآورده‌های	69
فرایندهای	69
فردا	69
فرزندی	69
فرمانروایان	69
فرمود	69
فقدان	69
فلوریدا	69
فلک	69
فیض	69
قزاقستان	69
قشون	69
قلمداد	69
قمر	69
قندهار	69
قیصر	69
لاور	69
لرد	69
لطف	69
لغات	69
مارکسیست	69
ماشین‌های	69
مبارزان	69
متخصصان	69
متنی	69
متوفی	69
محبت	69
محدودی	69
محمدتقی‌خان	69
مخرب	69
مداری	69
مدت‌هاست	69
مراتع	69
مستعمره	69
مستلزم	69
مسیری	69
مشاهدات	69
مشهود	69
مشکوک	69
مصارف	69
مصوب	69
مطوبس	69
مظفر	69
مفسر	69
مقدونی	69
ملایر	69
ممنوعیت	69
منازل	69
منحل	69
منعکس	69
مهاجرین	69
مهربان	69
موجی	69
مور	69
موش	69
مولف	69
میشوند	69
می‌آمده	69
نائینی	69
نادریافتنی	69
نادیده	69
نارسایی	69
نامبرده	69
نبی	69
نسخه‌ای	69
نظریه‌پردازان	69
نعمانی	69
نقاشانه	69
نقره‌ای	69
نوروزی	69
نورونتین	69
نوزادانشان	69
نپذیرفت	69
نگران	69
نیتروژن	69
هارون	69
هال	69
هرودوتس	69
هنگامیکه	69
وارده	69
واکنش‌هایش	69
ور	69
ورزشکارانش	69
پايان	69
پتاسیم	69
پخت	69
پذیرد	69
پروس	69
پستانداران	69
پوشاک	69
پوند	69
پیاده‌سازی	69
پیشنهادی	69
پیغام	69
چابهار	69
چادر	69
چالش	69
چیرگی	69
ژاک	69
ژنو	69
کارشناس	69
کارون	69
کازرون	69
کاملی	69
کاوه	69
کتابداری	69
کریسمس	69
کسری	69
کشورش	69
کنسول	69
کهگیلویه	69
کوه‌ها	69
کیفی	69
کینگ	69
کیهانی	69
گرانشی	69
گرایش‌های	69
گرديد	69
گزاره	69
گزید	69
گشتند	69
گفتنی	69
گلوکز	69
گلپایگان	69
گم	69
گنو	69
گو	69
گوارش	69
گوارشی	69
گونه‌ها	69
گوی	69
یادآور	69
یخچال	69
یون	69
یکسال	69
آشتی	68
آفریده	68
آلاسکا	68
آلبومی	68
آموزشگاه	68
آموزگار	68
آنچنان	68
آن‌چه	68
آهنگی	68
آهنی	68
آکادمیک	68
آگهی	68
آیند	68
ابتکار	68
ابومسلم	68
اتمسفر	68
اجتهاد	68
اخترشناسی	68
ادوار	68
ارزشی	68
ارضی	68
استاندار	68
استودیویی	68
استیو	68
اسلامي	68
اسکلت	68
اسکن	68
اشعاری	68
اصحاب	68
اصله	68
اضطراب	68
اظهارات	68
اعتیاد	68
افتد	68
افزار	68
اقتدار	68
اقلیمی	68
الجزیره	68
انگشتان	68
انگلیسی‌ها	68
ان‌جی‌سی	68
اژدها	68
ایدئولوژی	68
ایلخانی	68
بازرسی	68
بازنشستگی	68
بازه	68
باشگاهی	68
باطل	68
بالاتری	68
بالقوه	68
بانکی	68
بایت	68
ببرند	68
بجا	68
بدیهی	68
برحسب	68
بررسی‌های	68
برسند	68
برگهای	68
بریتانیای	68
بریده	68
بسامد	68
بسر	68
بشکه	68
بلغارستان	68
بلوز	68
بمبئی	68
بنیانگذاران	68
بهای	68
بهایی	68
بهروز	68
بوته	68
بیدار	68
بیستمین	68
بیستون	68
بیشینه	68
بیکاری	68
تأسیسات	68
تاثیرات	68
تاخیر	68
تای	68
تبخیر	68
تخصیص	68
تدارک	68
تربیتی	68
ترغیب	68
تسهیل	68
تصاویری	68
تضعیف	68
تعطیلی	68
تعمیم	68
تفریح	68
تقارن	68
تقلب	68
تلفیق	68
تله	68
تماشاگران	68
تماشای	68
تناوبی	68
تنی	68
توالی	68
توحید	68
توریستی	68
توس	68
تکنیک‌های	68
تیسفون	68
تیموری	68
جانسون	68
جزیره‌های	68
جشن‌های	68
جلدی	68
جنبش‌های	68
جهات	68
جوشکاری	68
حشره	68
حماسه	68
حیطه	68
خاتون	68
خازن	68
خالق	68
ختنه	68
خزانه	68
خسارات	68
خلفای	68
داراب	68
دامغان	68
دامن	68
دانستن	68
دانستند	68
دانشسرای	68
دانشکده‌های	68
دانند	68
داوطلب	68
درخشش	68
درخشندگی	68
دریچه	68
دستان	68
دستوری	68
دستیار	68
دشواری	68
دهها	68
دوبله	68
دوتایی	68
دیابت	68
ذرت	68
ذی	68
رانده	68
راکتور	68
رایانه‌های	68
رحیم	68
رسيد	68
رشته‌ها	68
رصد	68
رضاخان	68
روبه	68
رولینگ	68
ریزش	68
زادگاهش	68
زبان‌شناسی	68
زمين	68
سؤال	68
سازندگان	68
سالار	68
سانتا	68
سانسکریت	68
سبزی	68
سخت‌افزاری	68
سلول‌ها	68
سناتور	68
سنتور	68
سهولت	68
سوخته	68
سودمند	68
سوگند	68
سيستم	68
سیتی	68
سیف	68
سیلا	68
سیگار	68
شایان	68
شبستر	68
شعرای	68
شنی	68
شهروندی	68
شورشیان	68
شوید	68
شکوفایی	68
شیوه‌ای	68
صحنه‌های	68
صخره	68
صدد	68
صربستان	68
صرفه	68
صفا	68
صفی	68
صلیبی	68
صور	68
صورتیکه	68
طریقت	68
طلبان	68
طوریکه	68
عارضه	68
عاطفی	68
عاقبت	68
عجم	68
عزیمت	68
عطار	68
عفونی	68
علی‌اکبر	68
عمود	68
عواملی	68
غدد	68
غلام	68
غیرنظامی	68
فاجعه	68
فراخوانی	68
فردریک	68
فرزندانش	68
فرعون	68
فروغی	68
فوتسال	68
فوری	68
فیفا	68
قابلیت‌های	68
قبله	68
قراردارد	68
قسم	68
قسمتهای	68
قشر	68
قضائیه	68
قمی	68
قوت	68
كردن	68
لشکرکشی	68
لوئی	68
لیبرال	68
لینکلن	68
مائو	68
مارکسیسم	68
مازندرانی	68
ماساچوست	68
ماسه	68
ماهیچه	68
ماکو	68
مبحث	68
متراکم	68
متناهی	68
متکی	68
مجتهد	68
مجلسی	68
محترم	68
محتویات	68
محفل	68
مخاطبانش	68
مختار	68
مخترع	68
مخروطی	68
مدخل	68
مديريتی	68
مدیریتی	68
مراجعت	68
مربیگری	68
مردم‌فریب	68
مستطیل	68
مسدود	68
مشاوره	68
مشورت	68
مصادف	68
مصلحت	68
مطالبی	68
معاف	68
معاملات	68
معمارانه	68
مغولی	68
مقاصد	68
مقامی	68
منشاء	68
منشعب	68
منطبق	68
منظر	68
منفرد	68
موجودیت	68
موریساز	68
موشکی	68
موشک‌هایی	68
مکانیزم	68
میدهد	68
مین	68
مینا	68
میگا	68
می‌نوشتم	68
می‌کرده‌است	68
نامناسب	68
ناگزیر	68
نبوده‌است	68
نخ	68
نزول	68
نشستن	68
نقدی	68
نقشه‌چینی‌های	68
نهر	68
نوشته‌ها	68
نوکیان	68
نگرفت	68
نیکو	68
هفتگی	68
همانگونه	68
همجوار	68
همشهری	68
وات	68
والیبال	68
واژه‌ها	68
ورزشکار	68
ورزقانی‌ها	68
وصیت	68
ویلهلم	68
ویلیامز	68
يافت	68
يكی	68
يکی	68
پادگان	68
پارلمانی	68
پایگاه‌های	68
پایین‌تر	68
پرداخته‌است	68
پرفروش	68
پسته	68
پنجه	68
پنهانی	68
پورت	68
پیراهن	68
پیشرو	68
پیوندهای	68
چرب	68
چشمگیر	68
چهاردانگه	68
چهاردهمین	68
چهارمحال	68
کاترین	68
کادر	68
کارآمد	68
کارخانجات	68
کارگیری	68
کاسه	68
کاظمی	68
کالاها	68
کانادایی	68
کبدی	68
کتابش	68
کتابها	68
کتیبه‌های	68
کدهای	68
کرانه‌های	68
کرت	68
کره‌ای	68
کریس	68
کوشید	68
کیوان	68
گرین	68
گل‌های	68
گوجه	68
گوینده	68
گیلکی	68
یادداشت	68
یکشنبه	68
یگان	68
آرزو	67
آرزوی	67
آرش	67
آریزونا	67
آسفالت	67
آشامیدنی	67
آشوب	67
آشپزی	67
آلبانی	67
آن‌را	67
آهو	67
آهک	67
اب	67
ابلاغ	67
ابهام	67
ابوسعید	67
اتریشی	67
اتیوپی	67
احتیاط	67
احضار	67
ارجاع	67
اردلان	67
ارزش‌های	67
ارزی	67
ارکان	67
اریک	67
اساسنامه	67
استخوانی	67
استر	67
استفراغ	67
اسد	67
اسفندیار	67
اشاره‌ای	67
اشیای	67
اصولا	67
اصولی	67
اعتقادی	67
افتادن	67
افراطی	67
افسری	67
اقدامی	67
الحاق	67
العظمی	67
الموت	67
امتیازات	67
امرار	67
امرای	67
امینی	67
انبساط	67
انتصاب	67
انجمن‌های	67
انسان‌های	67
انسولین	67
انشعاب	67
انعقاد	67
اوباما	67
اکتشاف	67
ایده‌های	67
ایرانشهر	67
ایمیل	67
این‌گونه	67
بابت	67
بارانی	67
بازده	67
بازوی	67
باغهای	67
بافته	67
باهم	67
ببر	67
بخواند	67
بدنش	67
بدی	67
برآورده	67
برخاست	67
برده‌است	67
برنامه‌هایی	67
بروس	67
برچسب	67
بشریت	67
بصری	67
بلاد	67
بلخی	67
بمانند	67
بمنظور	67
بنت	67
بهاءالله	67
بگیریم	67
بیس	67
بیماری‌ها	67
تأثیرات	67
تائید	67
تابعیت	67
تاجر	67
تالش	67
تایلند	67
تایوان	67
تبعیت	67
تشبیه	67
تصاحب	67
تصریح	67
تعجب	67
تعطیلات	67
تغییری	67
تلاشی	67
تل‌آویو	67
تنباکو	67
توت	67
توران	67
توليد	67
توپخانه	67
تکمیلی	67
ثابتی	67
جات	67
جالبی	67
جبری	67
جرمی	67
جزیی	67
جعلی	67
جلالی	67
جنب	67
جنجال	67
جواهر	67
جیمی	67
حائری	67
حائز	67
حاصلخیز	67
حتما	67
حسگر	67
حوضه	67
خاطره	67
خاکستر	67
خداآفرین	67
خسارت	67
خسته	67
خصوصیت	67
خفیف	67
خنج	67
خوارزم	67
خواف	67
خواندند	67
خواهید	67
خوزه	67
خونین	67
دادگاه‌های	67
دارنده	67
دارید	67
داستان‌ها	67
داود	67
دایی	67
دخترانه	67
درازا	67
درمیان	67
دره‌های	67
دریاها	67
دزدان	67
دزدی	67
دمی	67
دنده	67
دوگانه	67
دیرباز	67
دیلمی	67
دینامیک	67
دیپلماتیک	67
ذوق	67
رئيس	67
ربع	67
رسالت	67
رقابت‌های	67
رنگین	67
روان‌شناسی	67
روبروی	67
روسای	67
روسها	67
رویدادها	67
رکود	67
زاد	67
زاهدان	67
زمانه	67
زنجانی	67
زیارتگاه	67
زیان	67
سایوز	67
سبزیجات	67
سرخپوستان	67
سردر	67
سردرد	67
سرنگونی	67
سس	67
سطر	67
سفت	67
سفره	67
سلطانی	67
سلیم	67
سنگاپور	67
سهامی	67
سوری	67
سوزی	67
سوسیالیسم	67
سومالی	67
سوپر	67
سپید	67
سکنی	67
سکولار	67
سکوی	67
سیستانی	67
سیسیل	67
سیلندر	67
شانزدهمین	67
شاهزادگان	67
شجاعت	67
شده‌ای	67
شرطی	67
شرکتی	67
شعله	67
شكل	67
شهرسازی	67
شکاری	67
شکمی	67
شیء	67
صادقی	67
صدق	67
صدمه	67
صرفا	67
طالب	67
طبقاتی	67
طریقه	67
طغیان	67
ظاهرا	67
عادل	67
عالیه	67
عباسیان	67
عزت	67
عضله	67
عفو	67
عمرانی	67
عموی	67
عنصری	67
عهده‌دار	67
عود	67
غسل	67
فاضل	67
فرات	67
فراموشی	67
فرانکفورت	67
فروشی	67
فریب	67
فسفر	67
فضانورد	67
فضانوردان	67
فضل‌الله	67
قائم‌شهر	67
قارچ	67
قاطع	67
قاچاق	67
قبال	67
قدمتی	67
قرآنی	67
قرارگاه	67
قریش	67
قشقایی	67
قطره	67
قلعه‌های	67
قیاس	67
قیر	67
قیمتی	67
لرزه	67
لنگ	67
لوس	67
لیورپول	67
مؤسس	67
مان	67
ماهر	67
ماهه	67
مبدأ	67
متعهد	67
محتوی	67
محرمانه	67
مختص	67
مخصوصی	67
مداخله	67
مدفوع	67
مرورگر	67
مسلمین	67
مشهوریت	67
مشی	67
مصوبه	67
مطابقت	67
معلق	67
مفاصلی	67
مقارن	67
ملت‌هایی	67
ملودی	67
ممالک	67
منظره	67
منقرض	67
موزه‌کارگاه	67
موظف	67
میدانی	67
میشلان	67
میمون	67
می‌خورند	67
می‌دارند	67
می‌یافتم	67
نائله	67
ناتو	67
نامزدی	67
نامیده‌اند	67
نخاع	67
نخاعی	67
نخود	67
نرمال	67
نساجی	67
نصرت	67
نماندن	67
نمره	67
نمی‌کردم	67
نگاشت	67
نیوزیلند	67
هامبورگر	67
هفدهین	67
همیشگی	67
هیجان	67
واگذاری	67
وقفه	67
وکالت	67
ویل	67
ویکتور	67
پاشا	67
پانزدهمین	67
پاول	67
پایانه	67
پتروشیمی	67
پذیرایی	67
پرس	67
پرسنل	67
پروتستان	67
پروین	67
پشم	67
پویانمایی	67
پیرانشهر	67
پیشبرد	67
چاپی	67
چریکی	67
چشمان	67
چمران	67
چو	67
ژوزف	67
کابلی	67
کاراکتر	67
کارخانه‌های	67
کاست	67
کاشمر	67
کامپایل	67
کامپایلر	67
کبوتر	67
کردیم	67
کریستین	67
کشتند	67
کلارک	67
کلامی	67
کلینتون	67
کنفدراسیون	67
کنیا	67
کوچک‌ترین	67
گردنه	67
گروه‌هایی	67
گسیل	67
گشوده	67
گلدن	67
گنجایش	67
یادآوری	67
یافته‌های	67
یوهان	67
ییلاقی	67
آدولف	66
آزمایشات	66
آزمایش‌های	66
آستارا	66
آستین	66
آموز	66
آنا	66
آنتیوخوس	66
آنلاین	66
آنهایی	66
آهسته	66
آهنگ‌ها	66
آویزان	66
اجداد	66
اجراهای	66
احتراق	66
احسان	66
احیا	66
اختیاری	66
اردوی	66
اسباب	66
استعفای	66
استوایی	66
استیل	66
اسراییل	66
اسمی	66
اسپین	66
اسیدی	66
اعتراضی	66
اله	66
الکتریسیته	66
انتزاعی	66
انجیر	66
انحصاری	66
اوائل	66
ايشان	66
ایمن	66
اینتر	66
اینرو	66
بابی	66
باتری	66
بارهای	66
باروک	66
بازجویی	66
بازنگری	66
باکجه	66
بایرن	66
بتدریج	66
بخت	66
بختیار	66
براق	66
برجسته‌ای	66
برجسته‌ترین	66
برده‌اند	66
برند	66
برگردان	66
بزودی	66
بسوی	66
بشدت	66
بطن	66
بنده	66
بنفش	66
بنو	66
بنیامین	66
بهاری	66
بواسطه	66
بوستون	66
بویراحمد	66
بک	66
بگفته	66
بید	66
بیلی	66
تابلو	66
تابلوی	66
تاجگذاری	66
تازی	66
تجار	66
تحرک	66
تخلص	66
تراش	66
تزار	66
تسهیلات	66
تصدیق	66
تفاوت‌های	66
تقسیم‌بندی	66
تلفیقی	66
تماشاگر	66
تمرینات	66
تناقض	66
توربین	66
تورینگ	66
تکاملی	66
تیغ	66
جابر	66
جانبه	66
جديد	66
جلفا	66
جمجمه	66
جنسیت	66
جوجه	66
حدودا	66
حسابی	66
حلال	66
حوزوی	66
حکام	66
خار	66
خدمه	66
خرگوش	66
خوار	66
خوانساری	66
خوشنویس	66
داده‌ای	66
داند	66
دانش‌آموزان	66
دانمارکی	66
داوکینز	66
دبلیو	66
درمورد	66
دستخوش	66
دوستش	66
دوشیزه	66
دول	66
دوچرخه	66
دیدند	66
دیوارها	66
دیواری	66
راهبردی	66
راوی	66
رخداد	66
رستاخیز	66
رشته‌کوه	66
رقابتی	66
رودخانه‌ای	66
رودخانه‌ها	66
رودی	66
روزولت	66
روي	66
رویش	66
ریاحی	66
زایمان	66
زحمت	66
زهره	66
سائو	66
سازمانها	66
سازمان‌ها	66
سازندگی	66
ساموئل	66
سرعتی	66
سرمایه‌گذاری	66
سرمربی	66
سرویس‌های	66
سرگرمی	66
سفالی	66
سقط	66
سلاطین	66
سلوکی	66
سمبل	66
سنجی	66
سه‌گانه	66
سوادکوه	66
سومری	66
سپردند	66
سکاها	66
سیاست‌مداران	66
سیروس	66
سیمون	66
شاهکار	66
شایعه	66
شعارهای	66
شفاهی	66
شل	66
شهرهایی	66
شوال	66
شورشی	66
شوشتری	66
شوک	66
شيخ	66
شکل‌های	66
صداهای	66
صریح	66
صلاح	66
صنفی	66
ضایعات	66
طرحهای	66
طویل	66
عبدالعزیز	66
عبدی	66
عرضی	66
علاقه‌مند	66
علی‌آباد	66
عمو	66
عمیقی	66
غریب	66
فاصل	66
فال	66
فانتزی	66
فاکس	66
فرخ	66
فرستادند	66
فرشتگان	66
فرضی	66
فرمت	66
فروشنده	66
فروغ	66
فروهر	66
فروید	66
فسفات	66
فلورانس	66
قباد	66
قسمت‌هایی	66
قصیده	66
قفسه	66
قلعه‌ای	66
قیامت	66
كنار	66
لوله‌های	66
لیزری	66
لیلی	66
مؤسسات	66
مالاریا	66
ماکس	66
مبادرت	66
مبهم	66
متحمل	66
متخصصین	66
متغیرها	66
متناظر	66
مجامع	66
مجرای	66
مجرد	66
محدودیت‌های	66
محفظه	66
محو	66
محیط‌هایی	66
مخالفین	66
مدح	66
مدلونگ	66
مدیون	66
مساحتی	66
مسجدی	66
مشایخ	66
مضامین	66
معالجه	66
معتبرترین	66
معلمان	66
معلول	66
مقالاتی	66
مقدونیه	66
ملاحظه‌ای	66
ملوک	66
ممانعت	66
منار	66
منصب	66
منعقد	66
مهرگانی	66
موازات	66
موانع	66
موسيقی‌اش	66
مولفه	66
مولکول‌هایی	66
مکاتب	66
مکانویل	66
میخائیلس	66
مینورز	66
میگردد	66
می‌انجامد	66
می‌بینیم	66
می‌خواندندش	66
می‌خواهند	66
می‌داشتند	66
می‌زیستند	66
می‌گذراند	66
ناراحتیش	66
ناشناس	66
نامنظم	66
نامه‌ها	66
ناموفق	66
ناکام	66
نایل	66
نتوانست	66
نخواهيد	66
ندا	66
نداریم	66
نزدیکانش	66
نشدند	66
نفی	66
نمادی	66
نوآوری	66
نوسازی	66
نکنند	66
نگارانش	66
نگارخانه	66
نگاره	66
نیایش	66
نیزه	66
هراس	66
هرتز	66
همایش	66
همکار	66
هواشناسی	66
هواپیماها	66
هولوکی	66
هيچكاك	66
هیوستونی	66
واتیکان	66
واردات	66
واقعا	66
وحید	66
وفور	66
پارامتر	66
پارتی	66
پاسارگاد	66
پانویس	66
پایتون	66
پایه‌گذاری	66
پترزبورگ	66
پذیرای	66
پردازد	66
پرستی	66
پروازی	66
پستی	66
پلاستیکی	66
پناهنده	66
پناهگاه	66
پنجشنبه	66
پنیر	66
پهناور	66
پوشانده	66
پیام‌های	66
پیست	66
پیشانی	66
چمن	66
چندگانه	66
چیزهایی	66
کاتالیست	66
کارتر	66
کاشف	66
کاغذی	66
کام	66
کامران	66
کان	66
کانت	66
کتاب‌هایی	66
کرتیر	66
کروموزوم	66
کشیدند	66
کلمب	66
کمپ	66
کنترلی	66
کننده‌های	66
کنکور	66
کوتوله	66
کیف	66
کیم	66
کین	66
گدار	66
گذاران	66
گذرگاه	66
گراد	66
گرامی	66
گره‌های	66
گریگوری	66
گزارش‌های	66
گشته‌است	66
گناباد	66
گنبدی	66
گنج	66
گنجی	66
گهواره	66
گیتی	66
گیرنده‌های	66
گیلانی	66
یارانش	66
یزید	66
یوری	66
یونایتد	66
یکسانی	66
ییلاق	66
آتشفشان	65
آراگورن	65
آرمان	65
آزادانه	65
آزادگان	65
آستان	65
آشکارا	65
آفرینی	65
آق	65
آلاباما	65
آلیس	65
آملی	65
آموزه‌های	65
آنتونی	65
آنست	65
آوازی	65
ابد	65
اتابکان	65
اتوماتیک	65
اجبار	65
اجزا	65
احراز	65
احیاء	65
اردک	65
ازاین	65
استرالیایی	65
استفان	65
استیون	65
استیک	65
اسعد	65
اسماعیلیان	65
اسپم	65
اطفال	65
اعماق	65
اكنون	65
القاعده	65
الکترون‌ها	65
امتناع	65
امیری	65
امیل	65
اندازه‌های	65
اندی	65
اندیشمندان	65
انصار	65
انقلابیون	65
انور	65
انگل	65
انیمه	65
اهتمام	65
اهورامزدا	65
اولویت	65
اکوادور	65
ایذه	65
ایر	65
ایروان	65
ایم	65
اینحال	65
بابلی	65
باروری	65
بازداشتگاه	65
بازگو	65
بازیافت	65
باستان‌شناسی	65
باشکوه	65
بالکان	65
بایست	65
بحر	65
بخش‌ها	65
بخوبی	65
بدانیم	65
برادوست	65
برخاسته	65
بروکسل	65
برگردانده	65
بریدن	65
بستان	65
بسزایی	65
بقای	65
بلاندی	65
بلوتوث	65
بلوط	65
بنوا	65
بنگلادش	65
بنی‌اسرائیل	65
بهبودی	65
بهره‌گیری	65
به‌نظر	65
بوم	65
بویه	65
بگذارند	65
بیم	65
بیک	65
تألیفات	65
تاتی	65
تاجیک	65
تانگ	65
تحریف	65
تحصيل	65
تحقیقی	65
ترجمه‌های	65
ترمز	65
تزاری	65
تزیین	65
تشییع	65
تصدی	65
تصمیمات	65
تطابق	65
تعمیرات	65
تقطیر	65
تقلیل	65
تماشا	65
تهیه‌کننده	65
توالت	65
توانا	65
توانایی‌های	65
توبه	65
تولیدکنندگان	65
توپولوژی	65
جاده‌ای	65
جادوگر	65
جادوگری	65
جریانات	65
جلیل	65
جن	65
جنایات	65
جنجالی	65
جهنم	65
جواهرات	65
جیم	65
جیوه	65
حاتمی	65
حالت‌های	65
حجاز	65
حسام	65
حكومت	65
حلقه‌ها	65
حلقه‌های	65
حیرت	65
خانی	65
خرم‌آباد	65
خشمگین	65
خطرات	65
خلاقیت	65
خوابگاه	65
خوارزمی	65
خوانده‌اند	65
خوانند	65
خوانین	65
خواهم	65
خودروها	65
خودم	65
خوردند	65
داروین	65
دالاس	65
دانیل	65
دایره‌ای	65
دبیرکل	65
دربرگیرنده	65
درگرفت	65
درین	65
دز	65
دسته‌بندی	65
دستکاری	65
دستگاه‌ها	65
دمکرات	65
دکارت	65
دیداری	65
دیدم	65
دیرینه	65
دیه	65
دیوانه	65
دی‌ان‌ای	65
دی‌وی‌دی	65
رئوس	65
راجر	65
راستین	65
راهبرد	65
ربوده	65
رسوب	65
رفاهی	65
ره	65
روبه‌رو	65
روزگاری	65
روش‌ها	65
رویا	65
رویارویی	65
رکوردز	65
ریاضیدان	65
ریگان	65
زبانها	65
زعفران	65
زوال	65
ساخته‌اند	65
ساختگی	65
سانحه	65
سانفرانسیسکو	65
سرازیر	65
سرگرم	65
سنسور	65
سنگ‌ها	65
سوزان	65
سویی	65
سيد	65
سپاهان	65
شبه‌جزیره	65
شبکه‌ها	65
شتم	65
شجریان	65
شخصیتهای	65
شدیدا	65
شرع	65
شرکتها	65
شنوایی	65
شوم	65
شویم	65
شکسپیر	65
صخره‌ای	65
صومای	65
ضدویروس	65
طیفی	65
ظلم	65
عایق	65
عبادی	65
عبارتست	65
عرب‌ها	65
عشقی	65
عقلی	65
علمي	65
علي	65
علیزاده	65
عملگر	65
عمویش	65
عهدنامه	65
عکاس	65
غشای	65
فارابی	65
فرانسیسکو	65
فرانکلین	65
فراکسیون	65
فرصتی	65
فریم	65
فیزیوتراپیست	65
فیزیولوژی	65
فیلد	65
قانونگذاری	65
قبرس	65
قبیله‌ای	65
قحطی	65
قرقیزستان	65
قزاق	65
قزل	65
قطعه‌ای	65
قوا	65
لاریجانی	65
لاس	65
لاستیک	65
لهجه‌های	65
لکه	65
لین	65
لینک	65
مالکی	65
ماهواره‌های	65
ماهیگیری	65
متخلص	65
متعارف	65
محال	65
محفوظ	65
محکومیت	65
مخازن	65
مدرسه‌ای	65
مدرسین	65
مدفنش	65
مرتکب	65
مسافربری	65
مستعد	65
مسی	65
مشکی	65
مصور	65
مطالعاتی	65
مطبوع	65
مظفرالدینشاه	65
مظهر	65
معصوم	65
معطوف	65
معقول	65
مقوله	65
ملکی	65
منتسب	65
منحرف	65
منشأ	65
مهمات	65
موعود	65
مچ	65
میشیگانو	65
میلیون‌های	65
میکروسکوپ	65
می‌بخشد	65
می‌دانیم	65
می‌ساختم	65
می‌پیوندد	65
می‌کشند	65
می‌کنید	65
می‌گوییم	65
ناتمام	65
ناتوان	65
ناخواسته	65
ناظم	65
ناچیز	65
نباشند	65
نجیب	65
نخجوانی	65
نخست‌وزیری	65
نرسیده	65
نصراللهی	65
نصیب	65
نظرگاه‌ها	65
نقاشی‌هایش	65
نمایانگر	65
نواخته	65
نوبه	65
نوشیدنی	65
نکردن	65
نکرده‌است	65
نیاکان	65
نیت	65
نیروگاه‌هایی	65
نیسا	65
نیشابوری	65
نیمکره	65
نیکیاس	65
هانری	65
هاکی	65
هاگوارتزاست	65
هایدگرشناسی	65
هجدهم	65
همسایگی‌شان	65
همسری	65
هندواروپاییان	65
هوادار	65
هیلاریوس	65
وائل	65
واجد	65
وار	65
وارث	65
واشینگتن	65
وبر	65
وجوه	65
وری	65
وزارتخانه	65
وفاداری	65
ولایات	65
ولدمورت	65
ویدئویی	65
ویستا	65
ویلسون	65
ویولن	65
پاداش	65
پارامترهای	65
پارت	65
پاسخگویی	65
پان	65
پایه‌ای	65
پدربزرگ	65
پدیده‌ای	65
پراگ	65
پرتقال	65
پرستاری	65
پرسید	65
پرش	65
پرنده‌ای	65
پروازهای	65
پروتئین‌های	65
پروتون	65
پلک	65
پنجاب	65
پنجاهمین	65
پنسیلوانیا	65
پهلو	65
پوششی	65
پوشیدن	65
پیامدهای	65
پیری	65
پیشگویی	65
چارلی	65
چشمی	65
چقدر	65
چنين	65
چنگیز	65
چهارچوب	65
چهلمین	65
کارائیب	65
کاریکاتور	65
کاغذکنان	65
کامرون	65
کامپیوترها	65
کتابدار	65
کرواسی	65
کله	65
کلیدهای	65
کلیساهای	65
کلیوی	65
کلیک	65
کماکان	65
کمبوجیه	65
کمپین	65
کندوان	65
کنستانتین	65
کنندگی	65
کوبین	65
کوری	65
کپسول	65
کیخسرو	65
گازها	65
گاندی	65
گذارده	65
گذاشته‌است	65
گذرد	65
گرانت	65
گرده	65
گزینه	65
گفتم	65
گفتگوی	65
گندالف	65
گیت	65
یان	65
یاهو	65
یقین	65
یهودا	65
آبگرم	64
آسایش	64
آشتیانی	64
آلپ	64
آمستردام	64
آموزش‌های	64
آمینه	64
آناهیتا	64
آهنگهای	64
آهکی	64
آو	64
آوای	64
آپارتمان	64
آیرس	64
ائمه	64
ابدی	64
اتابک	64
اتباع	64
احساسی	64
احمدشاه	64
ادای	64
ادراک	64
اذان	64
ارتشی	64
اردوان	64
ارزشهای	64
اروپاییان	64
اساسا	64
استثنای	64
استثنایی	64
استوارت	64
استوانه	64
استوانه‌ای	64
استودیوی	64
اسطوره‌ای	64
اسکاندیناوی	64
اشاعه	64
اشتراکی	64
اشعارش	64
اصطلاحا	64
اضطراری	64
اطلاع‌رسانی	64
اعیان	64
افتادند	64
اقامه	64
الفبا	64
الکترود	64
امکان‌پذیر	64
امیدوار	64
اندر	64
اوهایو	64
اپوزیسیون	64
بازگشتند	64
بالاست	64
بالگرد	64
باکتری‌ها	64
بخاری	64
بخشد	64
بداند	64
بدخشان	64
بدهی	64
برآمد	64
برآن	64
برانگیز	64
برت	64
بردارد	64
برزیلی	64
برنارد	64
بزرگش	64
بسازند	64
بسياری	64
بعث	64
بلا	64
بلاروس	64
بلندتر	64
بلور	64
بناها	64
بهبهانی	64
بهر	64
به‌دلیل	64
به‌وجود	64
بون	64
بیانی	64
بیضی	64
بینش	64
تاب	64
تال	64
تالیفات	64
تایی	64
تجارب	64
تجسمی	64
تجلی	64
تحقیر	64
ترتیبی	64
تروا	64
ترکستان	64
تزیینات	64
تشریفات	64
تشكيل	64
تطبیقی	64
تعالی	64
تعدیل	64
تعریفی	64
تعصب	64
تفاوتی	64
تلفن‌های	64
تمبر	64
تندرو	64
تندی	64
تنسی	64
تنگی	64
تن‌تن	64
توازن	64
توانی	64
توده‌های	64
تورنتو	64
تکان	64
تکراری	64
تیلور	64
تیموریان	64
ثریا	64
جامعه‌ای	64
جبال	64
جدیدترین	64
جرایم	64
جریانی	64
جستارهای	64
جشنواره‌های	64
جغرافیائی	64
جمله‌ای	64
جنایی	64
جنگ‌ها	64
جهرم	64
جوانه	64
جویبار	64
حباب	64
حبوبات	64
حزب‌الله	64
حسين	64
حلی	64
حکمی	64
حیدری	64
خامنه	64
خانقاه	64
خرابی	64
خشکسالی	64
خودگردان	64
خوک	64
داروسازی	64
دالی	64
دانلود	64
داگلاس	64
درامز	64
دربر	64
درحالیکه	64
درنتیجه	64
درهای	64
دره‌ای	64
درواه	64
دريافت	64
دریافتی	64
دستورالعمل	64
دعای	64
دلفی	64
دن	64
دورتر	64
دیوانی	64
دیکتاتور	64
دیگرش	64
ذغال	64
رابین	64
رادر	64
رادیکال	64
راکت	64
رایش	64
رباعی	64
رجایی	64
روغنی	64
رول	64
رون	64
ریو	64
ریوی	64
زاهدی	64
زاویه‌ای	64
زدایی	64
زمينه	64
زمینه‌ای	64
زمین‌لرزه	64
زناشویی	64
زندیه	64
زهی	64
زیرمجموعه	64
سامانیان	64
سانتیاگو	64
سایپا	64
ستاره‌شناسی	64
ستم	64
سرانه	64
سرتیپ	64
سرسخت	64
سرفه	64
سرمایه‌داری	64
سرنگون	64
سرکه	64
سلوک	64
سلیمانیه	64
سنای	64
سندی	64
سنن	64
سهند	64
سوختن	64
سوربن	64
سوزن	64
سياسی	64
سپهبد	64
سپهسالار	64
سین	64
سیگنال‌های	64
شخصیت‌ها	64
شصتمین	64
شمع	64
شهدا	64
شهرکرد	64
شگفتی	64
صبر	64
صحرایی	64
صمیمی	64
صورت‌های	64
ضمنا	64
طاهری	64
طرفه	64
طرق	64
طريق	64
طلبی	64
عاج	64
عبدالرحمان	64
عبدالقادر	64
عجیبی	64
عطا	64
عماد	64
عمرو	64
عنایت	64
عکس‌های	64
غارهای	64
غير	64
غیردولتی	64
فاش	64
فتوحات	64
فرآوری	64
فرامرز	64
فراهانی	64
فراگرفت	64
فصلنامه	64
فنلاندی	64
فن‌آوری	64
فوران	64
فولادی	64
فین	64
قاب	64
قاره‌ای	64
قتل‌های	64
قسطنطنیه	64
قصبه	64
قطعاتی	64
لامپ‌های	64
لحظه‌ای	64
لطیف	64
لغوی	64
لمس	64
مأموران	64
ماکیان	64
مبارک	64
متأثر	64
متقارن	64
متقاعد	64
متمم	64
مثالی	64
محسنی	64
محمدخانی	64
مدور	64
مربیانش	64
مرحله‌ای	64
مركزیت	64
مساعد	64
مستحکم	64
مستعمرات	64
مستندات	64
معابد	64
معرف	64
معصومون	64
معناشناختی	64
مغازه	64
مغولستان	64
مفاد	64
مملو	64
منبر	64
منزوی	64
منفجر	64
منهج	64
منیزیم	64
مهد	64
مهندسین	64
موتورها	64
میبدار	64
میرزایان	64
میلادیتتسکوکو	64
میکنیم	64
می‌فرستد	64
می‌كنم	64
می‌گشتم	64
نانو	64
ناهید	64
نبردی	64
نتوانسته‌است	64
نجم	64
نخستين‌بار	64
نرم‌افزارها	64
نزدیکترین	64
نشانه‌ها	64
نشدن	64
نشده‌اند	64
نفیس	64
نمانده‌است	64
نمایشگر	64
نمی‌آیند	64
نهفته	64
نهنگ	64
نواب	64
نوترون	64
نوزدهم	64
نویسد	64
نپال	64
نکردند	64
نیش	64
هانسائی	64
هرماندورها	64
هرویسپ	64
هستید	64
هضم	64
همبند	64
هویدا	64
هیلا	64
ولادیمیر	64
ویروسی	64
پاسخی	64
پذیرفتن	64
پرداختن	64
پشتیبان	64
پلاک	64
پنالتی	64
پهلوانان	64
پوستان	64
پوش	64
پيدا	64
پیامبری	64
پیامی	64
پیداست	64
پیشرفت‌های	64
پیشوند	64
پیغمبر	64
پیوستگی	64
پیکان	64
چال	64
چاله	64
چالوس	64
چنار	64
چیزهای	64
ژول	64
کاران	64
کارهایش	64
کارگردانان	64
کافه	64
کاندیدای	64
کاوشگر	64
کبود	64
کتابخانه‌ها	64
کثیری	64
کردان	64
کشتی‌ها	64
کشمکش	64
کفر	64
کلر	64
کلمه‌ای	64
کمابیش	64
کمیاب	64
کنش	64
کنگو	64
کهن‌ترین	64
کود	64
کویری	64
کیان	64
کیت	64
گالیله	64
گان	64
گرسنگی	64
گرفتگی	64
گروگان	64
گزیده	64
گستردگی	64
گسل	64
گشتاور	64
گلخانه‌ای	64
گلوب	64
گنجینه	64
گورو	64
گورکانی	64
گوزن	64
گوستاو	64
گوهر	64
گی	64
یاخته	64
یاسر	64
یكی	64
یونگ	64
آبزی	63
آبش‌احمد	63
آتی	63
آسفالته	63
آشفتگی	63
آند	63
آوازه	63
آوازهای	63
آیین‌های	63
ابتدائی	63
اتصالات	63
اتم‌های	63
اتیلن	63
اجتماعات	63
اجساد	63
اردستان	63
ارزشمندی	63
اروگوئه	63
استانداری	63
استانهای	63
استرآباد	63
استعماری	63
استنباط	63
استوا	63
اسماعیلی	63
اسکات	63
اشرافی	63
اصلی‌ترین	63
افراسیاب	63
افزايش	63
افسانه‌ها	63
افغانی	63
القاب	63
النهرین	63
الگوریتمی	63
انتقالی	63
انحصار	63
انداختند	63
اندلس	63
انستیتو	63
اهریمن	63
ايرانی	63
اينكه	63
اکتشافی	63
اید	63
ایزدان	63
ایزدی	63
ایستا	63
ایلخانان	63
ایلینوی	63
بابلسر	63
بارگاه	63
بازمی‌گردد	63
باسواد	63
باش	63
باشی	63
بانکداری	63
بایسنقر	63
بتهوون	63
بخواهیم	63
برآمده	63
برتون	63
برج‌های	63
برخورداری	63
برسانند	63
برکلی	63
برگزیدند	63
برگ‌های	63
بزنند	63
بعمل	63
بلوری	63
بناب	63
بهادار	63
بویو	63
بي	63
بکند	63
بگوییم	63
بیابد	63
بیداری	63
بیلبورد	63
بیمارستانی	63
بینهایت	63
بیهقی	63
تئودور	63
تاکسی	63
تایم	63
تبت	63
تبديل	63
تثلیث	63
تجلیل	63
تجهیز	63
تحصیلاتش	63
تختی	63
تدبیر	63
ترانزیستور	63
ترانه‌ها	63
تراژدی	63
تردد	63
ترشحات	63
تروریسم	63
تسنن	63
تشنج	63
تشکیلاتی	63
تصویربرداری	63
تعلیمات	63
تغيير	63
تفکرات	63
تقابل	63
تقریب	63
تناوب	63
تنبیه	63
تهماسب	63
توسل	63
توهم	63
تکانه	63
جاسوس	63
جاوید	63
جایگاهی	63
جدیدتر	63
جذابیت	63
جنرال	63
جنون	63
جنگید	63
جوادی	63
جور	63
جیرفت	63
حبیبی	63
حریم	63
حضوری	63
حفاظتی	63
حلب	63
حمدالله	63
حکمران	63
حیدریه	63
خاتم	63
خال	63
خانواده‌ها	63
خبرنگاری	63
خراج	63
خردسال	63
خروس	63
خلاء	63
خلبانان	63
خلقت	63
خلیلی	63
خندق	63
خنده	63
خویشتن	63
خیابان‌ها	63
خیار	63
خیره	63
خیز	63
داشتم	63
دامپزشکی	63
داوید	63
دجله	63
درباریان	63
دردناک	63
درصدد	63
درمانگاه	63
درواقع	63
دریانوردی	63
دریاچه‌های	63
دستمزد	63
دماهای	63
دنيا	63
دوربین‌های	63
دوز	63
دوستداران	63
دولت‌ها	63
دونالد	63
رامسر	63
رامین	63
رانش	63
رایانه‌ها	63
ربات	63
ربانی	63
ربیع	63
رحیمی	63
رده‌های	63
رز	63
رزم	63
رس	63
رسیده‌اند	63
رشتی	63
رشدی	63
رفته‌اند	63
رقمی	63
رمان‌های	63
روال	63
روتور	63
رودسر	63
روزبه	63
روزنامه‌نگاری	63
روسو	63
روشنفکر	63
روشنگری	63
رونالد	63
رویت	63
رگ	63
زرهی	63
زندگي	63
زنگنه	63
زی	63
زیبائی	63
ساروج	63
ساعتی	63
ساير	63
سایمیز	63
سرامیک	63
سرده	63
سرطانی	63
سریانی	63
سعیدی	63
سقراط	63
سلب	63
سلوکیان	63
سهل	63
سه‌تار	63
سوالات	63
سومی	63
سپر	63
سیکل	63
شارژ	63
شاعرانه	63
شفا	63
شمیران	63
شنای	63
شنید	63
شهدای	63
شهربانی	63
شوراهای	63
شیار	63
صافی	63
صوری	63
ضربان	63
ضرر	63
ضوابط	63
طبی	63
طلسم	63
عروسک	63
عطر	63
علماء	63
عناصری	63
عکسی	63
عیب	63
غدیر	63
غرور	63
غزالی	63
فاضلاب	63
فاکتور	63
فایل‌های	63
فدایی	63
فراغت	63
فرانس	63
فرایندی	63
فرج	63
فرزاد	63
فریدریش	63
فضاپیما	63
فناوری‌های	63
فهمید	63
فوتبالیست	63
فک	63
فیبرهای	63
فیلم‌هایی	63
قرارند	63
قربان	63
قطور	63
ققنوس	63
قلع	63
قوانینی	63
قیس	63
كم	63
لای	63
لس‌آنجلس	63
لنگرود	63
لوبیا	63
لکه‌های	63
لینکون	63
لیو	63
مادام	63
مادون	63
مارپیچی	63
مارکسیستی	63
مازیار	63
مالیاتی	63
مانگا	63
ماهان	63
ماهانه	63
ماهی‌ها	63
مبلغی	63
متابولیسم	63
مترادف	63
مترمربع	63
متعاقب	63
متمادی	63
متهمان	63
محمدباقرخان	63
محمدبن‌ابراهیم	63
مخارج	63
مخرجی	63
مخروط	63
مخلوط‌ها	63
مدافعان	63
مدام	63
مرادی	63
مرشد	63
مزایده	63
مزینان	63
مستقلین	63
مسمومیت	63
مسن	63
مشتقات	63
مشخصه‌ی	63
مصادره	63
مصریان	63
معاینه	63
معترض	63
معجزه	63
مقتدر	63
مقدمه‌ای	63
ملکانی	63
ملیت	63
ممسنی‌ها	63
مناسبات	63
منجمد	63
منسوخ	63
منقار	63
مهاجمان	63
مهرآبادجنوبی	63
مهیا	63
موثقی	63
موضوعاتی	63
موقتی	63
ميرزاآغاسی	63
مکالمه	63
میتواند	63
میوه‌ها	63
میکرو	63
می‌خواسته	63
می‌مانند	63
ناب	63
ناخن	63
نازی‌های	63
نبویاز	63
نروژی	63
نرگس	63
نزاع	63
نشاط	63
نفرت	63
نقاطی	63
نمی‌رسم	63
نوارهای	63
نوشیدن	63
نيازدارد	63
نگرفته	63
نیافته	63
نیاوردم	63
نیجریه	63
هرز	63
هرمی	63
هفتادهزار	63
همجنس	63
هنرمندایرانی	63
هوانوردی	63
هوگونات	63
هیچ‌گاه	63
ورزش‌هایی	63
وست	63
ولیکن	63
ویلن	63
ویک	63
پارکینسون	63
پانک	63
پاکسازی	63
پدران	63
پردازی	63
پرسی	63
پروتئین‌ها	63
پروردگار	63
پرونده‌های	63
پیران	63
پینک	63
چاره	63
چرخشی	63
چسبیده	63
چهارراه	63
چهره‌ای	63
چیزها	63
چیست	63
ژرف	63
کابین	63
کاراته	63
کارلوس	63
کافکا	63
کالای	63
کتیبه‌ای	63
کروز	63
کریستال	63
کشته‌شدگان	63
کشمیر	63
کلات	63
کلاته	63
کلهر	63
کلود	63
کمرنگ	63
کمون	63
کم‌تر	63
کناره‌گیری	63
کیا	63
کیوتو	63
گراز	63
گراش	63
گریه	63
گزارشات	63
گفتاری	63
گلشیری	63
گلها	63
گلو	63
گلپایگانی	63
گلیم	63
گمرک	63
گناهان	63
گوتیک	63
گینه	63
یاخته‌های	63
یخی	63
یوحنا	63
یونیکس	63
یوگسلاوی	63
آباده	62
آبراهام	62
آبششی	62
آران	62
آرسنال	62
آریا	62
آفرید	62
آلو	62
آماتور	62
آمریکائی	62
آنی	62
آوایی	62
اباد	62
ابزارها	62
ابوریحان	62
ابوعلی	62
اتم‌ها	62
احتساب	62
احتمالات	62
اختصاری	62
ادبيات	62
ادیسون	62
اذعان	62
ارتفاعی	62
ارسلان	62
ارمنیان	62
اریکسون	62
اساطیری	62
استانداردها	62
استیضاح	62
اسماعیلیه	62
اسپارت	62
اسکاتلندی	62
اسکله	62
اسکناس	62
اشخاصی	62
اصلا	62
اصلي	62
اصناف	62
اطاق	62
اعتدال	62
اقامتگاه	62
اقداماتی	62
اقسام	62
الان	62
الزامی	62
المعارف	62
المقدس	62
المپیاد	62
الکس	62
امانت	62
امانوئل	62
اموی	62
امپراطور	62
امکاناتی	62
امیران	62
انبوهی	62
انحطاط	62
انفجاری	62
اهدای	62
اورانوس	62
اکو	62
ایزوتوپ	62
ایسلند	62
اینطور	62
اینکار	62
ایی	62
بابکان	62
باراک	62
بازخوانی	62
بازو	62
بازگرداند	62
بازگردد	62
بازگشایی	62
باشم	62
بافت‌های	62
بالتیک	62
باهنر	62
بحث‌های	62
بخشیده	62
بخود	62
بخورد	62
بدانند	62
بدرود	62
برادرانش	62
برایان	62
برفی	62
برندگان	62
برکت	62
برگذار	62
برگها	62
بعضا	62
بفرستد	62
بلو	62
بندهای	62
بنیانگذاری	62
به‌جای	62
به‌دنیا	62
بودیم	62
بوسنی	62
بکشند	62
بیاورند	62
بیفتد	62
بیگانگان	62
بی‌درنگ	62
بی‌سیم	62
تأثیرگذار	62
تبحر	62
تجسم	62
تدفین	62
ترانسفورماتور	62
ترانه‌ای	62
ترسناک	62
ترمودینامیک	62
ترکمنی	62
تریاک	62
تسریع	62
تسلیحات	62
تصمیم‌گیری	62
تعویق	62
تفت	62
تفرش	62
تفسیری	62
تمدید	62
تنظیمات	62
تهویه	62
توده‌ای	62
توصیفی	62
توفان	62
توکلی	62
تیره‌های	62
ثانی	62
جامه	62
جاویدان	62
جریان‌های	62
جنسیتی	62
جنگجویان	62
جومونگ	62
جون	62
جوین	62
حاصله	62
حاملگی	62
حجمی	62
حرمت	62
حسنی	62
حکومت‌های	62
خادم	62
خارش	62
خزندگان	62
خطاهای	62
خطه	62
خواسته‌های	62
خویشاوندی	62
خویی	62
دادگاهی	62
دالاهو	62
دانان	62
دانته	62
دانسته‌است	62
دانش‌آموخته	62
داوطلبانه	62
دبیری	62
درآمدهای	62
درآورده	62
درخشانی	62
دردهای	62
درصدی	62
درنگ	62
درپی	62
درگیری‌ها	62
دریک	62
دستش	62
دفعات	62
دلتا	62
دنیل	62
دهلیز	62
دودانگه	62
دون	62
دیویس	62
دیپلمات	62
ذیحجه	62
رؤسای	62
رام	62
راهنما	62
رب	62
ربط	62
ربیع‌الاول	62
رتبه‌بندی	62
رخدادهای	62
رفیع	62
رقابت‌ها	62
رقیق	62
رنگارنگ	62
روزافزون	62
روستاییان	62
ریاضی‌دان	62
ریختن	62
ریسمان	62
زا	62
زار	62
زاینده	62
زده‌اند	62
زر	62
زشت	62
زنا	62
زنبور	62
زندگیش	62
زکریا	62
ساختمان‌ها	62
سارتر	62
سازان	62
سازش	62
سازها	62
سانتی‌گراد	62
ساوجبلاغ	62
ستیز	62
سرایت	62
سردسیر	62
سمر	62
سنت‌های	62
سنگر	62
سهروردی	62
سواران	62
سوزاندن	62
سوزنی	62
شار	62
شال	62
شاگردی	62
شایعترین	62
شبکیه	62
شغال	62
شماره‌های	62
شمشیری	62
شناسنامه	62
شناگر	62
شهداد	62
شهره	62
شهیر	62
شواهدی	62
شوق	62
شیطانی	62
صحابه	62
صحنه‌ای	62
صدراعظم	62
صدف	62
صراحت	62
صفرا	62
طباطبائی	62
طرد	62
ظرافت	62
عالمان	62
عایشه	62
عبدالرحیم	62
عجایب	62
عدل	62
عذاب	62
عرف	62
عروقی	62
عصاره	62
علاقمندان	62
عمومي	62
عیلام	62
غزنویان	62
غشاء	62
غلیظ	62
غیررسمی	62
فازی	62
فاشیسم	62
فاصله‌ای	62
فامیل	62
فانی	62
فتوای	62
فجیره	62
فرانتس	62
فردای	62
فرهنگي	62
فروسرخ	62
فرکانسی	62
فشاری	62
فقها	62
فلسطینیان	62
فلفل	62
فمینیستی	62
فوتون	62
فوق‌العاده	62
فیروزآباد	62
فیروزکوه	62
فیلادلفیا	62
فیلمسازی	62
فیلم‌نامه	62
قدرتی	62
قدیس	62
قصه‌های	62
قضات	62
كسب	62
لادن	62
لاری	62
لامرد	62
لاهور	62
لایه‌ای	62
لرزش	62
لشکری	62
لوتر	62
لوک	62
لوکزامبورگ	62
لیسپ	62
لیمو	62
مابقی	62
مالت	62
ماندلا	62
متأسفانه	62
متضاد	62
متن‌های	62
مثابه	62
محرومیت	62
محصولی	62
محله‌ای	62
مختل	62
مرج	62
مرجعیت	62
مردانیان	62
مرعشیان	62
مرغوب	62
مرقد	62
مزدا	62
مزه	62
مسعودی	62
مسموم	62
مشاورانش	62
مشتاق	62
مشروب	62
مشمول	62
مصون	62
مطلبی	62
معروفه	62
معطر	62
مغادل	62
مقاله‌ي	62
مقدسیان	62
ملاتقی	62
مناظره	62
منکر	62
مهارت‌هایش	62
موبدانی	62
مودم	62
موسیقایی‌اش	62
موقعی	62
میامی	62
میان‌رودانی	62
میان‌کهکشانی	62
میدان‌هایی	62
میهمان	62
می‌دیدم	62
می‌رفته‌است	62
می‌کوشد	62
نابینا	62
ناراحت	62
ناراضی	62
ناز	62
نامحدود	62
نامعلوم	62
ناوهواپیمابر	62
ناپیوسته	62
نتوانسته	62
نخبگان	62
نسل‌کشی‌ها	62
نشانه‌ای	62
نشوند	62
نصیر	62
نفرین	62
نمایش‌هایش	62
نوازی	62
نگهبانی	62
نیامد	62
نیامده	62
نیاید	62
نیکسونی	62
هاردیان	62
هاله	62
هاوایی	62
هرسبان	62
هرکول	62
هفته‌نامه	62
هلن	62
همراهان	62
هم‌چون	62
هنرمندی	62
هولمزویل	62
هگلی	62
وال	62
واکنشی	62
وایتالیایی	62
وداع	62
ورامین	62
ورد	62
ورقه	62
ورم	62
وریدی	62
وسائل	62
ولد	62
ولي	62
ولیعصر	62
ونکوور	62
ویرانه‌های	62
ياد	62
پاراگوئه	62
پارسا	62
پال	62
پالس	62
پدرم	62
پذیرفتند	62
پرطرفدار	62
پرنس	62
پرهای	62
پروتئینی	62
پروستات	62
پسرانه	62
پسند	62
پشتوانه	62
پلان	62
پلانک	62
پورتال	62
پیرنیا	62
پیکار	62
پیکربندی	62
پیکسل	62
چاک	62
چرم	62
چلسی	62
چهارگانه	62
چوبین	62
چکسلواکی	62
ژاندارمری	62
ژنوم	62
ژیمناستیک	62
کارگزاران	62
کانال‌های	62
کانبرا	62
کتبی	62
کثرت	62
کربنی	62
کردنشین	62
کری	62
کریستوفر	62
کسر	62
کشتیرانی	62
کششی	62
کشنده	62
کلاسهای	62
کلانتر	62
کلسترول	62
کلوین	62
کلیدها	62
کمری	62
کننده‌ای	62
کننده‌ها	62
کوهسار	62
کوهنوردی	62
کیانی	62
کیفری	62
کیپ	62
گذارند	62
گذران	62
گذشتن	62
گرداند	62
گره‌ها	62
گرو	62
گفته‌های	62
گماشت	62
گمشده	62
گمنام	62
گنجه	62
گواه	62
گود	62
گویشوران	62
گیلاس	62
ید	62
یوونتوس	62
یکتا	62
آذرشهر	61
آراسته	61
آزادسازی	61
آشفته	61
آشیانه	61
آفتابی	61
آفرین	61
آلود	61
آمازون	61
آمريکا	61
آموختگان	61
آنتوان	61
آنگونه	61
ابنیه	61
ابهر	61
ابوطالب	61
اجماع	61
احمدآباد	61
احمر	61
اخوان	61
ادراری	61
ادویه	61
اذیت	61
ارجمند	61
اردکان	61
ارزنده	61
اسبق	61
استان‌ها	61
استثنا	61
استعدادهای	61
استفاده‌های	61
اسکندری	61
اشارات	61
اشتباهات	61
اشتیاق	61
اصلاح‌طلب	61
اصوات	61
اطلاعی	61
اعترافات	61
اقلام	61
اقیانوسیه	61
التهابی	61
السلطان	61
العمل	61
الفبایی	61
الکترومغناطیس	61
امریکایی	61
امی	61
اندرو	61
اندوه	61
اندیمشک	61
انسداد	61
اهمیتی	61
اوان	61
اولاد	61
اون	61
اکتشافات	61
اکشن	61
ایلامی	61
اینتل	61
اینچنین	61
باتوجه	61
بارگذاری	61
بازبینی	61
بازدهی	61
بازگشته	61
باغداری	61
باقری	61
ببینند	61
بجنورد	61
برانگیخته	61
برایشان	61
برده‌داری	61
برشی	61
برگردد	61
بزرگراه‌های	61
بزرگوار	61
بستند	61
بسته‌ها	61
بسطام	61
بقا	61
بلاش	61
بلندی‌های	61
بلوچی	61
بلژیکی	61
بلیط	61
بهترين	61
بهره‌وری	61
بهشهر	61
بور	61
بوکان	61
بپذیرد	61
بیسیک	61
بیماریها	61
بیند	61
بیوتیک	61
بیگدلی	61
تأثیری	61
تأخیر	61
تابلوهای	61
تاز	61
تازه‌کند	61
تالکین	61
تحولی	61
تخفیف	61
تخمیر	61
تدريس	61
تذهیب	61
ترمینال	61
تشخیصی	61
تظاهر	61
تعارض	61
تعاون	61
تعزیه	61
تعمید	61
تفصیل	61
تمایلات	61
توام	61
توانید	61
توری	61
تولیدکننده	61
تومور	61
تکواندو	61
تیم‌ها	61
ثالث	61
جاودانه	61
جايزه	61
جراح	61
جرگه	61
جری	61
جریمه	61
جشنی	61
جلویی	61
جنگنده‌های	61
حجازی	61
حدیثی	61
حریق	61
حسینقلی	61
حسین‌آباد	61
حوا	61
حیدرآباد	61
خالقی	61
خداحافظی	61
خرابه‌های	61
خریدار	61
خسروی	61
خشتی	61
خطری	61
خلاق	61
خلبانی	61
خلف	61
خلوت	61
خواهران	61
خودآگاهی	61
خودروسازی	61
خیال‌پردازی	61
خیمه	61
دارایی‌های	61
دامبلدور	61
دانشی	61
دانیال	61
داوینچی	61
دایناسور	61
دراماتیک	61
درفش	61
دروازه‌های	61
دست‌ها	61
دقیقه‌ای	61
دمایی	61
دمکراتیک	61
دنباله‌دار	61
دنیاست	61
دهانی	61
دوزخ	61
دیانت	61
دیری	61
دیزج	61
دیزل	61
دیگ	61
ذیقعده	61
رادیوی	61
راندن	61
رانی	61
راه‌ها	61
رساله‌ای	61
رستگاری	61
روزنامه‌نگاران	61
روشنفکری	61
روضه	61
رومی‌ها	61
روکش	61
رياست	61
ریگ	61
زبیر	61
زره	61
زمامداری	61
زمینه‌ها	61
زنگی	61
زیارتی	61
زیرزمین	61
ساده‌تر	61
ساده‌ترین	61
ساعته	61
سایز	61
سربداران	61
سره	61
سرودهای	61
سرکوبی	61
سرگردان	61
سست	61
سغدی	61
سلولها	61
سنگسار	61
سهمی	61
سوئز	61
سوئیسی	61
سواره	61
سوختی	61
سوخو	61
سورانی	61
سوییس	61
سياسي	61
سیالات	61
سیاهی	61
سیرجان	61
سیریلیک	61
شاتل	61
شانگهای	61
شاهدان	61
شبی	61
شتافت	61
شربت	61
شفق	61
شلاق	61
شهرتی	61
شهریاری	61
شوری	61
شیلات	61
شیوا	61
صادراتی	61
صامت	61
صوفیه	61
ضایعه	61
ضمیر	61
طبخ	61
عاری	61
عبدالعظیم	61
عدی	61
عرصه‌های	61
علویان	61
علی‌رغم	61
عمقی	61
عملیات‌های	61
عینک	61
غافل	61
غذاها	61
غله	61
غیرانتفاعی	61
فاسد	61
فداییان	61
فراخوانده	61
فرانسوا	61
فردیناند	61
فروخت	61
فعالین	61
فقهای	61
فلس	61
فلش	61
فمینیسم	61
فورت	61
فینیکس	61
قاسمی	61
قافیه	61
قبولی	61
قضایای	61
قلیایی	61
قوسی	61
قوچ	61
كمك	61
لاتینی	61
لحظات	61
لحن	61
لشکریان	61
لفظی	61
لک	61
مادران	61
ماده‌ها	61
مافوق	61
ماهواره‌ها	61
ماوراءالنهر	61
مایلی	61
مایک	61
مبتلایان	61
متافیزیک	61
متالیکا	61
متان	61
مترجمان	61
متعادل	61
مجسمه‌های	61
مجموعا	61
مجنون	61
محمدحسنخانی	61
مخابره	61
مدارات	61
مدیرعامل	61
مریوان	61
مزایا	61
مسلسل	61
مسندم	61
مشروبات	61
مشروط	61
مصباحی	61
مصدر	61
مضر	61
مظاهر	61
معایب	61
معدودین	61
معروفیت	61
ملوان	61
منصرف	61
منظوم	61
مهدویان	61
مواجهه	61
موبد	61
موجبات	61
موفقیت‌هایش	61
موفق‌ترین‌ها	61
موقعیتی	61
موم	61
ميلان	61
مکزیکی	61
میادین	61
میباشند	61
میش	61
میلیمتری	61
میلی‌متر	61
می‌افزاید	61
می‌اندازد	61
می‌بینند	61
می‌ریزند	61
می‌شویم	61
می‌میرد	61
می‌نامد	61
می‌گیریم	61
نامشخص	61
نامطلوب	61
ناپایدار	61
نایرون	61
نبوغ	61
نرسید	61
نرها	61
نزدیکتر	61
نسیم	61
نقاب	61
نقشه‌ای	61
نمایشگاه‌هایش	61
نمونه‌ها	61
نمی‌دانی	61
نمی‌دهی	61
نهادی	61
نهان	61
نهی	61
نواز	61
نورد	61
نوشتند	61
نویز	61
نویسنده‌ایم	61
نگارگری	61
نیا	61
نیلوفر	61
نیکل	61
هابلر	61
هرج	61
هرکسن	61
همجون	61
همسایگانش	61
هوشیاری	61
هیچکدام	61
هیچکس	61
هیکل	61
واعظ	61
والت	61
ورزید	61
ورشو	61
وزنه	61
وزير	61
وضعیتی	61
ولادت	61
ویدیویی	61
ویروس‌ها	61
يعنی	61
پارچه‌های	61
پاسگاه	61
پالایش	61
پاناما	61
پاوه	61
پایش	61
پرت	61
پرداز	61
پردازنده‌های	61
پرفسور	61
پرینستون	61
پسرانش	61
پشتون	61
پلی‌استیشن	61
پهلوانی	61
پیت	61
پیروانش	61
پیشوای	61
پیشگام	61
پیش‌تر	61
پیمایش	61
پیچیده‌ای	61
پیکره	61
چطور	61
چورس	61
چیدمان	61
کاتب	61
کارآفرینی	61
کارتاژ	61
کارتون	61
کارت‌های	61
کارولینای	61
کاشته	61
کامیون	61
کاندید	61
کت	61
کج	61
کرمانجی	61
کرک	61
کرکس	61
کریمه	61
کشاند	61
کلاغ	61
کلرادو	61
کلماتی	61
کلنل	61
کلیساها	61
کمانچه	61
کمیته‌های	61
کمینه	61
کنسرت‌های	61
کنگان	61
کوارک	61
کوانتوم	61
کوشک	61
کوهها	61
کوپر	61
کیفر	61
کیومرث	61
گابریل	61
گاه‌شماری	61
گذرانده	61
گردهمایی	61
گلاب	61
گل‌ها	61
گنجانده	61
گوشه‌ای	61
گون	61
گویای	61
گیل	61
یخبندان	61
یونس	61
یونی	61
یک‌بار	61
آدمیان	60
آدینه	60
آرت	60
آرشیو	60
آرمانی	60
آزادی‌های	60
آسیب‌های	60
آصف	60
آغوش	60
آقاخان	60
آمریکایی‌ها	60
آه	60
آوریم	60
آویخته	60
آیینه	60
ابیطالب	60
اتاق‌های	60
اتحادیه‌های	60
اتلاف	60
اتو	60
اثار	60
اجرائی	60
ازبک	60
استادش	60
استخوان‌های	60
استرس	60
استنتاج	60
اسپرم	60
اصطکاک	60
اطرافیان	60
اعمالی	60
افتاده‌است	60
افشای	60
افول	60
افکن	60
اقلیت‌های	60
اقلیدس	60
الاف	60
التحصیلان	60
الوند	60
الیاس	60
الیگودرز	60
امتحانات	60
امتیازی	60
انباشته	60
انتحاری	60
انتساب	60
اهانت	60
اهم	60
اورژانس	60
اویلر	60
ایرانی‌تبار	60
ایزو	60
ایستادگی	60
ایندیانا	60
ایوانی	60
ایوب	60
باریکه	60
بازارها	60
بازاری	60
بازدیدکنندگان	60
بازرس	60
بازگرداندن	60
بازیکنی	60
باهوش	60
باورها	60
بایر	60
بخشش	60
بدتر	60
بدوی	60
برادری	60
براندازی	60
برجا	60
برجستگی	60
بردگی	60
برطبق	60
برمه	60
برهم	60
برگرداند	60
بشکل	60
بطلمیوس	60
بعثت	60
بعید	60
بلبل	60
بلعمی	60
بنابراين	60
بنیان‌گذاران	60
به‌همراه	60
بورد	60
بیضوی	60
تائو	60
تاتر	60
تاثیرگذار	60
تاجیکی	60
تانزانیا	60
تاکتیک	60
تبصره	60
تحریریه	60
تحصن	60
تخمک	60
ترا	60
تراشیده	60
ترتيب	60
تفاسیر	60
تم	60
تمدنی	60
تمدن‌های	60
تنب	60
تنبور	60
تهاجمی	60
تورین	60
تون	60
تکاب	60
تکلیف	60
تیرباران	60
تیمورتاش	60
جاهایی	60
جایز	60
جبرئیل	60
جدای	60
جعل	60
جفرسون	60
جنینی	60
جهانگردی	60
جهانیان	60
حالی‌که	60
حبشه	60
حجاج	60
حجاری	60
حسینعلی	60
حشمت	60
حضورش	60
حلقوی	60
حمایتی	60
حواس	60
حیره	60
خاقانی	60
خاوران	60
خدابنده	60
خدیجه	60
خلخال	60
خلوص	60
خورش	60
خوشبختانه	60
خوشبختی	60
خویشاوندان	60
دادستانی	60
دامی	60
دانا	60
دانشگاهها	60
دانه‌ها	60
دانگ	60
دبیره	60
درآمدند	60
درآمده‌است	60
درآید	60
دزد	60
دستگردان	60
دشت‌های	60
دلبستگی	60
دماغه	60
دندان‌های	60
دنیس	60
دوردست	60
دورود	60
دومين	60
ديده	60
ديگری	60
دکمه	60
دیرین	60
ذره‌ای	60
راشد	60
رافائل	60
راندند	60
راهبان	60
ردیابی	60
رسانا	60
رسوایی	60
رسوبات	60
رفتم	60
رفسنجان	60
رقص‌های	60
رمزگشایی	60
رنگ‌ها	60
رومن	60
رویال	60
ریاست‌جمهوری	60
زاهد	60
زاید	60
زباله	60
زردآلو	60
زردشت	60
زیردریایی	60
زینب	60
زینت	60
زینتی	60
ساق	60
ستارخان	60
ستوان	60
ستوده	60
ستون‌ها	60
سدی	60
سرآغاز	60
سرامیکی	60
سرحد	60
سرلشکر	60
سرم	60
سروده‌است	60
سقز	60
سلطانیه	60
سمفونیک	60
سنگها	60
سوز	60
سولفات	60
سونگ	60
سوگواری	60
سویا	60
سپه	60
سکون	60
سیامک	60
سیبه	60
سیلک	60
سیمفونی	60
سیم‌پیچ	60
شاخه‌ها	60
شارجه	60
شانگ	60
شاهپور	60
شایستگی	60
شبكه	60
شخصا	60
شرايط	60
شرب	60
شریعتمداری	60
شعرا	60
شلغم	60
شلوار	60
شناختن	60
شهبازی	60
شهرستان‌ها	60
شهرک‌های	60
شوالیه	60
شوسه	60
شکافت	60
شکستگی	60
شیرجه	60
شیره	60
شیشه‌های	60
شیفته	60
شین	60
شینگن	60
صالحی	60
صباح	60
صدمات	60
صدیق	60
صدیقی	60
صعودی	60
صمد	60
ضمنی	60
طایفه‌های	60
طرفداری	60
طعمه	60
طوطی	60
عادات	60
عبدالملک	60
عتبات	60
عربها	60
عصمت	60
عقلانی	60
علاقه‌ای	60
علفی	60
علوفه	60
عليه	60
علیشاه	60
عنوانی	60
غاز	60
غضروف	60
غفاری	60
غلامعلی	60
غیاب	60
فارنهایت	60
فان	60
فتنه	60
فرآورده	60
فرآیندی	60
فراورده‌های	60
فرایندها	60
فرخزاد	60
فرزانه	60
فرما	60
فرهنگسرای	60
فرهنگ‌ها	60
فزاینده	60
فسیلی	60
فضیلت	60
فقرات	60
فلوید	60
فندق	60
فواید	60
فولکلوریک	60
فیروزه	60
فیلترینگ	60
فیلمساز	60
قالب‌های	60
قانع	60
قرارگیری	60
قران	60
قرض	60
قطعیت	60
قفس	60
قلاب	60
قورباغه	60
قولی	60
لئوناردو	60
لاشه	60
لانگ	60
لبنانی	60
لطفعلی	60
لیدی	60
لیما	60
مارکوس	60
ماقبل	60
مالکان	60
مالیه	60
ماندنی	60
ماهیچه‌های	60
ماه‌ها	60
ماوراء	60
ماکزیمم	60
متاثر	60
متجاوز	60
متد	60
متروک	60
متریک	60
متفکران	60
مجریه	60
مجلد	60
محبوب‌ترین	60
محسوس	60
محصولاتی	60
محمودی	60
مخملباف	60
مذاب	60
مذکر	60
مست	60
مسوول	60
مشت	60
مشهدی	60
مشیرالسلطنه	60
مصمم	60
مصوبات	60
مطیع	60
معلمی	60
مغناطیس	60
مفاهیمی	60
مفرغ	60
مفیرد	60
ملاصدرای	60
ملزم	60
ملیتی	60
ممكني	60
منابعی	60
منزله	60
منصوری	60
منفجره	60
منهدم	60
مهری	60
مهمانی	60
موسیقی‌دان	60
مونتاژ	60
ميليونر	60
مکینتاش	60
میمندروستایی	60
مینوی	60
میگیرد	60
می‌افتند	60
می‌راند	60
می‌رسانند	60
می‌رفته‌اند	60
می‌نامیم	60
می‌نویسند	60
می‌پوشاند	60
ناخودآگاه	60
نارضایتی	60
ناظرانی	60
ناوبری	60
ناکامی	60
نبوت	60
نتیجه‌ای	60
نجدات	60
ندارن	60
نشانه‌هایی	60
نشت	60
نظام‌هایی	60
نظریه‌ای	60
نفرات	60
نفیسی‌های	60
نمو	60
نهادها	60
نوا	60
نورالدینوویچ	60
نوش	60
نکنید	60
هارمونی	60
هامون	60
هایدونگ	60
هسته‌يي	60
همسرانتان	60
هموگلوبین	60
همکارانشان	60
هم‌مرز	60
هندوانه	60
هودا	60
هورانی	60
هیتاشی	60
هیومز	60
والدار	60
واژگانیو	60
واگن	60
وای	60
ورسایلس	60
وزرای	60
وزنی	60
ولایتی	60
ويژه	60
ویزلی	60
ویلا	60
ویژوال	60
يافته	60
پافشاری	60
پرست	60
پرستار	60
پرفروش‌ترین	60
پرل	60
پروتکل‌های	60
پروسه	60
پستان	60
پسین	60
پلدشت	60
پلکان	60
پناهندگان	60
پو	60
پوستر	60
پژوهشگاه	60
پیل	60
چاقو	60
چاپخانه	60
چرچیل	60
چشمه‌ها	60
چم	60
چندين	60
ژرمن	60
ژرژ	60
کاج	60
کارآیی	60
کافر	60
کالبد	60
کانونی	60
کراسوس	60
کرده‌بود	60
کروم	60
کریستف	60
کلانتری	60
کمپاس	60
کمکهای	60
کمیک	60
کناری	60
کنایه	60
کندن	60
کنسرواتوار	60
کهریزک	60
کوثر	60
کوزوو	60
کول	60
کوین	60
کیارستمی	60
کیبورد	60
کیمیایی	60
کینه	60
گئورگ	60
گرمسار	60
گریخته	60
گزارش‌ها	60
گلابی	60
گلف	60
گنجشک	60
گوته	60
گورانی	60
گورباچف	60
گچی	60
گیتس	60
یتیم	60
یدالله	60
یوتا	60
یوز	60
یوفا	60
یونانی‌ها	60
آبریز	59
آدام	59
آدامز	59
آذوقه	59
آرتریت	59
آرم	59
آزادی‌بخش	59
آستوریاس	59
آشپزخانه	59
آلدوس	59
آلمریای	59
آلیاژ	59
آنکارا	59
آهنگ‌ساز	59
آورنده	59
آيد	59
آگاهانه	59
آیینی	59
آی‌پی	59
ابری	59
ابریشمی	59
ابوموسی	59
ابیات	59
اتاقی	59
اتوبان	59
احد	59
اختر	59
اختراعات	59
ادا	59
ادعاهای	59
ادوبی	59
ادگار	59
ارثی	59
ارسالی	59
ارم	59
ازبکان	59
ازدیاد	59
ازین	59
استادانی	59
استقامت	59
استکهلم	59
اسفراین	59
اسلام‌آباد	59
اسلواکی	59
اسپانیایی‌ها	59
اسکریپت	59
افتتاحیه	59
افندی	59
اقشار	59
اقلیدسی	59
البلدان	59
الزمان	59
العابدین	59
القا	59
القایی	59
الممالک	59
امت	59
امداد	59
امنای	59
امویان	59
انبارها	59
انبارهای	59
انزل	59
انس	59
انطباق	59
انگليسی	59
انیشتین	59
اوره	59
اکدی	59
اکسایش	59
اینصورت	59
این‌جا	59
این‌رو	59
بازتابی	59
بازنویسی	59
بازپس	59
بازگردانده	59
باشندگان	59
بافتهای	59
باقی‌مانده	59
بالغین	59
باله‌های	59
بانه	59
بایگانی	59
بتمن	59
بخشداری	59
بخوانند	59
بدنبال	59
بده	59
براحتی	59
برخوردهای	59
برخي	59
برمی‌آید	59
برومند	59
بروید	59
بریتیش	59
بزرگانی	59
بسا	59
بستگان	59
بسياري	59
بطول	59
بعهده	59
بغدادی	59
بلاگ	59
بلندای	59
بله	59
بمپور	59
بنه	59
بنگال	59
بهاءالدین	59
بهارستان	59
بهره‌مند	59
به‌خصوص	59
بوکس	59
بویایی	59
بوینس	59
بگذرد	59
بگو	59
بیدل	59
تابوت	59
تاتار	59
تاراج	59
تاريخی	59
تامسون	59
تایتانیک	59
تبرئه	59
تبع	59
تجربه‌های	59
تجریش	59
تداعی	59
تذکر	59
ترانه‌سرای	59
تروتسکی	59
تز	59
تسکین	59
تشابه	59
تشریفاتی	59
تشکيل	59
تلاقی	59
تملک	59
توانبخشی	59
تورینو	59
تویوتا	59
تکه‌های	59
تکی	59
تیکمه‌داش	59
ثمره	59
جاده‌های	59
جامدات	59
جاندار	59
جانشینان	59
جانگ	59
جثه	59
جدال	59
جداول	59
جزییات	59
جغتای	59
جغرافی	59
جلال‌الدین	59
جلگه‌ای	59
جمادی‌الاول	59
جمادی‌الثانی	59
جمعا	59
جنگها	59
جهانگرد	59
جیحون	59
حادثه‌ای	59
حصول	59
حفره‌های	59
حلق	59
حلقه‌ای	59
حموی	59
حکاکی	59
حیفا	59
خاصه	59
خر	59
خردمند	59
خمیده	59
خنجر	59
خو	59
خوانده‌است	59
خودمان	59
دادم	59
دالان	59
دانش‌آموختگان	59
دانش‌آموز	59
دایمی	59
دبیرخانه	59
دبیرستانی	59
درازی	59
درباره‌ی	59
درکنار	59
دریاچه‌ها	59
دستاورد	59
دلیر	59
دمام	59
دنیرو	59
دهقان	59
دورگه	59
دکترین	59
دیده‌است	59
دیلم	59
ذكر	59
راد	59
رایج‌ترین	59
رباعیات	59
ربیع‌الثانی	59
رجوی	59
رزرو	59
رسوبی	59
رقبای	59
رمزی	59
رنه	59
روانپزشکی	59
روبرت	59
روبی	59
روت	59
رودها	59
روزگاران	59
رومیزی	59
رویای	59
ریاض	59
ریلی	59
ریموند	59
زال	59
زبانزد	59
زری	59
زنگبار	59
زهر	59
زوریخ	59
زياد	59
زیرک	59
ساختمانها	59
سالاری	59
سایرین	59
سبد	59
ستد	59
ستونی	59
سجده	59
سخنی	59
سراج	59
سرخی	59
سرزنش	59
سرشت	59
سرنشین	59
سروکار	59
سرپوشیده	59
سرگیجه	59
سزایی	59
سفالگری	59
سفیدی	59
سفینه	59
سنه	59
سهیم	59
سوختگی	59
سور	59
سپیده	59
سیتوپلاسم	59
سیلوانه	59
سیک	59
شادروان	59
شاغل	59
شایعات	59
شب‌های	59
شجره	59
شست	59
شعاعی	59
شهابی	59
شهرنشینی	59
شهوت	59
شوی	59
شکلات	59
شکی	59
شیبکوه	59
صداوسیما	59
صیفی	59
ضرایب	59
ضربی	59
طبیب	59
ظفار	59
عادلانه	59
عامر	59
عبدالوهاب	59
عبوری	59
عرفات	59
عرق	59
عزم	59
عسکری	59
عقرب	59
عیار	59
غاری	59
غزلیات	59
غلاف	59
غیرعادی	59
غیرممکن	59
فاستر	59
فرابنفش	59
فرانسویان	59
فرانکو	59
فرجام	59
فرقه‌های	59
فرمانفرما	59
فسا	59
فصل‌های	59
فعالی	59
قابوس	59
قادرند	59
قاشق	59
قاعدگی	59
قدیمی‌تر	59
قرمزی	59
قزلباش	59
قضاییه	59
قله‌های	59
قیچی	59
كسی	59
كل	59
لارو	59
لالجین	59
لاهیجی	59
لاپلاس	59
لطفی	59
لعاب	59
لوور	59
لکی	59
لگاریتم	59
لگن	59
ماتریکس	59
مارپیچ	59
مالر	59
مانده‌اند	59
مانور	59
مایر	59
مبارکه	59
متفرق	59
متفکر	59
متیل	59
مثبتی	59
مجذوب	59
مجهول	59
محتمل	59
محول	59
مدارج	59
مدرنیته	59
مديران	59
مدیترانه‌ای	59
مردود	59
مرزبان	59
مرزها	59
مرموز	59
مرودور	59
مسیریابی	59
مشارکت‌گرا	59
مشروعیت	59
مصداق	59
مصلی‌نژاد	59
مصونیت	59
مطهر	59
معابر	59
معترضین	59
معتزلی	59
معجمه	59
معراج	59
معربات	59
معظم	59
مفرد	59
مقام‌هایش	59
ملاحظات	59
ملاک	59
ممنوعه	59
مناقشه	59
منسجم	59
منقول	59
مهرخسرو	59
مهمتر	59
موتسس	59
موتوری	59
موروثی	59
موزون	59
موزیکال	59
موسسان	59
موسیقیدان	59
موفقیتی	59
موقعیت‌هایی	59
مونئو	59
مکی	59
میانجی	59
میرود	59
میلرزان	59
میناباد	59
مینو	59
میهنی	59
می‌بودم	59
می‌خواهیم	59
می‌نشیند	59
می‌نوشته	59
می‌گذشتم	59
نابغه	59
ناخارارهای	59
ناظریان	59
نامتناهی	59
ناممکن	59
ناپل	59
ناژرمن	59
نخورده	59
ندیده	59
نسوج	59
نشانگانی	59
نطق	59
نمادها	59
نمکی	59
نمی‌کرده	59
نمی‌گردم	59
نورانی	59
نوسانات	59
نوشابه	59
نوشهر	59
نوید	59
نکرده‌اند	59
نکشیدم	59
نیابت	59
نیرواناست	59
نیمروزه	59
نیچه	59
هافبک	59
هافمیر	59
هاینز	59
هد	59
هدر	59
هزینه‌ها	59
هشامیه	59
هلیومی	59
همانا	59
همخوانی	59
همگام	59
هنرها	59
هیزم	59
هیچیک	59
وابسته‌اش	59
واحدها	59
والا	59
واکسن	59
وسایلی	59
وصال	59
وغیره	59
ولف	59
ولید	59
وهم	59
ویراستار	59
پائیز	59
پاتریک	59
پارک‌های	59
پاپی	59
پایتختی	59
پختن	59
پدافند	59
پدیده‌ها	59
پراکنش	59
پرتوی	59
پرندگانی	59
پست‌های	59
پن	59
پهنه	59
پژوهشهای	59
پگاه	59
پیرمرد	59
چخوف	59
چسب	59
چغندر	59
چندجمله	59
چیبا	59
چینی‌ها	59
ژورنال	59
کاذب	59
کارخانه‌ها	59
کارگاه‌های	59
کامبوج	59
کانالهای	59
کاه	59
کتابخانه‌ای	59
کثیر	59
کرخه	59
کرمانشاهی	59
کسان	59
کشد	59
کلئوپاترا	59
کلیات	59
کلیسایی	59
کمونیست‌ها	59
کم‌کم	59
کهکشانی	59
کوزه	59
کولی	59
کولین	59
کیک	59
گاوی	59
گاگارین	59
گذشته‌های	59
گردشگر	59
گروهها	59
گزیدند	59
گشودن	59
گنگ	59
گوارا	59
گواهینامه	59
گویان	59
گویشهای	59
گویندگان	59
گيرد	59
گیم	59
یاس	59
یشت	59
ین	59
یهودیه	59
یکای	59
یکپارچگی	59
ییل	59
آئورت	58
آبادی‌های	58
آبش	58
آتلانتا	58
آتیلا	58
آثارهای	58
آخرين	58
آذرماه	58
آذین	58
آریان	58
آزمایشگاه‌های	58
آغازگر	58
آفت	58
آمريكا	58
آموزشکده	58
آپارتاید	58
آیاتی	58
ابطال	58
ابوالفتح	58
ادوات	58
ادیپ	58
اذهان	58
ارابه	58
ارد	58
اره	58
ازطریق	58
ازنا	58
استحکامات	58
استخوانهای	58
استریت	58
استنفورد	58
استنلی	58
استوری	58
اسفار	58
اسلو	58
اسکلتی	58
اسیران	58
اشعری	58
اشکالات	58
اصلاحاتی	58
اصلیت	58
اضلاع	58
اعزامی	58
اغراق	58
افشین	58
افکند	58
اقلید	58
الا	58
الاصل	58
الرحمن	58
الفاظ	58
الیه	58
امپریالیسم	58
امیرحسین	58
انتشاراتی	58
انتفاعی	58
اندرسون	58
انزوا	58
انستیتوی	58
انسجام	58
انصراف	58
انهدام	58
انگلس	58
انگیزه‌های	58
اور	58
اوربیتال	58
اوستیای	58
اوپک	58
اوکراینی	58
اکرم	58
اکس	58
ایدئولوژیک	58
ایده‌آل	58
ایرانی‌ها	58
اینجاست	58
اینچی	58
باختین	58
بادغیس	58
باربارا	58
بازي	58
بازیها	58
بافتی	58
بامیان	58
بانکهای	58
بانک‌های	58
بایزید	58
بتوانیم	58
بخشهایی	58
بدیعی	58
بربر	58
برداشتند	58
بره	58
برو	58
برگه	58
بسته‌است	58
بستکی	58
بسنده	58
بسیجی	58
بشوند	58
بطون	58
بنویسد	58
بهبهان	58
بهداری	58
بهینه‌سازی	58
بوتان	58
بودنش	58
بيان	58
بیت‌المقدس	58
بیجار	58
بیشه	58
بینندگان	58
بیولوژیکی	58
بیگی	58
بی‌نظیر	58
تازیان	58
تاسيس	58
تاق	58
تالشی	58
تاپ	58
تاکستان	58
تبدیلات	58
تجن	58
تحصيلات	58
تخمدان	58
تراشه	58
تراکتورسازی	58
ترم	58
ترند	58
ترومن	58
ترکمان	58
تزریقی	58
تزیینی	58
تفاهم	58
تفرقه	58
تماما	58
تهيه	58
توضیحی	58
توپاک	58
تپه‌ها	58
تکنولوژی‌های	58
تیتراژ	58
تیراژ	58
تیروئید	58
جابه	58
جابه‌جایی	58
جایزه‌ای	58
جبهه‌های	58
جداگانه‌ای	58
جريان	58
جزایری	58
جف	58
جمهوریخواه	58
جنگجو	58
جهانگردان	58
جودی	58
جیبی	58
حاجی‌آباد	58
حرفی	58
حرکت‌های	58
حمايت	58
حنفی	58
حواریون	58
حکمرانان	58
خاك	58
خرافات	58
خریداران	58
خضر	58
خطبه	58
خمین	58
خوارج	58
خودمختاری	58
خوشاب	58
خوشی	58
خويش	58
خیل	58
دادرسی	58
داروهایی	58
دانش‌های	58
داوطلبان	58
دایناسورها	58
دبیران	58
دث	58
درآمدی	58
دراویش	58
درصورت	58
دروازه‌بان	58
دریاهای	58
دشتستان	58
دعوی	58
دلنشین	58
دندانپزشکی	58
دنیایی	58
دهات	58
دهقانان	58
دهنو	58
دوبعدی	58
دولتمردان	58
دویدن	58
دژی	58
دینار	58
دیواره‌های	58
دیود	58
ذوالفقار	58
رادیواکتیو	58
راهرو	58
رحمان	58
رسی	58
رشیدالدین	58
رضی	58
رنگها	58
روانکاوی	58
روزنامه‌ای	58
روستائی	58
روشها	58
رویایی	58
ريشه	58
رژه	58
ریشه‌ای	58
زادروز	58
زادگان	58
زمام	58
زيبا	58
زیربنای	58
سابقا	58
سازي	58
ساماندهی	58
سامرا	58
سایبر	58
سایت‌ها	58
سبأ	58
ستار	58
سجاد	58
سراجو	58
سردی	58
سرمای	58
سروستان	58
سزان	58
سغد	58
سلف	58
سلولز	58
سلوکوس	58
سلیقه	58
سلیمانی	58
سنقر	58
سه‌بعدی	58
سوادآموزی	58
سورس	58
سوسن	58
سومریان	58
سون	58
سوگ	58
سویس	58
سپردن	58
سگی	58
سیاتل	58
سیاستمدار	58
سیاهان	58
سیستماتیک	58
سیلاب	58
سینه‌ای	58
شامگاه	58
شاهین‌دژ	58
شاگردانش	58
شایانی	58
شبح	58
شبدر	58
شبیه‌سازی	58
شدنش	58
شرحی	58
شرلوک	58
شریان	58
شعب	58
شلوغ	58
شمرد	58
شناخته‌شده	58
شناسائی	58
شناسه	58
شنود	58
شنوندگان	58
شهبانو	58
شهرکی	58
شهودی	58
شورایی	58
شکن	58
شیبانی	58
شیدا	58
صابر	58
صداقت	58
صرع	58
صفحه‌های	58
صهیونیسم	58
صورتهای	58
ضربه‌ای	58
طاقت	58
طاووس	58
طبل	58
طغرل	58
طولانی‌ترین	58
عارفان	58
عبدالحمید	58
عبدالعلی	58
عبید	58
عثمانیان	58
عدلیه	58
عریض	58
عشایری	58
عطفی	58
عقیدتی	58
علایق	58
عمدی	58
عنصرهای	58
عواقب	58
غارها	58
غریبه	58
غیاث	58
غیرمستقیم	58
فئودالی	58
فارسي	58
فارسی‌زبان	58
فخر	58
فراخواند	58
فرم‌های	58
فروشندگان	58
فری	58
فطر	58
فعالیتها	58
فمینیست	58
فنچ	58
فومن	58
فیلمها	58
فیلم‌برداری	58
فیلم‌سازی	58
قبیله‌های	58
قدرتمندی	58
قدرت‌های	58
قدردانی	58
قدیمیترین	58
قرنیه	58
قرن‌ها	58
قطری	58
كامل	58
كتابخانه	58
كشاورزي	58
كنترل	58
كوچك	58
لئو	58
لازمه	58
لاو	58
لاک‌پشت	58
لبنیات	58
لثه	58
لغزش	58
لم	58
لنز	58
لودویگ	58
لورل	58
لوکاس	58
لوی	58
لیث	58
لیستی	58
مأمون	58
مؤسسان	58
ماتریالیسم	58
مادرزادی	58
مارسی	58
مازاد	58
مانندی	58
مانوئل	58
مباحثی	58
مبادلات	58
متوازن	58
مثانه	58
مجرم	58
مجسمه‌سازی	58
مجلل	58
محافظه‌کار	58
محل‌هایش	58
محورهای	58
محکم‌تر	58
مخاط	58
مرآة	58
مربعی	58
مرجان	58
مرجانی	58
مروانی	58
مستنسخین	58
مسند	58
مشعل	58
مطلوبیت‌های	58
معادات	58
معشوق	58
معلومات	58
مغالطه	58
مغایر	58
مغول‌های	58
مفتیان	58
مقاومتی	58
مقصر	58
مقعد	58
مقننه	58
منبعی	58
منش	58
منظوره	58
منقبض	58
مواقعی	58
موردی	58
مورگانتیک	58
موز	58
موسولینی	58
مونترالی	58
مکاتبات	58
مکسالی	58
میانرودانلارسا	58
میلانیان	58
مینایا	58
مینیمم	58
می‌خوانیم	58
می‌پردازیم	58
می‌چرخد	58
می‌کردن	58
می‌کشید	58
نائبان	58
ناخدا	58
نازلوشمالی	58
ناشرانش	58
نامیدن	58
ناوچه	58
ناپذیری	58
ندادنش	58
نرسیده‌است	58
نرمیق	58
نصیرالسلطنه	58
نقدینگی	58
نقشه‌برداری	58
نمانده‌اند	58
نمايش	58
نوایی	58
نويسنده‌اي	58
نژادها	58
نگهدارنده	58
نیاوران	58
نیرا	58
نیستم	58
نیوزدوا	58
نیومکزیکو	58
هالی	58
هانابوسا	58
هدفش	58
هدفی	58
هزینه‌ای	58
هلو	58
همیلتونی	58
هندیجانی	58
هیدرولیک	58
هیمالیا	58
وارداتی	58
والدینش	58
واپاشی	58
وثیقه	58
ورشکستگی	58
وزرا	58
وزینه	58
وسترن	58
وفا	58
ونوس	58
وود	58
وکلای	58
ویدئوی	58
وینگ	58
يعني	58
پایبند	58
پرتغالی‌ها	58
پرخاشگری	58
پرداخته‌اند	58
پره	58
پرون	58
پلیسی	58
پلی‌بوی	58
پناهی	58
پنی	58
پوشی	58
پونه	58
پیشی	58
پیشینیان	58
پیکاسو	58
چاه‌های	58
چایپاره	58
چرمی	58
چشمه‌ای	58
چشم‌انداز	58
چشم‌ها	58
چندجمله‌ای	58
چنگیزخان	58
چچن	58
چیده	58
ژاله	58
ژرمنی	58
ژولیوس	58
کارشان	58
کارلو	58
کاره	58
کاریز	58
کرزی	58
کسینجر	58
کشته‌شدن	58
کشفیات	58
کفایت	58
کفیر	58
کلان‌شهر	58
کلرید	58
کما	58
کناره‌های	58
کنگاور	58
کوبی	58
کوره‌های	58
کوچه‌های	58
گارسیا	58
گاومیش	58
گذشتگان	58
گرافی	58
گرمایش	58
گرمه	58
گریس	58
گلشن	58
گماشته	58
گوشتی	58
گیج	58
یاب	58
یاتاقان	58
یادداشت‌های	58
یادشده	58
یادمان	58
یبوست	58
یهوه	58
یواس‌بی	58
یورک	58
یوزپلنگ	58
یوسفی	58
یوم	58
یونجه	58
یک‌دیگر	58
یگانگی	58
آبشارهای	57
آتشگاه	57
آتشی	57
آتشین	57
آرنولد	57
آری	57
آزاده	57
آسانتر	57
آسیبی	57
آشوریان	57
آغشته	57
آمارهای	57
آمریکاییان	57
آموزی	57
آمونیاک	57
آمیزه‌ای	57
آناتومی	57
آهنین	57
آیرن	57
ائتلافی	57
ابزارهایی	57
ابونصر	57
اتاقهای	57
اترک	57
اخطار	57
ارادت	57
اربیل	57
ارج	57
اردوگاه‌های	57
اروپائی	57
اساتیدی	57
اسبی	57
استواری	57
اسدآباد	57
اسلاوی	57
اسلوب	57
اسنیکت	57
اشترینان	57
اصلاحیه	57
اعلای	57
اعیاد	57
افشا	57
اقرار	57
اقصی	57
الاغ	57
الحاقی	57
الحسین	57
العاده‌ای	57
الوار	57
املاح	57
امیرآباد	57
انتاریو	57
انجمنی	57
اندروز	57
اندیس	57
اندیشه‌ها	57
انگار	57
انگلیسیها	57
ايتاليا	57
ایرن	57
ایستاد	57
ایستگاههای	57
اینکا	57
باج	57
بادگیر	57
بارزترین	57
بارو	57
بارور	57
بارون	57
باروی	57
بارگیری	57
بازنده	57
باشگاههای	57
باغچه	57
باغ‌ها	57
بالعکس	57
باک	57
باکتری‌های	57
بخواهند	57
بدعت	57
بدين	57
برازجان	57
براهین	57
برخاستند	57
برگشته	57
بریتانیکا	57
بشارت	57
بلاغی	57
بلكه	57
بندیکت	57
بهجت	57
بهرحال	57
بهسازی	57
به‌جز	57
به‌کارگیری	57
بوتو	57
بوعلی	57
بيست	57
بپیوندد	57
بیا	57
بیاموزد	57
بیایند	57
بیسبال	57
بیسمارک	57
بیضایی	57
بیمارانی	57
بین‌النهرین	57
بیهوده	57
تئوریک	57
تابیده	57
تاثیری	57
تاون	57
تحمیلی	57
تخم‌ها	57
تخیل	57
تذکره	57
تره	57
تسلا	57
تظاهراتی	57
تعدد	57
تعريف	57
تعهدات	57
تقی‌زاده	57
تلف	57
تماسی	57
تمسخر	57
تنبک	57
تنومند	57
تنکابنی	57
تهدیدات	57
توافقی	57
توانیم	57
تورهای	57
توریسم	57
تولستوی	57
توی	57
تویسرکان	57
تیری	57
تیمش	57
جابز	57
جادوی	57
جاسک	57
جاها	57
جداره	57
جرقه	57
جستجوگر	57
جسته	57
جعفرآباد	57
جغد	57
جلوتر	57
جلوس	57
جمادی	57
جنگلها	57
جورجیا	57
جویا	57
حاتم	57
حامله	57
حبابی	57
حبیب‌الله	57
حجامت	57
حجره	57
حراست	57
حسادت	57
حسن‌آباد	57
حضرموت	57
حمد	57
حمله‌های	57
حمیدرضا	57
حواشی	57
حیواناتی	57
خانلری	57
خانه‌اش	57
خاکسپاری	57
خربزه	57
خرچنگ	57
خفه	57
خلا	57
خمسه	57
خوابی	57
خواری	57
خواهش	57
خوشحال	57
خیبر	57
دات	57
دارن	57
داس	57
دانیم	57
درباری	57
درزمان	57
درمی	57
درود	57
دروغین	57
دریانورد	57
دریانوردان	57
دزدیده	57
دعاوی	57
دف	57
دلتای	57
دمکراسی	57
دهقانی	57
دوبی	57
دورترین	57
دوسال	57
دگر	57
دیالکتیک	57
دیدگاهی	57
دیدی	57
دیزنی	57
دیماه	57
رئالیسم	57
راش	57
رامهرمز	57
راندمان	57
ربات‌های	57
ربطی	57
رسانده‌است	57
رسته	57
رسولان	57
رسيده	57
رشته‌کوه‌های	57
رفراندوم	57
رفیق	57
رنو	57
روستائیان	57
روسيه	57
روسپی	57
روسپی‌گری	57
رونده	57
رویان	57
ریزد	57
ریشتر	57
ریل	57
ریگی	57
زائد	57
زحل	57
زده‌است	57
زننده	57
زيرا	57
زیرآبی	57
سئوال	57
ساکت	57
سبلان	57
سرایان	57
سرخسی	57
سریالی	57
سطل	57
سعدآباد	57
سلم	57
سمرقندی	57
سنگال	57
سه‌شنبه	57
سونات	57
سیاح	57
سیاهچاله	57
سیحون	57
سیرک	57
سیریوس	57
سیمی	57
شادیان	57
شارون	57
شالوده	57
شرکت‌کنندگان	57
شفت	57
شهناز	57
شهيد	57
شوخی	57
شورش‌های	57
شيراز	57
شکارچیان	57
شگرف	57
شیرویه	57
شیمیدان	57
صابون	57
صانعی	57
صخره‌های	57
صدوق	57
صفاری	57
صمغ	57
طراز	57
طلائی	57
طوس	57
ظرفی	57
عبارتنداز	57
عبدالرزاق	57
عبیدالله	57
عریان	57
عفونت‌های	57
عقیل	57
علاءالدین	57
علیت	57
عمری	57
عملکردی	57
عنان	57
عیلامی	57
غلامان	57
غنا	57
غواصی	57
فایده	57
فایلهای	57
فخرالدین	57
فردریش	57
فرز	57
فرمی	57
فرناندو	57
فرودو	57
فروشگاه‌های	57
فرگشت	57
فرید	57
فزونی	57
فعالیتش	57
فلوت	57
فیزیک‌دان	57
قالبی	57
قانون‌گذاری	57
قديم	57
قرنها	57
قلمروی	57
قندی	57
قهستان	57
قونیه	57
قیصریه	57
كردستان	57
كشاورزی	57
كننده	57
لاوری	57
لخته	57
لزوما	57
لوت	57
لوقا	57
لوله‌ای	57
لوکس	57
لوییس	57
لیک	57
مؤمن	57
ماجرایی	57
ماخ	57
ماسک	57
ماندگاری	57
مانوی	57
ماهور	57
ماهیچه‌ای	57
ماهیچه‌ها	57
ماکسول	57
مایعی	57
مبنایی	57
مت	57
متحدین	57
متحول	57
متلاشی	57
متولی	57
مجله‌های	57
محبوس	57
مداد	57
مدرکی	57
مدلی	57
مدولاسیون	57
مدون	57
مردم‌سالاری‌های	57
مسئولیت‌هایش	57
مسافتی	57
مسقط	57
مشروع	57
معتمد	57
مندی	57
منزلت	57
منی	57
مهندسين	57
موتورسازی	57
موجه	57
موسمی	57
مونت	57
ميزاني	57
مي‌شوند	57
میخ	57
میلوئید	57
مینامند	57
مینماید	57
میهمانانش	57
میکروبی	57
میکروسکوپی	57
می‌بندد	57
می‌بندند	57
می‌شناسد	57
می‌كنيم	57
می‌گذاشتند	57
می‌گذرانند	57
نئوآدجوونت	57
ناتنی	57
ناحیه‌گرایی	57
ناسیونال	57
ناطق	57
نامرئی‌ها	57
نامزدها	57
نتيجه‌اش	57
نداشته‌ای	57
نرفت	57
نزدیک‌ترند	57
نشستند	57
نصیری	57
نظمی	57
نغمه	57
نفوذی	57
نقشه‌ها	57
نلسپرویت	57
نمی‌باشی	57
نمی‌دادم	57
نهادن	57
نواداد	57
نواری	57
نوشته‌ای	57
نوشته‌هایش	57
نویا	57
نگاره‌ی	57
نگاهداری	57
نگهبانانشان	57
نیشکر	57
هرازجان	57
هراکلیون	57
هرحال	57
هرمیپوس	57
هزارودویست‌وهفتادوسومین	57
هفته‌ای	57
هل	57
همسان	57
هميشگی	57
همگن	57
هنرپیشگانی	57
هومر	57
هویج	57
واداشت	57
وارونه	57
واژه‌هایی	57
واکنش‌های	57
وایماری	57
وثوقی	57
وجدان	57
وجهی	57
وخیم	57
وراثت	57
وگرنه	57
ویدیو	57
ویسکی	57
پابرجا	57
پارگی	57
پاور	57
پاکستانی	57
پدربزرگش	57
پردازشگر	57
پرده‌های	57
پررنگ	57
پرشین	57
پروپیلن	57
پلو	57
پلیمر	57
پند	57
پندار	57
پنداشته	57
پهناوری	57
پوزه	57
پوسیدگی	57
پژو	57
پیشاور	57
پیشوا	57
پیشکش	57
پیمانه	57
پیمانی	57
پیچیده‌تر	57
چاق	57
چتر	57
چریک‌های	57
چسبندگی	57
چهارباغ	57
چکیده	57
ژرفای	57
کاتدی	57
کارا	57
کاراکاس	57
کارول	57
کاسترو	57
کاسپین	57
کالری	57
کانتری	57
کباب	57
کتابهایی	57
کتک	57
کدو	57
کربنات	57
کردار	57
کرکوک	57
کریستی	57
کشیده‌است	57
کلاردشت	57
کلاس‌ها	57
کلن	57
کنسرسیوم	57
کوسه	57
کوهن	57
کوهپایه	57
کوچولو	57
کیست	57
کیمیاگری	57
گاردین	57
گایا	57
گذاشته‌اند	57
گرانبها	57
گراهام	57
گرداگرد	57
گرمسیر	57
گزارشگران	57
گلاسگو	57
گلدان	57
گلزن	57
گنابادی	57
گهگاه	57
گودال	57
گوده	57
گودین	57
گورکانیان	57
گوساله	57
گویشی	57
گوییم	57
گیاهانی	57
یاسوج	57
یمینی	57
آبزیان	56
آتش‌بس	56
آتش‌سوزی	56
آتلانتیک	56
آخرالزمان	56
آخرت	56
آرایشی	56
آرایه‌های	56
آرتمیس	56
آسایشگاه	56
آسم	56
آسیموف	56
آغا	56
آغازی	56
آفات	56
آلبالو	56
آلمانی‌ها	56
آله	56
آلیاژهای	56
آمارگیری	56
آمودریا	56
آموزشي	56
آنزمان	56
آنكه	56
آن‌هاست	56
آن‌گاه	56
آوا	56
آیلند	56
آی‌بی‌ام	56
ابرهای	56
ابوحنیفه	56
اتر	56
اجمالی	56
احمدرضا	56
اختلافاتی	56
ادموند	56
ادیبان	56
ارتدوکس	56
ارتشبد	56
ارتکاب	56
اروپاست	56
ازبکی	56
ازلی	56
اسبله	56
اسب‌های	56
استادیار	56
استانداردی	56
استیشن	56
اسنادی	56
اسپرانتو	56
اسپیندل	56
اسکنر	56
اسکیت	56
اشتهارد	56
اطرافش	56
اطلاعیه‌ای	56
اعتبارات	56
اعقاب	56
اعلی	56
اغتشاش	56
افعال	56
افغانها	56
اقتباسی	56
اقیانوسی	56
الاول	56
الرشید	56
القای	56
القدس	56
الکترون‌های	56
الکسی	56
الگوریتم‌ها	56
امامیه	56
امسال	56
امكان	56
اموری	56
امینم	56
انترناسیونال	56
اندازد	56
اندازهای	56
اندیشیدن	56
انصاف	56
انواعی	56
انیگما	56
اهرم	56
اوباش	56
اوزون	56
اوليه	56
اينکه	56
اپراتور	56
اکتفا	56
ایجاب	56
ایرنا	56
ایستادن	56
ایلیا	56
باتوم	56
بارزی	56
بارسا	56
باریکی	56
بازارچه	56
باستانشناسی	56
باسک	56
باطنی	56
باغها	56
بالهای	56
باواریا	56
باکس	56
بای	56
بحساب	56
بدستور	56
برجی	56
برخوردی	56
برشمرد	56
برعلیه	56
برنزی	56
برک	56
برگزیدگان	56
برگیرنده	56
بزاق	56
بزرگسالی	56
بزن	56
بشیر	56
بلاک	56
بلشویک	56
بلندپایه	56
بمعنی	56
بناپارت	56
بنیادگذار	56
بهائیت	56
به‌طرف	56
بورژوازی	56
بوق	56
بوهم	56
بيرون	56
بکهام	56
بگذارید	56
بگویم	56
بیابند	56
بیتلز	56
بیضه	56
بی‌بی	56
تاختند	56
تاریخ‌نگار	56
تامیل	56
تبر	56
تحقيقات	56
تخلفات	56
ترانه‌سرا	56
ترجمه‌ای	56
ترك	56
ترنر	56
ترک‌ها	56
تسلیت	56
تشکر	56
تصميم	56
تصورات	56
تعيين	56
تفتیش	56
تقسيم	56
تلاش‌ها	56
تلسکوپ‌های	56
تلويزيون	56
تمامیت	56
تمثیل	56
تمساح	56
تنزل	56
تنگستن	56
تواریخ	56
توانمند	56
توریست	56
تومانی	56
توپوگرافی	56
توچال	56
تیتانیوم	56
تیهو	56
جامائیکا	56
جامعی	56
جاه	56
جاییکه	56
جبار	56
جفت‌گیری	56
جلسه‌ای	56
جمهوری‌های	56
جندی	56
جهتی	56
جود	56
جوشان	56
جیسون	56
حاجب	56
حارث	56
حاضران	56
حداد	56
حسابرسی	56
حسنلو	56
حصن	56
خائن	56
خارک	56
خاله	56
خبره	56
خلج	56
خلط	56
خلفی	56
خوسف	56
خوشه‌ای	56
خوشه‌های	56
خویشاوند	56
خيابان	56
خیابانها	56
خیس	56
دادوستد	56
دارجلینگ	56
دارکوب	56
داغستان	56
دانایی	56
دانشجويان	56
دانشمندی	56
درآوردن	56
درآوردند	56
درجی	56
درس‌های	56
دفترچه	56
دفتری	56
دقیق‌تر	56
دلفین	56
دلیجان	56
دندان‌ها	56
دهلران	56
دهلیزها	56
دوار	56
دوره‌ها	56
دوزی	56
دکستر	56
دیانا	56
دیدگاه‌ها	56
دیسک‌های	56
دینامیکی	56
دیپلماسی	56
دیک	56
راديو	56
راهب	56
راویان	56
رباتیک	56
رجعت	56
رخنه	56
رزا	56
رستاق	56
رشته‌هایی	56
رشوه	56
رشیدی	56
رعد	56
رفتارها	56
رمزگذاری	56
روبرتو	56
رومانیایی	56
رکعت	56
ریختند	56
زبانشناسی	56
زبانه	56
زبر	56
زحمات	56
زدگی	56
زردشتی	56
زردی	56
زمزمه	56
زودرس	56
زیدان	56
سابقه‌ای	56
ساتراپ	56
سازه‌ها	56
ساسان	56
ساطع	56
ساعد	56
سالروز	56
سانی	56
سبحانی	56
سبزه	56
سدها	56
سرداری	56
سرعت‌های	56
سروان	56
سرگئی	56
سستی	56
سفارشی	56
سلیمی	56
سماوی	56
سموم	56
سنجیده	56
سنگسر	56
سودمندی	56
سوزانده	56
سوزش	56
سوغات	56
سول	56
سياه	56
سينما	56
سپهری	56
سکان	56
سکه‌ها	56
سکو	56
سکولاریسم	56
سیاره‌ای	56
سیلیکون	56
سیوندی	56
سی‌دی	56
شأن	56
شارلمانی	56
شاهرودی	56
شبها	56
شب‌ها	56
شدیدتر	56
شرک	56
شستشو	56
شستن	56
شعور	56
شهاب‌الدین	56
شهلا	56
شهیدی	56
شوراها	56
شیرهای	56
شیروانی	56
صخره‌ها	56
صدارت	56
صداها	56
صرفنظر	56
صنايع	56
صنعتگران	56
صیاد	56
ضریح	56
طراحي	56
طرح‌ها	56
طیور	56
عباس‌آباد	56
عبدالبهاء	56
عثمانی‌ها	56
عدس	56
عدن	56
عذرخواهی	56
عرشه	56
عصبانی	56
علی‌رضا	56
عمارلو	56
عمده‌ترین	56
غازان	56
غذائی	56
غرامت	56
غیرطبیعی	56
فاریاب	56
فامیلی	56
فانوس	56
فاکتورهای	56
فداکاری	56
فراخوان	56
فرارود	56
فراهان	56
فرخی	56
فرسوده	56
فرموده	56
فرنگ	56
فشرده‌سازی	56
فعالیت‌هایی	56
فقرا	56
فنجان	56
فنیل	56
فولکلور	56
فوکو	56
فیصل	56
فیلم‌نامه‌نویس	56
فیلی	56
قارن	56
قارچی	56
قایل	56
قبور	56
قدامی	56
قراردادن	56
قرارگرفت	56
قسمت‌ها	56
قضا	56
قطارهای	56
قطب‌های	56
قنبری	56
كاهش	56
لاغر	56
لاهه	56
لایق	56
لعل	56
لنگر	56
لوله‌ها	56
لیاقت	56
لیبرالیسم	56
لیسبون	56
لیلان	56
ماداگاسکار	56
ماشین‌ها	56
مالرو	56
مامورین	56
ماهشهر	56
ماهگی	56
ماهیها	56
ماهی‌های	56
ماورای	56
مبارزاتی	56
متالورژی	56
متعصب	56
متمدن	56
مجسم	56
مجله‌ای	56
محارم	56
محمدامین‌خان	56
محمودآباد	56
مخملی	56
مخوف	56
مدد	56
مدیری	56
مراقب	56
مرداب	56
مرض	56
مسابقه‌ای	56
مسافری	56
مسافرین	56
مسالمت	56
مستیزاجا	56
مسوولیت	56
مسیو	56
مشق	56
مضاعف	56
مطلقه	56
معنویت	56
مفاخر	56
مفتخر	56
مفسرانی	56
مفعول	56
مقتول	56
ملتویکوف	56
ملخ	56
ملموس	56
مناصب	56
منجمانی	56
مهتاب	56
مهره‌ها	56
مهمانانشان	56
موجوداتی	56
مول	56
مولفه‌ی	56
مونته‌دیدیو	56
ميلاديان	56
مکتبی	56
مگابایت	56
مگاوات	56
میان‌بازور	56
میان‌دولتی	56
میت	56
میدهند	56
میردامادی	56
میرسد	56
میرعمادالحسنی	56
میسازد	56
میلیونیوم	56
مینی	56
مینیاتور	56
میکرون	56
میگرن	56
می‌داشته	56
می‌زیسته‌است	56
می‌شناخته	56
می‌نواختند	56
می‌پذیرند	56
نارنج	56
ناصرالسلطنه	56
نامشان	56
نامشروع	56
نباتی	56
ندبل	56
ندهم	56
نذر	56
نرگال	56
نزدیک‌ترین‌ها	56
نزولی	56
نسخه‌ها	56
نسل‌هایی	56
نظرسنجی	56
نظرش	56
نظيرسارم	56
نمایشنامه‌ی	56
نورنبرگ	56
نوسترداموس	56
نپتون	56
نگاره‌ای	56
نگر	56
نگردم	56
نیازها	56
نیسان	56
نیستی	56
نیوزلندی	56
هانگچو	56
هراتی	56
هشتی	56
هلالی	56
هلندی‌های	56
همراهانش	56
همزیستی	56
همکاری‌هایش	56
هوازی	56
هپاتیت	56
هیدروژنی	56
هیچکاکی	56
هیچ‌گونه	56
واقف	56
واژه‌نامه	56
واژگون	56
واکربوش	56
وبراین	56
وردی	56
ورزیده	56
ورن	56
وسيله	56
وگاس	56
ویژگی‌هایی	56
پائولو	56
پارازیت	56
پارچه‌ای	56
پارکینگ	56
پارینه	56
پاکی	56
پایه‌گذار	56
پدرشان	56
پدرو	56
پذیرفته‌است	56
پروژه‌ای	56
پریشان	56
پسیخه	56
پشتکوه	56
پشمی	56
پناهندگی	56
پنجشیر	56
پولیتزر	56
پژوهشکده	56
پک	56
پیشتاز	56
چاد	56
چاره‌ای	56
چاهی	56
چنای	56
چنگال	56
چوپان	56
چگال	56
ژنراتور	56
کاتد	56
کارتهای	56
کارساز	56
کاوش‌های	56
کبری	56
کتیبه‌ها	56
کرات	56
کرال	56
کراچی	56
کریتوس	56
کشتیهای	56
کشورشان	56
کفتار	56
کلاهک	56
کلم	56
کلمنت	56
کلکته	56
کلینیک	56
کندو	56
کهنترین	56
کهنسال	56
کوانتمی	56
کوتاهتر	56
کوشیدند	56
کوهستان‌های	56
کک	56
گذرا	56
گذرانید	56
گرادیان	56
گرای	56
گرینلند	56
گزارشگر	56
گفت‌وگو	56
گلدار	56
گمراه	56
گودرز	56
گوشی‌های	56
گوهرشاد	56
گویندگی	56
گچبری	56
گیوه	56
یکباره	56
یکجا	56
یکسری	56
آبجو	55
آبرسانی	55
آتنا	55
آثارشان	55
آجیل	55
آرگومان	55
آریانا	55
آزادیخواهان	55
آسا	55
آسانسور	55
آشتیان	55
آشکارساز	55
آشکارسازی	55
آفیس	55
آلبوم‌ها	55
آماده‌سازی	55
آموزشهای	55
آمپر	55
آمپول	55
آنزیم‌های	55
آنهم	55
آيا	55
آکواریوم	55
ابتکاری	55
ابداعات	55
ابرنواختر	55
ابرها	55
ابوجعفر	55
ابوسفیان	55
ابوظبی	55
اتاقک	55
اتاق‌ها	55
اتوبوسرانی	55
اثیر	55
اجتماعي	55
اجناس	55
اختلاط	55
اختيار	55
اخلاقیات	55
اربابان	55
ارتعاش	55
اردل	55
استبدادی	55
استیلای	55
اسپری	55
اسکورسیزی	55
اشتعال	55
اشتها	55
اشتهار	55
اصلاح‌طلبان	55
افراز	55
افزوده‌است	55
اقتصاددان	55
اقتصادي	55
اقدس	55
اقوامی	55
التحصیلی	55
التواریخ	55
الحسن	55
الدين	55
الگویی	55
امروزین	55
امپراتوران	55
امگا	55
ام‌ام‌اس	55
انتقاداتی	55
انجماد	55
اندرونی	55
انفورماتیک	55
اهميت	55
اورارتو	55
اولش	55
اوگاندا	55
اپتیک	55
اپیزود	55
اکباتان	55
اکسپلورر	55
اکس‌ام‌ال	55
ایلی	55
بادن	55
بارزانی	55
باروت	55
بازیگرانی	55
باسیل	55
باطن	55
باغستان	55
بافندگی	55
بالله	55
بالی	55
بانگ	55
باکتریایی	55
ببینیم	55
بتی	55
بخشیده‌است	55
بدهید	55
بدور	55
برا	55
برات	55
برادرزاده	55
بردارند	55
برفراز	55
برن	55
بروکلین	55
برگ‌ها	55
بزرگسال	55
بزرگمهر	55
بزنید	55
بسال	55
بسته‌ای	55
بسی	55
بشقاب	55
بطری	55
بطوطه	55
بعدازظهر	55
بغل	55
بلغاری	55
بمدت	55
بمیرد	55
بندگان	55
بنز	55
بنفشه	55
بنی‌صدر	55
بهادر	55
بهاره	55
بهرامی	55
به‌سر	55
به‌شدت	55
بوداپست	55
بودلر	55
بوک	55
بيت	55
بيمارستان	55
بگونه‌ای	55
بگویند	55
بگیر	55
بیرم	55
بیسیم	55
بیشمار	55
بیهوشی	55
بیوشیمی	55
بیوگرافی	55
بیچ	55
بی‌نهایت	55
تابشی	55
تاشکند	55
تالارهای	55
تامل	55
تان	55
تاکتیکی	55
تبریک	55
تجدد	55
تجمعات	55
تحليل	55
تحلیل‌های	55
تختگاه	55
تخلف	55
تدابیر	55
ترکیباتی	55
تشكیل	55
تصویرسازی	55
تغیر	55
تفحص	55
تفنگداران	55
تقدم	55
تقلیدی	55
تلاوت	55
تلمود	55
تنخ	55
تهدیدی	55
توابعی	55
توافقنامه	55
توتون	55
تولدش	55
تکن	55
تیرداد	55
تی‌وی	55
ثروتمندان	55
ثور	55
جاجیم	55
جاده‌ها	55
جاسازی	55
جاناتان	55
جانورانی	55
جایزه‌های	55
جایش	55
جایگشت	55
جرات	55
جشن‌ها	55
جفری	55
جمهوری‌خواه	55
جمیع	55
جنبی	55
جنت	55
جنگل‌ها	55
جنیفر	55
جوابی	55
جوانترین	55
جوایزی	55
جگر	55
حجتیه	55
حركت	55
حلزون	55
حمله‌ای	55
حنا	55
حوضچه	55
حکیمی	55
حیدرخان	55
خازنی	55
خاش	55
خاطراتش	55
خاورشناس	55
خداداد	55
خرابه	55
خطابه	55
خطرناکی	55
خلخالی	55
خوارزمشاه	55
خوارزمشاهیان	55
خویشان	55
خیرآباد	55
دا	55
داده‌هایی	55
دارفور	55
داروئی	55
دارچین	55
داستان‌هایی	55
دانشور	55
دانشکده‌ها	55
دانشیار	55
دانوب	55
دبا	55
دبستانی	55
درایو	55
دربردارنده	55
درجه‌ای	55
درخشید	55
درخور	55
درها	55
درو	55
دریافتند	55
دریغ	55
دستغیب	55
دستگرد	55
دست‌کم	55
دفعه	55
دموکرات‌ها	55
دنی	55
دهنه	55
دودی	55
دوران‌های	55
دوغ	55
دوقطبی	55
دوگل	55
ديد	55
دين	55
ديگري	55
دپارتمان	55
دژهای	55
دیدنی‌های	55
دیروز	55
دیرینگی	55
دیلمان	55
دیمتریوس	55
رئیسه	55
رابر	55
راهکارهای	55
ربوکاپ	55
رحمانی	55
رسانایی	55
رضوان	55
روا	55
رواق	55
رواندا	55
روایاتی	55
روایی	55
رونویسی	55
رونی	55
ریزه	55
ریمان	55
ریور	55
زائران	55
زراعتی	55
زروان	55
زلال	55
زلاند	55
زمان‌ها	55
زهد	55
زيست	55
زکات	55
زیادتر	55
زیربنایی	55
سئول	55
سار	55
سازه‌ای	55
سافت	55
ساقط	55
سباستین	55
ستاره‌شناس	55
سرآمد	55
سرایی	55
سرخه	55
سرزمين	55
سرمایه‌های	55
سرورهای	55
سرویس‌دهنده	55
سرپل	55
سریال‌های	55
سریعا	55
سریلانکا	55
سعود	55
سفرها	55
سقاخانه	55
سلاحهای	55
سلسله‌های	55
سمینار	55
سهمیه	55
سوارکاری	55
سوفی	55
سولفید	55
سومر	55
سوژه	55
سپهدار	55
سکانس	55
سکایی	55
سیاهپوست	55
سیدمحمد	55
سیطره	55
سینوس	55
سینی	55
شادمانی	55
شاعرانی	55
شاهراه	55
شبنم	55
شدو	55
شرم	55
شعرش	55
شعیب	55
شفیعی	55
شمردن	55
شمس‌الدین	55
شمول	55
شناساندن	55
شنونده	55
شهود	55
شوراي	55
شوقی	55
شوکت	55
شکوفه	55
شگفت‌انگیز	55
شیئی	55
شیاطین	55
شیرگاه	55
صابری	55
صاحب‌نام	55
صادره	55
صعب	55
صنعا	55
صنف	55
ضعیفی	55
ضیاء	55
طارم	55
طالع	55
طايفه	55
طحال	55
طلبانه	55
عاصم	55
عبدالرضا	55
عبدالمطلب	55
عبده	55
عجب‌شیر	55
عروسکی	55
عروضی	55
عطف	55
عفت	55
عفونتهای	55
عقبی	55
عقب‌نشینی	55
عقربه	55
عكس	55
علاقه‌مندان	55
علامتی	55
علیقلی	55
عمادالدین	55
عملکردهای	55
عمه	55
عکسهای	55
عیوب	55
غایت	55
غیبی	55
فا	55
فارو	55
فاعل	55
فایل‌ها	55
فدرالی	55
فرانسوی‌ها	55
فرانکها	55
فردگرایی	55
فرسنگ	55
فرغانه	55
فرمانروا	55
فسیل	55
فشارها	55
فعالیتی	55
فعلا	55
فناوري	55
فهمیده	55
فیشر	55
فیلارمونیک	55
فیلترهای	55
فیلمسازان	55
فیلیپس	55
قامت	55
قبائل	55
قدرتمندترین	55
قدرتهای	55
قرارگرفتن	55
قرعه	55
قروه	55
قرینه	55
قضائی	55
قطعا	55
قلاع	55
قوری‌چای	55
قوی‌تر	55
قیمت‌ها	55
كيلومتر	55
لاجوردی	55
لارستانی	55
لاین	55
لباسی	55
لبه‌های	55
لخت	55
لوئیزیانا	55
ليگ	55
لکن	55
لیتوانی	55
لیتکوه	55
لید	55
لیوان	55
مؤثری	55
مادربزرگ	55
مارچ	55
ماسه‌ای	55
مالایی	55
مانعی	55
ماژول	55
ماکسیم	55
مباحثه	55
مبداء	55
مبین	55
متروکه	55
متصرفات	55
متقاضی	55
متقاطع	55
متناقض	55
مثال‌های	55
مثال‌هایی	55
مجاهد	55
محدث	55
محرکه	55
محمدجوادزیرک	55
محمدشاهی	55
مخاطی	55
مختاریان	55
مدرنیسم	55
مدعا	55
مراتبی	55
مردخفاشی	55
مردمش	55
مرسده	55
مرغی	55
مرفه	55
مریض	55
مزاحم	55
مزدک	55
مساعدت	55
مسلمانیم	55
مشبک	55
مصاحبه‌کننده	55
مصالحه	55
مصراع	55
معشوقه	55
مقبولیت	55
منبت	55
منتشره	55
منتفی	55
منجمان	55
منجمه	55
مندرج	55
منسوجات	55
منوچهری	55
منگنز	55
مهارت‌آموزی	55
مهدی‌قلی	55
مهریه	55
موحد	55
موساسور	55
موسم	55
موطن	55
موعظه	55
موقعيتش	55
موقوفاتش	55
مولی	55
موناکو	55
مونث	55
مویدالاسلام	55
مکان‌های	55
مکرانی	55
مگا	55
مینور	55
میهمانی	55
می‌بینید	55
می‌داده‌است	55
می‌دیده	55
می‌شمارد	55
می‌نامید	55
می‌گرداندند	55
نائینی‌ها	55
ناجی	55
ناحيه‌ای	55
ناخوشایند	55
ناسیونالیسم	55
نامتقارن	55
نامه‌هایی	55
ناهنجاری	55
ناگوار	55
نای	55
نبات	55
نبوده‌اند	55
نرام	55
نروندی	55
نریمانف	55
نزديكان	55
نسلی	55
نشأت	55
نشاسته	55
نشاند	55
نشریه‌ای	55
نشیمن	55
نصرآبادعارف	55
نقش‌آفرینی	55
نقیض	55
نماينده	55
نمایشگاهی	55
نمایه	55
نماییم	55
نهاده‌ای	55
نهج‌البلاغة	55
نوایا	55
نورآبادممسنی	55
نورمنتون	55
نوسواد	55
نوشین	55
نوگرایی	55
نکاء	55
نگاشته‌است	55
نگذشتند	55
نگردیدن	55
نگین	55
نیترات	55
نیجرکنگو	55
نیرومندی	55
نینتو	55
نینوارا	55
نیکلایف	55
هارونو	55
هانیانگ	55
هاوسا	55
هايپركاپنی	55
هدف‌هایش	55
هراکلوناس	55
هروئینی	55
هلوپاز	55
هلیکوپتر	55
همبندی	55
همتا	55
همدردی	55
همدم	55
همكاريهايي	55
همه‌پرسی	55
همگرایی	55
همی	55
هندوکشی	55
هوارسان	55
هواپیمابر	55
هوس	55
هیوئت	55
وانمود	55
ورژن	55
وزش	55
وسعتی	55
وصول	55
ولگا	55
ویتامین‌های	55
ویرجین	55
ویسکانسین	55
ویسکونتی	55
وینستون	55
پاد	55
پارادوکس	55
پارادکس	55
پارامترها	55
پارسه	55
پارکی	55
پاسداری	55
پاشنه	55
پاشید	55
پاندا	55
پاپیروس	55
پاکت	55
پتر	55
پدال	55
پذیرفته‌اند	55
پراکسی	55
پرجمعیت‌ترین	55
پردازان	55
پردازند	55
پرز	55
پرشین‌بلاگ	55
پروژه‌ها	55
پرکار	55
پشه	55
پشیمان	55
پله‌های	55
پلوتونیوم	55
پل‌های	55
پنجره‌ها	55
پنجره‌های	55
پنجگانه	55
پهنا	55
پورنو	55
پژوهش‌ها	55
پیامک	55
پیام‌ها	55
پیانیست	55
پیرامونی	55
پیروزی‌های	55
پیشرفتهای	55
پین	55
پینوشه	55
چریک	55
چکاوک	55
چکش	55
چکی	55
چینگ	55
چینیان	55
ژنی	55
ژن‌ها	55
ژن‌های	55
کابوس	55
کارآگاه	55
کاراکترهای	55
کارایان	55
کارتونی	55
کارتی	55
کارن	55
کارکردهای	55
کارگزار	55
کاستن	55
کامو	55
کانتور	55
کاهنان	55
کاهنده	55
کاوشهای	55
کتابداران	55
کثیف	55
کرزوس	55
کرملین	55
کشتزارها	55
کعب	55
کفن	55
کلاله	55
کلاژن	55
کلیجان‌رستاق	55
کمربندی	55
کمین	55
کنست	55
کنسرتو	55
کنه	55
کنیز	55
کوب	55
کودکانی	55
کوشی	55
کومه	55
کونگ	55
کیلومترمربع	55
کیو	55
گالری	55
گام‌های	55
گاوبندی	55
گذشتند	55
گرایشهای	55
گربه‌ها	55
گردونه	55
گردیده‌اند	55
گروهان	55
گروید	55
گرویدند	55
گریختند	55
گزارشهای	55
گشودند	55
گفتمان	55
گفتگوهای	55
گفتگویی	55
گلزار	55
گله‌های	55
گلوگاه	55
گمرکی	55
گوردون	55
گورک	55
گيلان	55
گیریم	55
یاحقی	55
یاغی	55
یغما	55
یوزف	55
یوشیج	55
یووه	55
یوگا	55
یگان‌های	55
آبها	54
آب‌ها	54
آتوسا	54
آجرهای	54
آرارات	54
آرامگاهی	54
آرمسترانگ	54
آرنج	54
آرژانتینی	54
آزمون‌های	54
آسان‌تر	54
آسوده	54
آشیل	54
آلزایمر	54
آلنده	54
آمین	54
آنجاست	54
آنزیمی	54
آهنگری	54
آواره	54
آيت	54
آگهی‌های	54
أی	54
ابطحی	54
اتانول	54
اتفاقاتی	54
اثرش	54
اجراء	54
ادم	54
ارادی	54
اروپائیان	54
ارژنگ	54
ازل	54
استار	54
استدلالی	54
استراتژی‌های	54
استعاره	54
استمرار	54
استونی	54
اسرای	54
اسطوره‌ها	54
اسپانیولی	54
اسپیلبرگ	54
اسپینوزا	54
اشباح	54
اشتباهی	54
اشکالی	54
اعظمی	54
افسرده	54
البلاغه	54
الزام	54
المان	54
الملوک	54
الواح	54
الوهیت	54
الکترونها	54
الیوت	54
امرا	54
امراض	54
امنی	54
امیه	54
انتظارات	54
انه	54
انگیزی	54
اهورا	54
اورامان	54
اورنگ	54
اولا	54
ايراني	54
اپتیکی	54
اکتسابی	54
اکراین	54
اکوسیستم	54
اگزیستانسیالیسم	54
ایت	54
ایده‌ها	54
ایران‌شناسی	54
بابویه	54
باتلاق	54
باختند	54
بادیه	54
باریدن	54
بازاریان	54
بازمانده‌های	54
بازهم	54
باغبانی	54
بافر	54
بانک‌ها	54
باوری	54
بتنی	54
بدانجا	54
برتراند	54
برجهای	54
برخاستن	54
برخط	54
برسیم	54
بروجن	54
برچیده	54
برگی	54
بزرگتری	54
بعدتر	54
بقره	54
بلال	54
بلد	54
بمب‌های	54
بمب‌گذاری	54
بنزن	54
بنویسند	54
بنیادگرایان	54
بهاران	54
به‌گونه‌ای	54
بوداگرایی	54
بوریس	54
بکنند	54
بیر	54
بیمارستان‌ها	54
بینیم	54
بیوتکنولوژی	54
بیوه	54
بیکار	54
بی‌نظمی	54
تأمل	54
تئاتری	54
تئوری‌های	54
تازش	54
تاسمانی	54
تبتی	54
تبلیغی	54
تجدیدنظر	54
تحریکات	54
ترانه‌هایی	54
تروریست	54
ترکمانان	54
ترکها	54
تصويب	54
تعاملات	54
تعرض	54
تفویض	54
تقریر	54
تقوی	54
تناسخ	54
تنور	54
تهیه‌کنندگان	54
توانسته‌است	54
توانسته‌اند	54
توسلی	54
تومورهای	54
توپولف	54
تکین	54
تیرهای	54
تیره‌ای	54
تیرگی	54
تیمسار	54
ثروتمندترین	54
جانش	54
جرائم	54
جرارد	54
جرالد	54
جردن	54
جزر	54
جزوه	54
جلیلی	54
جنگ‌افزار	54
جهل	54
جوداس	54
جوزپه	54
جونیور	54
جیب	54
جینی	54
حاشیه‌ای	54
حاصلخیزی	54
حسنعلی	54
حسگرها	54
حسگرهای	54
حشیش	54
حوزه‌ها	54
حی	54
خارق	54
خاموشی	54
خاویار	54
خاک‌های	54
خبرهای	54
خریده	54
خفاش	54
خوابیده	54
خوانسار	54
خودتان	54
خودرویی	54
دادیم	54
داره	54
داش	54
دافعات	54
دایم	54
دباغی	54
دخانیات	54
درخت‌های	54
درنهایت	54
دریاچه‌ای	54
دزفولی	54
دسته‌جمعی	54
دغدغه	54
دلپذیر	54
دوحه	54
دوره‌ی	54
دوستدار	54
دولت‌آبادی	54
دوما	54
دکل	54
دیابتی	54
دیترویت	54
دیرتر	54
دیوی	54
دیگه	54
دی‌سی	54
ذخیره‌سازی	54
ذراتی	54
ذهاب	54
رآکتور	54
رائول	54
راب	54
رانندگان	54
راهبری	54
رایان	54
رایون	54
ربودن	54
رحمی	54
رسائل	54
رقصنده	54
رمان‌نویس	54
رهنما	54
رهنورد	54
روح‌القدس	54
روداب	54
روزنه	54
رکورددار	54
ریاضت	54
ریاضیدانان	54
رینگ	54
ریه‌ها	54
زامبیا	54
زایی	54
زدودن	54
زرند	54
زنند	54
زو	54
زکریای	54
زیره	54
سؤالات	54
ساختارها	54
ساقی	54
سالمندان	54
ساله‌ای	54
سايت	54
سبزواری	54
ستیزی	54
سحاب	54
سخنران	54
سراوان	54
سربی	54
سردترین	54
سرماخوردگی	54
سروتونین	54
سرپوش	54
سفیانی	54
سلسیوس	54
سماع	54
سمنانی	54
سنایی	54
سنجابی	54
سنجاق	54
سنجر	54
سنسورهای	54
سهره	54
سوئیچ	54
سياست	54
سیاهپوستان	54
سیدعلی	54
سینماها	54
شارلوت	54
شباهتی	54
شباهنگ	54
شبستری	54
شدگی	54
شدیم	54
ششگانه	54
شعرها	54
شعرهایش	54
شفافیت	54
شكست	54
شهرتش	54
شکایات	54
شکستی	54
شکننده	54
شکوفا	54
شیدایی	54
صبحانه	54
صفراوی	54
صلحی	54
صیدا	54
ضابطه	54
ضمانت	54
طالبی	54
طایفه‌ای	54
طي	54
ظن	54
عاشقان	54
عبدالسلام	54
عروج	54
عسگری	54
عضدالدوله	54
عمد	54
غایب	54
غزنه	54
غضب	54
غمگین	54
فارادی	54
فانتوم	54
فتوا	54
فدائیان	54
فراصوت	54
فرای	54
فرمانی	54
فرمودند	54
فرهنگیان	54
فریدا	54
فریدمن	54
فشارخون	54
فقید	54
فلکه	54
فلینی	54
فهمیدن	54
فیزیکدانان	54
قائن	54
قایقرانی	54
قبه	54
قدسی	54
قسمتهایی	54
قشری	54
قطعه‌های	54
قلات	54
قلل	54
قمار	54
قناری	54
كشته	54
كشف	54
كشورهای	54
كوتاه	54
كيلومتري	54
لاستیکی	54
لال	54
لشگری	54
لطمه	54
لغتنامه	54
لند	54
لنگرودی	54
لوایح	54
لورا	54
لوکا	54
لویس	54
لژیون	54
لیون	54
مأمورین	54
مات	54
ماتیلدا	54
مارسل	54
مارکو	54
مارگارت	54
ماشین‌آلات	54
مالایا	54
مامون	54
ماناگوا	54
مانه	54
مانیفست	54
ماژلان	54
ماژور	54
مایا	54
متذکر	54
متعالی	54
متقاضیان	54
متکلم	54
متیو	54
مثلثی	54
مجریان	54
مجیدی	54
محبوبترین	54
محتشم	54
محدوده‌ای	54
محدودیت‌هایی	54
محلاتی	54
محوطه‌ای	54
محیاالدین	54
مخاطره	54
مدارکی	54
مدرسی	54
مدل‌سازی	54
مدیسی	54
مردمک	54
مردم‌نهادی	54
مردن	54
مرقشه	54
مزد	54
مسابقه‌ی	54
مساحتش	54
مسافرتی	54
مساوات	54
مستطیلی	54
مسخره	54
مسلک	54
مشایی	54
مشترکین	54
مطلوبیت	54
معتاد	54
معضل	54
مفقود	54
مقبول	54
مقرون	54
مقطع‌نگاری	54
مناسک	54
منجک	54
منصفانه	54
منوط	54
مهبط	54
مهلت	54
موازین	54
مودم‌هایش	54
موسیقیدانانی	54
مومن	54
مکارم‌شیرازی	54
مکالمات	54
مکعبی	54
مگاهرتز	54
میاندوآب	54
میثاق	54
میخواهد	54
میم	54
میمهان	54
مینویان	54
می‌آمده‌است	54
می‌خواهم	54
می‌رسیم	54
می‌زیسته‌اند	54
می‌فهمد	54
می‌وزد	54
می‌پنداشته	54
ناامید	54
ناتالی	54
نارگیل	54
ناسازگاری	54
نامور	54
ناميده‌اند	54
ناکافی	54
نتواند	54
نخودی	54
ندیمان	54
نرفته	54
نرم‌افزارهایی	54
نشان‌دهنده	54
نشدنی	54
نظریه‌پرداز	54
نقلی	54
نمایشنامه‌نویس	54
نمی‌توانسته	54
نمی‌خوردم	54
نهاده‌ام	54
نواخت	54
نوادها	54
نوترونی	54
نونا	54
نکوهش	54
نگارنده	54
نگرفته‌است	54
نگیرد	54
نیروهایی	54
نیم‌کره	54
نیوتون	54
نیکولئوس	54
ها	54
هاجر	54
هارتن	54
هدهد	54
هراب	54
هرک	54
همسو	54
هندبال	54
هندوهای	54
هوشی	54
هولومورفیکی	54
هوم	54
هیجانی	54
هیدرولیکی	54
هیروشیما	54
هیپوفیز	54
واج	54
وارنرهایزنبرگ	54
واصل	54
واقعیات	54
واوا	54
واژه‌فراموشی	54
وحشیانه	54
وساطت	54
وضعی	54
وقایعی	54
ولی‌عصر	54
وودی	54
ویراستاری	54
ویولت	54
پاسخ‌های	54
پاشیده	54
پاهایش	54
پايه	54
پایا	54
پایی	54
پت	54
پتروبراس	54
پدیدآورنده	54
پرآب	54
پراش	54
پریست	54
پز	54
پسرها	54
پلاتین	54
پلاس	54
پلاسمودیوم	54
پلکانی	54
پلیمری	54
پوران	54
پورتوریکو	54
پولس	54
پویایی	54
پيامبر	54
پیشنهادات	54
پیشوایان	54
پیوندد	54
چاشنی	54
چانه	54
چاپلین	54
چرخاندن	54
چهارگوش	54
چوگان	54
کارآموزی	54
کارور	54
کالبدشناسی	54
کالیبر	54
کالیفرنیای	54
کامکار	54
کامیابی	54
کانولوشن	54
کاکائو	54
کدگذاری	54
کران	54
کربلایی	54
کردید	54
کرمی	54
کرم‌ها	54
کرنش	54
کرنل	54
کریستالی	54
کشمش	54
کلارا	54
کلمبوس	54
کلیپ	54
کمدین	54
کنراد	54
کنسرتی	54
کنعان	54
کنيد	54
کوبریک	54
کورت	54
کولون	54
کوهدشت	54
کوهنوردان	54
کیانوش	54
کیسی	54
گامی	54
گاها	54
گاوس	54
گذشته‌است	54
گرانادا	54
گراند	54
گردانید	54
گرفتاری	54
گزاره‌ای	54
گزاری	54
گزینه‌های	54
گشاد	54
گلچین	54
گناهی	54
گوران	54
گونی	54
گويد	54
گويند	54
گپ	54
ھای	54
یال‌های	54
یعقوبی	54
یلدا	54
یونیسف	54
یکسو	54
یکه	54
آبادیهای	53
آبراه	53
آبله	53
آب‌انبار	53
آذربايجان	53
آذرین	53
آرایی	53
آرواره	53
آریل	53
آزادراه	53
آزمایشهای	53
آزمایش‌ها	53
آزموده	53
آشنائی	53
آقاسلطان	53
آلتو	53
آلمان‌ها	53
آنارشیسم	53
آنتون	53
آنجاییکه	53
آندوپلاسمی	53
آنزیم‌ها	53
آنسوی	53
آهنگ‌سازی	53
آوارگان	53
آپاچی	53
آژاکس	53
آکوستیک	53
آیدا	53
آیزاک	53
آیزنهاور	53
آیووا	53
آی‌ام‌اس	53
ابتلای	53
ابراهيم	53
ابرو	53
ابعادی	53
ابواسحاق	53
ابوالعباس	53
ابوطاهر	53
ابوعبدالله	53
ابوعبیده	53
ابیانه	53
اتاقها	53
اثرهای	53
اثنی	53
اجراي	53
احسن	53
اخباری	53
اخترشناسان	53
اختلافی	53
اخلال	53
ادعایی	53
ادوین	53
ارتجاعی	53
ارتداد	53
ارتدکس	53
ارشمیدس	53
ارغوانی	53
ارگانیسم	53
اسانس	53
اسب‌ها	53
استاتیک	53
استانبولی	53
استثناء	53
استن	53
اسفندماه	53
اسمش	53
اسپهبد	53
اشتوتگارت	53
اشراق	53
اشراقی	53
اشک‌آور	53
اصولگرایان	53
اعصار	53
افراط	53
افشاری	53
افشانی	53
افضل	53
افغان‌ها	53
افلاطونی	53
اقامتی	53
اقیانوس‌ها	53
الازهر	53
الافلاک	53
الذکر	53
الزهرا	53
الشتر	53
العالم	53
العبور	53
القلوب	53
اللهی	53
النهار	53
الویس	53
الکترو	53
الکترولیت	53
الکترونهای	53
امپدانس	53
امپریالیستی	53
امیدی	53
امیلی	53
انتقادهای	53
انجیلی	53
انحرافی	53
اندرکاران	53
انشان	53
انوری	53
اوبونتو	53
اوجان	53
اورال	53
اوقاف	53
اولیا	53
اویل	53
اژه	53
اگنست	53
اگوست	53
ایالت‌ها	53
ایرانیکا	53
ایزدبانوی	53
ایمانی	53
اینبار	53
ایوبی	53
ایکس‌باکس	53
باخبر	53
باریکان	53
بازشناسی	53
بازنمایی	53
بازوهای	53
بازيگر	53
باستان‌شناسان	53
باسوادی	53
باقرخان	53
بالاخص	53
بال‌های	53
باکتریها	53
ببریم	53
بحال	53
بخورند	53
بدانید	53
بدخیم	53
بدنشان	53
بدهکار	53
برآمدگی	53
برج‌ها	53
بردسکن	53
بردیا	53
برمبنای	53
برنامه‌نویس	53
برنامه‌نویسان	53
برهمکنش	53
برگذاری	53
برین	53
بزرگنمایی	53
بستنی	53
بسم	53
بطنی	53
بعضی‌ها	53
بقراط	53
بلدرچین	53
بلورهای	53
بلیک	53
بنان	53
بنجامین	53
بندرت	53
بندگی	53
بنشیند	53
بها	53
به‌تدریج	53
به‌طوری	53
بواسیر	53
بوزون	53
بوسه	53
بوفالو	53
بپذیرند	53
بیدگل	53
بیکن	53
بیگم	53
بی‌سابقه	53
تابستانهای	53
تات	53
تاجی	53
تاسف	53
تامين	53
تامی	53
تبريز	53
تجمعی	53
تحریم‌های	53
تحقيق	53
تخارستان	53
تخریبی	53
تدارکات	53
تدمر	53
ترام	53
ترشی	53
ترنس	53
ترکمن‌ها	53
تریلیون	53
تشکل‌های	53
تصمیمی	53
تصوير	53
تظاهرکنندگان	53
تعادلی	53
تعبیری	53
تفاضل	53
تفاوت‌هایی	53
تقدس	53
تقلبی	53
تلافی	53
تلخی	53
تمایلی	53
تمجید	53
تمدن‌ها	53
تندرستی	53
تنش‌های	53
تنگدستی	53
تهمت	53
توأم	53
توانمندی	53
توحیدی	53
توخالی	53
تورنمنت	53
توزیع‌های	53
توله	53
تولون	53
تولیت	53
تیتان	53
تیفوس	53
ثباتی	53
ثقفی	53
جادوگران	53
جاهلیت	53
جاودان	53
جدش	53
جدولی	53
جرأت	53
جزنی	53
جزیره‌ها	53
جنتی	53
جنگجوی	53
جواز	53
جوجه‌ها	53
جوراب	53
جولی	53
جویدن	53
جوینی	53
جیا	53
جیانگ	53
حافظه‌های	53
حتمی	53
حجاریان	53
حجیم	53
حديث	53
حقيقت	53
حلبی	53
حوادثی	53
حیاتش	53
خامه	53
خانات	53
خاورشناسان	53
خدمتکار	53
خرابکاری	53
خراش	53
خرقان	53
خروشان	53
خصومت	53
خطاطی	53
خطاها	53
خطیب	53
خلاصه‌ای	53
خلدون	53
خمر	53
خمیدگی	53
خوابیدن	53
خواستگاری	53
خوانندگانی	53
خودنمایی	53
خودپرستی	53
خورشیدگرفتگی	53
خوری	53
خیاطی	53
خیزش	53
دائما	53
داستان‌نویسی	53
داسی	53
داشتنی	53
دانشجویانی	53
دانشوران	53
داکوتای	53
دبيرستان	53
دخمه	53
درازمدت	53
دراکولا	53
دربرابر	53
درخصوص	53
دره‌ها	53
دستبرد	53
دستمال	53
دستکش	53
دستگاهها	53
دستیاری	53
دلال	53
دلاور	53
دلاوری	53
دنا	53
دنباله‌ای	53
دنده‌ها	53
دنیوی	53
دهلوی	53
دهکویه	53
دوبلاژ	53
دودمانی	53
دورافتاده	53
دولتي	53
دومش	53
دویچه	53
دکان	53
دگرگونی‌های	53
دیبا	53
دیدگان	53
دیز	53
دین‌های	53
دیهوک	53
رؤیت	53
راداری	53
رادرفورد	53
رادیوگرافی	53
راسی	53
رالی	53
راهش	53
راهنمائی	53
راهکار	53
راهیابی	53
راکتورهای	53
رایس	53
ربا	53
رجبی	53
رخت	53
رزیدنت	53
رسالات	53
رسالة	53
رسان	53
رسند	53
رسولی	53
رعایا	53
رقبا	53
رقصی	53
رله	53
رنده	53
رنگ‌آمیزی	53
رهگذر	53
روانسر	53
روسلینی	53
رومل	53
روندی	53
رکاب	53
ریتا	53
ریحان	53
ریس	53
رینولدز	53
ریکاردو	53
زبردست	53
زحمتکشان	53
زرده	53
زعم	53
زنش	53
زیج	53
زیرمجموعه‌ای	53
زیسته	53
سائورون	53
سازمان‌دهی	53
ساعت‌ها	53
ساكن	53
سالوادور	53
سالک	53
ساکس	53
سایش	53
سایمون	53
سبك	53
سبوس	53
سرزمین‌ها	53
سرنشینان	53
سرویسهای	53
سرکشی	53
سرگرد	53
سریع‌تر	53
سفيد	53
سفیدرود	53
سلتی	53
سماعی	53
سمت‌های	53
سمیرم	53
سمیعی	53
سنسکریت	53
سوءاستفاده	53
سوالی	53
سودی	53
سورنا	53
سولفوریک	53
سوي	53
سپنتا	53
سیاست‌ها	53
سیاق	53
سیروز	53
سیستمها	53
سیلاخور	53
سیلی	53
سیلین	53
سینوسی	53
شئ	53
شازده	53
شامی	53
شاندیز	53
شايد	53
شبهای	53
شجاعی	53
شخصيت	53
شدنی	53
شروط	53
شروین	53
شرکای	53
شریفی	53
شسته	53
ششتمد	53
شعرهایی	53
شفیع	53
شقایق	53
شمارگان	53
شمایل	53
شهرزاد	53
شهري	53
شهیدان	53
شوپن	53
شکاکیت	53
شکلهای	53
شکنی	53
شگرفی	53
شیئ	53
شیاف	53
شیبک	53
شیوخ	53
صحنه‌هایی	53
صدرالدین	53
صمصام	53
صنعتي	53
صورتش	53
صیغه	53
طارق	53
طاهریان	53
طراوت	53
طرزی	53
طه	53
طوفانی	53
ظرفیتی	53
عامری	53
عاملان	53
عامی	53
عامیون	53
عبدالمجید	53
عج	53
عرفی	53
عزالدین	53
عزت‌الله	53
عزیزی	53
عسلویه	53
عسگر	53
عقبه	53
علاء	53
علی‌اصغر	53
عمومیت	53
عمید	53
عواطف	53
عکس‌ها	53
غازی	53
غربت	53
غربي	53
غفلت	53
غنای	53
غنیمت	53
غور	53
غیب	53
فازهای	53
فاشیست	53
فاینال	53
فداغ	53
فرازمینی	53
فرامین	53
فرستد	53
فرقی	53
فروتن	53
فرودگاهی	53
فرودگاه‌های	53
فریدن	53
فریده	53
فضانوردی	53
فلسطینی‌ها	53
فلیکس	53
فنر	53
فوتبالی	53
فولک	53
فکاهی	53
فیلم‌شناسی	53
قابلیتهای	53
قاجاری	53
قادری	53
قادسیه	53
قالیچه	53
قالی‌بافی	53
قبا	53
قتل‌ها	53
قديمي	53
قصاص	53
قطرات	53
قلمی	53
قلیان	53
قو	53
قوطی	53
قیمومیت	53
كارشناسي	53
كاری	53
كنيد	53
كیلومتری	53
لئونوف	53
لااقل	53
لابی	53
لارنس	53
لامپ‌ها	53
لانکا	53
لاکان	53
لاکی	53
لایو	53
لبخند	53
لختی	53
لردگان	53
لقاح	53
لقبی	53
لمونی	53
لنینیست	53
لوب	53
لورنس	53
لوزالمعده	53
لوید	53
لگد	53
لیسه	53
مآخذ	53
ماتریسی	53
مادرشان	53
مارمولک	53
مارین	53
مانکن	53
ماکرو	53
مباحثات	53
مبلغان	53
متانول	53
متحدان	53
مترقی	53
متن‌باز	53
محاوره‌ای	53
محدب	53
محدودیت‌ها	53
محله‌ها	53
محمدرضاشاهی	53
مخروبه	53
مدلسازی	53
مدنظر	53
مدیاآرتز	53
مدیرکل	53
مرتع	53
مرخصی	53
مردها	53
مرزداری	53
مرض‌شناسی	53
مرغانه	53
مرهون	53
مرویا	53
مسابقاتی	53
مستحبات	53
مسیرها	53
مسیل	53
مشاهده‌اش	53
مصادیق	53
مصنوعات	53
مضراب	53
مطالبات	53
مظفری	53
معافیت	53
معرفتی	53
معلولبود	53
معمارچیره	53
معیشت	53
مغذی	53
مقدور	53
مقسوم	53
ملزومات	53
ملکوتیش	53
ممتنع	53
منازعات	53
منتها	53
منثور	53
منطقةالبروج	53
منظره‌ای	53
منقوش	53
منگورها	53
مهینی	53
موازنه	53
موتورسیکلت	53
موردنظر	53
موزه‌ها	53
موصوف	53
مولر	53
موها	53
مي‌كنم	53
مکاتبه	53
میرا	53
میرعلیرضا	53
میله‌ای	53
میلی‌گرم	53
میکروب	53
میگذرد	53
میگوید	53
میگویند	53
می‌افتادند	53
می‌باید	53
می‌بریم	53
می‌دادی	53
می‌سرودم	53
می‌سپارد	53
می‌شناسیم	53
می‌پیوندند	53
می‌کارند	53
می‌کشاندند	53
می‌گذاشته	53
می‌گرفته‌است	53
می‌گرفته‌اند	53
ناامنی‌های	53
نافرجام	53
نامجو	53
ناهار	53
ناهموار	53
ناگاه	53
ناگفته	53
نایین	53
نباتات	53
نردبان	53
نشاتین	53
نشانده	53
نظریه‌پردازانی	53
نقاشی‌هاي	53
نمازی	53
نماهنگ	53
نمد	53
نمی‌دانستم	53
ننگ	53
نهال	53
نوربخشی	53
نپایید	53
نکاتی	53
نگرشی	53
نگهداشتن	53
نیامده‌است	53
نیروهایش	53
هائیتیایی‌ها	53
هارویتز	53
هاي‌معروف	53
هاپکینزویل	53
هرمزدآباد	53
هریسی	53
هزارگل	53
هشارون	53
هلاک	53
هلیمی	53
همان‌طور	53
همان‌گونه	53
همتبار	53
همگرا	53
همیاری	53
همیلتون	53
هم‌چنان	53
هندیانی‌های	53
هنرمندانه‌ای	53
هنگامه	53
هوشمندانه	53
هکران	53
هیدروکسید	53
هیرمندی	53
هیروگلیف	53
هیلتر	53
هیولا	53
هیولا‌ها	53
وابستگانشان	53
والاست	53
واژنامه	53
وجهه	53
وحشتناک	53
وزیرستان	53
وسوسه	53
ولفگانگ	53
ویس	53
ویولون	53
يکي	53
پابلو	53
پارتیزانی	53
پامیر	53
پاکیزه	53
پاینده	53
پایگاهی	53
پدرخوانده	53
پرآوازه	53
پرادش	53
پراکنده‌اند	53
پرتوزا	53
پرسش‌های	53
پرسیده	53
پرولتاریا	53
پرکاربرد	53
پریان	53
پست‌اسکریپت	53
پسندیده	53
پشتکار	53
پلاسمید	53
پنتاگون	53
پورتو	53
پوزیترون	53
پوشاندن	53
پوچ	53
پيشرفت	53
پیامد	53
پیستون	53
پیشاپیش	53
پیگرد	53
پی‌گیری	53
چالدران	53
چاپگر	53
چرخان	53
چوپانی	53
ژو	53
کاتین	53
کاردینال	53
کارنگی	53
کاروانسراهای	53
کاشیکاری	53
کاشی‌های	53
کاغذهای	53
کالینز	53
کانالی	53
کاندیدا	53
کاندیداهای	53
کاویانی	53
کاپ	53
کبریت	53
کتابفروشی	53
کدر	53
کدها	53
کرایه	53
کرم‌های	53
کرند	53
کرون	53
کرونری	53
کریم‌خان	53
کریکت	53
کشورمان	53
کشیشی	53
کلاوس	53
کلفت	53
کلون	53
کلکسیون	53
کلیت	53
کلیمیان	53
کلیولند	53
کمال‌الدین	53
کمیتی	53
کنتاکی	53
کهکشان‌ها	53
کوئینزلند	53
کوارتز	53
کوالالامپور	53
کوتاهترین	53
کودتایی	53
کودهای	53
کوردوبا	53
کومله	53
کوچکتری	53
کیل	53
گئومات	53
گاودول	53
گذرنامه	53
گردشگاه	53
گردشی	53
گرديده	53
گرسنه	53
گروهای	53
گرگانی	53
گریبان	53
گزارش‌هایی	53
گزی	53
گشایی	53
گشته‌اند	53
گفتیم	53
گلبولهای	53
گمارده	53
گنبدهای	53
گه	53
گودرزی	53
گوراب	53
گورهای	53
گورکی	53
گوریل	53
گوسفندان	53
گوشه‌های	53
گچساران	53
گیگا	53
یادگاری	53
یثرب	53
یمنی	53
یوروویژن	53
یکان	53
یکدست	53
آبه	52
آتنی	52
آرایه‌ای	52
آرزوهای	52
آرمین	52
آز	52
آشوری‌ها	52
آشکاری	52
آفریننده	52
آلبرتو	52
آلمانها	52
آلکسی	52
آماتوری	52
آموزه	52
آموزگاران	52
آنتونیونی	52
آهنگر	52
آودون	52
آوند	52
آونگ	52
آينده	52
آیندگان	52
آینه‌ها	52
ابلیس	52
ابوالخیر	52
ات	52
اتمها	52
اتومبیل‌های	52
اجتماعیون	52
ادی	52
اربعه	52
ارتش‌های	52
ارزشیابی	52
ارزش‌ها	52
ارزنده‌ای	52
اروندرود	52
اروپایی‌ها	52
ارگان‌های	52
ازمیر	52
اسامه	52
استانداران	52
استانداردسازی	52
استودیوهای	52
اسفندیاری	52
اسماء	52
اسپند	52
اسیدها	52
اشتراوس	52
اشغالگران	52
اشغالی	52
اشمیت	52
اشیایی	52
اعدادی	52
افتادگی	52
افرا	52
افزایشی	52
افزودنی	52
اقتصاددانان	52
اقوال	52
الثانی	52
الحرام	52
الرضا	52
العرب	52
الغای	52
القاء	52
الگول	52
الگوها	52
الیور	52
امنيت	52
امورخارجه	52
امير	52
انباری	52
انتزاع	52
انتفاضه	52
انتقالات	52
انجمنهای	52
اندامهای	52
اندرز	52
اندوخته	52
اندیشمند	52
انسانیت	52
انشاء	52
انشعابات	52
انطاکیه	52
انگلی	52
اهدایی	52
اورست	52
اوزان	52
اوصاف	52
اوژن	52
ايرانيان	52
ايمان	52
اچ‌آی‌وی	52
اژدهای	52
اکسیداسیون	52
ایسنا	52
ایفل	52
ایول	52
باران‌های	52
باربد	52
بارت	52
بازی‌هایی	52
باستاني	52
بافت‌ها	52
بالائی	52
بامبو	52
باکره	52
بایقرا	52
برابرهای	52
برایم	52
بربرها	52
برداشتی	52
بردسیر	52
برشمرده	52
برضد	52
برمودا	52
برنجی	52
برونئی	52
برگرداندن	52
بریم	52
بزرگترين	52
بسرعت	52
بشرویه	52
بطرف	52
بغلان	52
بقایی	52
بلشویک‌ها	52
بنابه	52
بندرگاه	52
بنظر	52
بنگالی	52
بنیان‌گذاری	52
بهانه‌ای	52
بهنام	52
به‌جا	52
بوت	52
بوته‌های	52
بورسیه	52
بورن	52
بولیوار	52
بگریزد	52
بیابان‌های	52
بیرانوند	52
تأسيس	52
تابان	52
تابستان‌های	52
تاری	52
تاریخ‌نگاران	52
تاكنون	52
تایلر	52
تبانی	52
تباهی	52
تبعیدی	52
تجربه‌ای	52
تخمها	52
تخمینی	52
تراشی	52
تراشیدن	52
ترانزیت	52
ترانس	52
تربيت	52
تردیدی	52
ترزا	52
ترشیز	52
تركی	52
ترنج	52
ترکمان‌چای	52
ترکیب‌های	52
تسبیح	52
تسمیت	52
تسوگ	52
تشنگی	52
تعاملی	52
تعدادشان	52
تماشاچیان	52
تنفر	52
تنگاتنگی	52
توربین‌های	52
توکل	52
توکوگاوا	52
تپش	52
تک‌آهنگ‌های	52
تگ	52
تیتر	52
تیغه‌های	52
جابه‌جا	52
جاست	52
جامعه‌شناس	52
جاهلی	52
جده	52
جدیدش	52
جراید	52
جسارت	52
جفتی	52
جمال‌الدین	52
جمعیتش	52
جمهوریت	52
جنوبگان	52
جنوبی‌ترین	52
جنگیدند	52
جنگ‌افزارهای	52
جهان‌آباد	52
جوانمرد	52
جودو	52
جولبون	52
جویم	52
جکسن	52
حاكم	52
حجه	52
حران	52
حضار	52
حفره‌ای	52
حلوا	52
حنجره	52
حوثی	52
حيات	52
حکومتش	52
حیله	52
خاردار	52
خاروانا	52
خاقان	52
خاندان‌های	52
خانمها	52
خانوارهای	52
خروشچف	52
خزان	52
خزنده	52
خس	52
خطاط	52
خفته	52
خلفا	52
خندان	52
خواننده‌ای	52
خواننده‌های	52
خواهرزاده	52
خوردار	52
داشته‌باشد	52
دانشمندانی	52
دبیرستان‌های	52
درحدود	52
درختچه	52
درخت‌ها	52
درخواستی	52
درمی‌آید	52
دريا	52
دعایی	52
دهانه‌های	52
دهلیزی	52
دهکده‌ای	52
دوبلین	52
دوقلو	52
دولت‌آباد	52
دومینیک	52
دکارتی	52
دیاربکر	52
دیده‌اند	52
دیراک	52
دیفتری	52
دی‌اکسید	52
ذبح	52
ذکری	52
رالف	52
رایز	52
رایزنی	52
ردیفی	52
رساله‌های	52
رسانیده	52
رفته‌رفته	52
رفعت	52
روانشناختی	52
روباز	52
روبر	52
رودلف	52
روست	52
روسری	52
روشهایی	52
رونالدو	52
رویدادی	52
رویدر	52
رویکردی	52
ریبوزوم	52
ریچی	52
زرشک	52
زمستان‌ها	52
زمینها	52
زهکشی	52
زواره	52
زوجیت	52
زیاده	52
زیباتر	52
زیرساخت	52
زیست‌شناس	52
سابقش	52
ساعاتی	52
ساوت	52
سبعه	52
سحرگاه	52
سرخاب	52
سرسبزی	52
سريال	52
سرکار	52
سرکردگی	52
سرکش	52
سرگشاده	52
سریعترین	52
سلسله‌ای	52
سمپاتیک	52
سمیه	52
سنتهای	52
سنت‌ها	52
سنگان	52
سوروس	52
سوپاپ	52
سپاهیانش	52
سکوهای	52
سیاه‌پوست	52
سیاه‌چاله	52
سیاه‌گوش	52
سیرجانی	52
سیری	52
سیسیلی	52
سیلویا	52
سیلیس	52
سینگ	52
سیگما	52
شادمان	52
شازند	52
شایر	52
شبانکاره	52
شبهه	52
شرودینگر	52
شعارهایی	52
شعبات	52
شمد	52
شمیرانات	52
شهد	52
شهرداران	52
شهسوار	52
شورش‌ها	52
شکنجه‌های	52
شیارهای	52
شیرینو	52
شیپور	52
صداگذاری	52
صدایش	52
صدری	52
صربی	52
صفاریان	52
صلوات	52
طبرسی	52
طبقه‌ای	52
طبیعتی	52
طریقی	52
طلبه	52
طمع	52
طورکلی	52
طومار	52
ظفر	52
ظل	52
عاجز	52
عاشورای	52
عالي	52
عباراتی	52
عربي	52
عرب‌های	52
عرفا	52
عروض	52
عزرا	52
عصا	52
عصبانیت	52
عقیلی	52
علینقی	52
عملگرهای	52
عن	52
عنبیه	52
عکسبرداری	52
عیسوی	52
غرض	52
غرفه	52
غنایم	52
غنی‌سازی	52
غوریان	52
غیرخطی	52
غیرفعال	52
غیرمجاز	52
فارغ‌التحصیلان	52
فاصله‌های	52
فاعلی	52
فراروانشناسی	52
فرانسیسکن	52
فرانچسکو	52
فراورده	52
فراگرفته	52
فرسخ	52
فرهنگسرا	52
فروزان	52
فرگوسن	52
فسخ	52
فشردن	52
فعالانه	52
فقیهی	52
فلامنکو	52
فلان	52
فنیقی	52
فوجی	52
فوگ	52
فیزیولوژیک	52
فیلمش	52
قائنات	52
قازان	52
قاطر	52
قديمی	52
قرارگرفته	52
قرقاول	52
قرنطینه	52
قره‌باغ	52
قصاید	52
قطب‌الدین	52
قفقازی	52
قلعه‌ها	52
قنطورس	52
قوانين	52
قوش	52
قومیت	52
قویونلو	52
قوی‌ترین	52
قیافه	52
كاربرد	52
كرمان	52
كسانی	52
كشتی	52
كلمه	52
لاجان	52
لاله‌زار	52
لاما	52
لاوی	52
لاگرانژ	52
لبنی	52
لطافت	52
لغت‌نامه	52
لقمان	52
لوتار	52
لوران	52
لورنتس	52
لوزان	52
لوگو	52
لپ	52
لیزا	52
لیل	52
لیکرز	52
لیگا	52
مائوئیست	52
ماخذ	52
ماریو	52
ماموریت‌های	52
ماندگی	52
مانیتور	52
ماهها	52
متاهل	52
متخاصم	52
مترجمی	52
متصور	52
متوسل	52
متین	52
مجال	52
مجتهدی	52
مجسمه‌ای	52
مجسمه‌ها	52
محدودیتی	52
محلية	52
محمدکرمانی	52
مخالفت‌هایش	52
مخدوش	52
مدی	52
مراحلی	52
مراغه‌ایچچ	52
مراكزبازسازي	52
مرتبا	52
مرثیه	52
مرجعی	52
مرداک	52
مرقع	52
مروج	52
مرگبار	52
مرگوس	52
مستثنی	52
مستشارانش	52
مستضعفان	52
مسری	52
مسلما	52
مشا	52
مشارکتی	52
مشروطه‌خواهانه	52
مشک	52
مشیریه	52
مصاحب	52
مصیبت	52
مضارعش	52
معاشرت	52
معاصرانش	52
معبدی	52
معتادانی	52
معدل	52
مغولها	52
مفتول	52
مفسرینی	52
مقادیری	52
مقاله‌ها	52
مقوی	52
مقید	52
ملغی	52
ملویلی	52
ملین	52
مملکتی	52
منتظم	52
منجی	52
منجیل	52
منذرین	52
منزلش	52
منصوره	52
منقسم	52
مهبلی	52
مهديزاده	52
موافقانی	52
موثق	52
مودهای	52
مورچه	52
موزه‌ای	52
موسیقی‌دانانی	52
مولائی	52
مونروئه	52
مونیکاگیت	52
موومانه	52
مکاشفه	52
مکانیزه	52
مکان‌گزینی	52
میانه‌چای	52
میری	52
میزکارها	52
مینسوتای	52
میوه‌ای	52
میکروفون	52
می‌آموزد	52
می‌اندازند	52
می‌دانم	52
می‌شمرد	52
می‌شوم	52
می‌شکند	52
نابرابری	52
نابینایانی	52
ناتهی	52
نازیل	52
ناقل	52
نامیده‌است	52
نام‌واره	52
ناپسند	52
نبردها	52
نزاریا	52
نسبت‌هایی	52
نشان‌هایی	52
نصیحت	52
نظارتی	52
نظایر	52
نظرها	52
نفخ	52
نم	52
نمازخانه	52
نمایشنامه‌ای	52
نمرود	52
نمودارکلاه	52
نورپردازی	52
نوشته‌هایی	52
نيروی	52
نکاح	52
نیافتنی	52
نیوکاسل	52
هارمونیک	52
هجایی	52
هدايتشان	52
هرتسفیلد	52
هرزگوین	52
هشتیان	52
هشیاری	52
همجواری	52
همسایه‌اش	52
همچنانکه	52
هم‌اینک	52
هندوایرانیان	52
هورنا	52
هوکا	52
هکا	52
هکرهای	52
هیوزی	52
هیچ‌یک	52
وائلی	52
والفرام	52
وایکینگ‌های	52
وب‌سایتش	52
وب‌گاه‌هایشان	52
وخامت	52
وسطا	52
وسواس	52
وصلت	52
وضعيت	52
وعظ	52
ولتاژهای	52
ونسان	52
ونقل	52
وورتمبرگ	52
وکیلی	52
ویرانه	52
ویرانگر	52
وینسنت	52
پائینی	52
پارسی‌گوی	52
پارکر	52
پاستور	52
پاسدار	52
پالار	52
پانکراس	52
پايين	52
پایه‌ریزی	52
پایور	52
پایینتر	52
پترسن	52
پتی	52
پذیرا	52
پرافتخارترین	52
پرانتز	52
پربار	52
پردازیم	52
پرشور	52
پرطرفدارترین	52
پرقدرت	52
پرنسس	52
پرور	52
پستاندار	52
پنگوئن	52
پنی‌سیلین	52
پوتین	52
پورشه	52
پوشاند	52
پيشنهاد	52
پیانوی	52
پیاژه	52
پیشبینی	52
پیش‌فرض	52
پیمود	52
پیچی	52
پیگیر	52
چارت	52
چانگ	52
چاههای	52
چاه‌ها	52
چاودار	52
چرای	52
چرداول	52
چشمانش	52
چشمها	52
چشم‌های	52
چله	52
چنان‌که	52
چهریق	52
چهلم	52
چوار	52
چيز	52
چين	52
چیدن	52
ژاپنی‌ها	52
ژوراسیک	52
ژوستین	52
ژولای	52
کاخی	52
کاخ‌های	52
کارآمدی	52
کاراکترها	52
کاربرانی	52
کاریکاتوریست	52
کال	52
کالایی	52
کامبیز	52
کانزاس	52
کاپور	52
کبرا	52
کبیره	52
کتابچه	52
کتان	52
کتی	52
کدی	52
کرده‌ام	52
کرده‌ایم	52
کسوت	52
کشتزارهای	52
کفار	52
کلک	52
کمپلکس	52
کنسرت‌ها	52
کنگی	52
کنیه	52
کهیر	52
کوبیده	52
کوشش‌های	52
کوهیج	52
کوچیدند	52
کوکائین	52
کویل	52
کپلر	52
کپور	52
کیانیان	52
کیاکلا	52
کیس	52
کی‌دی‌ای	52
گابن	52
گالیکش	52
گامبیا	52
گرامر	52
گرفتم	52
گرماب	52
گشتاسب	52
گلبول‌های	52
گلدسته	52
گمانه	52
گوا	52
گوتینگن	52
گوشتخوار	52
گونه‌هایی	52
گوگ	52
گویش‌ها	52
گچ‌بری	52
گیاه‌شناسی	52
گین	52
گینس	52
گیگابایت	52
یاسمی	52
یاسین	52
یزدانی	52
ینگجه	52
یونهای	52
یکسره	52
آبستن	51
آبگیری	51
آتش‌نشانی	51
آدریان	51
آذرخش	51
آرس	51
آرون	51
آرکید	51
آریاییان	51
آریایی‌ها	51
آس	51
آلبومش	51
آلترنتیو	51
آلرژی	51
آلوسور	51
آمدم	51
آمور	51
آنتالپی	51
آندرومدا	51
آنگولا	51
آپولون	51
آپولیوس	51
آچار	51
آکسون	51
آگوستین	51
آیین‌ها	51
ابجد	51
ابوتراب	51
ابی‌طالب	51
اتا	51
اتمهای	51
اتوماسیون	51
اجاق	51
اجدادی	51
احترامی	51
احمدزاده	51
اخرین	51
اخير	51
ادو	51
ادواردو	51
ادینبورگ	51
ارتفاعش	51
ارتودوکس	51
ارزانتر	51
ارزانی	51
ارفع	51
اریس	51
ازبین	51
ازت	51
ازومدل	51
استات	51
استریپ	51
استعمارگران	51
استفن	51
استقرا	51
اسرارآمیز	51
اسلیمی	51
اسمالتاک	51
اس‌جی	51
اشرفی	51
اصالتا	51
اصلاحی	51
اصولگرای	51
اطلاعیه	51
اعتمادی	51
اعتکاف	51
اعضاي	51
افراشته	51
افشاریه	51
اقبالی	51
الاقصی	51
التیام	51
المثل	51
الکترا	51
الیس	51
امشب	51
املای	51
انتخابیه	51
انتظام	51
انجامد	51
اندیشی	51
انرژی‌های	51
انسانهای	51
انشعابی	51
انضباط	51
انعطاف‌پذیری	51
انوار	51
انگاری	51
انگاشته	51
اهالي	51
اهریمنی	51
اوا	51
اوايل	51
اوری	51
ايل	51
اينترنت	51
اپی	51
ایاصوفیا	51
ایتالیائی	51
ایرلاینز	51
ایشتوویگو	51
ایلامیان	51
ایلنا	51
باباطاهر	51
بابلیان	51
بادبان	51
باده	51
باربری	51
بارسلون	51
بازگردند	51
بازیکنانی	51
باطری	51
بالان	51
بالدار	51
بالها	51
بانکها	51
باکتریهای	51
باکری	51
باینری	51
ببخشد	51
بحثی	51
بخواهید	51
بدرستی	51
بدرفتاری	51
بدینسان	51
بدینگونه	51
برامس	51
بربط	51
بردی	51
بررسي	51
برم	51
برنولی	51
بروک	51
برویم	51
بریستول	51
بریگاد	51
بساط	51
بشرح	51
بشکند	51
بعضي	51
بفرستند	51
بقیع	51
بلایای	51
بلقیس	51
بلندمدت	51
بلگراد	51
بندها	51
بنگ	51
بنیادهای	51
بهزیستی	51
به‌این	51
به‌منظور	51
بودی	51
بول	51
بولونیا	51
بولی	51
بوگوتا	51
بیداد	51
بیشترشان	51
بیهق	51
بیولوژیک	51
بیکر	51
تأثیرگذارترین	51
تأثیرگذاری	51
تابستان‌ها	51
تابنده	51
تاثير	51
تاد	51
تارهای	51
تاس	51
تالس	51
ترافیکی	51
ترال	51
ترانسفورماتورها	51
تراکتور	51
ترمودینامیکی	51
ترکش	51
ترینیتی	51
تشعشع	51
تصادم	51
تعرفه	51
تعریق	51
تفریحات	51
تفسير	51
تفصیلی	51
تلاش‌هایی	51
تلمبه	51
تلومر	51
تندیس‌های	51
تنگستان	51
تهذیب	51
توالت‌ها	51
تودشک	51
تورو	51
توصیفات	51
تولوز	51
تونلی	51
توپی	51
تکالیف	51
تکوین	51
تک‌آهنگی	51
تیگران	51
ثقل	51
جاودانگی	51
جدار	51
جدل	51
جدول‌های	51
جذام	51
جروم	51
جزيره	51
جستند	51
جلی	51
جماعتی	51
جنگیدن	51
جهانشاه	51
جوخه	51
جوشانده	51
جولیا	51
حاصلضرب	51
حبشی	51
حراج	51
حراجی	51
حریری	51
حسرت	51
حصاری	51
حقوقدان	51
حنبلی	51
حنیف	51
خارجیان	51
خاقانات	51
خانه‌هایی	51
خدمتی	51
خرازی	51
خرسندی	51
خرک	51
خز	51
خسروپرویز	51
خشنود	51
خطایی	51
خطوطی	51
خط‌های	51
خلاقانه	51
خمس	51
خواستم	51
خورده‌است	51
خوشش	51
خونخواهی	51
داخله	51
دارابگرد	51
دارندگان	51
دامان	51
دامداران	51
دانم	51
دراثر	51
درخشان‌ترین	51
درخشنده	51
دردسر	51
درمقابل	51
دریادار	51
دریدا	51
دستورالعمل‌های	51
دستورهای	51
دعوا	51
دقیقتر	51
دلفان	51
دلم	51
دمنه	51
دندانها	51
دنده‌های	51
دهه‌ی	51
دوبرابر	51
دوجانبه	51
دورانت	51
دوطرف	51
دوطرفه	51
دوهزار	51
دیافراگم	51
دیتا	51
دیدیم	51
دیلمیان	51
دیپ	51
دیگو	51
ذبیح‌الله	51
ذخيره	51
ذوالقرنین	51
ذوقار	51
رئیسی	51
راجرز	51
ربود	51
رتبه‌های	51
رحلت	51
رزمندگان	51
رستوران‌ها	51
رسيدن	51
رضاقلی	51
رعیت	51
رقاع	51
رقیبان	51
رمی	51
رندی	51
روايت	51
روبین	51
روستاهایی	51
ریک	51
زاغه	51
زمرد	51
زمین‌ها	51
زنای	51
زنجیری	51
زولا	51
زیتونی	51
زیستن	51
زین‌العابدین	51
سافو	51
سالنامه	51
سبیل	51
ستادی	51
سخنرانی‌ها	51
سده‌ها	51
سراینده	51
سرخک	51
سرشکن	51
سرمايه	51
سرورها	51
سرپیچی	51
سفالین	51
سفرش	51
سفرهایی	51
سفیدپوست	51
سلاح‌ها	51
سلامی	51
سلحشور	51
سمتی	51
سنجاب	51
سنکرون	51
سنگسری	51
سهرابی	51
سهیلی	51
سوان	51
سوراخی	51
سورینام	51
سونوگرافی	51
سوپ	51
سگهای	51
سگ‌های	51
سیاحت	51
سیاره‌ها	51
سیاستمداران	51
سیره	51
سیم‌ها	51
سیه	51
سیگنال‌ها	51
شارپ	51
شامپاین	51
شاهدی	51
شایعاتی	51
شبيه	51
شده‌بودند	51
شرکت‌هایی	51
شستشوی	51
شمارشی	51
شناگران	51
شنیداری	51
شهربانو	51
شهرری	51
شهرستانها	51
شهریه	51
شوراب	51
شوره	51
شيعه	51
شپش	51
شکارگاه	51
صاحب‌نظران	51
صدرا	51
صعده	51
صفایی	51
صفحاتی	51
صلاح‌الدین	51
صلب	51
صیادی	51
صیقلی	51
ضامن	51
ضدعفونی	51
ضیاءالدین	51
طاهره	51
طبيعي	51
طبيعی	51
طعام	51
طلحه	51
طیب	51
ظهیرالدوله	51
عاطفه	51
عال	51
عالی‌ترین	51
عبدالرشید	51
عتیقه	51
عظام	51
عقده	51
علاقه‌اش	51
عمار	51
عوارضی	51
عکاسان	51
عیسای	51
غافلگیر	51
غریبی	51
غریب‌شاه	51
غزنی	51
غشا	51
غضنفري	51
فاخته	51
فاشیستی	51
فخرالدوله	51
فراطبیعی	51
فراماسونری	51
فرزندانشان	51
فرشاد	51
فرصت‌های	51
فرقه‌ای	51
فرنق	51
فرهیختگان	51
فروزانفر	51
فروع	51
فشنگ	51
فطری	51
فقیهان	51
فلزکاری	51
فلوطین	51
فیدل	51
فیلمهایی	51
قالیباف	51
قبضه	51
قبطی	51
قدمگاه	51
قرصهای	51
قصاب	51
قصیده‌ای	51
قطارها	51
قلخانی	51
قلمروهای	51
قهر	51
قویترین	51
قیمت‌های	51
كشت	51
كلی	51
لئونارد	51
لات	51
لایه‌ها	51
لایپزیگ	51
لطیفی	51
لنجان	51
لنفاوی	51
لنینگراد	51
لوا	51
لوحه	51
لود	51
لورن	51
لوسیا	51
لوسیوس	51
لولا	51
لوموند	51
لکنت	51
مؤلفه	51
مادرم	51
مادلیانی	51
ماضی	51
ماکائو	51
مبتکر	51
مبدع	51
متبرکه	51
متدهای	51
مترمکعب	51
متضمن	51
متعال	51
متقابلا	51
مجانی	51
مجسمه‌ساز	51
مجمع‌الجزایر	51
مجموعه‌هایی	51
محافظان	51
محافظة	51
محاوره	51
محتوایی	51
محجوبی	51
محصص	51
مخاطبین	51
مخمر	51
مرغابیه	51
مریلا	51
مزاج	51
مستبد	51
مسجدسلیمان	51
مسواک	51
مشورتی	51
مشکینی	51
مصدوم	51
مصطلح	51
مصلوب	51
مصوت	51
مظنون	51
معبر	51
معضلات	51
مفرط	51
مفروض	51
مقایسه‌ای	51
مقره	51
مقعدی	51
مقیاسی	51
ملتی	51
ملوانانش	51
ملکم	51
مناسبت‌هایی	51
مناقشات	51
منتج	51
مندل	51
مهران‌شهر	51
مهسود	51
مهلک	51
مهیب	51
موالیان	51
موری	51
موزامبیکی	51
موسسه‌ای	51
موعد	51
مولود	51
مولکولها	51
مومیایی	51
موکول	51
مژده	51
مکتوم	51
مکش	51
میتوانند	51
میتوکندریایی	51
میثمی	51
میس	51
میله‌ی	51
میگو	51
می‌آوریم	51
می‌ایستد	51
می‌خواهید	51
می‌رانده	51
می‌زیند	51
می‌فرستند	51
می‌فرماید	51
می‌میرند	51
می‌پرسد	51
می‌کشیده	51
می‌گذرند	51
می‌گفتی	51
می‌یابیم	51
ناآرامی‌هایی	51
نابالغ	51
نافذ	51
نامساوی	51
نانوایی	51
نایاب	51
نایب‌السلطنه	51
نتایجی	51
نتوانيد	51
نتیجه‌گیری	51
نت‌هایی	51
نجاران	51
ندید	51
نرود	51
نزار	51
نسبتی	51
نسکار	51
نشریاتی	51
نشریه‌ی	51
نشنان	51
نظافت	51
نظریه‌ها	51
نعمت‌اللهيه	51
نفوذگران	51
نقشبندیان	51
نقی	51
نمی‌داده	51
نمی‌شناسم	51
نورالنبی	51
نورعلیخان	51
نوکلئیک‌ها	51
نویسه	51
نکته‌ای	51
نگری	51
نیتریک	51
نیمکت	51
نیکوتین	51
نیکولایر	51
نیکوکار	51
هاریانا	51
هانتس	51
هتلی	51
هتل‌های	51
هتل‌هایی	51
هجو	51
هدفمندانه	51
هدیه‌ای	51
همایجان	51
همزمانی	51
همكاریش	51
هنریکاس	51
هورمونی	51
هومند	51
هوناراکرت	51
هوندا	51
هوود	51
هیلزبورو	51
وافر	51
واقعیت‌هایی	51
والنسیا	51
وانت	51
وانگئون	51
وبی	51
وجودش	51
ورودی‌های	51
ورید	51
وزیرمجموعه	51
وستفالن	51
وضو	51
وعده‌های	51
وندیداد	51
ویجر	51
ویرایشگر	51
ویروسها	51
پادتن	51
پادکست	51
پارتیان	51
پارمنیدس	51
پايتخت	51
پایبندی	51
پایین‌ترین	51
پرتال	51
پرستان	51
پرفروشترین	51
پرچمی	51
پریدن	51
پسا	51
پشتون‌ها	51
پلاسمای	51
پله‌ای	51
پلید	51
پل‌ها	51
پماد	51
پولک	51
پوینت	51
پژمان	51
پژوهان	51
پیشامد	51
پیشتازان	51
پیله	51
پیوسته‌است	51
پیوندها	51
چالش‌های	51
چترود	51
چرخند	51
چرخ‌های	51
چرک	51
چریکهای	51
چمنی	51
چناران	51
چندرسانه‌ای	51
چوپانان	51
چپاول	51
چیپ	51
کاتالان	51
کاتبان	51
کارخانه‌ای	51
کارد	51
کاروانسراها	51
کارولین	51
کارگاههای	51
کاریان	51
کاستی	51
کافیست	51
کالاهایی	51
کامیلو	51
کانون‌های	51
کرامت	51
کرتاسه	51
کرمانشاهان	51
کسایی	51
کشانده	51
کشته‌شد	51
کشتی‌گیر	51
کلاک	51
کلاینت	51
کلیله	51
کلیمی	51
کمالی	51
کنجد	51
کنجکاوی	51
کنسولی	51
کنفوسیوس	51
کوئین	51
کوارتت	51
کوبیسم	51
کوهرنگ	51
کوچه‌ها	51
کوچکش	51
کپه	51
کیمیا	51
گاآرا	51
گذاردند	51
گردانندگان	51
گردنبند	51
گردهم	51
گره‌ای	51
گرگور	51
گسیختگی	51
گلن	51
گلوی	51
گنجوی	51
گهر	51
گوتنبرگ	51
گوریون	51
گول	51
گويش	51
گوگوش	51
گیبسون	51
یاخته‌ها	51
یارد	51
یالی	51
یوشع	51
یوهانس	51
آبگیر	50
آتلانتیس	50
آدامس	50
آدرس‌های	50
آدم‌های	50
آراگون	50
آرتز	50
آزبست	50
آسی	50
آشنای	50
آشنایان	50
آفتابگردان	50
آقاي	50
آلبانیایی	50
آلترناتیو	50
آلکس	50
آلکساندر	50
آماج	50
آمارها	50
آمدی	50
آمفی	50
آموزگاری	50
آنتونوف	50
آنتیگونه	50
آنجائیکه	50
آنسلم	50
آن‌هایی	50
آهستگی	50
آهنگین	50
آهنگ‌هایی	50
آپارتمانی	50
آکنده	50
آگاممنون	50
آینه‌های	50
ابا	50
ابررسانایی	50
ابرکوه	50
ابوجهل	50
ابوذر	50
ابومنصور	50
اتحادی	50
اتحادیه‌ای	50
اجابت	50
احمدبن	50
احمدیه	50
اخلاص	50
ادعاها	50
ارتجاع	50
ارغوان	50
ارگانهای	50
ازدحام	50
ازطرف	50
استادانه	50
استتار	50
استخدامی	50
استخوانها	50
استرآبادی	50
استروژن	50
اسرائيل	50
اسفناج	50
اسفنجی	50
اسلوونی	50
اسنیک	50
اشاراتی	50
اشتاینر	50
اشتر	50
اصولگرا	50
اعتنا	50
اقامتش	50
اقماری	50
الارض	50
الایام	50
السیر	50
العین	50
الفجیره	50
المپ	50
الکتاب	50
امدادی	50
امرالله	50
امكانات	50
املش	50
امپرسیونیسم	50
امیرالمومنین	50
ام‌تی‌وی	50
اناجیل	50
انباشت	50
انجمن‌ها	50
اندام‌های	50
اندرسن	50
اندود	50
انعکاسی	50
انوشه	50
انگليس	50
اهدافی	50
اوراسیا	50
اورت	50
اورمزد	50
اورگن	50
اوزن	50
اویغوری	50
ايالت	50
اکبری	50
اکتاو	50
ایبری	50
ایبسن	50
ایده‌ای	50
ایلخان	50
ایلخانیان	50
اینکاها	50
باارزش	50
بابایی	50
باتلاقی	50
باتلر	50
باتیستا	50
بازماند	50
باشکوهی	50
بافتها	50
بافق	50
بالاتجن	50
بالک	50
بال‌ها	50
باندهای	50
بانك	50
بترتیب	50
بحران‌های	50
بحرين	50
بختیاری‌ها	50
بخشند	50
بخوانید	50
بدارد	50
بدشانس	50
بدهیم	50
برآیند	50
براند	50
براندی	50
برخوار	50
برزک	50
برسر	50
برملا	50
برهانی	50
برونو	50
برگشتند	50
بریتانیایی‌ها	50
برید	50
بریزد	50
بزرگ‌تری	50
بزی	50
بسترهای	50
بسطامی	50
بشناسد	50
بفروشد	50
بقتل	50
بلر	50
بلشویکها	50
بلع	50
بنياد	50
بنگاه‌های	50
بنیادگرایی	50
بهاء	50
بهرنگی	50
بهمنی	50
به‌خود	50
بوئین	50
بوته‌ها	50
بورومیر	50
بوگو	50
بویر	50
بویی	50
بکمک	50
بگذاریم	50
بیاد	50
بیانجامد	50
بیزار	50
بیلیون	50
بیماری‌هایی	50
بینا	50
بی‌طرف	50
بی‌طرفی	50
تاتا	50
تاج‌گذاری	50
تاسوعا	50
تایباد	50
تایر	50
تباه	50
تبعه	50
تحرکات	50
تحولاتی	50
تدریجا	50
تروآ	50
ترومپت	50
ترکمانچای	50
ترینیداد	50
تسلیحاتی	50
تسمه	50
تفسیرهای	50
تفنگدار	50
تقصیر	50
تقوایی	50
تلویزیون‌های	50
تلگرافی	50
تماس‌های	50
تمثیلی	50
تناظر	50
تنبلی	50
تنسر	50
تنظيم	50
تنگاتنگ	50
تهدیدهای	50
تهیه‌کنندگی	50
توان‌های	50
توربو	50
توربوفن	50
توضیحاتی	50
توفند	50
توپولوژیکی	50
تکنوازی	50
تکنیک‌ها	50
تکه‌ای	50
تیرانداز	50
ثانوی	50
ثبت‌نام	50
جاسبی	50
جانبداری	50
جای‌های	50
جدیت	50
جراحت	50
جسدش	50
جلگه‌های	50
جماران	50
جملاتی	50
جهادی	50
جهانگیری	50
جوئل	50
جوانب	50
جوانمردی	50
جوندگان	50
جوکار	50
جیغ	50
حجت‌الاسلام	50
حدفاصل	50
حرف‌های	50
حصارک	50
حفاری‌های	50
حفره‌ها	50
حقی	50
حكم	50
حكيم	50
حلاج	50
حلول	50
حواری	50
حکایات	50
خآب	50
خالکوبی	50
خانم‌ها	50
خاویر	50
خبرنامه	50
خجسته	50
خراشاد	50
خريد	50
خزعل	50
خزینه	50
خصب	50
خصوصیاتی	50
خلاص	50
خلجی	50
خمره	50
خوآن	50
خودت	50
خیوه	50
دارالمعلمین	50
دارت	50
داستان‌نویس	50
داستان‌هایش	50
داشتیم	50
داورزن	50
داون	50
دتریش	50
دخترک	50
درخواست‌های	50
درویشی	50
درگیری‌هایی	50
دسیسه	50
دشتک	50
دفاعیات	50
دقایق	50
دلهره‌آور	50
دمانس	50
دندانی	50
دوستم	50
دوسلدورف	50
دوقلوی	50
دونده	50
دوچرخه‌سواری	50
دوگانگی	50
دویل	50
ديگران	50
دپ	50
دگردیسی	50
دیاز	50
دیالوگ	50
دیریکله	50
دیلی	50
دیوانگی	50
دی‌ماه	50
ذرع	50
ذهنیت	50
ذیربط	50
راستش	50
راهزنان	50
راه‌حل	50
راکی	50
ربیعی	50
رضای	50
رفیعی	50
رهنمون	50
روانشناس	50
روزن	50
روسپیان	50
رومانتیک	50
رومیها	50
رویاها	50
روید	50
رگه	50
رگ‌ها	50
ریالی	50
ریسندگی	50
ریشه‌شناسی	50
ریشه‌ها	50
زارع	50
زاری	50
زبانشناسان	50
زرگری	50
زوزن	50
زیار	50
زیدی	50
زیرنظر	50
زیرگروه	50
زیرگونه	50
زیست‌محیطی	50
زیمنس	50
سارگن	50
سازوکار	50
ساسوکه	50
ساكنان	50
سالاد	50
سامانه‌ها	50
سامری	50
ساکرامنتو	50
سای	50
سرایش	50
سربیشه	50
سرخپوست	50
سرشناسی	50
سرنا	50
سرويس	50
سطلی	50
سفیدپوستان	50
سلاجقه	50
سلانگور	50
سنان	50
سنجری	50
سهمگین	50
سهیل	50
سوالاتی	50
سوانح	50
سوت	50
سورن	50
سوسک	50
سوفیا	50
سولو	50
سومکا	50
سوهان	50
سکه‌ای	50
سکونتگاه	50
سیده	50
سیرا	50
سیراب	50
سیروان	50
سیسکو	50
سیمانی	50
سیکلت	50
سیگنالی	50
شاره	50
شامپانزه	50
شاهانه	50
شاه‌عباس	50
شبوه	50
شخصی‌ها	50
شدیدترین	50
شرقي	50
شرور	50
شرکا	50
شفاعت	50
شمالی‌ترین	50
شمعون	50
شمو	50
شناخته‌شده‌ترین	50
شهرآورد	50
شهرضا	50
شورید	50
شوط	50
شيوه	50
شکوهی	50
شکیبایی	50
شیخیه	50
شیرها	50
شیفت	50
شینتو	50
صحنه‌ها	50
صحیفه	50
صدیقه	50
صفاییه	50
صفه	50
صفوف	50
صلی	50
ضیافت	50
طاق‌های	50
طبابت	50
طبيعت	50
طرح‌ریزی	50
طرح‌هایی	50
طنزآمیز	50
طنزی	50
طواف	50
ظالم	50
عارفانه	50
عباسعلی	50
عرش	50
عرفای	50
عزا	50
عصای	50
عضويت	50
علاءالدوله	50
علائمی	50
علميه	50
علیهم	50
عمارات	50
عمليات	50
عنکبوت	50
غذاخوری	50
غروی	50
غزال	50
غزل‌های	50
غصب	50
غنائم	50
غیرت	50
غیرنظامیان	50
فارسان	50
فاروج	50
فاس	50
فالکن	50
فایلی	50
فرآیندها	50
فراست	50
فرمانداران	50
فرمیون	50
فروتنی	50
فرورفتگی	50
فروشگاه‌ها	50
فروکش	50
فرکانس‌های	50
فریبرز	50
فشردگی	50
فصیح	50
فضاها	50
فضایل	50
فضولی	50
فطرت	50
فلاح	50
فلاحیان	50
فلاورجان	50
فنا	50
فندر	50
فنوتیپ	50
فورا	50
فوزیه	50
فولیک	50
فیات	50
فیروزه‌ای	50
قارچ‌ها	50
قبری	50
قرابت	50
قرضه	50
قرقره	50
قضایا	50
قلعة	50
قلوه	50
كنيم	50
كهكشان	50
كهن	50
كودكان	50
كورش	50
لئوپولد	50
لاریجان	50
لاهوتی	50
لردها	50
لسان	50
لعن	50
لعنت	50
لوئیز	50
لوزون	50
لوسی	50
لوله‌کشی	50
لوکاچ	50
لوکوموتیو	50
لوگوی	50
لیبل	50
لیدن	50
لیدیه	50
مؤتلفه	50
مؤنث	50
مارا	50
مارادونا	50
مارلیک	50
مارها	50
مارینو	50
مافیا	50
مالکین	50
مام	50
مانچینی	50
ماهیانه	50
مایه‌های	50
مبادا	50
مبالغ	50
متزلزل	50
متصدی	50
متفرقه	50
متنفر	50
متورم	50
مثله	50
محاکم	50
محبوبه	50
محتاج	50
محصولاتش	50
محموله	50
محکمه	50
مخ	50
مخرج	50
مخلوق	50
مداخلاتی	50
مدیچی‌ها	50
مذاکراتی	50
مذموم	50
مراقبت‌هایی	50
مرده‌اش	50
مرغوبیت	50
مروری	50
مرکوریوس	50
مسؤول	50
مسافت‌هایی	50
مسایلی	50
مسببان	50
مشابهت	50
مشتركا	50
مشوق	50
مضاف	50
مطالبه	50
معالمه	50
معلمینی	50
معلولینی	50
معمایی‌نویسان	50
معیاری	50
مغایرت	50
ملاط	50
ملودیکا	50
ملکام	50
ممیز	50
منبسط	50
منتظره	50
مندوزای	50
منفعت	50
موثرترین	50
مورب	50
مورخه	50
موسیقی‌هایی	50
موظفيم	50
موفقيتش	50
موفقیت‌آمیز	50
مونتاناری	50
مکری	50
مکزیکو	50
مگس	50
میرانو	50
میراکنندگی	50
میرساند	50
میزی	50
میلینه	50
می‌آمده‌اند	50
می‌بسته	50
می‌خورده	50
می‌دهم	50
می‌رسانده	50
می‌رسیده	50
می‌سراید	50
می‌شمارند	50
می‌فروشند	50
می‌نشینند	50
می‌نمایاند	50
می‌ورزید	50
می‌پندارند	50
می‌پوشند	50
می‌گریزد	50
ناامیدی‌ها	50
ناتلا	50
ناخالصی	50
ناراب	50
نارس	50
ناروتوی	50
ناسازگار	50
نافرمانی	50
ناقوس	50
ناله	50
نامتعارف	50
نامدارترین	50
نامساعد	50
ناموس	50
نایت	50
نبش	50
نتايج	50
نجبا	50
نداجا	50
نزديکان	50
نشاندهنده	50
نشانه‌گذاری	50
نشستی	50
نشیب	50
نصاب	50
نظام‌بخشیدن	50
نظريه‌ای	50
نعلینش	50
نعمتی	50
نقرس	50
نقش‌پذیری	50
نماينده‌ای	50
نمونه‌برداری	50
نمی‌آوردم	50
نمی‌پذیرفت	50
نورثامبریا	50
نورهر	50
نوظهور	50
نويسندگانی	50
نوکلئوتیدها	50
نگذشته‌است	50
نیاسلتی	50
نیرنگ	50
نیقیه	50
نیلس	50
نیم‌پرده	50
نیکاراگوآست	50
نیکولائوس	50
هاسلرو	50
هاوکینگز	50
هرجا	50
هرشلاگ	50
همایی	50
همیاران	50
هنرجویانش	50
هنرنمایی	50
هنگفتی	50
هوادارانشان	50
هوسرلی	50
هوشمندی‌ها	50
هوشیار	50
هولناک	50
هيئتي	50
هژیرآزاد	50
هیئت‌امنایی	50
هیجا	50
هیرآباد	50
هیچالوت	50
واسیلیس	50
واقعه‌ای	50
وزارتخانه‌های	50
ولو	50
ولیعهدی	50
وولف	50
ياقوت	50
پاريس	50
پاسخگوی	50
پالی	50
پایه‌ها	50
پایه‌گذاران	50
پایگاههای	50
پته	50
پدیده‌هایی	50
پردازشی	50
پردازنده‌ها	50
پرده‌ای	50
پرستاران	50
پرسشی	50
پرهزینه	50
پروتئینهای	50
پرورشگاه	50
پرچم‌های	50
پرکاربردترین	50
پزشكی	50
پلاتینیوم	50
پلوتارک	50
پلوتون	50
پلی‌تکنیک	50
پنجابی	50
پهلوها	50
پپن	50
پیشنهادهای	50
پیش‌نویس	50
پیمودن	50
پیوس	50
پیچید	50
پی‌درپی	50
چارک	50
چاقی	50
چلبی	50
چلیپا	50
ژل	50
کابل‌های	50
کاربردهایی	50
کارنو	50
کاستاریکا	50
کاشغر	50
کافور	50
کالین	50
کاندیداتوری	50
کاو	50
کاواک	50
کتف	50
کدیور	50
کرایسلر	50
کرجی	50
کرو	50
کروس	50
کسانیکه	50
کشمکش‌های	50
کلارینت	50
کلت	50
کلدپلی	50
کلوب	50
کلوپ	50
کلیه‌ها	50
کمونیستها	50
کنان	50
کندتر	50
کنسولگری	50
کنیسه	50
کوئیتو	50
کوبیدن	50
کوتاه‌تر	50
کوتاه‌ترین	50
کوخردی	50
کوهپایه‌ای	50
کیلوولت	50
کیهان‌شناسی	50
گاراژ	50
گال	50
گجرات	50
گرافیت	50
گراف‌های	50
گرانروی	50
گربه‌های	50
گرته‌برداری	50
گرمابه	50
گرومن	50
گریت	50
گزنفون	50
گسترده‌تر	50
گلبرگ	50
گلبول	50
گلزنی	50
گلوتن	50
گناهکار	50
گنوم	50
گوشواره	50
گونگ	50
گياه	50
گيری	50
گیتارهای	50
گیران	50
گیملی	50
یابیم	50
یادبودی	50
یر	50
یزدان	50
یلتسین	50
یمانی	50
یوجین	50
آبرنگ	49
آبسه	49
آبشاری	49
آتنی‌ها	49
آخماتووا	49
آرشاک	49
آرگون	49
آریامهر	49
آشامیدن	49
آلابای	49
آلتایی	49
آلرژیک	49
آلما	49
آمریکن	49
آمون	49
آمیختن	49
آمیختگی	49
آنتروپی	49
آنروز	49
آنندراج	49
آواشناسی	49
آویشن	49
آيت‌الله	49
آيين	49
آکنه	49
آگاتا	49
آینده‌ای	49
ابتداء	49
ابتهاج	49
ابیورد	49
اتهاماتی	49
اتومبیل‌رانی	49
اتوموبیل	49
اثربخشی	49
احشام	49
احقاق	49
اخترشناس	49
اخته	49
ادواردز	49
اراکی	49
اربابی	49
ارتعاشات	49
ارديبهشت	49
ارزن	49
ارسباران	49
ارسطویی	49
ارسنجان	49
ارضا	49
ارفعی	49
ارکسترهای	49
ارکستری	49
ازدست	49
استارت	49
استخوان‌ها	49
اسحق	49
اسرا	49
اسقلبیوس	49
اسلکور	49
اسماعيل	49
اسمبلی	49
اسپارو	49
اسپنسر	49
اس‌اس	49
اشترانکوه	49
اشرفیه	49
اشغالگر	49
اعاده	49
اعتنایی	49
اعشاری	49
اعطاء	49
اعلامیه‌های	49
اعلم	49
اغتشاشات	49
افریقا	49
افزارهای	49
افزودند	49
افسوس	49
افسون	49
افکنده	49
اقلیتی	49
اكثر	49
التزام	49
الزاما	49
الشعرای	49
الشیخ	49
المسلمین	49
النبی	49
النصر	49
الکرسی	49
امان‌الله	49
امرداد	49
امرسون	49
امریکن	49
امشاسپندان	49
امکانپذیر	49
انبه	49
انجدان	49
انديشه	49
انفعالات	49
انگليسي	49
ان‌بی‌ای	49
ان‌ها	49
اهداء	49
اهرام	49
اوبرت	49
اورلئان	49
اورول	49
اوریجن	49
اولیاء	49
اولیه‌ای	49
اينجا	49
اپراهای	49
اپن	49
اژه‌ای	49
اکابر	49
اکتان	49
اکتیو	49
اکسل	49
اکسپرسیونیسم	49
اکسیده	49
اگه	49
ایالتهای	49
ایزابل	49
اینجانب	49
این‌حال	49
ایو	49
ایواوغلی	49
بادها	49
باراندوزچای	49
بازان	49
بازخورد	49
بازوبند	49
باعنوان	49
بافتن	49
بالاک	49
بالتیمور	49
بالستیک	49
بانیان	49
باچان	49
بایسنقری	49
ببندد	49
بثورات	49
بحثهای	49
بخارایی	49
بختياري	49
بخشي	49
بخصوصی	49
بدبختی	49
بدرالدین	49
بدهی‌های	49
بدیع‌الزمان	49
برادوی	49
برخاسته‌اند	49
بررسی‌ها	49
برزخ	49
برسی	49
برلن	49
برهه	49
بروان	49
برونشیت	49
بسبب	49
بسته‌بندی	49
بشردوستانه	49
بلاذری	49
بلاغ	49
بلاغت	49
بلکی	49
بمبی	49
بندرهای	49
بنماید	49
بنگلور	49
بهنمیر	49
به‌خوبی	49
به‌عهده	49
به‌معنای	49
به‌هم	49
بوئنوس	49
بوتسوانا	49
بوقلمون	49
بویز	49
بویل	49
بپیوندند	49
بچگی	49
بکشلوچای	49
بگذار	49
بگذراند	49
بیابیم	49
بیاندازد	49
بیزانسی	49
بیطرف	49
بیماریزا	49
بینند	49
بینوایان	49
بیه	49
بیهوش	49
بیچاره	49
بی‌جان	49
بی‌سواد	49
بی‌پایان	49
تئو	49
تاثیرگذاری	49
تاجیک‌ها	49
تاو	49
تاک	49
تایلندی	49
تبادلات	49
تبلور	49
تجرید	49
تجهيزات	49
تجویدی	49
تحصیلش	49
تراس	49
ترجمه‌ها	49
ترموپیل	49
ترک‌زبان	49
تشعشعات	49
تفاوت‌ها	49
تفریق	49
تقوا	49
تنبل	49
تنظیمی	49
تنیدگی	49
توالت‌های	49
توانای	49
تورانی	49
توزیعی	49
توصیه‌های	49
توپ‌های	49
توکار	49
توگو	49
تکفیر	49
تیت	49
تیتو	49
جاجرم	49
جاودانی	49
جايگاه	49
جبرگرایی	49
جبهه‌ها	49
جراحات	49
جزیه	49
جستن	49
جلوه‌ای	49
جمالی	49
جمل	49
جناس	49
جوانتر	49
جونگ	49
جیبوتی	49
جینا	49
حاکمی	49
حر	49
حرا	49
حرب	49
حساب‌های	49
حقیر	49
حقیقتی	49
حكمت	49
حلبچه	49
حمایت‌های	49
حنبل	49
حوت	49
حیثیت	49
خاشاک	49
خانقین	49
خداشناسی	49
خسروانی	49
خصلت	49
خصیصه	49
خطاطان	49
خفقان	49
خلأ	49
خمیری	49
خوئی	49
خواجو	49
خواصی	49
خواندنی	49
خورشيد	49
خورشيدی	49
خیرین	49
خیلی‌ها	49
خیم	49
دادی	49
دارایی‌ها	49
داغی	49
دالتون	49
دانکن	49
دانی	49
داوودی	49
دايرکتوری	49
داگ	49
دایان	49
دخت	49
دخترها	49
درآیند	49
درانی	49
درای	49
درایوهای	49
دربرمی‌گیرد	49
درجهت	49
درجه‌های	49
درجه‌ی	49
درحالی‌که	49
دردی	49
درعین	49
دروازه‌ها	49
درکه	49
دریافته	49
دستانش	49
دستجرد	49
دسته‌ها	49
دستوراتی	49
دستگیرشدگان	49
دشت‌ها	49
دشمنانش	49
دلا	49
دلش	49
دلیری	49
دمبرگ	49
دمش	49
دنباله‌های	49
دندانه	49
دنور	49
دهل	49
دوازدهه	49
دوبلور	49
دوبیتی	49
دوتار	49
دومینیکن	49
دوکی	49
دکترایش	49
دکن	49
دیالیز	49
دیزمار	49
دیزی	49
دیسکها	49
دیسکی	49
دیمیتری	49
ذوالقدر	49
رابینز	49
راج	49
رادیولوژی	49
رادیوهای	49
رامسس	49
رامی	49
راهبردهای	49
راه‌هایی	49
راکد	49
رخشان	49
رزم‌آرا	49
رسانند	49
رشدیه	49
رشک	49
رضازاده	49
رغبت	49
رقیه	49
رموز	49
روانشناسان	49
روبات	49
روبان	49
روبروست	49
روده‌ای	49
روشنک	49
رویدادهایی	49
رکس	49
رکسانا	49
رکوردی	49
رگبار	49
ریکی	49
زاکسن	49
زاینده‌رود	49
زبان‌شناس	49
زمینه‌هایی	49
زندان‌ها	49
زوجی	49
زکی	49
زیمبابوه	49
زیگموند	49
سارکوزی	49
سازهایی	49
سالزبورگ	49
سالگي	49
سامگوک	49
سایتها	49
سته	49
سربازانش	49
سربند	49
سرتاسری	49
سرخ‌پوستان	49
سردتر	49
سردرگمی	49
سرده‌ای	49
سرشان	49
سرمایه‌ای	49
سرمی	49
سرهای	49
سرهنگی	49
سرگردانی	49
سریعی	49
سعيد	49
سقفی	49
سلان	49
سلطان‌آباد	49
سلمانی	49
سلین	49
سمنگان	49
سناریو	49
سنگین‌تر	49
سنگ‌نبشته	49
سواره‌نظام	49
سوخت‌های	49
سونیک	49
سوى	49
سکسی	49
سیاستها	49
سیب‌زمینی	49
سیردریا	49
سیستمیک	49
سی‌ام	49
شانسی	49
شانون	49
شاکی	49
شبه‌نظامی	49
شخم	49
شده‌باشد	49
شروان	49
شعبه‌ای	49
شماست	49
شمالي	49
شنکر	49
شهباز	49
شهردر	49
شهرنشین	49
شهريور	49
شومان	49
شکافته	49
شیا	49
شیشه‌ها	49
شیفتگی	49
شیوه‌ها	49
صائب	49
صاحبنظران	49
صاعقه	49
صبور	49
صدمین	49
صفی‌الدین	49
صمیمانه	49
صنعاء	49
صهیونیستی	49
صیانت	49
ضدیت	49
ضرابخانه	49
ضربه‌های	49
طائف	49
طاقی	49
طالبانی	49
طرفدارانش	49
طفل	49
عاقلی	49
عبدالصمد	49
عبرت	49
عذر	49
عشرت	49
عشیره	49
عظيم	49
عقیده‌اند	49
علامت‌های	49
علامرودشت	49
علتی	49
علی‌محمد	49
عملكرد	49
عنوان‌های	49
عکس‌هایی	49
غایی	49
غذاهایی	49
غربالگری	49
غزنین	49
غزوه	49
غلامی	49
غیاث‌الدین	49
فارسنامه	49
فایرفاکس	49
فتحی	49
فدریکو	49
فدک	49
فراگرفتن	49
فرزندشان	49
فرسا	49
فرستادگان	49
فرسنگی	49
فرسودگی	49
فرضیات	49
فروردين	49
فضاپیماهای	49
فعالیت‌هایش	49
فقره	49
فلمینگ	49
فوائد	49
فواد	49
فولر	49
فولکس	49
فومنی	49
فیجی	49
فیروزآبادی	49
قائمشهر	49
قاسملو	49
قالبهای	49
قانون‌های	49
قدرتش	49
قراردادها	49
قصری	49
قطرویه	49
قل	49
قلمه	49
قلهک	49
قواعدی	49
قوری	49
قوشچی	49
قویتر	49
قیفاووس	49
كتب	49
كرمانشاه	49
كمتر	49
كميته	49
لائوس	49
لابلای	49
لاتزیو	49
لالیگا	49
لجر	49
لحظاتی	49
لمسی	49
لمی	49
لوزی	49
لونا	49
لپه	49
لیره	49
لیستر	49
لینچ	49
مؤمنان	49
مؤید	49
مائوئیسم	49
مارهای	49
ماسال	49
ماشين	49
مالتی	49
مالدیو	49
مامایی	49
مانش	49
ماننا	49
ماکان	49
مایحتاج	49
مبادی	49
مبارزه‌ای	49
مبلمان	49
متأخر	49
متافیزیکی	49
متروپولیتن	49
متصرف	49
متعلقات	49
متغیری	49
متمول	49
متواری	49
متکلمان	49
مثال‌ها	49
مثلثات	49
مجادله	49
مجتمع‌های	49
مجذور	49
مجروحان	49
محمدمومن	49
محمدولی‌خان	49
مخزنی	49
مداول	49
مذگان	49
مراکزی	49
مرتد	49
مرتعی	49
مرتفع‌کننده	49
مرخای	49
مردانگیش	49
مركزيت	49
مروست	49
مسئولیت	49
مستحکم‌تر	49
مستورین	49
مشكلاتش	49
مشکین	49
مصباح	49
مصرع	49
مصفا	49
مظلوم	49
معیوب	49
مغرور	49
مغیریه	49
مفتحی	49
مفرغی	49
مقعر	49
مقولات	49
ملاقاتی	49
ممتد	49
ممیزی	49
مناجات	49
منم	49
منو	49
منوی	49
منچوریایی	49
مهمانخانه	49
مواضع‌شان	49
مودودخان	49
مودیان	49
مورانته	49
مورفی	49
موریاتیک	49
موریتانیا	49
موسسین	49
موشک‌های	49
موضوع‌هایش	49
موقتا	49
موهومی	49
مي‌تواند	49
مکاسبات	49
مکبن	49
میبدیان	49
میرزادگی	49
میریزد	49
میزوساوا	49
میچن	49
میکلآنجلو	49
میکل‌وایت	49
میگذارد	49
می‌بارد	49
می‌تابد	49
می‌جنگیده	49
می‌داده‌اند	49
می‌نوازد	49
می‌کوشید	49
می‌گشته	49
می‌گویم	49
می‌یافته	49
نئاندرتالنسیس	49
نابینایی	49
نارنجک	49
نازنین	49
ناسیونالیست	49
نامیبیا	49
نثری	49
نجابت	49
نجاریان	49
نجبه	49
نجف‌آبادی	49
نجم‌الثاقب	49
ندادند	49
نداده‌اند	49
نرمان‌ها	49
نستعلیق‌نویسانی	49
نسخه‌هایی	49
نسوز	49
نشسته‌است	49
نصرالسلطان	49
نعناع	49
نفاق	49
نفوذپذیری	49
نمودهایی	49
نمی‌آمدم	49
نمی‌بردند	49
نمی‌توانم	49
نمی‌دانسته	49
نوئمانتون	49
نوبنیادی	49
نوترینوها	49
نودها	49
نوزادی	49
نوشته‌شده	49
نوشیدنی‌هایی	49
نویم	49
نيما	49
نگارستان	49
نگارشی	49
هابیلیان	49
هالید‌ها	49
هانوفری	49
هدایتی	49
هلاکت	49
هلاکوخلعتبری	49
هلسینکی	49
همدوش	49
همزاد	49
همزه	49
همسایه‌ها	49
همنام	49
همکف	49
هنجار	49
هورمون‌هایی	49
هووز	49
هویتی	49
هیپنوتیزم	49
هیچ‌کس	49
واترستون	49
وارسی	49
وارنا	49
واضح‌تر	49
والنتینا	49
والیانت	49
وتر	49
وتو	49
ورزش‌هائی	49
ورلدبوک	49
وزارتخانه‌ها	49
وستلایف	49
وظایفی	49
وظیفه‌ای	49
وفاتش	49
وفق	49
ول	49
ولايت	49
وهله	49
ویتنامی	49
ویرا	49
ویروس‌های	49
ویرژیل	49
ویلز	49
ویژگیها	49
پارادایم	49
پارامونت	49
پارکور	49
پارک‌ها	49
پاسخگو	49
پاچینو	49
پديد	49
پرتره	49
پرتوها	49
پرجرم	49
پرستشگاه	49
پرسرعت	49
پرسیدند	49
پرورده	49
پرورشی	49
پروری	49
پروست	49
پروشات	49
پرويز	49
پرکاری	49
پریسلی	49
پریشانی	49
پسوندهای	49
پشیمانی	49
پلینی	49
پنداشت	49
پوزئیدون	49
پوشید	49
پوکی	49
پویای	49
پي	49
پژوهشي	49
پژوهی	49
پیامهای	49
پیج	49
پیرس	49
پیرمردی	49
پیشدادی	49
پیشرفته‌ای	49
پیشینه‌ای	49
پینگ	49
پیچیدگی‌های	49
پیکرش	49
پی‌سی	49
چربی‌ها	49
چرتکه	49
چسبنده	49
چشمش	49
چندبار	49
چندمنظوره	49
کائنات	49
کاتالونیا	49
کاتالوگ	49
کادرهای	49
کارآفرین	49
کارتوگرافی	49
کارفرما	49
کارفرمایان	49
کارناوال	49
کارکردن	49
کارکردی	49
کارگاهی	49
کاسی‌ها	49
کاش	49
کالبدی	49
کالسکه	49
کالو	49
کانن	49
کاهن	49
کاپیتولاسیون	49
کاکتوس	49
کدخدا	49
کرئون	49
کرامات	49
کرباسچی	49
کربوهیدرات	49
کردستانی	49
کشتزار	49
کشورداری	49
کشیده‌اند	49
کشیدگی	49
کشیشان	49
کلاهی	49
کلثوم	49
کلنگ	49
کمودور	49
کمونیست‌های	49
کمیسر	49
کمیل	49
کندر	49
کنسرتهای	49
کنفرانسی	49
کنفرانس‌های	49
کهولت	49
کوبه‌ای	49
کوشا	49
کولا	49
کولر	49
کوله	49
کوهستانهای	49
کوهمره	49
کوپا	49
کوچک‌تری	49
کوکاکولا	49
کپرنیک	49
کپنهاگ	49
کیسه‌ای	49
کیلووات	49
کیمیاگر	49
گاهان	49
گاهشمار	49
گبری	49
گذاردن	49
گرائی	49
گراس	49
گرامیداشت	49
گرانیت	49
گرايش	49
گرجیان	49
گرداب	49
گردانده	49
گرداننده	49
گردنش	49
گردنی	49
گردی	49
گرز	49
گروهش	49
گروههایی	49
گرویده	49
گرکان	49
گرگین	49
گرگ‌ها	49
گریگور	49
گزار	49
گزاره‌ها	49
گزاف	49
گزیده‌ای	49
گزینی	49
گسترده‌است	49
گفته‌ها	49
گمارد	49
گورستانی	49
گوری	49
گوشه‌ها	49
گيري	49
گیان	49
گیو	49
یارسان	49
یال‌ها	49
یام	49
یدک	49
یغمایی	49
یهودی‌ها	49
یونیورسال	49
یوکاریوتی	49
یکدیگرند	49
آخری	48
آدریاتیک	48
آدلر	48
آدمیت	48
آرال	48
آرایه‌شناسی	48
آرایه‌ها	48
آرسامس	48
آروماتیک	48
آرین	48
آزادیخواه	48
آلا	48
آلومینیومی	48
آلکالوئید	48
آلیاژی	48
آمالگام	48
آمبولانس	48
آمنه	48
آنجمله	48
آندو	48
آنطور	48
آنژین	48
آن‌جایی	48
آن‌قدر	48
آوازخوانی	48
آوانویسی	48
آپادانا	48
آپریل	48
آکیتا	48
آگوستوس	48
آیدین	48
أبو	48
ابتکارات	48
ابرقدرت	48
ابواب	48
اتان	48
اتحاديه	48
اتومبیل‌ها	48
اثباتی	48
اثرگذار	48
اجراست	48
اجرايي	48
اجزایی	48
اجیر	48
احتیاجات	48
احدی	48
احمدخان	48
احمق	48
اخوت	48
ادریسی	48
ادعیه	48
ادواری	48
اذن	48
ارده	48
اردکی	48
ارسی	48
ارشک	48
اركستر	48
ارمنی‌ها	48
اروس	48
اروین	48
اریتره	48
استثمار	48
استحصال	48
استراسبورگ	48
استرداد	48
استهبان	48
استپ	48
استیجاری	48
اسدآبادی	48
اسلامیه	48
اسلاو	48
اسنیپ	48
اسپ	48
اسکادران	48
اسکای	48
اسکورت	48
اسیری	48
اسیلاتور	48
اشان	48
اشتقاق	48
اشرافیت	48
اشکان	48
اشکفت	48
اشکنازی	48
اصطبل	48
اصطخری	48
اطلاعاتي	48
اعتصابات	48
اعتلای	48
اعجاز	48
اعرابی	48
اعلامیه‌ای	48
افخمی	48
افسار	48
افشان	48
الاستیک	48
الامام	48
الحاد	48
الحق	48
الخط	48
الدترافورد	48
الزامات	48
القرآن	48
المللي	48
المهدی	48
المپیا	48
النور	48
الگوبرداری	48
امل	48
انارک	48
انبیاء	48
انتروپی	48
انتقادها	48
انجيل	48
انحنا	48
انحنای	48
اندامها	48
اندامی	48
اندلسی	48
انسان‌شناسی	48
انضمام	48
انعطاف‌پذیر	48
انگشتر	48
انگیخت	48
اودین	48
اورتون	48
اولتیماتوم	48
اولر	48
ايالات	48
اپن‌آی‌دی	48
اپوس	48
اژدر	48
اکسپرس	48
ایاس	48
ایتالیای	48
ایرادات	48
ایرویز	48
ایروینگ	48
ایزاک	48
ایلخچی	48
ایل‌های	48
اینكه	48
بابلی‌ها	48
بابیان	48
باجگیران	48
بادخور	48
بادرود	48
باربی	48
بازداشت‌شدگان	48
بازل	48
بازوها	48
بازپرداخت	48
باستان‌شناس	48
باشگاه‌ها	48
بالفعل	48
بانفوذ	48
باگواس	48
بایستد	48
بتونی	48
بخرد	48
بخشنده	48
بخشها	48
بخشیدند	48
بخور	48
بدبینی	48
بدمینتون	48
بدنام	48
بدین‌سان	48
برآمدن	48
برآمدند	48
براستی	48
براندنبورگ	48
برانگیختن	48
برجها	48
بردارهای	48
برداشت‌های	48
برمن	48
برهم‌کنش	48
برهنگی	48
بروم	48
برگزيده	48
برگزیدن	48
برگمن	48
بریدگی	48
بریزید	48
بزرگترش	48
بسازیم	48
بسپار	48
بشناسند	48
بصورتی	48
بصیر	48
بعثی	48
بعل	48
بفتا	48
بفهمد	48
بقيه	48
بلده	48
بلندگو	48
بلوکی	48
بلوک‌های	48
بلی	48
بلیت	48
بناهایی	48
بنیادگذاری	48
بهاییان	48
بهزادی	48
بهلول	48
به‌زودی	48
به‌سوی	48
به‌علت	48
به‌همین	48
بودجه‌ای	48
بوران	48
بورلی	48
بورگوندی	48
بوف	48
بپوشاند	48
بکش	48
بگيرد	48
بیانات	48
بیاوریم	48
بیت‌های	48
بیمارستان‌های	48
بیندازد	48
بیکرلو	48
بی‌خوابی	48
تئاترهای	48
تابه	48
تابو	48
تاتارها	48
تاتاری	48
تاثیرگذارترین	48
تاجران	48
تارا	48
تاروت	48
تالقان	48
تانسور	48
تاکتیک‌های	48
تبری	48
تجهیزاتی	48
تحدید	48
تحفه	48
ترانزیستورها	48
ترفند	48
ترفیع	48
ترک‌های	48
تسئوس	48
تسو	48
تشخيص	48
تشنه	48
تصادفات	48
تصویرهای	48
تصویرگری	48
تعدی	48
تغييرات	48
تفرجگاه	48
تفکری	48
تقبیح	48
تلخیص	48
تماشاچی	48
تواین	48
توسعه‌ای	48
توصيف	48
توطئه‌ای	48
توقیع	48
تول	48
تکریم	48
تک‌شاخ	48
تیسافرن	48
تیمچه	48
تیک	48
جاماسب	48
جانز	48
جاوه	48
جایزه‌ها	48
جباری	48
جذامیان	48
جذبی	48
جزا	48
جلایر	48
جمعیت‌های	48
جمیل	48
جمینای	48
جهانگیریه	48
جهان‌بینی	48
جوامعی	48
جوانانی	48
جوانرود	48
جوان‌ترین	48
جوجه‌تیغی	48
جوهری	48
جیره	48
جیزه	48
جینگ	48
حام	48
حروفی	48
حساسی	48
حصر	48
حقه	48
حماسه‌های	48
حمورابی	48
حنظله	48
خارهای	48
خاطرنشان	48
خاک‌ها	48
خبرگزاری‌های	48
خجند	48
خردادماه	48
خرمای	48
خرمن	48
خشکبار	48
خصمانه	48
خطبه‌های	48
خلقی	48
خليج	48
خنجی	48
خودآگاه	48
خودجوش	48
خودخواه	48
خوشبخت	48
خوشبو	48
خوشحالی	48
خیری	48
خیزران	48
دائرةالمعارف	48
دادسرای	48
دارآباد	48
دارسی	48
داروخانه	48
داستانها	48
داستایوسکی	48
دانسیته	48
دانشگاهیان	48
دانه‌ای	48
دبوسی	48
دبير	48
دخالتی	48
دخل	48
درآمده‌اند	48
درآورده‌است	48
درآورند	48
دراج	48
درایه	48
درجنوب	48
درحقیقت	48
درسطح	48
درصورتی	48
درنده	48
درهم‌سازی	48
درپوش	48
درگذشتگان	48
دریاسالار	48
دستخط	48
دستگاه‌هایی	48
دقتی	48
دقيقه	48
دلهره	48
دلوار	48
دهانش	48
دهنده‌های	48
دهکردی	48
دوئل	48
دوازده‌امامی	48
دوامی	48
دوخته	48
دوربرد	48
دوربین‌ها	48
دورنمای	48
دوستت	48
دوغائی	48
دولاب	48
دونفره	48
دوپامین	48
دينی	48
دکل‌های	48
دیدارهای	48
دیده‌بان	48
دیل	48
ذهنش	48
رؤوس	48
رابسون	48
رادون	48
رازهای	48
راسخ	48
راشدین	48
رامون	48
راول	48
راوندی	48
رایانش	48
رخش	48
رزولوشن	48
رستمی	48
رستوران‌های	48
رسیدیم	48
رنوار	48
رنگش	48
رهگیری	48
روابطی	48
روايات	48
روبل	48
روبنده	48
رومان	48
رونمایی	48
ريزي	48
رژيم	48
رید	48
رینبو	48
زامبی	48
زانتی	48
زاکانی	48
زاییده	48
زبانشان	48
زبان‌شناسان	48
زبده	48
زلاندنو	48
زلزله‌ای	48
زمانبندی	48
زمزم	48
زنجبیل	48
زن‌ها	48
زهک	48
زوجه	48
زیب	48
زیبایی‌شناسی	48
زیرآب	48
زیست‌شناختی	48
ساتی	48
سارد	48
ساعی	48
سامسونگ	48
ساندرا	48
سان‌فرانسیسکو	48
سبث	48
سبقت	48
سبکتر	48
سبک‌ها	48
ستان	48
سترگ	48
ستونها	48
ستیزه	48
سجع	48
سرآیند	48
سرایندگان	48
سربازانی	48
سردسته	48
سرمایش	48
سروری	48
سعیده	48
سفتی	48
سفرای	48
سفره‌های	48
سفیدان	48
سفیدرنگ	48
سلطانعلی	48
سلوکیه	48
سمع	48
سمور	48
سناتورها	48
سنبل	48
سنبله	48
سنتزی	48
سنجد	48
سندیکای	48
سنسورها	48
سوءتغذیه	48
سوئیت	48
سوراخ‌های	48
سولاریس	48
سولفور	48
سوماترا	48
سوپرانو	48
سيستان	48
سیاحان	48
سیاستگذاری	48
سیاهرود	48
سیدان	48
سیدحسن	48
سیدی	48
سیلان	48
سینمائی	48
سیه‌رود	48
سیکلوترون	48
شاردن	48
شارع	48
شاسی	48
شانه‌ای	48
شاهسون	48
شاهو	48
شاه‌جهان	48
شایع‌ترین	48
شایگان	48
شباهت‌هایی	48
شتافتند	48
شجاعانه	48
شخصیت‌هایی	48
شرف‌الدین	48
شری	48
شریانهای	48
شعبه‌های	48
شمش	48
شناختند	48
شناسند	48
شهامت	48
شهرهاي	48
شهیار	48
شوستر	48
شول	48
شون	48
شوچنکو	48
شویی	48
شکافی	48
شکست‌های	48
شکوهمند	48
شیخی	48
صاحبش	48
صادرکننده	48
صادقانه	48
صالح‌آباد	48
صحافی	48
صدهزار	48
صفاتی	48
صفار	48
صفتی	48
صفین	48
صلاله	48
صناعت	48
ضیاالدین	48
طاهرزاده	48
طبیعتا	48
طراحی‌های	48
طرحها	48
طهارت	48
طهران	48
ظلمت	48
عالیات	48
عبا	48
عباد	48
عباسقلی	48
عجله	48
عجین	48
عشری	48
عصری	48
عصیان	48
عقیده‌ای	48
عقیم	48
علامات	48
علمی‌تخیلی	48
عمارتی	48
عمامه	48
عملگرها	48
عملیاتهای	48
عناوینی	48
عنبران	48
عنقا	48
عیان	48
غریزه	48
غلامحسين	48
فاخر	48
فارسی‌زبانان	48
فارغ‌التحصیلی	48
فاضله	48
فالون	48
فایلها	48
فتحعلی‌شاه	48
فراخور	48
فراغول	48
فرانسیوم	48
فرانکی	48
فرانک‌ها	48
فراه	48
فردوست	48
فرزانگان	48
فرزندانی	48
فرسخی	48
فرشته‌ای	48
فرشید	48
فرمان‌روایی	48
فرهادی	48
فرودگاه‌ها	48
فروشان	48
فریتز	48
فریزر	48
فسیل‌های	48
فصلهای	48
فعالیت‌اش	48
فلوئور	48
فلور	48
فلیپ	48
فواره	48
فوج	48
فوریت	48
فونت	48
فیبوناچی	48
فیثاغورث	48
فیزیولوژیکی	48
فیش	48
قائد	48
قابليت	48
قاجارها	48
قاره‌های	48
قاری	48
قالیبافی	48
قانونمند	48
قاچاقچیان	48
قبيل	48
قدما	48
قدمی	48
قدوسی	48
قدیسان	48
قراء	48
قرائن	48
قرارمی	48
قرانقو	48
قرص‌های	48
قضاء	48
قضیه‌ای	48
قمرهای	48
قناتی	48
قنات‌ها	48
قنات‌های	48
قناعت	48
قنوات	48
قهدریجان	48
قوچانی	48
قیاسی	48
قیم	48
كلاس	48
كيلومتری	48
كیلومتر	48
لاروها	48
لاست	48
لاکهید	48
لایپزیک	48
لجستیک	48
لحنی	48
لرزه‌ای	48
لنون	48
لنکرانی	48
لنینیسم	48
لهجه‌ای	48
لور	48
لیبریا	48
لیتری	48
ماتیو	48
ماجراها	48
مارتا	48
مارون	48
مافی	48
ماموریتی	48
مانویان	48
مانگای	48
ماهوی	48
مبالغه	48
مبدل‌پوشی	48
متاخر	48
متدین	48
متعاقبا	48
متفق	48
متل	48
متوکل	48
مثلثاتی	48
مجار	48
مجارستانی	48
مجاهدان	48
مجد	48
مجرا	48
مجرب	48
محافظه‌کاران	48
محدثان	48
محكومان	48
مخاطرات	48
مخطط	48
مخلان	48
مخلوقات	48
مدائنی	48
مدارا	48
مداوا	48
مذهبيشان	48
مراجعان	48
مرام	48
مرغابی	48
مرید	48
مریمن	48
مزدور	48
مسجدالحرام	48
مشایخی	48
مشخصا	48
مشیرآباد	48
مصائبي	48
مصرف‌کنندگانی	48
مصروف	48
معاهداتی	48
معجزاتش	48
معما	48
مغازه‌ها	48
مقايسه‌ای	48
مقدسات	48
مقفه	48
ملالی	48
ملتحمه‌ای	48
ملودی‌هایی	48
ملکوتش	48
ملکولی	48
مماس	48
منتشرشده	48
مهاجرت‌پذیر	48
مهرنشانی	48
مهره‌دارانی	48
مهرپرور	48
مهلکه‌ای	48
مهناو	48
مهوش	48
مهیج	48
موافقتنامه	48
موجهای	48
مولداویایی	48
مولیراو	48
مکانهایی	48
مکلف	48
مک‌کارتی	48
میبرد	48
میتوز	48
میداند	48
میدانند	48
میدانچه	48
میرزایی	48
میزانی	48
میسونری	48
میلاتد	48
میماند	48
میکرومتر	48
میکوپلاسماها	48
می‌توانم	48
می‌جوید	48
می‌دانید	48
می‌زنیم	48
می‌شناختند	48
می‌شنود	48
می‌شوید	48
می‌طلبد	48
می‌نهد	48
می‌پنداشتد	48
می‌گيرند	48
نئوناتولوژی	48
نارنگی	48
نازلوچای	48
نافع	48
نامها	48
نامیم	48
ناهنجار	48
ناپایداری	48
نبراسکای	48
نتیجتا	48
نخبه	48
نرسه‌هرمزد	48
نسلي	48
نشست‌هایی	48
نعل	48
نغمه‌پرداز	48
نقصان	48
نماها	48
نمرات	48
نمی‌توانیم	48
نمی‌ماندند	48
نهادینه‌است	48
نوآوری‌هایش	48
نوازش	48
نوتاتوم	48
نوترکیبی	48
نوجوی	48
نورس	48
نورون‌هایی	48
نيرويش	48
نيرویی	48
نپذیرفتند	48
نگاشته‌اند	48
نگذاشتم	48
نگرانی‌هایش	48
نیمایی‌اش	48
نیوانگلندی	48
نیوتنی	48
نیکوکاری‌اش	48
هابیتش	48
هاتف	48
هارترو	48
هاله‌ای	48
هخامنشان	48
هدایا	48
هرمزبن	48
هرمنوتیکی	48
هرچیز	48
هسته‌ها	48
هلمسلی	48
همانی	48
همبازی	48
همراهش	48
هم‌ارزی‌ای	48
هنری‌ای	48
هوايش	48
هورآها	48
هون‌های	48
هویی	48
هکتولیتر	48
هیاج	48
هیهوکان	48
هیپوتالاموسی	48
هیچ‌کدام	48
وارون	48
واریانس	48
والریا	48
واله	48
والیسک	48
وثوق‌الدوله	48
ورا	48
ورسکین	48
ورودش	48
ورودی‌ها	48
وزنش	48
وسپ	48
وشمگیر	48
وظيفه	48
وقار	48
وقتیکه	48
ولتر	48
ولزی	48
ولینگتون	48
ولی‌الله	48
وچون	48
ویتنی	48
ویتگنشتاین	48
ویمبلدون	48
يابد	48
يكديگر	48
پائول	48
پارس‌ها	48
پارکهای	48
پاشیدن	48
پایتخت‌های	48
پایونیر	48
پدافندی	48
پدیدارشناسی	48
پرارزش	48
پراگرسیو	48
پرتقالی	48
پرتودرمانی	48
پرتگاه	48
پرده‌ها	48
پررونق	48
پرستو	48
پره‌های	48
پروان	48
پروانه‌ها	48
پروتز	48
پرونده‌ها	48
پروپان	48
پریکارد	48
پسرک	48
پلاکت	48
پلاکت‌ها	48
پلمپ	48
پله‌ها	48
پلوتو	48
پنبه‌ای	48
پواسون	48
پود	48
پوری	48
پولاک	48
پوپ	48
پویش	48
پيام	48
پيمان	48
پيوسته	48
پيوند	48
پژوهندگان	48
پیاده‌روی	48
پیرمحمد	48
پیزو	48
پیشرونده	48
پیشه‌وری	48
پیش‌زمینه	48
پیش‌پردازنده	48
پیغامی	48
پیغان‌چایی	48
پیلین	48
پیکچرز	48
چارچوبی	48
چاوز	48
چراگاه	48
چرچ	48
چشمک	48
چن	48
چندساله	48
چوبک	48
چيزی	48
چپی	48
چیره‌دست	48
چینش	48
ژئوفیزیک	48
ژولیت	48
کابل‌ها	48
کاتولیک‌ها	48
کارائی	48
کارزار	48
کازینو	48
کاستیا	48
کاشفان	48
کاماکورا	48
کامی	48
کامیاران	48
کانال‌ها	48
کانجی	48
کانی‌های	48
کاپیتانی	48
کایلی	48
کتاب‌هایش	48
کدخدای	48
کذب	48
کربلای	48
کرده‌بودند	48
کرسی‌های	48
کروموزوم‌ها	48
کرونوس	48
کریستوف	48
کریستیان	48
کریستینا	48
کریولیس	48
کریک	48
کشتارهای	48
کفش‌های	48
کلاب	48
کلاسی	48
کلانی	48
کلبه	48
کلدانی	48
کله‌بوز	48
کلونی	48
کلینت	48
کمره‌ای	48
کمیته‌ای	48
کمیته‌ها	48
کم‌خونی	48
کنتراست	48
کنترل‌های	48
کنتیکت	48
کنج	48
کنفسیوس	48
کهریز	48
کهف	48
کهک	48
کوارک‌ها	48
کوته	48
کوتوله‌های	48
کودکانه	48
کوران	48
کورتیزول	48
کوششی	48
کون	48
کوهسرخ	48
کوهپایه‌های	48
کوپرنیک	48
کوکا	48
کیشلوفسکی	48
کیفیتی	48
کینگز	48
کیکاووس	48
گازپروم	48
گاندور	48
گاهنامه	48
گبر	48
گتوند	48
گداخته	48
گرامافون	48
گرانی	48
گرایید	48
گرجیها	48
گرداندن	48
گرمترین	48
گرند	48
گرهی	48
گریزی	48
گریم	48
گزند	48
گفتارهای	48
گلخانه	48
گلوله‌های	48
گلیکوژن	48
گناوه	48
گودی	48
گیبل	48
گیجی	48
گیره	48
گیشه	48
یادداشتی	48
یادگارهای	48
یخچال‌های	48
یدیشی	48
یرقان	48
یقه	48
یم	48
یهودی‌نشین	48
یوان	48
یکا	48
یکتاپرستی	48
یک‌چهارم	48
آئینه	47
آبدار	47
آبدانان	47
آبل	47
آبیک	47
آتاترک	47
آث	47
آرتیفکت	47
آردا	47
آرزوها	47
آرلینگتون	47
آرکانزاس	47
آزادیبخش	47
آزادی‌خواهان	47
آزرده	47
آزمودن	47
آزکابان	47
آسیبهای	47
آفاق	47
آفریقائی	47
آقامحمدخان	47
آقایی	47
آلاشت	47
آلبرتا	47
آلمالو	47
آمونیوم	47
آنارشیست	47
آنتی‌بیوتیک	47
آندرس	47
آندری	47
آنژیوتانسین	47
آنیون	47
آهنربای	47
آوازها	47
آویز	47
آية	47
آيه	47
آیداهو	47
آینه‌ای	47
آیوی	47
ابررسانا	47
ابوالفرج	47
ابومحمد	47
اتاوا	47
اتومبیلی	47
اثرگذاری	47
احساساتی	47
اختناق	47
اد	47
ادراکی	47
ادله	47
اراذل	47
ارت	47
اردکانی	47
ارغون	47
ارگاسم	47
ارگانیک	47
ازدواجش	47
استامینوفن	47
استرابون	47
استنشاق	47
استوای	47
استونز	47
استیت	47
اسطرلاب	47
اسقفی	47
اسپوتنیک	47
اسکالر	47
اشتاین	47
اشرار	47
اشنایدر	47
اشنویه	47
اصطلاحاتی	47
اصلی‌اش	47
اضافات	47
الاصول	47
الاطباء	47
الجبال	47
الجیشی	47
الحساب	47
الحسینی	47
الرحیم	47
الشعرا	47
القضات	47
المنافع	47
الن	47
امیدواری	47
امیرالمؤمنین	47
امیرخانی	47
امیرعباس	47
امیرنشین	47
انبر	47
انبیا	47
اندام‌ها	47
اندیش	47
انزال	47
انزوای	47
انسان‌هایی	47
انسان‌گرایی	47
انقلاب‌های	47
اوس	47
اوستیا	47
اوغلو	47
اولیای	47
اولیور	47
اونیل	47
اوون	47
اوچ‌تپه	47
اویغور	47
اپک	47
اچ‌تی‌ام‌ال	47
اکراه	47
اکسیدهای	47
ایثار	47
ایزاناگی	47
ایفاگر	47
اینترفرون	47
اینهمه	47
این‌باره	47
بادبانی	47
بازتابش	47
بازگویی	47
بازیباز	47
باشنده	47
باغبان	47
بالزاک	47
بانویی	47
بانکوک	47
باورنکردنی	47
بحث‌ها	47
بختگان	47
بخوان	47
بداهه	47
بداهه‌نوازی	47
بدیل	47
برآوردن	47
برآوردهای	47
برآید	47
برافراشته	47
بربری	47
برجاست	47
برده‌ها	47
برزن	47
برمیگردد	47
برمی‌دارد	47
برگشتی	47
برگه‌های	47
بسمت	47
بسپارد	47
بسیجیان	47
بلای	47
بلندش	47
بنین	47
بهره‌ای	47
به‌حساب	47
به‌سرعت	47
بودائی	47
بوردو	47
بوز	47
بوسنیایی	47
بولینگ	47
بيماری	47
بچه‌ای	47
بکاهد	47
بکت	47
بکرآباد	47
بگم	47
بیاض	47
بیانیه‌های	47
بیسیست	47
بینید	47
بی‌اشتهایی	47
بی‌شمار	47
تأویل	47
تئوریسین	47
تابلویی	47
تابناک	47
تاریخ‌های	47
تامار	47
تامس	47
تجارتخانه	47
تحصیلکرده	47
تدارکاتی	47
تدافعی	47
تراست	47
تراویس	47
تریر	47
تریلر	47
تسامح	47
تصمیماتی	47
تصنیف‌های	47
تصوری	47
تطهیر	47
تعصبات	47
تغذیه‌ای	47
تلاشها	47
تلسکوپ‌ها	47
تلقین	47
تله‌کابین	47
تندر	47
توده‌ها	47
تورانیان	47
توسکانی	47
توسی	47
تونگا	47
توپر	47
تير	47
تيره	47
تکینگی	47
تیامین	47
ثلاث	47
ثواب	47
جاجرود	47
جالینوس	47
جامعیت	47
جانبازان	47
جايی	47
جبیر	47
جداکننده	47
جست‌وجو	47
جسی	47
جفتگیری	47
جلای	47
جمع‌وند	47
جند	47
جنید	47
جهت‌دار	47
جهشی	47
جوری	47
جوچه	47
جویانه	47
جوید	47
جویس	47
جیپ	47
جی‌پی‌اس	47
حائل	47
حاجت	47
حشره‌کش	47
حصیر	47
حقانی	47
حماد	47
حمیدی	47
حمیر	47
حوصله	47
حيوانات	47
حکومت‌ها	47
خارشتر	47
خازنها	47
خاصیتی	47
خالدار	47
خالصی	47
خاندانی	47
خانه‌هایشان	47
خاورشناسی	47
خبرها	47
خداوندی	47
خرافی	47
خردل	47
خردگرایی	47
خرمکوه	47
خشنودی	47
خلسه	47
خواستن	47
خوانش	47
خودارضایی	47
خورند	47
خورگام	47
خولان	47
دادگر	47
دارابی	47
داشلی‌برون	47
داعی	47
دامها	47
داپلر	47
دبیان	47
دجال	47
دخول	47
دراستان	47
دربارة	47
دربین	47
درختانی	47
درز	47
درماتیت	47
درمان‌های	47
دروغگو	47
درکی	47
دریفوس	47
دریچه‌ای	47
دریچه‌های	47
دست‌های	47
دست‌یابی	47
دغدغه‌های	47
دفترهای	47
دقایقی	47
دلالی	47
دلی	47
دماغ	47
دهکده‌های	47
دوانی	47
دوراهی	47
دوربینی	47
دوره‌هایی	47
دوزیستان	47
دوسالانه	47
دوست‌محمد	47
دومینگو	47
ديوار	47
دیدگی	47
دینور	47
ذراع	47
ذن	47
رابی	47
رابینسون	47
رادارهای	47
رادان	47
راما	47
راهروی	47
راهها	47
راکتورها	47
راکتیو	47
رخدادها	47
ردپای	47
ردیف‌های	47
رسانای	47
رشادت	47
رصدی	47
رضوانی	47
رعب	47
رعنا	47
رقصیدن	47
رقیبی	47
روباتیک	47
رودولف	47
روزشمار	47
رولان	47
رولند	47
روماتیسم	47
رونالدینیو	47
رونوشت	47
روهان	47
ریاضی‌دانان	47
ریخت‌شناسی	47
ریواس	47
زائر	47
زارعی	47
زجر	47
زرنگ	47
زریاب	47
زمانی‌که	47
زندگان	47
زندیان	47
زنها	47
زوار	47
زورخانه	47
زپلین	47
زیاری	47
زیرشاخه	47
زیرکی	47
سا	47
ساعدی	47
سالامیس	47
سالید	47
ساکسوفون	47
ساید	47
ستوندار	47
سجادی	47
سخت‌پوستان	47
سخنوران	47
سخنگو	47
سرحدات	47
سرمایه‌گذاران	47
سرمشق	47
سرمقاله	47
سزاوار	47
سنتر	47
سنتوری	47
سندهای	47
سهامداران	47
سوادی	47
سوازیلند	47
سورا	47
سوران	47
سوله	47
سکتور	47
سیدحسین	47
سیذارتا	47
سیرت	47
سیس	47
سیمبیان	47
سینایی	47
سیگنالینگ	47
شئون	47
شائولین	47
شادگان	47
شامپانزه‌ها	47
شاهنشاهان	47
شبات	47
شبان	47
شبانه‌روز	47
شبانه‌روزی	47
شتران	47
شترمرغ	47
شديد	47
شرافت	47
شریانی	47
شطرنجی	47
شعراء	47
شم	47
شمال‌غربی	47
شناسايي	47
شن‌های	47
شهریست	47
شوان	47
شوت	47
شوریدند	47
شوشا	47
شوماخر	47
شونبرگ	47
شکری	47
شکنجه‌ها	47
شید	47
شیراک	47
شیون	47
صائین	47
صادقیه	47
صحیحی	47
صداهایی	47
صرب	47
صندوق‌ها	47
صوفیانه	47
طنین	47
طهماسبی	47
طهمورث	47
ظرفیت‌های	47
عالمی	47
عبارت‌های	47
عبداله	47
عدنان	47
عربهای	47
عزاداران	47
عزای	47
عقيده	47
علا	47
علاج	47
علف‌های	47
علیخان	47
عملیات‌ها	47
عناب	47
عوفی	47
عیسویان	47
غازهای	47
غازیان	47
غاصب	47
غربال	47
غوطه	47
غیررزمی	47
فئودال	47
فائزه	47
فالانژ	47
فاکنر	47
فایروال	47
فتویه	47
فدا	47
فراسوی	47
فراعنه	47
فرامرزی	47
فراوری	47
فرایبورگ	47
فرخنده	47
فرمول‌های	47
فرهنگها	47
فریبا	47
فریدونشهر	47
فضائل	47
فضلای	47
فضلی	47
فقیری	47
فلاش	47
فني	47
فنیقی‌ها	47
فهد	47
فهیمه	47
فوبوس	47
فیاض	47
فیشینگر	47
فیلم‌ساز	47
قارچها	47
قایقی	47
قبرها	47
قبرهای	47
قرا	47
قراری	47
قراقویونلو	47
قرق	47
قرنی	47
قریحه	47
قرین	47
قزاقی	47
قزوين	47
قشرهای	47
قطبش	47
قلم‌های	47
قلندر	47
قنبر	47
قهرماني	47
قومس	47
قیمتها	47
قیمومت	47
كاشان	47
كدام	47
كلاچائ	47
لام	47
لف	47
لفور	47
لنگرگاه	47
لوای	47
لوز	47
لیانگ	47
لیتوانیایی	47
لیلیث	47
لیکود	47
مأخذ	47
مؤلفان	47
ماجراهایی	47
ماراتن	47
مارینا	47
مالاریای	47
مالاوی	47
مای	47
مایکروویو	47
مبارزین	47
مبلغین	47
متبوع	47
متفکرین	47
متوسطی	47
مجتهدین	47
مجوس	47
محدوده‌های	47
محسوسی	47
محمدصادق‌خان	47
محمودیه	47
مخبرالملک	47
مدرسه‌ها	47
مدونای	47
مراقبه	47
مراکشی	47
مرغداری	47
مرفین	47
مرم	47
مرموق	47
مزاری	47
مزامیر	47
مساعی	47
مستعمراتی	47
مسکون	47
مشتاقانش	47
مشرکانی	47
مصطفویه	47
مضحک	47
مطران	47
معاونانش	47
معتضد	47
معمرترین	47
مغازی	47
مقبره‌ای	47
مقره‌های	47
مقطع‌ها	47
مقلد	47
ملی‌گرایی	47
مناري	47
منجرشود	47
منحصرا	47
مننژیت	47
منوال	47
منیراعظم	47
مهارتی	47
مهدوین	47
مواسمی	47
موبی‌تکس	47
موتزارتک	47
مودودیه	47
مورس	47
موسسه‌ی	47
مولتی	47
مولدهای	47
مونه	47
مکاترونیکی	47
میائو	47
میانماروسریلانکا	47
میخواند	47
میرخدیوی	47
میزبان‌هایش	47
میلیاردهایی	47
میندر	47
میوزیکال	47
می‌رویند	47
می‌پذیرفتم	47
می‌کنی	47
ناباروی	47
ناخدایان	47
ناخرسندی‌ها	47
نادیای	47
ناسیونالیستی	47
ناف	47
نانکانا	47
ندانسته	47
نشريه‌های	47
نظاره	47
نقاره	47
نقایص	47
نقطه‌ویرگول	47
نكرد	47
نمابرهای	47
نمی‌رسیدند	47
نهتانی	47
نهد	47
نوپادشاهان	47
نوییم	47
نکن	47
نگردیده‌است	47
نگرورزانه	47
نگریست	47
نگریسته	47
نیکوکارانه	47
هجا	47
هدایایی	47
هذالحرم	47
هرس	47
هلاکوخان	47
هلی	47
همانندسازی	47
همةما	47
همجنسگرایانه	47
همجنس‌گرایانه	47
همدست	47
همنهشتی	47
همکارش	47
هنجاره‌ها	47
هندوراس	47
هندی‌هائی	47
هوانگهو	47
هومیوپاتیک	47
هیستامین	47
واترلوی	47
واضع	47
واقع‌گری	47
والریو	47
وایلدر	47
وایپر	47
ورودي	47
ورگ	47
ورگهان	47
وطنخواه	47
وقفه‌ای	47
ولایت‌های	47
ولتاژی	47
ولگرد	47
وهابیت	47
ویت	47
ویتامین‌ها	47
ویتس	47
ویتمن	47
ویدیوی	47
ویرجینیای	47
ویولا	47
يونان	47
پارامتری	47
پارسی‌ها	47
پازولینی	47
پاسیفیک	47
پاشی	47
پالسی	47
پایکوبی	47
پذيرفته	47
پذیرفتنی	47
پذیرنده	47
پرسش‌ها	47
پرنفوذ	47
پروانه‌ای	47
پریده	47
پلاسمایی	47
پلتفرم	47
پلیمرها	47
پهلوي	47
پورن	47
پوشش‌های	47
پولاد	47
پوندی	47
پیشرفتی	47
پیشروان	47
پیشگاه	47
پیموده	47
پیوسته‌ای	47
پیچیده‌است	47
چامسکی	47
چاکرا	47
چایی	47
چت	47
چراغ‌های	47
چرایی	47
چرخد	47
چسبناک	47
چسبیدن	47
چشایی	47
چشت	47
چشمانی	47
چلچراغ	47
چندضلعی	47
چهاردولی	47
چهارگاه	47
چپ‌گرای	47
چیانگ	47
چیستی	47
ژانرهای	47
ژانگ	47
ژلاتین	47
ژوهانسبورگ	47
کابلهای	47
کاتالیزور	47
کارتریج	47
کاردان	47
کاردی	47
کاروانیان	47
کاسینی	47
کافران	47
کامل‌تر	47
کامپایلرها	47
کانتی	47
کاپادوکیه	47
کتاب‌شناسی	47
کرتو	47
کردشت	47
کرفس	47
کریست	47
کشاکش	47
کشتگان	47
کشمیری	47
کشند	47
کلاسها	47
کلاسیکی	47
کلاچ	47
کلب	47
کلزا	47
کلمه‌های	47
کلکتور	47
کمانی	47
کمشک	47
کمینترن	47
کنيم	47
کنکورد	47
کهنوج	47
کوت	47
کوتاهش	47
کوش	47
کوشان	47
کچاپ	47
کیانوری	47
کیج	47
کیشوت	47
گارفیلد	47
گاری	47
گازوئیل	47
گالن	47
گرانبهای	47
گرانج	47
گردان‌های	47
گردباد	47
گرمادوز	47
گروس	47
گس	47
گشتن	47
گلژی	47
گمشدگان	47
گمنامی	47
گوبلز	47
گوش‌های	47
گوچی	47
گوگول	47
گیلبرت	47
گیم‌پلی	47
گیوتین	47
یاخته‌ای	47
یادداشتهای	47
یافته‌ای	47
یاور	47
یدکی	47
یزیدیان	47
یوتیوب	47
یوفو	47
یون‌های	47
یوگوسلاوی	47
یکنواختی	47
آبخیز	46
آتشکده‌های	46
آدرنال	46
آراستن	46
آرامگاه‌های	46
آرتروز	46
آریتمی	46
آزبورن	46
آزی	46
آسودگی	46
آغداشلو	46
آفرودیته	46
آقاسی	46
آق‌بلاغ	46
آلبر	46
آلفای	46
آلومینیم	46
آلوچه	46
آلیسم	46
آل‌احمد	46
آموزشگاه‌های	46
آمیخت	46
آمیخته‌ای	46
آنانی	46
آناکین	46
آنتالیا	46
آنتونیوس	46
آنتیل	46
آنجلو	46
آندی	46
آنزیمهای	46
آنه	46
آنوفل	46
آنچنانکه	46
آنژیوگرافی	46
آهنربا	46
آهنگها	46
آهی	46
آواتار	46
آوار	46
آوانگارد	46
آوران	46
آپ	46
آپاندیس	46
آگاهی‌های	46
آگره	46
آیرودینامیک	46
آی‌پاد	46
أبی	46
ابداعی	46
ابقا	46
اتوبوس‌های	46
اتکای	46
اجاره‌ای	46
اجسامی	46
احادیثی	46
اخترفیزیک	46
اختلاس	46
اخص	46
ادیت	46
ارتباطاتی	46
ارتودکس	46
ارجحیت	46
ارسنجانی	46
ارضای	46
ارل	46
ازن	46
اسبان	46
اسبهای	46
استاتور	46
استالینگراد	46
استانها	46
استحمام	46
استخری	46
استدلال‌های	46
استرالیای	46
استرلینگ	46
استریل	46
استعلایی	46
استیفن	46
استیناف	46
اسدخان	46
اسقفان	46
اسپید	46
اسکارلت	46
اصلانی	46
اطراق	46
اطریش	46
اظهارنظر	46
اعتراض‌های	46
اعلیحضرت	46
اعمار	46
افاغنه	46
افست	46
اقلیتهای	46
اقمار	46
اقیانوسها	46
اكبر	46
الاسرار	46
البسه	46
الخصوص	46
الشیعه	46
الناس	46
الکترومکانیکی	46
الیاده	46
الیزه	46
الیسون	46
امامزاده‌ای	46
امنا	46
اموات	46
امیال	46
انتشارش	46
انجامیده	46
اندازه‌ها	46
اندیشه‌ای	46
انریکو	46
انساب	46
انضباطی	46
انیس	46
اوروک	46
اوستای	46
اوهام	46
ايوان	46
اپرایی	46
اپلت	46
ایان	46
ایجاز	46
ایران‌زمین	46
ایروانی	46
ایزابلا	46
ایزدبانو	46
ایستر	46
ایلینویز	46
اینترپل	46
ایهود	46
ایگور	46
بابیلون	46
باث	46
بازجویان	46
بازدم	46
باستیل	46
باسن	46
باشه	46
باغلی	46
باغین	46
بالابردن	46
بالادست	46
بالکن	46
باهاما	46
باپتیست	46
ببرید	46
ببین	46
بتای	46
بحری	46
بخشایش	46
بدینوسیله	46
برابرند	46
براورد	46
برایانت	46
برخوردها	46
بررسیهای	46
برونی	46
بریتنی	46
بزاقی	46
بزرگي	46
بزم	46
بسادگی	46
بش	46
بشار	46
بصیرت	46
بعض	46
بقول	46
بلوم	46
بلکمور	46
بندرانزلی	46
بندپی	46
بهترین‌های	46
بهمنیار	46
به‌طوری‌که	46
به‌علاوه	46
به‌معنی	46
بوته‌ای	46
بوداییان	46
بودیسم	46
بگذرانند	46
بیافتد	46
بیاندازند	46
بیرجندی	46
بیزی	46
بیشاپور	46
بیماریزایی	46
بیماری‌زا	46
بیمناک	46
بیو	46
بیولوژی	46
بیگناه	46
بی‌توجهی	46
بی‌رنگ	46
تابستانها	46
تابعین	46
تارکوفسکی	46
تازیانه	46
تالاری	46
تاندون	46
تانن	46
تانگو	46
تاورنیه	46
تجاوزات	46
تخمه	46
تدوين	46
ترانزیتی	46
ترانسفورماتورهای	46
ترد	46
ترکمنچای	46
تریبون	46
تسلسل	46
تسه	46
تشویش	46
تشکیل‌دهنده	46
تصلب	46
تظاهرات‌های	46
تعابیر	46
تعظیم	46
تعلیمی	46
تقاضاهای	46
تقريبا	46
تقويت	46
تلويزيونی	46
تمبک	46
تمشک	46
تناولی	46
تندیسی	46
تهاجمات	46
تهدیدها	46
توربین‌ها	46
تورج	46
توره	46
توسعه‌دهندگان	46
تونه	46
تیتوس	46
تیران	46
تیرگان	46
تیم‌هایی	46
تین	46
تیول	46
ثانیا	46
ثبتی	46
جاذب	46
جاستین	46
جاش	46
جامعه‌های	46
جامو	46
جانشين	46
جانورشناسی	46
جایگاه‌های	46
جت‌های	46
جثه‌ای	46
جذر	46
جراحان	46
جرجان	46
جرجانی	46
جریر	46
جزای	46
جعبه‌ای	46
جعبه‌های	46
جفر	46
جلدهای	46
جمالزاده	46
جمهوری‌خواهان	46
جمیله	46
جناغ	46
جنوا	46
جنی	46
جه	46
جهت‌گیری	46
جواهری	46
جورجیو	46
جووانی	46
حاجیان	46
حادث	46
حجره‌های	46
حداقلی	46
حرفهای	46
حریر	46
حریفان	46
حقانیت	46
حل‌های	46
حمامی	46
حواله	46
حوضی	46
حوقل	46
حياط	46
حیران	46
خاجی	46
خاخام	46
خبرگزاری‌ها	46
خردسالی	46
خریمه	46
خزعلی	46
خشاب	46
خشایار	46
خشك	46
خفگی	46
خمش	46
خندقی	46
خوانیم	46
خودکامه	46
خورخه	46
خوردنی	46
خورنده	46
خوشایند	46
خوکی	46
خیاط	46
خیزد	46
داخلي	46
داده‌بود	46
داستانش	46
داشی	46
داف	46
دالس	46
دامنه‌ها	46
دام‌ها	46
دانش‌آموزی	46
داودی	46
داونینگ	46
داکوتا	46
دایانا	46
دایناسورهای	46
دخترشان	46
درایت	46
دردها	46
درم	46
درونش	46
درونمایه	46
درياچه	46
درگیریها	46
دریاوار	46
دستورالعمل‌ها	46
دستگير	46
دست‌اندرکاران	46
دست‌نوشته‌های	46
دلقک	46
دلکش	46
دمیدن	46
دنت	46
دنگ	46
دهتل	46
دوجلدی	46
دوخت	46
دورهای	46
دورکیم	46
دوستانه‌ای	46
ديدار	46
ديدگاه	46
ديوان	46
دکل‌ها	46
دیدبانی	46
دیسک‌ها	46
دیلن	46
دیواندره	46
دیودهای	46
دیون	46
دیویی	46
ذبیح	46
رؤیا	46
رايج	46
رای‌گیری	46
ربکا	46
رتینوپاتی	46
رده‌ای	46
ردیاب	46
رزین	46
رسیم	46
رعايت	46
رفتارش	46
رفقای	46
رفلکس	46
رنجبر	46
رهنمود	46
رهی	46
روایتگر	46
روبن	46
روحش	46
رودابه	46
روده‌ها	46
روستايی	46
روشنگر	46
رولاند	46
رویترز	46
رویی	46
ريسک	46
ریتر	46
ریحانه	46
ریچاردسون	46
رییس‌جمهور	46
زبانش	46
زبور	46
زجاجیه	46
زربفت	46
زردتشت	46
زرقان	46
زعفرانیه	46
زیور	46
زیگورات	46
سئوالات	46
سئونگ	46
ساب	46
سالیوان	46
ساموآ	46
سانتیمتری	46
ساندویچ	46
ساگی	46
سایتی	46
ساینس	46
ستمگر	46
سدة	46
سرحدی	46
سرخپوستی	46
سردسیری	46
سردمداران	46
سرسختی	46
سرشماري	46
سرعین	46
سرلشگر	46
سرمربیگری	46
سرودها	46
سرودی	46
سريع	46
سطری	46
سفالینه	46
سلطنتش	46
سمپاد	46
سمپاشی	46
سمیت	46
سمیر	46
سمینارها	46
سمینارهای	46
سندروم	46
سوءقصد	46
سوسانو	46
سوسنگرد	46
سویه	46
سينا	46
سپاهش	46
سپندارمذ	46
سکمن	46
سکینه	46
سیاحتی	46
سیاستی	46
سیاه‌رنگ	46
سیرالئون	46
سیستم‌عاملی	46
سیلابی	46
سیلیسیم	46
سیمور	46
سینوزیت	46
سیک‌ها	46
سیگارت	46
شائول	46
شاخص‌ترین	46
شارش	46
شاپ	46
شاگردانی	46
شبه‌قاره	46
شرلی	46
شرکت‌کننده	46
شعاری	46
شعله‌های	46
شفای	46
شلوغی	46
شلی	46
شمر	46
شمرده‌اند	46
شمسي	46
شمشیرهای	46
شناسي	46
شه	46
شهنازی	46
شهوانی	46
شوالیه‌های	46
شوخ	46
شوریده	46
شوکتیه	46
شکل‌ها	46
شیردل	46
شیرزاد	46
شیلا	46
شیمیائی	46
شیمی‌دان	46
شی‌گرا	46
صبوری	46
صحه	46
صداي	46
صرفه‌جویی	46
صلیبیان	46
صندوق‌های	46
طبعی	46
طفولیت	46
طوايف	46
طولانی‌تر	46
طیف‌های	46
ظهیر	46
عاد	46
عاشیق	46
عاقل	46
عامه‌پسند	46
عبادات	46
عبدالهی	46
عجب	46
عجمان	46
عدالتی	46
عددهای	46
عزتی	46
عزلت	46
عطارد	46
عقابی	46
عقربه‌های	46
علایی	46
علفهای	46
علوفه‌ای	46
عمادالکتاب	46
عمال	46
عمیقا	46
عنکبوتی	46
عواید	46
عیش	46
عیلامیان	46
غده‌های	46
غشاهای	46
غفوری	46
فئودالیسم	46
فائق	46
فاتحان	46
فارق	46
فاروق	46
فاصلة	46
فاطمیان	46
فانک	46
فایر	46
فتحعلیشاه	46
فدای	46
فرآيند	46
فرامرزان	46
فردید	46
فرزانگی	46
فرس	46
فرقان	46
فرمانروائی	46
فرمان‌های	46
فرمهای	46
فرهنگنامه	46
فریت	46
فشارکی	46
فشک	46
فعاليتهاي	46
فعالیتهایی	46
فلاحت	46
فلاپی	46
فلس‌های	46
فوق‌العاده‌ای	46
فولادهای	46
فولادوند	46
فیثاغورس	46
فیضیه	46
فیلسوفی	46
فیلم‌هایش	46
قابلمه	46
قابلیت‌ها	46
قابیل	46
قاتلان	46
قاف	46
قال	46
قبایلی	46
قتل‌عام	46
قتیبه	46
قراولان	46
قربانعلی	46
قرقری	46
قرقیزی	46
قره‌آغاج	46
قزاق‌ها	46
قصص	46
قطب‌نما	46
قفسی	46
قلمدان	46
قمري	46
قندها	46
قهری	46
قيام	46
قيمت	46
قیدار	46
قیطریه	46
قیود	46
كارشناسی	46
كاري	46
كس	46
كليه	46
كنگره	46
كيفيت	46
لاجیم	46
لارک	46
لاکتوز	46
لت	46
لذیذ	46
لرز	46
لسوتو	46
لله	46
لمبیر	46
لمزان	46
لنت	46
لنکران	46
لواط	46
لوح‌های	46
لوپز	46
لوکانوس	46
ليسانس	46
لژ	46
لیدر	46
لیزرهای	46
لیندا	46
لیندون	46
لیگاند	46
لیگ‌های	46
ماراما	46
ماس	46
ماسوله	46
ماهیگیر	46
ماهی‌گیری	46
ماوس	46
متبحر	46
متداول‌ترین	46
متعه	46
متوفای	46
مثقال	46
مثلی	46
مجتهدان	46
مجرمان	46
محبوبیتی	46
محجوب	46
محلول‌هایی	46
محمول	46
مخالفانشان	46
مخالفتی	46
مخچه	46
مدارها	46
مدرج	46
مدعوين‌مراسم	46
مدیدیت	46
مدیرمسئولی	46
مراعات	46
مردستان	46
مردونیوس	46
مرسه	46
مرقیونیه	46
مرمری	46
مرکنتایل	46
مزاحمت	46
مزدی	46
مزون	46
مزیت‌هایی	46
مساعدین	46
مساله‌ای	46
مستقيما	46
مسخ	46
مسکوک	46
مشاجره	46
مشترکا	46
مشتعل	46
مشتق‌پذیری	46
مشروح	46
مشکوی	46
مضروب	46
مظاهری	46
معاونین	46
معزیه	46
معهذا	46
مفاسدی	46
مفدار	46
مفعولی	46
مقتضیات	46
مقدارواحد	46
مقدر	46
مقدسه	46
مقنعه	46
مكونگ	46
ملكات	46
ملکول	46
ملی‌گرایان	46
ممانتع	46
مناره‌ها	46
مناظرات	46
مناقبی	46
مندرجات	46
منظومه‌ای	46
منقطع	46
مهاجری	46
مهارکنندها	46
مهارگر	46
مهتر	46
مهربار	46
مهره‌ای	46
موت	46
موروا	46
موس	46
موشکها	46
موشی	46
مولاناابوالخیر	46
مونته‌نگروی	46
مونتگو	46
موهبت	46
موییر	46
ميرابوالمعجن	46
ميوه‌اي	46
مژه	46
مکانها	46
مکنا	46
مگادثز	46
میانده	46
میانشان	46
میانه‌رو	46
میانکوه	46
میخک	46
میدهیم	46
میغ	46
میلکه	46
میلیونر	46
میوآلبومین‌ها	46
میپردازد	46
میکائیلیس	46
می‌دانسته‌است	46
می‌دانی	46
می‌فرستادم	46
می‌پوشانند	46
می‌چسبند	46
می‌کاهد	46
می‌کوشند	46
می‌گزیند	46
نئاندرتال‌های	46
ناآرامی‌های	46
نابرابر	46
نابسامان	46
نابودگرانه	46
ناراحتی‌هایی	46
ناروا	46
نامداریش	46
نبرده	46
نبض	46
نخی	46
ندانستم	46
نشاندند	46
نشیند	46
نص	46
نطفه	46
نظرشان	46
نقدها	46
نقرابی	46
نقشبندی	46
نمایشگاه‌های	46
نماینده‌ای	46
نمودم	46
نمکیه	46
نمک‌پاش	46
نمی‌خواستم	46
نمی‌خواهم	46
نوبونگا	46
نوذرآباد	46
نورتی	46
نورستان	46
نوسانی	46
نکنیم	46
نگاشتن	46
نیازمندی	46
نیلی	46
نیومن	46
نیکبختی	46
نیکویی‌ها	46
هادوی	46
هارلن	46
هارپستوم	46
هاشمیان	46
هالوژن	46
هالیوودی	46
هامانای	46
هانسو	46
هانوی	46
هاگ	46
هایدنشتام	46
هرآنچه	46
هراسی	46
هربار	46
هزارم	46
هفته‌ها	46
هلمندرود	46
همتی	46
همسطح	46
همپیمانان	46
همچو	46
هنريشان	46
هوتنه	46
هورمون‌آزادکننده	46
هونشوی	46
هیتلری	46
هیتیان	46
هیدروکربن	46
هیرایر	46
هیلند	46
واتسون	46
واحدهایی	46
واریا	46
واسالی	46
واکه‌ای	46
واگرا	46
وبلاگ‌هایی	46
وجد	46
ورزد	46
ورزی	46
ورزیدند	46
ورشکسته	46
وسيع	46
وظايف	46
وقاص	46
وقتي	46
وورث	46
ویدئوهای	46
ویراستاران	46
ویلی	46
وینی	46
ویوالدی	46
يزد	46
يونانی	46
پارانا	46
پاراو	46
پارچه‌ها	46
پانویس‌ها	46
پاورقی	46
پايگاه	46
پاکدشت	46
پایانه‌های	46
پذيرش	46
پذیرائی	46
پرانرژی	46
پراکنده‌ای	46
پرتغالیها	46
پرهام	46
پرونده‌ای	46
پرید	46
پریکلس	46
پزشكي	46
پسماند	46
پشتیبانان	46
پلت	46
پنج‌شنبه	46
پنداشتند	46
پنومونی	46
پهنک	46
پوانکاره	46
پوت	46
پوسیده	46
پوشکین	46
پولانسکی	46
پوما	46
پوپر	46
پویانمایی‌های	46
پيروزی	46
پيوست	46
پپتید	46
پیتزا	46
پیشرفته‌تر	46
پیشرفت‌ها	46
پیشگو	46
پیپ	46
پیچش	46
چرخیدن	46
چریکها	46
چسباندن	46
چشمهای	46
چشم‌اندازهای	46
چماق	46
چهارشنبه‌سوری	46
چهارمی	46
چونکه	46
چپ‌گرا	46
ژنراتورهای	46
ژوپیتر	46
ژوییه	46
ژیروسکوپ	46
کاباره	46
کابالا	46
کاد	46
کاراگاه	46
کاردار	46
کارلتون	46
کاروان‌های	46
کازانتزاکیس	46
کازویا	46
کالدرون	46
کاملترین	46
کاندوم	46
کانونهای	46
کاهو	46
کاپا	46
کاپولا	46
کاپون	46
کایبوت	46
کبالت	46
کتابشناسی	46
کتاب‌خانه	46
کتاب‌مقدس	46
کجور	46
کراکینگ	46
کربوهیدرات‌ها	46
کرس	46
کروگر	46
کریشنا	46
کسالت	46
کسبه	46
کفه	46
کلار	46
کلاریس	46
کلاهبرداری	46
کلاچای	46
کلاین	46
کمال‌الملک	46
کمانگر	46
کمخونی	46
کمپانی‌های	46
کم‌نظیر	46
کنترا	46
کنترلر	46
کنترلهای	46
کنسرت‌هایی	46
کنگره‌های	46
کنیون	46
کهکشان‌های	46
کوئن	46
کوبایی	46
کوشد	46
کوشیده	46
کوچ‌نشین	46
کوکر	46
کویین	46
کيلومتر	46
کیتس	46
کیسه‌های	46
کیوی	46
گاوهای	46
گذاري	46
گذراندند	46
گرامشی	46
گرایشات	46
گرایشی	46
گردابی	46
گردوی	46
گرنه	46
گزاره‌های	46
گسست	46
گشاده	46
گفتگوها	46
گفتی	46
گلد	46
گنجاندن	46
گنجینه‌های	46
گورخر	46
گوشزد	46
گوموا	46
گویشور	46
گویم	46
گیری‌ها	46
یاسمین	46
یافتم	46
یافته‌ها	46
یالتا	46
یامچی	46
یانگوم	46
یاکوب	46
یزدین	46
یسنا	46
یكدیگر	46
یونیزه	46
یکاهای	46
یکتایی	46
یک‌ساله	46
یک‌شنبه	46
آئوموری	45
آبدهی	45
آبرفتی	45
آتاتورک	45
آتشدان	45
آخن	45
آخوندزاده	45
آدنوزین	45
آراد	45
آران‌ای	45
آرسن	45
آرشه	45
آرشیتکت	45
آرمان‌های	45
آرمیچر	45
آرگوس	45
آزادشهر	45
آزادی‌خواه	45
آسوری	45
آسیب‌پذیر	45
آشپز	45
آلایش	45
آلپی	45
آموختند	45
آمیزه	45
آندورا	45
آنژ	45
آوردم	45
آورید	45
آوینی	45
آپاندیسیت	45
آکویناس	45
آیه‌ای	45
آیین‌نامه	45
ابدال	45
ابدیت	45
ابرغول	45
ابهامات	45
ابوعطا	45
اترنت	45
اتصالی	45
اتود	45
اتین	45
اثاثیه	45
اجازه‌نامه	45
احتباس	45
احتیاجی	45
اخر	45
ادغامی	45
اردوهای	45
اروميه	45
ارکوازی	45
اریش	45
ازاینرو	45
اساتيد	45
استالمن	45
استراتژیك	45
استراتژیکی	45
استرالیاست	45
استروئیدی	45
استفاده‌کنندگان	45
استنتاجی	45
استو	45
استونیایی	45
استکان	45
استین	45
اسرافیل	45
اسطوره‌شناسی	45
اسفنج	45
اسفیورد	45
اسكندر	45
اسپانیای	45
اسپور	45
اسکیزوفرنی	45
اشارت	45
اشتهایی	45
اصطحکاک	45
اعتراضاتی	45
اعتمادالسلطنه	45
اعدام‌ها	45
افترا	45
افزارها	45
افزاید	45
افزونه	45
افضلی	45
افعی	45
افکت	45
اقتضای	45
الاسلامی	45
البیان	45
التحصيل	45
الجزایری	45
الشعاع	45
العباس	45
العلماء	45
الغ‌بیگ	45
الفهرست	45
الف‌ها	45
القاسم	45
الهام‌بخش	45
الکترودها	45
الکتروشیمیایی	45
الکترولیز	45
الکساندرا	45
امپراتوری‌های	45
انترپرایز	45
انتصابی	45
انجام‌شده	45
اندیشید	45
انساني	45
انعام	45
انقیاد	45
انگلیسی‌زبان	45
انگیزش	45
اهری	45
اوتار	45
اوج‌گیری	45
اودلی	45
اوراکل	45
اورلاندو	45
اوریک	45
اوغلی	45
اوفک	45
اولمرت	45
اولیس	45
اونتاریو	45
اوگوستین	45
اپیدمی	45
اژدهایی	45
اکتاویوس	45
اکسیدکننده	45
ایثارگران	45
ایدا	45
ایرانیانی	45
ایزومر	45
ایشتار	45
اینرسی	45
اینوسنت	45
اینچه	45
اینگرید	45
ایهام	45
بابونه	45
باختریان	45
باراندوز	45
بازجذب	45
بازدیدکننده	45
باش‌قلعه	45
باغشاه	45
باقلا	45
باقي	45
بالابان	45
بالن	45
بالین	45
بته	45
بتوانید	45
بجنگد	45
بخارات	45
بدافزارها	45
بدانها	45
بدبین	45
بذری	45
برآر	45
بران	45
برانداختن	45
براه	45
برخیزد	45
برره	45
برشت	45
برغانی	45
برمی‌گیرد	45
برنامه‌سازی	45
برهاند	45
برکه‌ها	45
برگرفت	45
برگشتن	45
بشاگرد	45
بشنود	45
بفهمند	45
بقایا	45
بكار	45
بلدیه	45
بلعیده	45
بلفاست	45
بلوچ‌ها	45
بلیز	45
بموجب	45
بناجوی	45
بندد	45
بندرلنگه	45
بندهش	45
بنویسید	45
بنویسیم	45
بنکس	45
به‌جهت	45
به‌روز	45
به‌شکل	45
بورسا	45
بورلند	45
بولگاکف	45
بوندس	45
بونوئل	45
بوپال	45
بویین	45
بيسبال	45
بپردازیم	45
بکشت	45
بگین	45
بیابانک	45
بیایید	45
بیرمنگام	45
بیرنگ	45
بیلبائو	45
بیلبو	45
بیله	45
بیمارستانها	45
بینالود	45
بیه‌پس	45
بیومتریک	45
بیگلربیگی	45
بی‌اس‌دی	45
بی‌شماری	45
تأليف	45
تاج‌الملوک	45
تارخ	45
تارک	45
تارگا	45
تاریخ‌دان	45
تاریخ‌نویسان	45
تازه‌ترین	45
تالیوم	45
تانکر	45
تانگانیکا	45
تاکسیرانی	45
تبرک	45
تبوک	45
تجمیع	45
تخم‌گذاری	45
تراشه‌های	45
ترانزیستورهای	45
تراوش	45
تراژان	45
تراژیک	45
تراک	45
تراکیه	45
ترحم	45
ترسیمی	45
ترمذی	45
ترکمن‌های	45
ترک‌تبار	45
ترگور	45
تریاس	45
تستوسترون	45
تسوج	45
تصویرگر	45
تطور	45
تعریف‌های	45
تعمق	45
تغیرات	45
تقریرات	45
تكميل	45
تلاشهایی	45
تماشایی	45
تمر	45
تمرین‌های	45
تمپو	45
تناقضی	45
تندتر	45
تندروی	45
تنیده	45
تهمینه	45
توازی	45
تودرتو	45
توست	45
توفیقی	45
توقع	45
تولیدمثل	45
توپولوژیک	45
تکنسین	45
تکنولوژیکی	45
تک‌نفره	45
تیغی	45
تیل	45
ثروتمندی	45
جارو	45
جامعه‌شناسان	45
جایزه‌ی	45
جداشدن	45
جرح	45
جریب	45
جفا	45
جلبک	45
جلساتی	45
جلودار	45
جمله‌های	45
جنوب‌غربی	45
جهانشاهی	45
جهت‌های	45
جهرمی	45
جوزدان	45
جوشقان	45
جوشن	45
جولان	45
جولیان	45
جیل	45
حجرالاسود	45
حدودالعالم	45
حروفچینی	45
حرکاتی	45
حسد	45
حضیض	45
حمیده	45
حکمای	45
خارا	45
خارگ	45
خالدی	45
خاندانش	45
خانمی	45
خان‌کندی	45
خاویاری	45
خاکشیر	45
خرافه	45
خرسند	45
خرقه	45
خروش	45
خریدن	45
خزاعی	45
خسروآباد	45
خشونت‌های	45
خطیر	45
خفا	45
خفاشها	45
خمپاره	45
خوئینی‌ها	45
خوارزمشاهی	45
خواهری	45
خودکفایی	45
خوردین	45
خوشنام	45
خونه	45
خونینی	45
خيلی	45
دائره	45
دادخواست	45
دادخواهی	45
داده‌شد	45
داربست	45
داسو	45
دالکی	45
دامدار	45
دامنه‌ای	45
دانای	45
داکا	45
دایملر	45
دخترانش	45
درآمدن	45
درآمدها	45
درباب	45
درختچه‌ای	45
دروسی	45
درویشان	45
دریابندری	45
دریم	45
دزدیدن	45
دستاوردها	45
دستشویی	45
دستکم	45
دسر	45
دشوارتر	45
دقيق	45
دلبسته	45
دلگان	45
دلگشا	45
دمگاه	45
دمیتری	45
دنده‌ای	45
دوتا	45
دوتن	45
دوجمله‌ای	45
دوده	45
دودو	45
دوره‌است	45
دوستانی	45
دوکوهانه	45
دي	45
ديار	45
دیاکو	45
دیاگرام	45
دیباج	45
دیباچه	45
دیستروفی	45
دیسکت	45
دیسکو	45
دیلمستان	45
دینگ	45
ذمار	45
رأی‌گیری	45
رابا	45
رابرتز	45
راجی	45
رادیوم	45
رازلیق	45
رامان	45
راهپیمایی‌ها	45
رایجترین	45
رایزن	45
ربی	45
ربیعه	45
رجل	45
رجیستری	45
رختخواب	45
رديف	45
ردگیری	45
رزم‌ناو	45
رسانده‌اند	45
رسانیدند	45
رسمي	45
رسول‌الله	45
رشاد	45
رشته‌ی	45
رضاعی	45
رفتگی	45
رقم‌های	45
رمانتیسم	45
رند	45
رنگدانه	45
رنگرزی	45
رهال	45
رهگذران	45
روبه‌روی	45
روحیات	45
روزبهان	45
رومئو	45
روماتوئید	45
رونقی	45
روپیه	45
رویتر	45
رک	45
رکوردها	45
رگرسیون	45
ریخته‌گری	45
ریزپردازنده	45
ریلز	45
زابلی	45
زاغ	45
زخم‌ها	45
زردرنگ	45
زردشتیان	45
زرگر	45
زغال‌سنگ	45
زلف	45
زندی	45
زهرای	45
زهری	45
زیانبار	45
زیرند	45
زیمباوه	45
ساترن	45
ساراواک	45
ساردنی	45
سارومان	45
سازبندی	45
ساعتها	45
سالت	45
سالیتون	45
سانگ	45
ساینده	45
سایکس	45
سب	45
ستاری	45
سحرخیز	45
سختگیر	45
سخت‌تر	45
سخت‌ترین	45
سخنوری	45
سدر	45
سرتیپی	45
سرخان‌دریا	45
سرریز	45
سرفراز	45
سرمایه‌داران	45
سرنگ	45
سرهم	45
سروانتس	45
سرویس‌دهی	45
سرویس‌ها	45
سرچشمه‌های	45
سرکرده	45
سریالهای	45
سفالهای	45
سفیران	45
سلما	45
سمند	45
سمندر	45
سنتي	45
سنجان	45
سنگي	45
سودآوری	45
سودا	45
سودابه	45
سودلانه	45
سوراخهای	45
سوره‌ها	45
سوزاند	45
سوزاندند	45
سوسمار	45
سوسیالیست‌ها	45
سونامی	45
سوهانک	45
سپیدان	45
سکاهای	45
سکویی	45
سگ‌ها	45
سیادت	45
سیاست‌مداری	45
سیلیسی	45
سینت	45
سینک	45
سیپتیموس	45
سی‌آرسی	45
سی‌وشش‌گانه	45
شاخدار	45
شاخصی	45
شادمهر	45
شانه‌ها	45
شاهدخت	45
شرارت	45
شراکت	45
شرایع	45
شعبده	45
شغل‌های	45
شلمچه	45
شمعی	45
شناسانده	45
شناسانه	45
شهبانوی	45
شوشی	45
شکاک	45
شکرالله	45
شکل‌دهی	45
شکمش	45
شیارها	45
شیث	45
صدو	45
صراط	45
صغری	45
صفای	45
صفیه	45
صنم	45
صهیون	45
صهیونیست	45
صیقل	45
ضربت	45
ضربتی	45
ضرغامی	45
ضیا	45
طبعا	45
طعمی	45
طعنه	45
طلبید	45
طنابی	45
عابد	45
عاشقی	45
عباسپور	45
عبدالخالق	45
عبدالناصر	45
عبدالواحد	45
عبیدی	45
عربان	45
عزیزم	45
عشاق	45
عصار	45
عضد	45
عطاءالله	45
عطری	45
عقلایی	45
علایمی	45
عمره	45
عهدی	45
عيسی	45
عين	45
عیاران	45
عیاری	45
عینا	45
غارتگران	45
غریزی	45
غزلی	45
غنایی	45
غنی‌ترین	45
غیرمعمول	45
غیرمنتظره	45
فاحشه	45
فارست	45
فام	45
فايل	45
فاکتوریل	45
فت	45
فتاحی	45
فترت	45
فتق	45
فتوایی	45
فتوسنتز	45
فجیعی	45
فردین	45
فرصتهای	45
فرمانفرمائیان	45
فرمت‌های	45
فرمولی	45
فره	45
فرهیخته	45
فرودست	45
فروریختن	45
فرکانسهای	45
فرگه	45
فریبنده	45
فریمان	45
فصیحی	45
فضائی	45
فضاي	45
فضولات	45
فقیرترین	45
فكر	45
فلامینگو	45
فلزهای	45
فنیقیه	45
فهرست‌های	45
فوتوالکتریک	45
فور	45
فولادشهر	45
فونگ	45
فوکر	45
فيزيك	45
فکس	45
فکی	45
فیر	45
فیلترها	45
فیلمنامه‌نویس	45
فیلیپینی	45
قائم‌مقام	45
قاتلین	45
قاره‌ها	45
قاریان	45
قاصد	45
قاضیان	45
قاعده‌ای	45
قاپو	45
قرارداده	45
قراملک	45
قرب	45
قرضی	45
قرمطیان	45
قسمتها	45
قطران	45
قفل‌های	45
قلمزنی	45
قمع	45
قناتها	45
قنداق	45
قهرمانانه	45
قوام‌السلطنه	45
قیومیت	45
كارهای	45
كانون	45
كسي	45
كشورهاي	45
كنون	45
كوخرد	45
لابراتوار	45
لباس‌ها	45
لرزاند	45
لطف‌الله	45
لغزنده	45
لنده	45
لواسان	45
لورکوزن	45
لوری	45
لون	45
لیدز	45
لیز	45
لیزی	45
لینوس	45
لینی	45
مؤلفه‌های	45
ماتیس	45
ماجراجویی	45
مادیان	45
ماراتون	45
مارش	45
مارماهی	45
مارکز	45
مارگان	45
مارگریت	45
ماریان	45
ماشه	45
ماشینها	45
مالاکا	45
مانتو	45
ماندگارترین	45
مانیتوبا	45
مانیل	45
ماکیاولی	45
مایلز	45
ماین	45
مایو	45
مبذول	45
متابولیک	45
متحدانش	45
متشابه	45
متعامد	45
متولیان	45
متکلمین	45
مجزای	45
مجموعه‌ی	45
مجوزهای	45
محاربه	45
محاسن	45
محافظتی	45
محاکمات	45
محبوبش	45
محبی	45
محرک‌های	45
محقق‌الدوله	45
مخالفی	45
مخمل	45
مدال‌های	45
مدرنیت	45
مدلها	45
مدول	45
مذبور	45
مراجعین	45
مردمقدس	45
مرصع	45
مرغک	45
مرگی	45
مزایایی	45
مساکنی	45
مستوفی‌الممالك	45
مستولی	45
مسجدالبیعه	45
مشاورین	45
مشتی	45
مشرب	45
مشقت	45
مشكلات	45
مصاحبه‌ها	45
مصحوب	45
مضرب	45
مطب	45
معاذآباد	45
معاوضه	45
معتضدالدوله	45
معتقدات	45
معمول‌ها	45
معیریان	45
معیشتی	45
مغربی	45
مفتون	45
مقرب	45
مقوا	45
ملکشیر	45
ملیحای	45
مناسب‌سازی	45
مناندر	45
مندلسیون	45
منسک	45
منصف‌ترین	45
منظومه‌ی	45
منفصل	45
منهتان	45
مهتابی	45
مهرانگیز	45
مهم‌ترينش	45
موانعی	45
مورالس	45
موریسی	45
موری‌گوچی	45
موزیلو	45
مومباكو	45
مومی	45
مونترئال	45
موگادیشورا	45
مي‌شويم	45
مکتوباتش	45
مکررا	45
مکزیکوسیتی	45
مکمل‌هایی	45
مگاواتی	45
میآید	45
میتانیان	45
میترالیوز	45
میتراند	45
میشناتوره	45
میلوتوس	45
مینمایند	45
مینیاتوری	45
میکروب‌های	45
میگلم	45
میگیرند	45
می‌آموختم	45
می‌افزایند	45
می‌انداختم	45
می‌بردو	45
می‌جستند	45
می‌جسته	45
می‌جنگید	45
می‌خوابند	45
می‌درخشد	45
می‌رانند	45
می‌ریخته	45
می‌نویسیم	45
می‌نگرد	45
می‌ورزد	45
می‌پیماید	45
ناجابه‌جایی	45
نارون	45
نازل‌تر	45
ناسزا	45
نامد	45
نامعین	45
نام‌آوران	45
ناوکلاسی‌سیسم	45
ناپلار	45
ناکس	45
نجف‌تراکمه	45
نخلستان‌هایی	45
نذوراتشان	45
نراقی	45
نرو	45
نزهه‌القلوب	45
نسیمی	45
نش	45
نشانه‌شناس‌ها	45
نشتی	45
نشو	45
نظاميان	45
نظمیه	45
نعیمای	45
نقشبندیه	45
نقشش	45
نمایاندن	45
نمناک	45
نمی‌زنم	45
ننمودن	45
نهرو	45
نهفته‌است	45
نوبه‌نو	45
نورائی	45
نوردی	45
نوعان	45
نويسنان	45
نوپایان	45
نوگرا	45
نيستي	45
نگاتیوها	45
نگهدارید	45
نگه‌داشتن	45
نیازمندم	45
نیازمندی‌هایش	45
نیافته‌ام	45
نیرومندترین	45
نیناب	45
نیکلسکی	45
نیکوست	45
نیکولودیون	45
هار	45
هامیلتونیسم	45
هجري	45
هذیان	45
هرتسن	45
هریزانت	45
هزاره‌ها	45
هزل	45
هشدارها	45
همدستی	45
همسایه‌های‌شان	45
هملت	45
همواری‌های	45
هموطنان	45
هموفیلی	45
هم‌زمان‌انگاری	45
هندآفهای	45
هندوآریایی‌ست	45
هنکل	45
هوادارنش	45
هيئت	45
هیتی‌های	45
واجب‌الوجود	45
واریز	45
واسطه‌ای	45
وافه	45
والس	45
واکس	45
واگذاشتند	45
وجوب	45
ورزشي‌اش	45
وسايل	45
وسطایی	45
وسواسی	45
وضعیت‌های	45
ولسوالی‌های	45
وله	45
وه	45
ويژگي	45
وکلا	45
ویدا	45
ویرایش‌های	45
ویزا	45
ویشنو	45
ویلایی	45
وینیل	45
ویگن	45
پارا	45
پارتیزان	45
پارت‌ها	45
پارما	45
پاریزی	45
پالاپا	45
پالایشگاه‌های	45
پالما	45
پالمر	45
پاکور	45
پاگانینی	45
پایان‌نامه	45
پاییزه	45
پاییزی	45
پتوز	45
پدرام	45
پدمه	45
پديده	45
پذیرند	45
پراكنده	45
پراک	45
پرداختی	45
پرشکوه	45
پرنده‌های	45
پروتستان‌ها	45
پروتکل‌ها	45
پروفایل	45
پروژسترون	45
پرپل	45
پرچمها	45
پریم	45
پلنوم	45
پلهای	45
پلورالیسم	45
پنجره‌ای	45
پنوموپریکاردیوم	45
پنگ	45
پورتلند	45
پورمحمدی	45
پورنوی	45
پوریم	45
پوشانده‌است	45
پوشه	45
پولدار	45
پولو	45
پونک	45
پوکر	45
پياده	45
پيروزي	45
پژواک	45
پژوه	45
پیتسبورگ	45
پیروانی	45
پیزارو	45
پیس	45
پیشکار	45
پیشگفتار	45
پیغمبری	45
پیمانکار	45
پیوسته‌اند	45
پی‌اچ‌پی	45
چابک	45
چار	45
چاپشلو	45
چاپگرهای	45
چایکوفسکی	45
چخماق	45
چراغی	45
چربی‌های	45
چرخنده	45
چرخه‌های	45
چرخ‌دنده	45
چرخ‌ها	45
چرکی	45
چندریختی	45
چهارسوق	45
چوبه	45
چپش	45
ژنها	45
ژنوتیپ	45
ژوکر	45
کاترینا	45
کاخهای	45
کارآموز	45
کارانه	45
کارتل	45
کارلسروهه	45
کارمزد	45
کارمندی	45
کارند	45
کارگاه‌ها	45
کازابلانکا	45
کاشی‌کاری	45
کاظمین	45
کامپایلرهای	45
کامپوزیت	45
کانی‌ها	45
کبودی	45
کتیبه‌هایی	45
کخ	45
کدئین	45
کدکنی	45
کرده‌اید	45
کردکوی	45
کرمانج	45
کرمهای	45
کروات	45
کروموزوم‌های	45
کرگدن	45
کریگ	45
کسره	45
کسوف	45
کشانید	45
کشتی‌سازی	45
کشک	45
کشکک	45
کفالت	45
کفایتی	45
کليد	45
کلیتوریس	45
کلینیکی	45
کمند	45
کمپرس	45
کمیجان	45
کنگر	45
کهکشانها	45
کوتاه‌مدت	45
کورتاسار	45
کوررنگی	45
کورنت	45
کوسه‌ها	45
کولیت	45
کونامی	45
کووالانسی	45
کوچانده	45
کوچکترش	45
کوییدیچ	45
کچل	45
کیث	45
کید	45
کیدمن	45
کیفیات	45
کیقباد	45
کیلیکیه	45
گئورگی	45
گار	45
گاس	45
گاهنبار	45
گای	45
گذری	45
گراف‌ها	45
گردانی	45
گروه‌بندی	45
گرگانج	45
گزینه‌ای	45
گستر	45
گستهم	45
گشتاسپ	45
گشنیز	45
گلایه	45
گلباف	45
گلدهی	45
گله‌دار	45
گلوله‌ای	45
گلیسیرین	45
گمرکات	45
گمش	45
گنبدها	45
گندمان	45
گوئی	45
گواتمالا	45
گودالی	45
گودل	45
گورینگ	45
گوژپشت	45
گوگردی	45
گویجه	45
گوین	45
گياهان	45
گیسو	45
گیلخواران	45
گیلگمش	45
یاتا	45
یارانه	45
یانی	45
یل	45
یوحنای	45
یونی‌کد	45
یک‌سال	45
آئینی	44
آبخاز	44
آبراهامیان	44
آبستنی	44
آبکافت	44
آتاری	44
آتشکده‌ها	44
آجرها	44
آخناتون	44
آدلاید	44
آدمک	44
آدورنو	44
آذرنوش	44
آرچ	44
آریائیان	44
آریوس	44
آزادیخواهی	44
آزتک	44
آزمایش‌هایی	44
آسو	44
آسيا	44
آسیاست	44
آسیه	44
آشام	44
آشی‌کاگا	44
آغمیون	44
آفرودیت	44
آلامو	44
آلبوس	44
آلکاتراز	44
آمان	44
آمبولی	44
آمدهای	44
آمرزش	44
آمریكا	44
آمیتاب	44
آمیش	44
آندرتیکر	44
آندرسن	44
آنری	44
آنفلوآنزای	44
آنوریسم	44
آنگلا	44
آنگلوساکسون	44
آن‌چنان	44
آهوی	44
آوازخوان	44
آوانگاری	44
آویو	44
آپافیس	44
آیرونساید	44
آین	44
أحمد	44
ابدالی	44
ابرغان	44
ابزارآلات	44
ابن‌سینا	44
ابن‌میمون	44
ابوالهول	44
ابوهریره	44
ابیاتی	44
اتساع	44
اتفاقا	44
اتفاقیه	44
اتوبوس‌ها	44
اتکاء	44
اتیل	44
اثراتی	44
ادبای	44
ارتشهای	44
ارجاعات	44
اردهال	44
ارزهای	44
ارض	44
ارغنون	44
اروند	44
استحاله	44
استحسان	44
استحفاظی	44
استخرهای	44
استدیو	44
استعدادی	44
استنساخ	44
استوکر	44
استیلا	44
استیلی	44
اسرائیلی‌ها	44
اسلاوها	44
اسمرالدا	44
اسمزی	44
اسپانيا	44
اسکرین	44
اسکناس‌های	44
اسکنرها	44
اشعث	44
اشکور	44
اشکوری	44
اصلان	44
اصيل	44
اضمحلال	44
اعضایی	44
افتاده‌اند	44
افرادش	44
افزوده‌اند	44
افزونگی	44
افزونی	44
افشاگری	44
افلاک	44
اقنوم	44
الب	44
البروج	44
البشیر	44
البلاد	44
الحجه	44
الحوثی	44
الذهب	44
الریه	44
السعاده	44
العدل	44
العلم	44
الفی	44
المسائل	44
الهدی	44
الوقوع	44
الگوریتمهای	44
امجد	44
امجدیه	44
امضاهای	44
امورات	44
اميد	44
امیدیه	44
امیرانتظام	44
انا	44
انجین	44
انحرافات	44
اندامش	44
اندرون	44
اندونزیایی	44
انریکه	44
انزان	44
انظار	44
انوشيروان	44
انگاشت	44
انگلیسها	44
اواس	44
اوبه	44
اوبی‌وان	44
اوتیسم	44
اوجالان	44
اورستس	44
اورسن	44
اورنگ‌زیب	44
اوسیراک	44
اولجایتو	44
اولگا	44
اوکلند	44
اوکیناوا	44
اویسی	44
ايام	44
اپراتورهای	44
اپسیلون	44
اپیدمیولوژی	44
اپیک	44
ایتالیایی‌ها	44
ایرانیست	44
ایزدخواست	44
ایزوتوپ‌های	44
ایزوله	44
ایستادند	44
ایستایی	44
ایستوود	44
ایستگاه‌ها	44
ایسلندی	44
ایسوس	44
ایسکمی	44
ایلیوشین	44
ایل‌گلی	44
ایمیل‌های	44
اینورتر	44
این‌بار	44
ای‌جکس	44
بابك	44
باربر	44
بارکد	44
بازآفرینی	44
بازالت	44
بازها	44
بازه‌ای	44
بازه‌های	44
باستانشناسان	44
باشيد	44
باغچه‌بان	44
بافندگان	44
بالارفتن	44
بالون	44
بالیوود	44
بانام	44
بانتو	44
بایتی	44
بایک	44
ببندند	44
ببینم	44
بتوسط	44
بتون	44
بت‌های	44
بت‌پرستی	44
بجستان	44
بحارالانوار	44
بحث‌هایی	44
بخارست	44
بدنسازی	44
بدهم	44
برآنند	44
برائت	44
برادرم	44
برام	44
برانگیختگی	44
براک	44
بردباری	44
برساخته	44
برهمن	44
بريتانيا	44
برپائی	44
برژنف	44
بریج	44
بریل	44
برینگ	44
بزرگ‌ترش	44
بسزا	44
بسپارش	44
بضاعت	44
بفروشند	44
بقدری	44
بلامنازع	44
بلورها	44
بلوطی	44
بمب‌افکن	44
بنارد	44
بنامیم	44
بنوازد	44
بنیانی	44
بهادری	44
بهت	44
بهنگام	44
به‌حال	44
به‌دور	44
به‌ندرت	44
به‌پایان	44
بوتیمار	44
بوخوم	44
بودنشان	44
بورنئو	44
بورو	44
بوروکراسی	44
بولدوزر	44
بوکفسکی	44
بيشتری	44
بپذیریم	44
بچرخد	44
بکشاند	44
بگویید	44
بیابان‌ها	44
بیابید	44
بیاموزند	44
بیاورید	44
بیت‌ها	44
بیشکک	44
بیطرفی	44
بیماریهایی	44
بیوک	44
بیکران	44
بیگانگی	44
بی‌رویه	44
بی‌گناه	44
تأمين	44
تاتارستان	44
تاج‌الدین	44
تاريخچه	44
تامکت	44
تاگور	44
تباری	44
تبعات	44
تبهکار	44
تجزيه	44
تحلیل‌گران	44
تخطی	44
تخم‌ریزی	44
تخم‌مرغ	44
تخم‌های	44
تدین	44
ترازو	44
تراورتن	44
تراکنش	44
ترتولیان	44
ترجیع	44
ترسایی	44
ترسی	44
ترشحی	44
ترمین	44
ترن	44
تروفو	44
ترکیب‌ها	44
تزو	44
تزکیه	44
تسرملو	44
تسطیح	44
تصاعد	44
تصانیف	44
تصحيح	44
تطمیع	44
تعبیرات	44
تفضلی	44
تفكر	44
تفهیم	44
تقبل	44
تقدیس	44
تقرب	44
تلی	44
تمبرهای	44
تم‌های	44
تنفیذ	44
تنوره	44
تنک	44
تنگنا	44
ته‌نشین	44
توافقات	44
توالی‌های	44
توانایی‌ها	44
توانمندی‌های	44
توانگر	44
توبینگن	44
توجهات	44
توجیهی	44
تورا	44
تورنومنت	44
توسان	44
تولدی	44
تولوئن	44
تولی	44
تونگ	44
تونیک	44
توکویل	44
تکثرگرایی	44
تک‌همسری	44
تیرها	44
تیزی	44
تیس	44
تیغه‌ها	44
ثروتی	44
جذبه	44
جره	44
جستار	44
جشنواره‌ای	44
جفت‌های	44
جلیقه	44
جملگی	44
جنایتکار	44
جنایتکاران	44
جنگاوری	44
جنگهایی	44
جنگیده	44
جهت‌یابی	44
جواب‌های	44
جوانشیر	44
جوانه‌های	44
جکی	44
جیک	44
حاره	44
حاره‌ای	44
حاکمه	44
حایز	44
حبش	44
حدیبیه	44
حروف‌چینی	44
حساسیتی	44
حسینیان	44
حشر	44
حفاظ	44
حفص	44
حقایقی	44
حمل‌ونقل	44
حنانه	44
حواصیل	44
حوضچه‌های	44
حکمفرما	44
خاست	44
خاصره	44
خاطراتی	44
خاطره‌ها	44
خالو	44
خانمان	44
خانه‌داری	44
خانواده‌هایی	44
خانواده‌ی	44
خاچیکیان	44
خجالتی	44
خدشه	44
خدماتش	44
خسروشهر	44
خشخاش	44
خشکی‌های	44
خضری	44
خطراتی	44
خطیبی	44
خط‌ها	44
خلفان	44
خمام	44
خواسته‌است	44
خواهانه	44
خورموج	44
خوره	44
خوشمزه	44
خوشکام	44
خوکچه	44
خیرات	44
دائر	44
دارک	44
دالایی	44
داماش	44
دانسته‌های	44
دانشسرا	44
دانشیاری	44
دانلد	44
دانید	44
دای	44
دترمینان	44
درابتدا	44
درایور	44
دربی	44
درختچه‌های	44
دره‌شهر	44
درگذشته‌است	44
دریابد	44
دریازی	44
دستبند	44
دستجات	44
دستمایه	44
دستورها	44
دستگردی	44
دستیاران	44
دسکتاپ	44
دشنام	44
دفاعیه	44
دلاویر	44
دلجویی	44
دلسرد	44
دمو	44
دمیده	44
دندانه‌های	44
دهاک	44
دهداری	44
دوآب	44
دودمان‌های	44
دوروتی	44
دوساله	44
دوو	44
دوپلر	44
دوپینگ	44
دکور	44
دیازپام	44
دیانیرا	44
دیدنی‌ها	44
دیزج‌رود	44
دیستروشن	44
دیمی	44
دینگو	44
دین‌ها	44
دیونوسوس	44
دیپلوئید	44
دیکته	44
دی‌جی	44
ذاتا	44
ذخیره‌ای	44
ذینفع	44
رئا	44
رابینو	44
راحت‌تر	44
رادیوئی	44
راسته‌ای	44
راعی	44
راهروهای	44
راهنمایی‌های	44
راکون	44
رایجی	44
ربات‌ها	44
رجبعلی	44
ردی	44
رزمایش	44
رزمنده	44
رسانش	44
رسم‌الخط	44
رقاص	44
رقه	44
رمان‌ها	44
رمزهای	44
رنجش	44
رنج‌های	44
رندرینگ	44
رنگین‌کمان	44
رهائی	44
رواقی	44
روان‌پزشکی	44
روبیک	44
رودهن	44
روشنائی	44
روشن‌تر	44
روچ	44
رویین	44
ریا	44
ریاضیاتی	44
ریدر	44
ریورا	44
زادروزها	44
زان	44
زانوی	44
زاگرب	44
زبانهایی	44
زردچوبه	44
زرق	44
زرنه	44
زشتی	44
زلزله‌ها	44
زمانش	44
زمین‌لرزه‌ای	44
زنبق	44
زندگیشان	44
زنگارد	44
زودگذر	44
زیباشناسی	44
زیدیه	44
زیستند	44
زیسته‌اند	44
ساربان	44
سارگون	44
سازمان‌یافته	44
ساسانيان	44
سالخورده	44
سامره	44
ساچمه	44
ساکر	44
سایه‌ها	44
سبحان	44
سجاده	44
سرآسیاب	44
سرخجه	44
سرخرگ	44
سرخ‌پوست	44
سرداب	44
سرسختانه	44
سرشاری	44
سرشناسان	44
سرفصل	44
سرمایه‌دار	44
سرمه	44
سرن	44
سرنشینه	44
سرواژه	44
سروزی	44
سریع‌ترین	44
سری‌لانکا	44
سعادتی	44
سفارتخانه	44
سفارشات	44
سفته	44
سلاحی	44
سلسه	44
سلک	44
سلینجر	44
سمعک	44
سملقان	44
سمنو	44
سنجشی	44
سنگریزه	44
سواحیلی	44
سواستفاده	44
سوزمه	44
سوسیس	44
سوشیانت	44
سومين	44
سپانلو	44
سیاست‌گذاری	44
سیاهرگ	44
سیتل	44
سیلوستر	44
سیلیکونی	44
سیمولا	44
شاخصه	44
شادابی	44
شامات	44
شاگردش	44
شبیخون	44
شته	44
شرقیه	44
شريف	44
شرکتهایی	44
شفقت	44
شفیق	44
شله	44
شماره‌ها	44
شناتال	44
شنل	44
شنیدند	44
شهرزوری	44
شهریاران	44
شهریورماه	44
شهمیرزاد	44
شولتز	44
شوگون	44
شيرين	44
شيعيان	44
شکاف‌های	44
شکوفائی	44
شیبان	44
شیجی	44
شیرودی	44
شیرکوه	44
شیز	44
شیله	44
شیوه‌هایی	44
صحبت‌های	44
صحيح	44
صدادار	44
صداو	44
صدفی	44
صریحا	44
صفحه‌ها	44
صفدر	44
صمیمیت	44
صناعی	44
صندل	44
صنوبر	44
صنیع	44
ضرابی	44
ضعیف‌تر	44
ضمایر	44
ضیایی	44
طبیعت‌گردی	44
طرشت	44
طلبگی	44
طنزپرداز	44
طوبی	44
طویله	44
طیف‌سنجی	44
ظاهره	44
ظریفی	44
ظواهر	44
عابدی	44
عابر	44
عالیترین	44
عامل‌های	44
عاید	44
عبادتگاه	44
عبارت‌انداز	44
عبداللهی	44
عبدالمالک	44
عجمی	44
عدول	44
عراقی‌ها	44
عروسک‌های	44
عزیزالله	44
عشر	44
عطاالله	44
عطایی	44
عطسه	44
عطش	44
عقیق	44
علاالدین	44
علمدار	44
علیمردان	44
علیه‌های	44
عمروعاص	44
عمیق‌تر	44
عنبر	44
عورت	44
عوف	44
عکا	44
عکس‌العمل	44
عکس‌برداری	44
عیدی	44
غربی‌ترین	44
غربی‌ها	44
غشایی	44
غفور	44
غوغای	44
غول‌پیکر	44
غيره	44
فاتحه	44
فاحش	44
فاو	44
فتح‌الله	44
فخری	44
فراخ	44
فرارسیدن	44
فراشبند	44
فرحزاد	44
فرزندخواندگی	44
فرزین	44
فرسایشی	44
فرشچیان	44
فرط	44
فرمانبرداری	44
فرمانداری‌های	44
فرماید	44
فرمیک	44
فروختند	44
فروهرها	44
فسفریک	44
فصل‌ها	44
فعالترین	44
فلاندری	44
فلسفه‌ای	44
فنگ	44
فهمد	44
فوتون‌ها	44
فيزيک	44
فیتزجرالد	44
فیلسوفانی	44
فیلمبردار	44
فیورنتینا	44
قاجاریان	44
قارچ‌های	44
قاطعانه	44
قافله	44
قالی‌های	44
قاموس	44
قاین	44
قدیر	44
قدیری	44
قذافی	44
قرصها	44
قرطبه	44
قریه‌ای	44
قزلباشان	44
قس	44
قسام	44
قشلاقی	44
قشنگ	44
قصار	44
قصرهای	44
قطره‌های	44
قطعنامه‌ای	44
قلا	44
قمصر	44
قهقهه	44
قوم‌های	44
قویا	44
قویون	44
كاربر	44
كارت	44
كارخانه	44
كارهاي	44
كامپيوتر	44
كف	44
كلي	44
كمی	44
كنفرانس	44
كودك	44
كوروش	44
كوشش	44
لاتویایی	44
لاجرم	44
لاجورد	44
لاسکر	44
لاغری	44
لافت	44
لالی	44
لاکتیک	44
لایبنیتز	44
لجن	44
لد	44
لردهای	44
لرها	44
لزگی	44
لستر	44
لشكر	44
لطیفه	44
لمعه	44
لنفوسیت‌های	44
لهجه‌ها	44
لودی	44
لورنزو	44
لورکا	44
لوسین	44
لوگان	44
لوگوس	44
لوین	44
لویه	44
لکه‌ها	44
لگنی	44
لیتل	44
لیست‌های	44
ماجراجو	44
مادگی	44
مارکی	44
ماساژ	44
مالایایی	44
مالفوی	44
ماما	44
ماهرانه	44
ماکروسافت	44
متجلی	44
متحصن	44
متخلخل	44
متدولوژی	44
متغیرهایی	44
متمایزی	44
متن‌ها	44
متواتر	44
متونی	44
مجازات‌های	44
مجرمین	44
مجمل	44
محبوبیتش	44
محدودتر	44
محدودکننده	44
محرز	44
محصل	44
محفظه‌ای	44
محوله	44
مربيان	44
مرخص	44
مردمانشان	44
مردوکو	44
مرزبندی‌شان	44
مرغها	44
مرمرین	44
مرها	44
مروونژیان	44
مرگ‌ومیر	44
مزیدآباد	44
مسئولیت‌های	44
مستحق	44
مستشار	44
مستعمله	44
مشفق	44
مشهورشاهنامه	44
مصنوع	44
مطالعه‌ای	44
مطبعه	44
مطبوع‌تر	44
معاملاتی	44
معزول	44
معصیت	44
معنادار	44
معناشناسی	44
معناهایی	44
معیارها	44
مفتاح	44
مقتضی	44
مقرراتی	44
مقرری	44
ملائکوماس	44
ملارستم	44
ملازمانش	44
ملامت	44
ملتها	44
ملح	44
ملطیوی	44
ملهم	44
منافقین	44
منحصربه‌فرد	44
مندلیف	44
منفک	44
منقش	44
منگنه	44
مهتراحمد	44
مهجور	44
موتورولا	44
موثرتر	44
مودم‌های	44
مورداستقبال	44
موردهجوم	44
موریانه	44
موریانه‌ها	44
موسیقی‌ای	44
موضع‌گیری	44
موضوعه	44
موفقترین	44
مولایان	44
ميلياردر	44
مکنده	44
میانسال	44
میدا	44
میدانیم	44
میراثی	44
میزبانانش	44
میکروفن	44
میکروگرمی	44
میکی	44
میگذارند	44
می‌اندیشد	44
می‌رویم	44
می‌سوزد	44
می‌شوراند	44
می‌نواخته	44
می‌نوشته‌است	44
می‌ورزند	44
می‌پروراندند	44
می‌پزند	44
می‌پندارد	44
می‌پوشیده	44
می‌چرخند	44
می‌چسبد	44
می‌کوشیدیم	44
ناامن	44
نادان	44
نادوی	44
نارینو	44
نازکای	44
ناقص‌سوزی	44
نامحسوس	44
نامهایی	44
ناهمگن	44
ناکا	44
ناکارآمدترین	44
نبشته‌هایی	44
نتوانسته‌بود	44
نثار	44
نخواهم‌دید	44
نخودآب	44
نخورد	44
نذری	44
نرم‌تنان	44
نزدیکشان	44
نسبیتی	44
نسب‌نامه‌ها	44
نسترن	44
نشری	44
نفسی	44
نقشها	44
نمازها	44
نمازگزارد	44
نمی‌رویم	44
نمی‌گرفتند	44
نهارجان	44
نهانی	44
نهروان	44
نهضت‌هایی	44
نوحه	44
نوردوز	44
نوساز	44
نوشتم	44
نولاند	44
نوکنفسیانیسم	44
نپذیرفته	44
نکروزان	44
نگاره‌ها	44
نگشتند	44
نیام	44
نیفتند	44
نیمه‌شب	44
نیمولز	44
نیکلائف	44
نیکیش	44
هارپاگون	44
هالوپاینن	44
هايشان	44
هایکو	44
هایکوسرای	44
هتک	44
هدی	44
هرزنامه‌نویسان	44
هرودتوس	44
هرکسی	44
هرکولانوم	44
هزاره‌ی	44
هشیار	44
هلناپتروفنا	44
همانطوری	44
همایش‌هایی	44
همخوان	44
همرفت	44
همه‌گیر	44
همپوشانی	44
همکاری‌اش	44
همین‌طور	44
هم‌پیمانان	44
هندوچینی	44
هواخواهان	44
هولاکوخان	44
هویزه	44
هيدراکسيد	44
هیاهو	44
هیدروکربنی	44
واجدين	44
واحه	44
وارسته	44
وارهولا	44
واعظی	44
واقعیتی	44
واژیشت	44
واکنش‌های‌آلرژیک	44
واگیردار	44
وایزنک	44
وجدانی	44
ورزشها	44
ورقکاری	44
ورق‌هایی	44
وسیعتر	44
وسیع‌تر	44
وسیله‌ی	44
ونیزی	44
وهابی	44
ويژگی	44
وکتور	44
ویبریو	44
ویر	44
ویرایشی	44
ویلر	44
ویو	44
پاراگراف	44
پارتها	44
پاریسی	44
پارینه‌سنگی	44
پازوکی	44
پاسو	44
پامنار	44
پاوند	44
پاکروان	44
پاکیزگی	44
پترا	44
پراهمیت	44
پراگماتیسم	44
پراید	44
پربیننده	44
پرتابگر	44
پرتوان	44
پردازش‌های	44
پرديس	44
پرسپوليس	44
پروانه‌های	44
پروسرپینا	44
پروسی	44
پرکارترین	44
پرکردن	44
پرینتر	44
پزشکتان	44
پزی	44
پسیان	44
پس‌زمینه	44
پشتش	44
پشته‌ای	44
پشته‌ها	44
پشه‌ها	44
پطرس	44
پلاسمیدها	44
پلوپونز	44
پلی‌آف	44
پنجه‌های	44
پنجوین	44
پنگوئن‌ها	44
پودری	44
پوراحمد	44
پوستین	44
پوشا	44
پوشانیده	44
پوچی	44
پير	44
پيرامون	44
پيچيده	44
پژاک	44
پژوهش‌هایی	44
پیدایی	44
پیرزن	44
پیزا	44
پیستولز	44
پیشاهنگ	44
پیشرفته‌ترین	44
پیشوایی	44
پیشوندهای	44
پیشکسوتان	44
پیشگویی‌های	44
پیشگیرانه	44
پیمان‌نامه	44
پیمایی	44
پیکاپ	44
چادرها	44
چاشم	44
چاقوی	44
چالاکی	44
چالشهای	44
چانگشا	44
چرخی	44
چرنوبیل	44
چشتیه	44
چشم‌پوشی	44
چمنزار	44
چنبره	44
چندزنی	44
چهره‌ها	44
چوبدستی	44
چوی	44
چيزي	44
چیان	44
چینه	44
ژئوپلیتیک	44
ژاندارک	44
ژرفا	44
ژنهای	44
کابینه‌های	44
کاترپیلار	44
کاتولیک‌های	44
کاخ‌ها	44
کادیلاک	44
کاربردن	44
کارشناسي	44
کاروانی	44
کازرونی	44
کاس	44
کاف	44
کالی	44
کامبرین	44
کامپيوتر	44
کامیاب	44
کامیون‌های	44
کاندیداها	44
کانیهای	44
کاویان	44
کاپرا	44
کاپیتالیسم	44
کاکل	44
کتایون	44
کتیرا	44
کجای	44
کرباس	44
کریستال‌های	44
کز	44
کزاز	44
کشتیها	44
کشتی‌هایی	44
کفایه	44
کلاید	44
کلایه	44
کلمبو	44
کلهری	44
کلوئیدی	44
کلونینگ	44
کلوویس	44
کلیم	44
کمالات	44
کماندار	44
کمسیون	44
کمپل	44
کمیابی	44
کمیسیون‌های	44
کم‌تری	44
کنارش	44
کنتس	44
کنده‌کاری	44
کنفرانس‌ها	44
کهتر	44
کوبید	44
کوتا	44
کودها	44
کودکی‌اش	44
کورتنی	44
کورد	44
کورس	44
کورین	44
کوزکو	44
کولسه	44
کومه‌له	44
کوهستانها	44
کوچیده	44
کوکب	44
کوکی	44
کویرات	44
کپک	44
کپی‌رایت	44
کپ‌کام	44
کیتی	44
کیلوبایت	44
کیمیاگران	44
کیپور	44
کی‌خسرو	44
گؤائولد	44
گاردن	44
گازدار	44
گالادریل	44
گالان	44
گالیک	44
گامت	44
گامهای	44
گاوزبان	44
گاوها	44
گت	44
گدا	44
گذرگاهی	44
گذشته‌ای	44
گرانبهایی	44
گرانتر	44
گراور	44
گردانند	44
گردیزی	44
گرشاسپ	44
گرمازا	44
گرمتر	44
گرنت	44
گرنداسلم	44
گروهبان	44
گروگانگیری	44
گرویدن	44
گرگر	44
گریختن	44
گریزان	44
گریفیندور	44
گزارشاتی	44
گزل	44
گزیدن	44
گستره‌ای	44
گسیخته	44
گفته‌ای	44
گلایکول	44
گلدمن	44
گلسرخی	44
گلنگدن	44
گله‌داری	44
گلوله‌ها	44
گلین	44
گمراهی	44
گنجعلیخان	44
گنجینه‌ای	44
گواتر	44
گوان	44
گوردخمه	44
گورها	44
گولاگ	44
گولد	44
گوگوريو	44
گیاهخوار	44
گیاهخواری	44
گیاه‌خوار	44
گیبس	44
گیرنده‌ها	44
گیشا	44
گیله	44
یادکرد	44
یادی	44
یاسا	44
یخچالی	44
یورگن	44
یک‌سوم	44
یگان‌ها	44
ییلاقات	44
آبا	43
آبانماه	43
آتاناسیوس	43
آجرپزی	43
آجرکاری	43
آحاد	43
آداپتور	43
آدری	43
آدرین	43
آدم‌ها	43
آرسنیک	43
آرمینیوس	43
آریس	43
آزتک‌ها	43
آزمایشاتی	43
آزمایشگاه‌ها	43
آسمان‌ها	43
آسمون	43
آسيب	43
آغاسی	43
آفریدن	43
آقابزرگ	43
آلبو	43
آلمانیها	43
آنتن‌های	43
آنتیگوا	43
آنجاکه	43
آن‌گونه	43
آهنرباهای	43
آکروپولیس	43
آینده‌گری	43
ابله	43
اتلتیکو	43
اثنا	43
اثنای	43
اجل	43
اختتامیه	43
اختفای	43
اختیارآباد	43
ارئه	43
اربعین	43
ارتباطش	43
ارجن	43
اردنی	43
اردوغان	43
ارزيابي	43
ارعاب	43
ارژن	43
اریحا	43
ازدواج‌های	43
استاتیرا	43
استثنائی	43
استراق	43
استنادی	43
استودیوز	43
اسرحدون	43
اسلاف	43
اسلحه‌های	43
اسلم	43
اسپانیائی	43
اسپاگتی	43
اسکواش	43
اشلی	43
اصلیش	43
اطرافیانش	43
اطهار	43
اعانه	43
اعتصامی	43
اعدام‌های	43
اغما	43
افتراق	43
افتند	43
افروخته	43
افروز	43
افشاریان	43
افكار	43
اقتصادهای	43
الانوار	43
التجار	43
التماس	43
الجایتو	43
الحاقات	43
الحمایه	43
الدعوه	43
السید	43
الطبیعه	43
الفت	43
القاس	43
الكترود	43
المان‌های	43
الوهیم	43
الک	43
الکبیر	43
الکترودهای	43
الگوریتم‌هایی	43
ال‌ئی‌دی	43
امامقلی	43
امتياز	43
امتیازاتی	43
امريكا	43
امشاسپند	43
املایی	43
امیدوارم	43
امیریه	43
انتظارش	43
اندازه‌ی	43
اندامگان	43
اندوزی	43
اندیشگاه	43
انزجار	43
انعقادی	43
انفجارهای	43
انفوزیون	43
انقباضات	43
انقباضی	43
انو	43
انگشتری	43
انگلیس‌ها	43
انگیزه‌ای	43
انگیزه‌ها	43
اهرمی	43
اوتاد	43
اوتو	43
اوتکتیک	43
اوجا	43
اوحدی	43
اودیپ	43
اورارتویی	43
اورمیه	43
اورک	43
اوپسالا	43
اکبرآباد	43
اکبرشاه	43
اکسپت	43
اکسیدان	43
اکولوژی	43
اگزوز	43
ایدو	43
ایرانیها	43
اینباره	43
این‌طور	43
این‌کار	43
بااستفاده	43
بابای	43
بابیج	43
باتری‌های	43
باخته	43
بادمجان	43
بادکوبه	43
باریم	43
بازرسان	43
بازهای	43
بازيكن	43
بازيگران	43
باضافه	43
باطبی	43
باقرآباد	43
بالاي	43
بالدر	43
بالگردهای	43
باوند	43
باگ	43
بایکونور	43
ببارد	43
ببرهای	43
ببوس	43
بحار	43
بحبوحه	43
بدرقه	43
بدگمان	43
بدگمانی	43
بدین‌گونه	43
بذرهای	43
براتیگان	43
برانکس	43
برایتان	43
برحذر	43
برخالی	43
برداري	43
بردبری	43
برزو	43
برمه‌ای	43
برناردو	43
برنو	43
برنگ	43
برهان‌های	43
بروزرسانی	43
بروسه	43
برگزیند	43
بزرگوارش	43
بزمان	43
بسطاملو	43
بسفر	43
بسپارند	43
بطلمیوسی	43
بطنها	43
بعبارت	43
بلاتریکس	43
بلاروسی	43
بلغارها	43
بلفارواسپاسم	43
بندي	43
بندپایان	43
بنشن	43
بنگرید	43
بنیان‌های	43
بنی‌هاشمی	43
بهداد	43
بهزيستي	43
بوانات	43
بوتولیسم	43
بوس	43
بوعلی‌سینا	43
بولتن	43
بوکسیت	43
بویراحمدی	43
بيشترين	43
بکارت	43
بکشید	43
بگ	43
بیتا	43
بیخ	43
بیفزاید	43
بینی‌های	43
بین‌الملی	43
بی‌شک	43
تأثير	43
تاتارهای	43
تاجیکان	43
تارانتینو	43
تافت	43
تایپه	43
تبارشناسی	43
تبدیلی	43
تبهکاران	43
تجربیاتی	43
تحقیقاتش	43
تحلیلگر	43
تحلیل‌گر	43
تخصصها	43
تخلخل	43
تخیلات	43
ترحیم	43
ترمذ	43
تره‌بار	43
ترومبوز	43
تصرفات	43
تصویرگیری	43
تضادهای	43
تعزیری	43
تعلیقات	43
تفاضلی	43
تقویم‌های	43
تلاطم	43
تمرینی	43
تمهیدات	43
تموچین	43
تناقضات	43
تنالیته	43
تنگه‌ای	43
تنیسور	43
توتال	43
توتی	43
توسکا	43
توضيح	43
تویی	43
تپ	43
تکاوران	43
تگرگ	43
تیروزین	43
تیمارستان	43
ثقةالاسلام	43
جاذبه‌ای	43
جار	43
جاسوسان	43
جامه‌های	43
جاوااسکریپت	43
جايگزين	43
جبه	43
جدایش	43
جدیدتری	43
جستجویی	43
جسورانه	43
جشنواره‌ها	43
جعفرقلی	43
جلا	43
جمشیدی	43
جمله‌ها	43
جناح‌های	43
جنایتی	43
جنایت‌های	43
جندالله	43
جنگ‌هایی	43
جهانبگلو	43
جهانگیرخان	43
جوابگوی	43
جوادخان	43
جوانا	43
جوجه‌های	43
جویشگرها	43
جیان	43
جیووانی	43
حاجیلار	43
حجتی	43
حریصانه	43
حزم	43
حزین	43
حسابان	43
حسابدار	43
حسنه	43
حلیم	43
حمص	43
حمله‌ور	43
خارپشت	43
خانواده‌هایشان	43
خبردار	43
ختن	43
خداحافظ	43
خدایا	43
خرمی	43
خروجی‌های	43
خریدند	43
خزرها	43
خزه	43
خسروشاهی	43
خفی	43
خلل	43
خلیجی	43
خنکی	43
خوابگاهی	43
خواجوی	43
خواران	43
خواربار	43
خودکامگی	43
خوشه‌ها	43
خونگرم	43
داخلیه	43
داده‌شده	43
دارما	43
داريم	43
داستین	43
داشته‌باشند	43
دانشنامه‌ای	43
دانشنامه‌های	43
دانش‌ها	43
دایرکتوری	43
دایه	43
دب	43
دراویدی	43
درجنگ	43
درخشانترین	43
درصورتیکه	43
دروه	43
درگذشتش	43
درگذشتند	43
دسته‌هایی	43
دشواری‌های	43
دقیانوس	43
دلالان	43
دلتنگی	43
دلسوز	43
دلواری	43
دماسنج	43
دمشقی	43
دنبالش	43
دنیپر	43
دهدهی	43
ده‌هزار	43
دوازده‌گانه	43
دوان	43
دوبخشی	43
دوبل	43
دوره‌گرد	43
دوست‌داشتنی	43
دوچندان	43
دوک‌نشین	43
دوید	43
ديدن	43
ديني	43
دکو	43
دکوراسیون	43
دگرگشت	43
دیدرو	43
دیده‌بانی	43
دیزلی	43
دیسنی	43
دیفرانسیلی	43
دینداری	43
دینوری	43
دیه‌گو	43
ذر	43
ذوب‌آهن	43
ذی‌الحجه	43
رأس‌الخیمه	43
رابط‌های	43
رازیانه	43
راع	43
رانگاناتان	43
راهنماهای	43
راهپیمایی‌های	43
راه‌انداز	43
رسیدم	43
رضوانشهر	43
رضویه	43
رعایای	43
رفتیم	43
رفت‌وآمد	43
رماتیسم	43
رمانش	43
رنجی	43
رنکینگ	43
روآن	43
رواق‌ها	43
روانپزشک	43
روان‌گسیختگی	43
روتر	43
رودمعجن	43
روغن‌ها	43
روژ	43
روکرت	43
رویشی	43
رویم	43
رگی	43
ریزاندامگان	43
ریزتر	43
ریزند	43
ریف	43
رین	43
ریوز	43
ریچموند	43
زابلستان	43
زانوها	43
زایید	43
زرافه	43
زرع	43
زرین‌آباد	43
زمامداران	43
زهیر	43
زواری	43
سائوپائولو	43
ساتیا	43
ساختارهایی	43
ساراگوسا	43
ساردین	43
ساره	43
ساغر	43
سالن‌ها	43
سانان	43
سانتانا	43
ساوجی	43
ساگان	43
سایبری	43
سایه‌ای	43
سجزی	43
سحرآمیز	43
سخنرانان	43
سرخورده	43
سردارسپه	43
سرزمینها	43
سرس	43
سرسرای	43
سرشناس‌ترین	43
سرعتهای	43
سرنام	43
سرکوبگر	43
سطح‌های	43
سعدالدین	43
سعي	43
سفالگران	43
سلاله	43
سلسلة	43
سناریوی	43
سنگفرش	43
سنگ‌ریزه	43
سوءظن	43
سوارکار	43
سوس	43
سوکت	43
سينه	43
سپاسی	43
سک	43
سکیوریتی	43
سگا	43
سیاه‌پوستان	43
سیتروئن	43
سیخ	43
سیدضیاءالدین	43
سیمانتک	43
سیمها	43
سیناترا	43
سینماگران	43
سیواس	43
سیگنالها	43
شائبه	43
شاخه‌هایی	43
شاخی	43
شاهدانه	43
شاکر	43
شایعتر	43
شبکه‌هایی	43
شتاب‌دهنده	43
شراره	43
شرجی	43
شرمن	43
شروانی	43
شعارها	43
شعوبیه	43
شفیلد	43
شلمان	43
شلمزار	43
شماره‌ی	43
شمال‌غرب	43
شناسه‌های	43
شناورهای	43
شناوری	43
شنگ	43
شنیدم	43
شهربراز	43
شهرستانک	43
شهرکهای	43
شهرک‌ها	43
شوبرت	43
شورشهای	43
شورلت	43
شوکران	43
شوکه	43
شيري	43
شکایتی	43
شکستند	43
شکستهای	43
شیاری	43
شیان	43
شیگلا	43
صبحگاهی	43
صحاح	43
صحار	43
صدراعظمی	43
صدقه	43
صدم	43
صفحه‌کلید	43
صنعتگر	43
ضدشورش	43
ضیاءپور	43
طائی	43
طالش	43
طبقه‌است	43
طرقبه	43
طولش	43
طپش	43
ظرفيت	43
عارفی	43
عبدالباقی	43
عبدالحی	43
عتبه	43
عزله	43
عفیف	43
عقايد	43
علاقه‌مندی	43
عللی	43
علنا	43
عمادالدوله	43
عمربن	43
غادة	43
غبرایی	43
غزلهای	43
غلو	43
غواص	43
غوری	43
غیرمذهبی	43
غیرواقعی	43
فارماکولوژی	43
فارگو	43
فاضلی	43
فامنین	43
فتح‌آباد	43
فتوی	43
فحشا	43
فراواني	43
فرترن	43
فردیت	43
فرمانبردار	43
فرم‌ها	43
فروپاشید	43
فروکتوز	43
فضاپیمایی	43
فلدسپات	43
فلوبر	43
فلورسنت	43
فناوری‌ها	43
فهرج	43
فوربس	43
فولا	43
فیس	43
فیلم‌سازان	43
قاسم‌آباد	43
قاطعیت	43
قبرستانی	43
قداست	43
قدرتمندتر	43
قدیمترین	43
قدیمه	43
قراردارند	43
قرطاس	43
قزلجه	43
قزل‌اوزن	43
قسمتي	43
قطبهای	43
قطبیت	43
قطب‌زاده	43
قلابی	43
قلاده	43
قلبش	43
قهوه‌خانه	43
قوزک	43
قولنجی	43
قیسی	43
قیچیهای	43
كابل	43
كاخ	43
كاربران	43
كارگاه	43
كارگردان	43
كارگردانی	43
كاریزماتیك	43
كاملا	43
كتيبه	43
كره	43
كشورها	43
كنونی	43
كوچ	43
كوچه	43
لاتين	43
لاتک	43
لارس	43
لاسگرد	43
لاگرانژی	43
لایت	43
لایف	43
لتونی	43
لخمی‌ها	43
لرزاده	43
لزومی	43
لسترنج	43
لشت	43
لنفوسیت	43
لوتوس	43
لودویک	43
لوفت	43
لوکارنو	43
لک‌ها	43
لگاریتمی	43
لیبرالی	43
لیست‌ها	43
لینک‌های	43
لیه	43
مؤلفین	43
مائده	43
مائوئیستی	43
ماتریس‌ها	43
ماران	43
مارتل	43
مارلون	43
مارنی	43
ماروین	43
مارکت	43
مارکونی	43
ماستین	43
مالش	43
مامو	43
ماهیتی	43
ماکارونی	43
ماکسیس	43
مبارزالدین	43
مبحثی	43
مبهمی	43
متبلور	43
متداولترین	43
مترجمین	43
مترشحه	43
متصاعد	43
متقارب	43
متلاطم	43
مته	43
مجددی	43
محاط	43
محرق	43
محصولش	43
محمول‌ها	43
مختلفی	43
مدال‌هایش	43
مدبر	43
مراوده	43
مرتبه‌ای	43
مرمرهای	43
مرنجان	43
مزرعه‌ای	43
مسافرت‌هایی	43
مستظرفه	43
مستعلیان	43
مستندساز	43
مستندسازی	43
مستور	43
مسجدها	43
مسجع	43
مسیرش	43
مشکانلو	43
مصلایی	43
مصلح	43
مضامینی	43
مظفرالدین‌میرزا	43
مظفریه	43
معابري	43
معالج	43
معتمدین	43
معجون	43
معرفه	43
معرکه	43
معمایی	43
مفروضات	43
مقاله‌هایی	43
مكانيكی	43
ملازم	43
ملون	43
ملیت‌هایی	43
مناسبتی	43
منصبانی	43
منطقیات	43
منظری	43
منفعل	43
منفور	43
منقاری	43
منوره	43
مهرنژاد	43
مهریزد	43
مهفوم	43
موسساتی	43
موسیاهی	43
موقوفه	43
مولیبدنوم	43
مومنی	43
مونسئو	43
مونوآمین	43
موهایش	43
مي‌دهم	43
مي‌كنيد	43
مکانیزم‌هایی	43
مکشوفه	43
مکیدن	43
مگابیز	43
میبرند	43
میبیند	43
میتسوهیسا	43
میراندای	43
میرحیدرالدین	43
میرویس	43
میسورا	43
میشو	43
مینوستا	43
میکنم	43
می‌بینم	43
می‌خواسته‌است	43
می‌رسیده‌است	43
می‌ساییدند	43
می‌سی‌نو	43
می‌نماییم	43
ناالمپیکی	43
نابجا	43
نابسامانی	43
ناتا	43
ناخنک	43
ناشناس‌تر	43
ناقض	43
نانت	43
نانی	43
ناهمواری	43
ناکامل	43
نایجلوس	43
نجس	43
نخلها	43
نخیلوه	43
نرهای	43
نسبش	43
نسطوریان	43
نشاندن	43
نشيب	43
نصیرا	43
نظریاتی	43
نعوظی	43
نقاشی‌آزاد	43
نمايشنامه‌ای	43
نمايندگاني	43
نمودارها	43
نمی‌رفتم	43
نهیت	43
نوارها	43
نوردانش	43
نوردیکه	43
نورشناخت	43
نوژیان	43
نپالی	43
نگرفتند	43
نگهدار	43
نیازمندی‌ها	43
نیاورده	43
نیدرزاکسن‌اشتادیون	43
نیمه‌نهایی	43
نیکانش	43
هئیتی	43
هابرماسن	43
هابزبورگ	43
هاربور	43
هاردکوروقهرمانی	43
هاکا	43
هاکسمور	43
هجومی	43
هدفشان	43
هستی‌شناسیک	43
هشدارگونه	43
هلموتز	43
همامنگی	43
همدوسی	43
همه‌گیری	43
همکلاسی	43
همینکه	43
هندلزگزلشافت	43
هندوئیم	43
هنریشان	43
هنگفت	43
هواگردهای	43
هوتوس	43
هوراسه	43
هیدروکربن‌ها	43
هیس	43
هیلیل	43
واتراستونز	43
وارطانیان	43
وارویو	43
واریس	43
واشیایی	43
وافورخانه	43
والاها	43
وحشتناک‌تر	43
ورق‌های	43
وسایط	43
وصفی	43
وقتش	43
ولایة	43
وهابیان	43
وون	43
يوسف	43
يکديگر	43
پارانویا	43
پارسایی	43
پاز	43
پاسبان	43
پالمیرا	43
پاکدامن	43
پختگی	43
پدیدآورندگان	43
پراتلاف	43
پراکنده‌است	43
پرتوزایی	43
پرسشهای	43
پرسپکتیو	43
پرسیدم	43
پروا	43
پروتون‌ها	43
پروتکلی	43
پروکاریوتی	43
پریسا	43
پسار	43
پسانوگرایی	43
پستانداری	43
پسرعموی	43
پسوخه	43
پشنگ	43
پلاتینی	43
پنترا	43
پنچ	43
پورداود	43
پورنوگرافی	43
پوره	43
پولونیکس	43
پونا	43
پوچینی	43
پوکه	43
پویشگر	43
پوینده	43
پیاده‌نظام	43
پیترو	43
پیرامونش	43
پیرلو	43
پیشکوه	43
پین‌یین	43
پیچو	43
پیکرهای	43
چابکی	43
چادگان	43
چاپ‌های	43
چاکرای	43
چسبانده	43
چشم‌گیری	43
چلنجر	43
چهارلنگ	43
چوب‌های	43
چیتگر	43
چینی‌های	43
ژانت	43
ژاکوبی	43
ژوزه	43
ژوگه	43
کارتلی	43
کارو	43
کاروانهای	43
کاریا	43
کاسنی	43
کاشانه	43
کالج‌های	43
کامل‌ترین	43
کامیلا	43
کانسار	43
کاپیتول	43
کجاست	43
کرامتی	43
کربنیک	43
کربوکسیلیک	43
کرن	43
کرور	43
کروماتوگرافی	43
کرچ	43
کرکی	43
کریم‌آباد	43
کسائی	43
کلاری	43
کلان‌شهری	43
کلراید	43
کلروکین	43
کلوچه	43
کلیدهایی	43
کمبودهای	43
کمک‌ها	43
کنارک	43
کنخور	43
کنش‌های	43
کنچی	43
کهکیلویه	43
کوار	43
کوان	43
کورتیکواستروئیدها	43
کورلئونه	43
کوشکنار	43
کولتیوارهای	43
کوهان	43
کوهبنان	43
کوچنده	43
کویته	43
کیلوهرتز	43
کیوسک	43
گالش	43
گاماسیاب	43
گاوخونی	43
گدایی	43
گذرانده‌است	43
گذرواژه	43
گرجی‌ها	43
گرشاسب	43
گرمایشی	43
گرنجر	43
گروسی	43
گریان	43
گزیده‌اند	43
گلوجه	43
گلودرد	43
گن	43
گنجفه	43
گنجه‌ای	43
گورستان‌های	43
گوسفندی	43
گوشواره‌ای	43
گوهردشت	43
گيرند	43
گچویه	43
گیاهخواران	43
گیتا	43
گیدنز	43
گیمز	43
گیگاهرتز	43
یادم	43
یاغیان	43
یافا	43
یای	43
یزیدی	43
یموت	43
یونسی	43
یوهوا	43
یکهزار	43
آبتین	42
آبستره	42
آبشارها	42
آب‌وهوای	42
آتشکده‌ای	42
آخال	42
آدمهای	42
آذغان	42
آریستید	42
آریوبرزن	42
آزمونی	42
آستراخان	42
آسپرین	42
آسپیرین	42
آشكار	42
آشوراده	42
آشیان	42
آغاجاری	42
آفریدگار	42
آفساید	42
آقطی	42
آلاینده	42
آلبومهای	42
آلبوم‌هایی	42
آلودگی‌های	42
آلوز	42
آمیزشی	42
آمینو	42
آنجل	42
آندریاس	42
آن‌دو	42
آهنگران	42
آهنگ‌سازان	42
آواها	42
آواهای	42
آوه	42
آيات	42
آیتی	42
ائوزین	42
ابرار	42
ابراهیم‌بیگ	42
ابررساناها	42
ابسنث	42
ابوت	42
ابولقاسم	42
اتاقش	42
اتلاق	42
اتمسفری	42
اتن	42
اتوبوسی	42
اجراها	42
اجرایش	42
احساء	42
اختیارش	42
اخلاف	42
ادات	42
اردبيل	42
ارزان‌تر	42
ارزشها	42
ارزیل	42
ارک	42
اریترومایسین	42
ازادی	42
ازبک‌ها	42
اساسی‌ترین	42
استارک	42
استایرن	42
استدلالات	42
استریم	42
استفاده‌ای	42
استفانو	42
استقراض	42
اسراء	42
اسفالت	42
اسلامبول	42
اسلحه‌ای	42
اسپاسم	42
اسکوروی	42
اسی	42
اس‌آی	42
اشتهاردی	42
اشپیگل	42
اشکی	42
اصلاندوز	42
اطلاع‌یابی	42
اظهارنامه	42
اعجاب	42
اعشار	42
اعضایش	42
افسرانی	42
افکندن	42
الآن	42
الاخبار	42
البه	42
الجنان	42
الحارث	42
الحدیث	42
الحسنه	42
الساندرو	42
الشعراء	42
الصخره	42
الطوایفی	42
العمر	42
الملی	42
الوان	42
الکتروفورز	42
الیشا	42
امامزاده‌ها	42
امامزادگان	42
امیدواریم	42
امین‌الضرب	42
ام‌آی‌تی	42
انتگرالی	42
اندوتلیوم	42
انفصال	42
انکساری	42
انگشتی	42
انی	42
انیماتور	42
اوامر	42
اوتانازی	42
اورامانات	42
اوربان	42
اوربیتال‌های	42
اورنج	42
اوریون	42
اوغوز	42
اوچ‌هاچا	42
اکاذیب	42
اکال	42
ایاز	42
ایدئولوژیکی	42
ایرانشناس	42
ایران‌شناس	42
ایران‌شهر	42
ایزانامی	42
ایلان	42
اینجو	42
اینشوشیناک	42
ایها	42
باباچاهی	42
بارانهای	42
باربودا	42
بازتولید	42
بازرگاني	42
بازپرسی	42
بازگشتش	42
بازگشتن	42
باسابقه	42
باشیان	42
باقیست	42
بالاده	42
بالش	42
باوندیان	42
بحران‌ها	42
بخش‌بندی	42
بدليل	42
بدیهیات	42
براهویی	42
براگ	42
برخودار	42
بردهای	42
بررسیها	42
برز	42
برساووش	42
برمی‌خوریم	42
برنادت	42
برنشتاین	42
برهان‌الدین	42
برهما	42
برگر	42
بریان	42
بری‌بری	42
بزرگراه‌ها	42
بزرگ‌ترين	42
بزرگ‌راه	42
بزمی	42
بسامدهای	42
بسل	42
بقاء	42
بلوریان	42
بل‌که	42
بنائی	42
بنابرآنچه	42
بنحوی	42
بنشینند	42
بنيان	42
بنگریم	42
بنیادگرا	42
بنیانگزار	42
بنیتو	42
بن‌بست	42
بهارلو	42
بهکده	42
به‌راحتی	42
به‌زبان	42
به‌سال	42
به‌سزایی	42
به‌هنگام	42
بوئین‌زهرا	42
بوربون	42
بورژوا	42
بوسیدن	42
بوناپارت	42
بوییان	42
بچاپ	42
بکن	42
بکنیم	42
بگریزند	42
بگونه	42
بیزاری	42
بیسکای	42
بیع	42
بیلقان	42
بینابینی	42
بینجامد	42
بیندازند	42
بیننده‌ای	42
بی‌اثر	42
بی‌مهرگان	42
بی‌هوازی	42
تأسف	42
تاتوره	42
تاریخ‌دانان	42
تاریخ‌نگاری	42
تالاسمی	42
تاليف	42
تاول	42
تایفون	42
تبعيد	42
تبعیدگاه	42
تبليغ	42
تثنیه	42
تحلیف	42
تخار	42
تخريب	42
تداول	42
ترازهای	42
ترانه‌هایش	42
ترای	42
ترجمه‌هایی	42
ترجمه‌ی	42
ترساندن	42
تركيب	42
ترمیمی	42
ترورهای	42
تزلزل	42
تزویج	42
تست‌های	42
تسلیمی	42
تسویه	42
تشک	42
تشی	42
تصغیر	42
تفرج	42
تفریحگاه	42
تفوق	42
تقارنی	42
تك	42
تماشاگه	42
تمپل	42
تمکین	42
تمی	42
تنقلات	42
تهییج	42
تواضع	42
توتسی	42
تورفان	42
توزيع	42
توفانی	42
تومورها	42
تکبیر	42
تکریت	42
تکنو	42
تیزاب	42
تیموتی	42
تیپ‌های	42
ثعالبی	42
جئوگرافیک	42
جام‌های	42
جانباز	42
جانشینش	42
جاپلق	42
جایگذاری	42
جديدی	42
جدیدشان	42
جذابی	42
جذامی	42
جزئیاتی	42
جزایی	42
جزوات	42
جسیکا	42
جغرافيايی	42
جمعیت‌شناسی	42
جمیرا	42
جنبانک	42
جندق	42
جنوب‌شرقی	42
جنگنده‌ها	42
جهانگشای	42
جهیزیه	42
جوشین	42
جوپار	42
جویای	42
جویندگان	42
جیرانی	42
حجله	42
حدیده	42
حذر	42
حرص	42
حرفه‌های	42
حرمسرا	42
حزب‌های	42
حسام‌الدین	42
حسنویه	42
حسنک	42
حقوقدانان	42
حلالیت	42
حلزونی	42
حلقی	42
حلیمه	42
حمله‌ها	42
حنایی	42
حوزه‌ای	42
حوزه‌هایی	42
حوضه‌های	42
حوله	42
حومه‌های	42
حکم‌آباد	42
خانه‌ی	42
خدادادی	42
خدایگان	42
خدمتش	42
خدمتکاران	42
خرمدره	42
خرمدین	42
خره	42
خصایص	42
خلعت	42
خلعتبری	42
خنداب	42
خواجگان	42
خوبان	42
خورشت	42
خونسردی	42
خون‌آشام	42
دابلیو	42
داريوش	42
دافعه	42
دامغانی	42
دخترانی	42
دده	42
درآمیخته	42
درازگودال	42
درشتی	42
درشکه	42
درضمن	42
درك	42
درمی‌یابد	42
درهمان	42
دروغی	42
درون‌مایه	42
دزدگیر	42
دستشان	42
دست‌ساز	42
دست‌نماز	42
دلو	42
دندانپزشک	42
دنیاهای	42
دهنده‌ها	42
دوایت	42
دوبخش	42
دوتریوم	42
دوزبانه	42
دوقسمت	42
دونگ	42
دیدبان	42
دیس	42
دینامو	42
دیندار	42
دینکرد	42
دیپلمات‌های	42
دیکنز	42
دییگو	42
ذوالفنون	42
رأس‌ها	42
رؤیای	42
رادمنش	42
راديويی	42
رازان	42
رازک	42
راسته‌های	42
راشیتیسم	42
راغب	42
راهبردها	42
رايانه	42
ربای	42
رختکن	42
رساناها	42
رسانیدن	42
رستگار	42
رسوخ	42
رقیبش	42
رمبو	42
رمت	42
رنجبران	42
رهیافت	42
روادید	42
روتردام	42
روزنامه‌هایی	42
روستايي	42
روشنفکرانه	42
روملو	42
رونین	42
رپرتوار	42
رژیمی	42
ریتمیک	42
ریختگی	42
ریختی	42
ریدلی	42
ریشه‌دار	42
ریوندل	42
ریپورتر	42
ریگ‌ودا	42
زارها	42
زبانشناس	42
زبیده	42
زتا	42
زمخت	42
زمستانه	42
زمستانها	42
زمینه‌ساز	42
زه	42
زهكشی	42
زوبین	42
زگیل	42
زیارتگاهی	42
زیربنا	42
زیست‌فناوری	42
زیست‌گاه	42
زیورآلات	42
زیوس	42
سئو	42
سات	42
ساختم	42
ساختمان‌سازی	42
ساراماگو	42
ساران	42
سازیم	42
سالازار	42
سالمند	42
سالمونلا	42
سانچز	42
سايفرت	42
سایبان	42
ساییده	42
سببی	42
سبزی‌ها	42
ستاره‌شناسان	42
سخایی	42
سخنور	42
سدۀ	42
سربینه	42
سردبیران	42
سرزمینشان	42
سرها	42
سروده‌ها	42
سروستانی	42
سرپاور	42
سریع‌السیر	42
سزارین	42
سفالینه‌ها	42
سفیدآب	42
سقیفه	42
سكونت	42
سلمی	42
سمتهای	42
سموئیل	42
سنترال	42
سندباد	42
سنکا	42
سنگلاخ	42
سن‌پترزبورگ	42
سوئیچینگ	42
سوده	42
سورگوم	42
سوزنچی	42
سولقان	42
سوند	42
سویش	42
سویل	42
سيب	42
سير	42
سپیدار	42
سکه‌هایی	42
سیداحمد	42
سیدالشهدا	42
سیریل	42
سیسرو	42
سیفی	42
سیلو	42
سیلور	42
سینکلر	42
سیوطی	42
سیگاری	42
سی‌ان‌ان	42
سی‌دی‌ایکس	42
شاتون	42
شاغلین	42
شالیزارهای	42
شامپو	42
شاه‌نشین	42
شبام	42
شبلی	42
شبه‌نظامیان	42
شبیه‌ساز	42
شتری	42
شخصیه	42
شدی	42
شش‌ها	42
شعرانی	42
شمارد	42
شماره‌گذاری	42
شمال‌شرقی	42
شمشاد	42
شمعدان	42
شناخت‌شناسی	42
شهرداری‌ها	42
شهروز	42
شورانگیز	42
شوهری	42
شیبی	42
شیخان	42
شیرابه	42
شیران	42
شیردهی	42
شیرود	42
شیلر	42
شیندند	42
شیک	42
صاحبخانه	42
صاحبقران	42
صباحی	42
صحابی	42
صحراها	42
صدوقی	42
صرب‌ها	42
صرف‌نظر	42
صلاحدید	42
صورتی‌که	42
صیدی	42
ضایع	42
ضربانی	42
ضرب‌المثل	42
ضرورتی	42
ضروریات	42
طرب	42
طرف‌های	42
طوق	42
ظاهرشاه	42
ظرف‌های	42
ظهیرالدین	42
عابدینی	42
عادلشاه	42
عاریت	42
عاملین	42
عایقی	42
عبدالنور	42
عبرانیان	42
عروه	42
عسکر	42
عشقش	42
عشق‌آباد	42
عقب‌ماندگی	42
عقلانیت	42
عقود	42
علائق	42
علیشیر	42
عمانی	42
عنبرآباد	42
عنصرها	42
عون	42
عینیت	42
غازها	42
غربیان	42
غش	42
غیرحرفه‌ای	42
فاوست	42
فای	42
فتو	42
فجایع	42
فجیع	42
فربه	42
فردینان	42
فرسکو	42
فرضیه‌ای	42
فرمهین	42
فروت	42
فرورتیش	42
فریز	42
فصوص	42
فضاپیماها	42
فعل‌های	42
فقیرتر	42
فقیرنشین	42
فناوریهای	42
فه	42
فهیم	42
فوتونی	42
فول	42
فیرورق	42
فیروزی	42
فیشور	42
فیضانی	42
فیض‌آباد	42
فیکوس	42
قائلند	42
قایق‌ها	42
قبادی	42
قدیم‌ترین	42
قراین	42
قرةالعین	42
قره‌بلاغ	42
قصرشیرین	42
قطاری	42
قلعه‌چای	42
قناتهای	42
قوامی	42
كتابی	42
كلمات	42
كمیته	42
كن	42
كنم	42
كودكی	42
لئونیداس	42
لائیک	42
لاتویا	42
لاروهای	42
لاهوری	42
لاوان	42
لاچین	42
لایحه‌ای	42
لایدن	42
لبها	42
لسانی	42
لعنتی	42
لمار	42
لندرور	42
لوحی	42
لوسمی	42
لوشان	42
لوط	42
لوندویل	42
ليست	42
لگولاس	42
لیبرال‌ها	42
لیتیوم	42
لیدیا	42
لیر	42
لیراوی	42
لینه	42
لیونل	42
مؤذن	42
ماتم	42
ماتیکان	42
مادبا	42
ماده‌های	42
مارتینز	42
مارسیا	42
مارلین	42
مارکسیست‌ها	42
مارکوپولو	42
مارک‌های	42
ماش	42
مافیایی	42
مالدینی	42
مالمستین	42
ماندارین	42
ماهری	42
ماورا	42
ماچو	42
ماکسیمیلیان	42
مبرا	42
متأهل	42
متانت	42
متساوی	42
متعجب	42
متعدی	42
متنفذ	42
متهمین	42
مجارها	42
مجراهای	42
مجرمانه	42
مجیک	42
محرابی	42
محرابیان	42
محزون	42
محصلین	42
محلل	42
محلولیت	42
محموددولت‌آبادی	42
محکومین	42
مخترعینش	42
مدارشکن	42
مرآتی	42
مراوداتی	42
مربعات	42
مردم‌شناسانه	42
مرضی	42
مرندی	42
مرووش	42
مرين	42
مرکبی	42
مریضی	42
مزدوج	42
مزدکی	42
مستقلا	42
مسكوك	42
مسکوکات	42
مسینان	42
مشاجراتش	42
مشاوره‌ای	42
مشترکانش	42
مشهورتر	42
مصعبی	42
مضمونی	42
مطرح‌ترين	42
مظلومیت‌های	42
معادله‌ای	42
معتزلی‌مذهب	42
معززالملک	42
معقولانه	42
مفاتیح	42
مقره‌هایی	42
مقیاس‌پذیر	42
ملتهب	42
ملکوس	42
ملک‌المتکلمین	42
ملینده	42
منازعه	42
مناقصه	42
منتهی‌الیه	42
منصفان	42
منصفه	42
منلاس	42
منچوری	42
مهاجمینی	42
مهارت‌هاي	42
مواظب	42
موته‌ئوکسوما	42
موتورهدبنگر	42
مودا	42
موردووی	42
موزائیک‌کاری	42
موزاییک	42
موفقیش	42
مولدها	42
مولندال	42
مونائز	42
مونتسلر	42
مونوکسید	42
موهایی	42
موکل	42
مویرگ	42
مکابیان	42
مکتوبی	42
میرآبی	42
میرهولد	42
میروند	42
میزند	42
میسازند	42
میله‌ها	42
میوه‌هایی	42
میکا	42
می‌آفریند	42
می‌فرستاده	42
می‌كرده	42
می‌مانده	42
می‌نشستند	42
می‌نموده‌است	42
می‌نموده‌اند	42
می‌گذاریم	42
می‌گردانیدند	42
ناآرام	42
ناشنوایی‌اش	42
ناصرالدین	42
نامحرمان	42
نامزدش	42
ناموسی	42
نام‌برده‌است	42
نانومواد	42
ناوها	42
نایلون	42
نبیلی	42
نخ‌هایی	42
ندایی	42
نرخ‌هایی	42
نرد	42
نرده‌ای	42
نزولات	42
نسبت‌به	42
نصایحش	42
نظامی‌گرى	42
نعمت‌اللهیه	42
نقطه‌ها	42
نمایش‌های	42
نمایه‌های	42
نموداری	42
نمی‌دمند	42
ننه	42
نهاوندی	42
نوآور	42
نوازانه	42
نوازندگانی	42
نوبر	42
نوترن	42
نوجوانان	42
نوذری	42
نورثهمتون	42
نوزت	42
نوفکس	42
نوواترین	42
نوکلئوتید‌ها	42
نکیسای	42
نگذارده‌است	42
نگذاشته‌است	42
نگفت	42
نیروگاه‌ها	42
نیزه‌ای	42
نیفتادن	42
نیواورلان	42
نیوزکورپوریشن	42
نیویورکری	42
نیویورکی	42
هات‌داکز	42
هارال‌داغ	42
هاون	42
هبه‌کننده	42
هتك	42
هجای	42
هرزندی	42
هرزه	42
هزاردستان	42
هزارهای	42
هزیمت	42
هماهنگي‌هاي	42
همایونی	42
همت‌اف	42
همرنگ	42
همفکرانشان	42
همفکری	42
همه‌جاحاضر	42
همه‌چیزخوار	42
هموروئیدها	42
هنجارشکنی	42
هواگردسازی	42
هوبره	42
هويتش	42
هیأتی	42
هیاهوی	42
هیبت	42
هیدورلوژی	42
واسطه‌ها	42
واسطه‌چاپی	42
واشر	42
والاند	42
وام‌هایی	42
واهی	42
وب‌نوشتی	42
وحیدی	42
وراثتی	42
ورزشگاهی	42
وز	42
وزراء	42
وزرات	42
وزغ	42
وزیرش	42
وست‌مینستر	42
وسیلة	42
وصیتش	42
وصیت‌نامه	42
ولاش	42
ولتا	42
ولش	42
ولنتاین	42
وودرو	42
وين	42
وید	42
ویرانه‌ای	42
ویروسهای	42
ویلیس	42
ویژگیهایی	42
ویکی‌مدیا	42
يافتن	42
پاتاگونیا	42
پاراسمپاتیک	42
پارالمپیک	42
پاستوریزه	42
پاسخند	42
پالم	42
پاملا	42
پانکراتیت	42
پاولی	42
پایستگی	42
پتروگراد	42
پرخاشگرانه	42
پرستویی	42
پرسنلی	42
پرند	42
پرنور	42
پرها	42
پروتئینها	42
پروتئین‌هایی	42
پروژه‌هایی	42
پروکسیما	42
پرگار	42
پسوندی	42
پطر	42
پلات	42
پلدختر	42
پلها	42
پلیدی	42
پمپاژ	42
پهنی	42
پودینگ	42
پورداوود	42
پوسترهای	42
پونتوس	42
پویان	42
پپسی	42
پیداکردن	42
پیرزنی	42
پیروات	42
پیروزمندانه	42
پیروزیهای	42
پیستونی	42
پیشاهنگی	42
پیشوندی	42
پیشکسوت	42
پیش‌آهنگی	42
پیش‌دانشگاهی	42
پیش‌گویی	42
پیوستار	42
پیکری	42
پی‌ریزی	42
چاپگرها	42
چرخهای	42
چشم‌گیر	42
چنانكه	42
چندهمسری	42
چنینی	42
چهارسال	42
چوان	42
چونگ	42
چوچوله	42
چکمه	42
ژاکلین	42
ژرفی	42
ژروز	42
ژله	42
ژنرال‌های	42
ژن‌شناسی	42
ژیان	42
کابلها	42
کاتالیستی	42
کاتوزیان	42
کارالیوف	42
کارامد	42
کاروان‌ها	42
کارگرانی	42
کاشغری	42
کاشفی	42
کاغذسازی	42
کافئین	42
کافمن	42
کاملتر	42
کامپتون	42
کاک	42
کاکا	42
کاکی	42
کایا	42
کتابی‌است	42
کتول	42
کدامیک	42
کدورت	42
کرایتون	42
کرایست	42
کردنش	42
کرزن	42
کرچک	42
کریستالهای	42
کرین	42
کستلر	42
کشاندن	42
کشته‌شدند	42
کلوزه	42
کلیف	42
کلی‌تر	42
کمیساریای	42
کهنی	42
کواشیورکور	42
کوثری	42
کودکستان	42
کوستا	42
کوشکی	42
کوفته	42
کولار	42
کوپیدو	42
کوژ	42
کویپر	42
کیبوتص	42
گائو	42
گات	42
گانز	42
گتسبی	42
گذرگاه‌های	42
گرانترین	42
گرانقدر	42
گرانقیمت	42
گردون	42
گرفته‌بود	42
گرفتیم	42
گرماگیر	42
گرهارد	42
گریفیث	42
گزارد	42
گشتاپو	42
گشتی	42
گلدانی	42
گلستانه	42
گلشائیان	42
گهنبار	42
گوانتانامو	42
گوت	42
گورامی	42
گوشتخواران	42
گوشهای	42
گونتر	42
گوهران	42
گیلمور	42
گیلک	42
یادداشت‌ها	42
یادش	42
یادماندنی	42
یاماتو	42
یوزها	42
یوغ	42
یوکاریوت‌ها	42
یکطرفه	42
ﺩﺭ	42
آبدان	41
آبنوس	41
آبگوشت	41
آتروفی	41
آتنه	41
آتون	41
آرتا	41
آرتمیا	41
آردی	41
آرمه	41
آرنا	41
آرویو	41
آزادگی	41
آزاری	41
آسک	41
آسین‌های	41
آشناست	41
آف	41
آفریقایی‌تبار	41
آلتی	41
آلدوسترون	41
آلفونس	41
آلومینا	41
آلونسو	41
آمارد	41
آموزشگاهی	41
آمید	41
آناتول	41
آنجلینا	41
آندرانیک	41
آندرو	41
آندوسپرم	41
آوایش	41
آورام	41
آوريل	41
آيند	41
آژانس‌های	41
آیندهوون	41
ابابکر	41
ابراهیم‌آباد	41
ابردین	41
ابوسهل	41
اتهامی	41
احتمالاتی	41
احتیاطی	41
احیانا	41
اختیاراتی	41
اخراجی	41
ادبیاتی	41
ادراکات	41
ادموندز	41
ادهم	41
ارتوپدی	41
ارجح	41
ارموی	41
ارگانیسم‌های	41
ازدواجی	41
اسبش	41
استرابو	41
استراز	41
استروئیدها	41
استعدادش	41
استعفاء	41
استغفار	41
استقرایی	41
استگوسور	41
اسلامگرا	41
اسلاید	41
اسلش	41
اسلیم	41
اسمعیل	41
اسپارتاکوس	41
اسپهبدان	41
اسپیرز	41
اشاعره	41
اطفاء	41
اعتراض‌ها	41
اعتمادالدوله	41
اعراف	41
اعیانی	41
افرایم	41
افسریه	41
افیون	41
اف‌بی‌آی	41
اقاقیا	41
اقتداری	41
اكثريت	41
الباقیه	41
البوسعیدی	41
التوحید	41
الجثه	41
الخیمه	41
السنه	41
الشباب	41
العارفین	41
الغدیر	41
الله‌وردی	41
المؤمنین	41
المپیکی	41
الهیاتی	41
الویت	41
الکترونگاتیوی	41
الگوريتم	41
الگوهایی	41
امکانی	41
امیتر	41
انباشتگی	41
انجامیده‌است	41
انجیره	41
اندازند	41
اندازگیری	41
اندوهگین	41
انسدادی	41
انفارکتوس	41
انفعال	41
انگ	41
انگيز	41
انیران	41
ان‌اچ‌کی	41
اهوازی	41
اوانس	41
اوترخت	41
اودوسئوس	41
اودیسه	41
اوردن	41
اوریل	41
اولیگونوکلئوتیدها	41
اونس	41
اوپن	41
اوژه	41
اوگتای	41
اکسی	41
اکس‌اس‌ال	41
ایتالیاست	41
ایزتوپ	41
ایلچی	41
ایلیاد	41
ایمکس	41
اینترنشنال	41
اینفرارد	41
ایکائو	41
ای‌تی‌وی	41
بئاتریس	41
بادامک	41
بارانداز	41
باربرا	41
بارتلمی	41
بارهنگ	41
بازتابیده	41
بازتر	41
بازدارنده	41
بازنگشت	41
بازپرس	41
باسمنج	41
باسوادند	41
باشو	41
باله‌ها	41
بانیپال	41
باو	41
باین	41
بتازگی	41
بتالاکتاماز	41
بجنگند	41
بجهت	41
بختی	41
بختیاریها	41
بخت‌النصر	41
بخشپذیر	41
بخط	41
بدبو	41
بدلی	41
براتی	41
برار	41
برازول	41
برازیلیا	41
برجستگی‌های	41
بردارها	41
بردم	41
برده‌های	41
برس	41
برشته	41
بركه	41
بروژ	41
برکه‌ای	41
بریتانی	41
بریدند	41
بریزند	41
بزرک	41
بزهکاری	41
بزکش	41
بسازید	41
بسان	41
بستانکار	41
بستگانش	41
بسپارهای	41
بسکتبالیست	41
بشنوند	41
بشه	41
بفروش	41
بقاع	41
بقولی	41
بلامانع	41
بلغار	41
بلورشناسی	41
بما	41
بندند	41
بنشاند	41
بنویسم	41
بنیه	41
بهمن‌ماه	41
به‌آن	41
به‌تازگی	41
به‌فروش	41
به‌چشم	41
بودجه‌های	41
بورژوایی	41
بوشهری	41
بولتزمان	41
بولتزمن	41
بولتون	41
بوهر	41
بپیماید	41
بچشم	41
بگذرند	41
بگذریم	41
بیت‌لحم	41
بیجان	41
بیدخت	41
بیسائو	41
بیضاوی	41
بیله‌سوار	41
بیمه‌های	41
بیگلو	41
بی‌دلیل	41
تابستانه	41
تابلوها	41
تاثیراتی	41
تاخیری	41
تازه‌آباد	41
تازه‌کار	41
تافل	41
تالی	41
تالیفاتی	41
تامپسون	41
تانیا	41
تاووش	41
تاييد	41
تاگ‌سازی	41
تایگر	41
تجرد	41
تجریدی	41
تحریکی	41
تحقیرآمیز	41
تخصص‌های	41
تدبیری	41
ترسو	41
ترمزهای	41
ترمه	41
ترنت	41
تروریست‌ها	41
ترکه	41
ترکیه‌ای	41
تریسی	41
تریم	41
تزارها	41
تزویر	41
تسلی	41
تشبیهات	41
تشکلی	41
تضمینی	41
تعقيب	41
تعیین‌کننده	41
تقديم	41
تقویمی	41
تلسکوپی	41
تموز	41
تنباکوی	41
تنگستانی	41
توارث	41
توتو	41
تورک	41
توزیع‌ها	41
توسعه‌دهنده	41
توسعه‌یافته	41
تولا	41
توله‌ها	41
توکن	41
تکاپو	41
تکنواز	41
تکنولوژی‌ها	41
تکنیک‌هایی	41
تیرچایی	41
تیلر	41
تی‌ام‌ای	41
ثارالله	41
ثانيه	41
ثمود	41
جاحظ	41
جالیز	41
جامدی	41
جامع‌التواریخ	41
جامه‌ای	41
جام‌جهانی	41
جانت	41
جاکوب	41
جاگذاری	41
جاگیر	41
جبلی	41
جداکردن	41
جدول‌ها	41
جدیدا	41
جذابیت‌های	41
جرئت	41
جرثقیل	41
جرقویه	41
جرمش	41
جرم‌های	41
جست‌وجوی	41
جسور	41
جقه	41
جلاد	41
جلفار	41
جلفای	41
جمجمه‌ای	41
جمع‌بندی	41
جنازه‌اش	41
جنبش‌ها	41
جنگاور	41
جنگاوران	41
جهانبخش	41
جهان‌های	41
جوادیه	41
جوان‌تر	41
جواهرده	41
جوزانی	41
جوزی	41
جوشش	41
جوق	41
جولین	41
جولیوس	41
جویبارها	41
جیر	41
جیرنده	41
جیزک	41
جینز	41
جیوانی	41
جی‌پی‌آراس	41
حاصل‌خیز	41
حافظه‌ای	41
حالت‌ها	41
حالش	41
حایری	41
حباب‌های	41
حجیت	41
حدوث	41
حروفیه	41
حرکت‌ها	41
حزن	41
حقیقتا	41
حمیری	41
حوضخانه	41
حوضچه‌ها	41
حکما	41
حیا	41
خال‌های	41
خانم‌های	41
خاورمیانه‌ای	41
خبرنگارها	41
ختایی	41
خرابات	41
خردسالش	41
خرمایی	41
خرمشاهی	41
خروجی‌ها	41
خسروخان	41
خصیصه‌های	41
خطور	41
خلوتی	41
خمیس	41
خواستگاه	41
خواشد	41
خودبخود	41
خودبه‌خود	41
خودروساز	41
خودروهایی	41
خوست	41
خوف	41
خوفو	41
خونش	41
خير	41
دابل	41
دادسرا	41
دادور	41
دادگری	41
داردانل	41
داروساز	41
داو	41
داکن	41
دایره‌های	41
دبرا	41
دبلیوتی‌ای	41
دبیرکلی	41
دخالت‌های	41
درجا	41
درجه‌داران	41
درمانده	41
درمی‌آورد	41
درون‌شهری	41
درگاهی	41
درگير	41
دریاست	41
دستار	41
دستمزدها	41
دسته‌ی	41
دستوران	41
دستيار	41
دستیارش	41
دست‌نویس	41
دسک	41
دعاهای	41
دلايل	41
دلباخته	41
دلفین‌ها	41
دموکریت	41
دهاقان	41
دهانه‌ای	41
دهه‌ها	41
دهي	41
دوات	41
دوایر	41
دوبووار	41
دوتای	41
دوشس	41
دولتش	41
دومینیکا	41
دوپا	41
دير	41
دژگان	41
دگه	41
دیاله	41
دیت	41
دیتابیس	41
دیمه	41
دیگرگون	41
ذخائر	41
ذکاوت	41
راهزنی	41
راولپندی	41
رایدر	41
رباب	41
ربه	41
رحل	41
رسانيد	41
رسایی	41
رعیتی	41
رفاقت	41
رفراندم	41
رقابی	41
روبشی	41
روزافزونی	41
روناس	41
رياضی	41
رپر	41
رکابی	41
رکن‌الدین	41
ریدل	41
ریسمانی	41
ریسی	41
ریشهر	41
ریشه‌کنی	41
زائده	41
زازا	41
زالزالک	41
زباله‌ها	41
زربین	41
زرین‌کوب	41
زعامت	41
زلیخا	41
زمانها	41
زمان‌بندی	41
زمین‌شناختی	41
زنون	41
زنگوله	41
زولاچای	41
زیاران	41
زیراب	41
زیردرخت	41
ساختارشکنی	41
ساختی	41
سارتون	41
سارق	41
سازید	41
سافت‌بال	41
سامانتا	41
سامسون	41
سانتاکروز	41
سانکارا	41
سايه	41
ساکسیفون	41
سبت	41
سبزها	41
سبط	41
سبو	41
سبکتکین	41
ستوده‌اند	41
سحری	41
سخاوت	41
سراشیبی	41
سرافراز	41
سرامیک‌ها	41
سربلند	41
سربندر	41
سردودمان	41
سرطان‌ها	41
سرطان‌های	41
سرعتش	41
سرلوحه	41
سرنوشتی	41
سرویسی	41
سرپناه	41
سزا	41
سطور	41
سعیدآباد	41
سفالینه‌های	41
سفرنامه‌های	41
سلت	41
سلفچگان	41
سمبلیک	41
سمعانی	41
سمندریان	41
سمپدوریا	41
سمیرا	41
سنتو	41
سنو	41
سنگرهای	41
سنگلاخی	41
سوات	41
سودآور	41
سودای	41
سودهای	41
سورئالیسم	41
سوررئالیسم	41
سوره‌ای	41
سوسیالیست‌های	41
سومری‌ها	41
سویسی	41
سيم	41
سکندر	41
سکونتگاه‌های	41
سیارک‌ها	41
سیاهرنگ	41
سیاوشان	41
سیتریک	41
سیتوپلاسمی	41
سیراکیوز	41
سیلزیایی	41
سیمز	41
سیمپسون	41
سیناپس	41
سینتیک	41
سیندرلا	41
سینفوئگوس	41
سینماگر	41
سین‌کیانگ	41
سیپریان	41
شا	41
شالیار	41
شاندونگ	41
شاهزاده‌ای	41
شاهکوه	41
شبکة	41
شتابان	41
شتابدهنده	41
شتابزده	41
شترها	41
شجره‌نامه	41
شخصي	41
شرائط	41
شرفنامه	41
شرقی‌ترین	41
شریفی‌نیا	41
شط	41
شفابخش	41
شلدون	41
شلمغانی	41
شمارند	41
شمالگان	41
شمس‌آباد	41
شمشير	41
شمی	41
شوتروک	41
شوراياري	41
شوستاکوویچ	41
شوپنهاور	41
شير	41
شيميايی	41
شکوفه‌های	41
شگردهای	41
شگفتی‌های	41
شیرعلی	41
شیلیایی	41
شیواجی	41
شیوۀ	41
صبرا	41
صدابرداری	41
صدف‌ها	41
صراحتا	41
صفری	41
صفوت	41
صلیبیون	41
صنایعی	41
صندلی‌های	41
ضارب	41
ضعف‌های	41
ضعيف	41
طاقهای	41
طاقچه	41
طبقه‌های	41
طرابلس	41
طرفدارانی	41
طهرانی	41
طوری‌که	41
طوفان‌های	41
طویلی	41
طیبی	41
عاصی	41
عالمگیر	41
عبدالجبار	41
عبدالجواد	41
عبدالحق	41
عددها	41
عدسی‌های	41
عدیده	41
عصب‌شناسی	41
عطاران	41
عفاف	41
عفونت‌ها	41
عین‌الدوله	41
عیون	41
غده‌ای	41
غضنفری	41
غم‌انگیز	41
غیراخلاقی	41
غیرفلزی	41
غیرمسلح	41
فابر	41
فارماکوکینتیک	41
فاست	41
فاصله‌ها	41
فالسیپاروم	41
فالکلند	41
فایده‌ای	41
فاینمن	41
فتحه	41
فتوشاپ	41
فداکار	41
فراخورشیدی	41
فراروانشناسان	41
فراهمی	41
فرجامین	41
فرخان	41
فرخشاد	41
فرمایید	41
فرنگیس	41
فروختن	41
فروردگان	41
فرومغناطیس	41
فرونشاندن	41
فریدالدین	41
فریمن	41
فسایی	41
فشارنده	41
فضاهایی	41
فضلی‌نژاد	41
فعاليتهای	41
فعالیت‌شان	41
فعلي	41
فلامل	41
فلاکت	41
فلزها	41
فن‌آوری‌های	41
فهلیان	41
فیبرینوژن	41
فیبوناتچی	41
فیت	41
فیدبک	41
فیلمیست	41
فیوز	41
قاآنی	41
قائمه	41
قارص	41
قارون	41
قالب‌ها	41
قانا	41
قبض	41
قبيله	41
قدی	41
قذف	41
قراردادهایی	41
قره‌سو	41
قره‌ناز	41
قريش	41
قسمی	41
قشقائی	41
قصرها	41
قطعنامه‌های	41
قله‌ای	41
قلیلی	41
قمه	41
قندهای	41
قورباغه‌ها	41
قوس‌های	41
قوکاسیان	41
قیفی	41
كارگران	41
كتیبه	41
كردی	41
كلام	41
لابه‌لای	41
لامسه	41
لان	41
لاووازیه	41
لاگ	41
لایه‌هایی	41
لایوس	41
لشگریان	41
لطایف	41
لقب‌های	41
لنزهای	41
لودر	41
لولو	41
لوپوس	41
لویزان	41
لوییز	41
لیاخوف	41
لیلیت	41
مأموریتی	41
مأموریت‌های	41
مؤثرترین	41
مؤمنین	41
ماتريس	41
ماتیاس	41
ماخوذ	41
مادامی	41
مادربزرگش	41
مارتی	41
مارتینیک	41
ماردین	41
ماشیح	41
مالاگا	41
مالزیایی	41
مالك	41
ماموستا	41
ماندانا	41
ماژلانی	41
ماکروها	41
ماکسیمم	41
ماگریت	41
مایان	41
مبتدی	41
مبل	41
متبرک	41
متدها	41
متغیره	41
مجدالدین	41
مجله‌ها	41
مجوزی	41
محافظه‌کاری	41
محب	41
محبوبی	41
محتسب	41
محصورسازی	41
محمدجواد	41
محمدهاشم	41
محیی‌الدین	41
مخیری	41
مدت‌هایی	41
مدودنیکا	41
مدوسلد	41
مراسم‌هایی	41
مراقبتی	41
مربا	41
مرتفع‌تر	41
مرجانلو	41
مرجانها	41
مردوخی	41
مرزوقیان	41
مسافرای	41
مستاجر	41
مستبطن	41
مستمندی	41
مسنجرز	41
مسيحايی	41
مسکوت‌ماندن	41
مسیب	41
مسیرهایی	41
مشائیان	41
مشترکم	41
مصححان	41
مصرف‌کننده	41
معبود	41
معتمدالسلطنه	41
معصومیت	41
معلولیت	41
معماری‌هایی	41
معينی	41
مغضوب	41
مغنی‌نامه	41
مفرح	41
مفروشات	41
مفيدند	41
مقاومت‌هایش	41
مقتضب	41
ملاحسینعلی	41
ملاعلی‌تپه	41
ملامحمدبن	41
ملانیان	41
ملایانی	41
ممکنش	41
منادی	41
منافی	41
منحنی‌هایی	41
منزلگاه	41
منسن‌ها	41
منیفولدهای	41
مهاجرت‌های	41
مهرشید	41
مواج	41
موتاژن	41
موجز	41
مورچه‌ها	41
مونتفرینگ	41
مونتی	41
موندمارسان	41
موهوم	41
موهیون	41
موکنایان	41
موکولیتیک	41
مویش	41
ميلانی	41
مي‌شدند	41
مي‌كردم	41
مکازلین‌ها	41
مگیدو	41
میانخره‌ای	41
میترادات	41
میدان‌گاه	41
میرانبیگ	41
میزبان‌های	41
میلزهند	41
میکروبیولوژیست	41
میکروسکوپ‌هایی	41
می‌آموخته	41
می‌آموزند	41
می‌آيم	41
می‌انگیزد	41
می‌ایستند	41
می‌برده	41
می‌بستد	41
می‌ترسد	41
می‌جنگد	41
می‌جویند	41
می‌دانستی	41
می‌رفتند	41
می‌سنجد	41
می‌شمرند	41
می‌فروشد	41
می‌ناند	41
می‌نهند	41
می‌نوازند	41
می‌نگرند	41
می‌پاشد	41
می‌پوشد	41
می‌پوشید	41
می‌گرید	41
ناآشنا	41
ناتیلوس‌ها	41
ناخشنود	41
نارنجان	41
نازیها	41
ناصح	41
ناظمیان	41
نامدارترين	41
نامرتب	41
نامنظمی‌های	41
نامه‌نگاریش	41
ناموفقیت	41
نامگذاری‌ها	41
نام‌نویسی	41
نانولوله‌ها	41
ناهنجاری‌هایی	41
ناپاک	41
نبودم	41
نخستین‌باری	41
نخلي	41
نخیلات	41
ندبه	41
ندهیم	41
ندول	41
نرفته‌است	41
نزهةالآفاق	41
نساختند	41
نشا	41
نشان‌های	41
نشراتش	41
نشناخت	41
نصرت‌الملک	41
نصیریه	41
نغمه‌ها	41
نفحات‌الانس	41
نقوشی	41
نكرده‌اند	41
نمایش‌نامه‌هایش	41
نمایم	41
نمودی	41
نمی‌کشند	41
نمی‌گردید	41
نمی‌گویم	41
ننگین	41
نهند	41
نواقص	41
نوج	41
نورونیا	41
نوزا	41
نوشتناسان	41
نوعيت	41
نوغاندار	41
نووگورودولیکی	41
نيازمندند	41
نيروانا	41
نیابم	41
نیلگون	41
نیمه‌کوهستانی	41
نیوهیون	41
هارون‌الرشید	41
هارپاگ	41
هالووین	41
هریتاش	41
هسی	41
هشترودی	41
هفتالین	41
همایش‌های	41
همجنس‌گراست	41
همسرم	41
همفكران	41
همفکرانش	41
همگردانی	41
هم‌بندها	41
هم‌عصران	41
هندویان	41
هنرجو	41
هنگ‌کنگ	41
هوابردهای	41
هواسرها	41
هوافضایی	41
هواكش	41
هوایش	41
هوریا	41
هولفورد	41
هوپا	41
هپتالی‌ها	41
هیاتی	41
هیجانات	41
هیمن	41
واثله	41
واسطی	41
واندربیت	41
واژگونی	41
وایمار	41
وب‌گاه‌ها	41
وجودشان	41
ورز	41
ورزشگاه‌های	41
ورطه	41
ورقه‌ای	41
وزيران	41
وسیعتری	41
وصی	41
وطنش	41
ويكی	41
ویتامینها	41
ویراست	41
ویسایا	41
ویسکوزیته	41
ویلون	41
ویکتوریایی	41
پاتوق	41
پاتی	41
پارتنون	41
پازوار	41
پاشاکی	41
پالانچیان	41
پاندورا	41
پانسمان	41
پاپوش	41
پایمال	41
پذيرفت	41
پرافتخار	41
پران	41
پراو	41
پرتابی	41
پرتلند	41
پردیسان	41
پرستوی	41
پرستیده	41
پرسه	41
پرسیدن	41
پرشی	41
پرفشاری	41
پرلیس	41
پره‌ها	41
پروتئوم	41
پروتستانی	41
پروردگارا	41
پروکاریوت‌ها	41
پسانوگرا	41
پلازا	41
پلاژیک	41
پلاگر	41
پليس	41
پلیمرهای	41
پمپ‌های	41
پناهگاهی	41
پناهگاه‌های	41
پنداری	41
پهله	41
پوئبلو	41
پوستش	41
پومپیوس	41
پپتیدی	41
پیاله	41
پیستوریوس	41
پیست‌های	41
پیشامدهای	41
پیشدادیان	41
پیشه‌وران	41
پیش‌بینی‌های	41
پینه	41
پینوکیو	41
پیچشی	41
پیچک	41
پیچیده‌ترین	41
چادرهای	41
چتری	41
چغندرقند	41
چلو	41
چنان‌چه	41
چندلر	41
چهارساله	41
چهارضلعی	41
چهارهزار	41
چهر	41
چهره‌پردازی	41
چهلستون	41
چونان	41
چپمن	41
چپگرای	41
چکاد	41
ژرمانیم	41
ژنراتورها	41
ژیمناست	41
کادی	41
کارآمدتر	41
کاربید	41
کارشکنی	41
کارمل	41
کاروانها	41
کارکردگرایی	41
کاریکاتورهای	41
کازان	41
کاسرس	41
کاشیهای	41
کافه‌های	41
کالبدشکافی	41
کالمن	41
کالوینو	41
کالیبراسیون	41
کانالها	41
کانتابریا	41
کاندینسکی	41
کانینگهام	41
کاهگل	41
کاوشگرهای	41
کاکس	41
کایروپرکتیک	41
کبوتران	41
کتابخانة	41
کتانی	41
کته	41
کرانی	41
کرنسکی	41
کروماتیک	41
کروژن	41
کسل	41
کسینوس	41
کشتارها	41
کشسانی	41
کشکول	41
کلارآباد	41
کلده	41
کلینی	41
کمره	41
کم‌عمق	41
کنسرو	41
کنسول‌های	41
کنشی	41
کنف	41
کنوت	41
کهن‌تر	41
کوآنزیم	41
کوارکها	41
کوانتم	41
کوزه‌گری	41
کوشانیان	41
کولن	41
کونگ‌فو	41
کوچصفهان	41
کوچندگان	41
کوچید	41
کوکایین	41
کوکتل	41
کوکو	41
کویتی	41
کچلی	41
کیار	41
گاتها	41
گادامر	41
گازطبیعی	41
گاه‌های	41
گاوداری	41
گب	41
گدازه‌های	41
گذاشتم	41
گرمخانه	41
گرهای	41
گروه‌است	41
گرگی	41
گزیر	41
گزینشی	41
گسترده‌ترین	41
گشایش‌های	41
گفته‌ی	41
گلم	41
گله‌ای	41
گلوریا	41
گندمیان	41
گندی	41
گنیس	41
گوادلوپ	41
گوردن	41
گورویچ	41
گوشه‌هایی	41
گویچه‌های	41
گير	41
گچلرات	41
گیاهشناسی	41
گیاه‌خواری	41
گیجگاهی	41
گیرشمن	41
گینگ	41
ھا	41
یافث	41
یخچال‌ها	41
یشم	41
یمین	41
یهودستیزی	41
یهودیانی	41
یهودی‌الاصل	41
یوبی	41
یوزی	41
یوسا	41
یونانیها	41
یونش	41
یکجانبه	41
یکجانشینی	41
یک‌صد	41
یگانهای	41
آبادي	40
آبادیها	40
آبریزش	40
آبسرده	40
آبشوران	40
آبکی	40
آبیلا	40
آتا	40
آتاکاما	40
آتش‌بازی	40
آتیه	40
آخوندک	40
آدانا	40
آدم‌کش	40
آرامگاه‌ها	40
آرشام	40
آرشیوی	40
آرمانهای	40
آرماویر	40
آرنت	40
آزادوار	40
آزادي	40
آزمود	40
آزمونهای	40
آزیتا	40
آسترید	40
آسیائی	40
آسیب‌پذیری	40
آشغال	40
آشوکا	40
آغار	40
آغامحمدخان	40
آفریقایی‌ها	40
آقازاده	40
آقاپور	40
آلانیا	40
آلاینده‌های	40
آلتای	40
آلدرین	40
آلدو	40
آلویس	40
آلپرازولام	40
آلیانس	40
آلیاژها	40
آماتراسو	40
آماده‌است	40
آماس	40
آماندا	40
آنافیلاکسی	40
آنت	40
آندوسکوپی	40
آنگستروم	40
آنیل	40
آن‌جمله	40
آهنگهایی	40
آوارگی	40
آواکس	40
آوری‌های	40
آوندی	40
آکیرا	40
آیرنیوس	40
آیزنهایم	40
آیو	40
آیوپاک	40
ابتذال	40
ابررساناهای	40
ابرنواختری	40
ابلق	40
ابهت	40
ابوحامد	40
ابودلف	40
اثیری	40
اجدادش	40
اجراهایی	40
اجمال	40
احکامی	40
اختلالاتی	40
اختلالی	40
اداري	40
ادبي	40
ادهاک	40
ارايه	40
اربابش	40
ارزنجان	40
ارغنداب	40
ارمیا	40
ارنستو	40
ارو	40
ارگانیسم‌ها	40
ازاره	40
ازو	40
ازون	40
استاتیکی	40
استانفورد	40
استایل	40
استراتژيك	40
استراوینسکی	40
استریو	40
استماع	40
استمداد	40
اسراییلی	40
اسكار	40
اسما	40
اسماعیل‌آباد	40
اسمال	40
اسمکدان	40
اسم‌های	40
اسن	40
اسير	40
اسپارتا	40
اسپرینگز	40
اسپکتروم	40
اسکای‌واکر	40
اسکوئر	40
اشاره‌های	40
اشتباها	40
اشعیا	40
اشکنان	40
اشیائی	40
اظهاراتی	40
اعتبارنامه	40
اعتدالی	40
اعلا	40
اعوجاج	40
افزاری	40
افزودنی‌های	40
افشاء	40
افطار	40
افیونی	40
اف‌ام	40
اقلیت‌ها	40
الاولی	40
البیت	40
التون	40
الحکم	40
الرعایا	40
الصفا	40
الطائر	40
العربیه	40
العماره	40
القابی	40
المقاطر	40
المیزان	40
الو	40
الکترواستاتیک	40
الکتروکاردیوگرام	40
اماتراسو	40
اماراتی	40
امامه	40
امدادرسانی	40
امریکای	40
املشی	40
امواجی	40
امين	40
امپریال	40
امیرانی	40
امیررضا	40
امیره	40
امین‌الدوله	40
امین‌السلطان	40
انتخاب‌های	40
انتظاری	40
اندرزهای	40
اندرگاه	40
اندیجان	40
انشا	40
انشقاق	40
انقضای	40
انگوران	40
ان‌بی‌سی	40
اهل‌سنت	40
اوحدالدین	40
اودسا	40
اودومتر	40
اورتگا	40
اورفئوس	40
اوستن	40
اوستی	40
اومانیسم	40
اونو	40
ايستگاه	40
اپی‌نفرین	40
اکسیداز	40
اکسین	40
اکس‌پی	40
اکناف	40
اکولوژیکی	40
اکونومیست	40
ایامی	40
ایده‌هایی	40
ایرا	40
ایرانسل	40
ایرفرانس	40
ایزوتوپهای	40
ایستاده‌اند	40
ایستگاهی	40
ایلیچ	40
اینترانت	40
ایندیاناپولیس	40
ایندیرا	40
این‌صورت	40
باباجانی	40
باباخان	40
بابلرود	40
باتجربه	40
بادگیرها	40
باروخ	40
بازتاب‌های	40
باززایی	40
بازيكنان	40
بازکردن	40
باستانیان	40
باسیست	40
بافتا	40
باقران	40
بالابر	40
بالشویی	40
بالیستیک	40
بام‌ها	40
باندی	40
باوهاوس	40
باویل	40
باکی	40
باکینگهام	40
بایرویت	40
بایکال	40
ببرها	40
بتسی	40
بجنوردی	40
بحرینی	40
بخرند	40
بخشدار	40
بخشنامه	40
بخوانیم	40
بدخواهان	40
بدلوویبریو	40
بدیشان	40
بذور	40
براده	40
برادی	40
برانگیزی	40
بربرهای	40
برتولت	40
برخیز	40
برداشته‌است	40
برزین	40
برست	40
برلوسکونی	40
برلیوز	40
برمی‌گردند	40
برنابا	40
برنامه‌هایش	40
برنت	40
برودت	40
برونته	40
برچیدن	40
برگرداندند	40
برگردانند	40
برگردند	40
برگزارکنندگان	40
برگزینند	40
بریتانیک	40
بری‌های	40
بزرگراهی	40
بزغاله	40
بزقوش	40
بزه	40
بسته‌هایی	40
بشارتی	40
بشقابی	40
بشیری	40
بطلان	40
بعدي	40
بغ	40
بغض	40
بغیر	40
بلاخره	40
بلاعوض	40
بلندمرتبه	40
بلندی‌ها	40
بمراتب	40
بنارویه	40
بندهشن	40
بنک	40
بنگر	40
بهاباد	40
بهره‌مندی	40
بهنود	40
به‌آذین	40
به‌آفرید	40
به‌مدت	40
به‌هرحال	40
به‌چاپ	40
بوره	40
بورکهارت	40
بوسان	40
بولز	40
بوگارت	40
بویلر	40
بيات	40
بيرجند	40
بيستم	40
بپرسد	40
بکشیم	40
بکنید	40
بگیرم	40
بیانیه‌ها	40
بیرق	40
بیز	40
بیضه‌ها	40
بیفتند	40
بیمارگونه	40
بینانه	40
بینشی	40
بیوانفورماتیک	40
بیوسنتز	40
بیوشیمیایی	40
بیگاری	40
بی‌ثباتی	40
بی‌خبر	40
تأثیراتی	40
تئودوسیوس	40
تاجری	40
تاخته	40
تاریخ‌نویس	40
تالارپی	40
تالان	40
تالشان	40
تانکها	40
تبهکاری	40
تجديد	40
تجمل	40
تحت‌الشعاع	40
تحریری	40
تداخلی	40
تدوین‌گر	40
تذکرة	40
تراب	40
ترابی	40
تراریخته	40
ترازنامه	40
ترخینه	40
ترقوه	40
تركيه	40
تركیب	40
ترومبین	40
ترکمنها	40
ترکیب‌بندی	40
تریتیوم	40
تسالی	40
تشخص	40
تشرف	40
تصمیم‌گیری‌های	40
تعارضات	40
تعارف	40
تعلقات	40
تعلم	40
تعليم	40
تعمیق	40
تغلیظ	40
تفاله	40
تفضیل	40
تفننی	40
تقدیرنامه	40
تقسيمات	40
تقیه	40
تكرار	40
تكنولوژی	40
تلاشش	40
تلویحی	40
تمایزی	40
تندیس‌ها	40
تنش‌ها	40
توآ	40
توباگو	40
توتم	40
توت‌انخ‌آمون	40
تورس	40
تورمی	40
تورینگن	40
توصيه	40
توطئه‌های	40
تونل‌های	40
تووا	40
تویه	40
تپه‌هایی	40
تکنولوژیک	40
تکنیکها	40
تکوینی	40
تک‌تک	40
تیشتر	40
تیله	40
تیمورشاه	40
تیمیه	40
تینا	40
تیوب	40
تیوپ	40
تی‌ان‌تی	40
ثعلب	40
جاف	40
جامانده	40
جامعه‌شناختی	40
جانستون	40
جاهل	40
جای‌دارد	40
جدی‌تر	40
جر	40
جزاير	40
جزوه‌ای	40
جعفرخان	40
جلالیه	40
جلسه‌های	40
جلوگيری	40
جمال‌زاده	40
جنبه‌ای	40
جنگلداری	40
جهان‌نما	40
جهنمی	40
جوانش	40
جوب	40
جورجو	40
جوز	40
جوشاندن	40
جووی	40
جویان	40
جویباری	40
جویند	40
حاضرین	40
حافظی	40
حافظیه	40
حالاتی	40
حامدی	40
حب	40
حجة	40
حدادی	40
حرفه‌ای‌اش	40
حزقیال	40
حسن‌زاده	40
حشم	40
حصیری	40
حضرات	40
حفاظت‌شده	40
حلوان	40
حمام‌ها	40
حميد	40
حمیرا	40
حنفیه	40
حکمیت	40
حیان	40
خارجی‌ها	40
خانجانی	40
خانوارها	40
خان‌ها	40
خان‌های	40
خبرهایی	40
خدایانی	40
خدیو	40
خرمالو	40
خساراتی	40
خسوف	40
خشونت‌آمیز	40
خشونت‌ها	40
خشکسالی‌های	40
خطرهای	40
خلاصی	40
خلجستان	40
خلق‌شده	40
خلیل‌آباد	40
خنوخ	40
خوابگاه‌های	40
خواب‌آلودگی	40
خواب‌آور	40
خواسته‌اند	40
خواسته‌ها	40
خواندنیها	40
خوبش	40
خودبه	40
خودسر	40
خودسرانه	40
خوریم	40
خیالات	40
خیرخواه	40
دارالخلافه	40
دارها	40
داروشناسی	40
داشتید	40
داعیه	40
دامپزشک	40
دانشگاه‌هایی	40
داه	40
داکسی	40
دایره‌المعارف	40
دایی‌اش	40
دبیرستان‌ها	40
دخترم	40
درآمدزایی	40
درجه‌بندی	40
دردوران	40
درستکاری	40
درن	40
درنا	40
درون‌سوز	40
دعواهای	40
دفعی	40
دقهلیه	40
دمبل	40
دموکرات‌های	40
دندانه‌دار	40
دنس	40
دنيای	40
دهنگ	40
دهوک	40
دهک	40
دهیاری	40
دوبرمن	40
دورهام	40
دوسویه	40
دوشان	40
دوماه	40
دونفر	40
دونور	40
دوهفته	40
دوکشور	40
دوگنبدان	40
دژبان	40
دژها	40
دکمه‌های	40
دیالکتیکی	40
دیانی	40
دیدارش	40
دیلمون	40
دینامیت	40
دیواره‌ها	40
دیکله	40
ذهبی	40
ذوالاکتاف	40
ذوقی	40
ذيل	40
ذکاءالملک	40
رأس‌های	40
رابعه	40
رادیان	40
رادیوایزوتوپ	40
رامشیر	40
راهداری	40
راهروها	40
راه‌حل‌های	40
راکت‌های	40
ربابه	40
ربع‌الخالی	40
رزمناو	40
رساله‌ها	40
رستمدار	40
رسوا	40
رطوبتی	40
رقصندگان	40
رمه	40
رنگدانه‌های	40
رهبانیت	40
روان‌شناختی	40
روث	40
رودررو	40
رونتگن	40
روپوش	40
روچستر	40
رویه‌ها	40
رکیک	40
ریبوزوم‌ها	40
ریتون	40
ریج	40
ریودوژانیرو	40
ریکتزیا	40
ریکیاویک	40
زئیر	40
زائرین	40
زایده	40
زایشگاه	40
زحمتکش	40
زدنی	40
زرافشان	40
زرنج	40
زفاف	40
زندانها	40
زنم	40
زهدان	40
زوایا	40
زونگ	40
زویا	40
زیردریایی‌ها	40
زینل	40
زینک	40
زیگفرید	40
ساراتوف	40
سازمانهایی	40
ساسکاچوان	40
سالش	40
سالمی	40
سالور	40
سامرست	40
سانتافه	40
سانس	40
ساوث	40
ساپورت	40
ساکری	40
سبزرنگ	40
سبزقبا	40
ستوه	40
سجادیه	40
سرباره	40
سربسته	40
سرجوخه	40
سرخوردگی	40
سردابه	40
سرزمینهایی	40
سرزنده	40
سرسلسله	40
سرمایه‌گذار	40
سروآباد	40
سرویس‌گیرنده	40
سرکان	40
سریر	40
سرین	40
سزای	40
سس‌ها	40
سفال‌های	40
سلجوق	40
سلفی	40
سلمه	40
سلو	40
سماموس	40
سمپوزیوم	40
سناتوری	40
سنجید	40
سندرک	40
سنگلج	40
سنگهایی	40
سنگين	40
سوته	40
سوختند	40
سوراخ‌ها	40
سوسونو	40
سوسپانسیون	40
سوسک‌ها	40
سوف	40
سوفوکل	40
سولماز	40
سولون	40
سوپریور	40
سویت	40
سویفت	40
سپاری	40
سکنا	40
سیانور	40
سیبی	40
سیدآباد	40
سیدجمال	40
سیستم‌عامل‌ها	40
سیفلیس	40
سیلاس	40
سینوس‌ها	40
سینگر	40
سیوداد	40
سیکلون	40
سی‌امین	40
شالوم	40
شاهرخی	40
شاهکاری	40
شاو	40
شاوور	40
شایسته‌ای	40
شبستانی	40
شبیری	40
شرابی	40
شرفکندی	40
شرق‌شناس	40
شروعی	40
شعائر	40
شعرخوانی	40
شعله‌ور	40
شغاد	40
شقاقی	40
شكسته	40
شلوارهای	40
شلواری	40
شلیل	40
شمارشگر	40
شمارنده	40
شمردند	40
شمشون	40
شمل	40
شناورها	40
شهرآشوب	40
شهربازی	40
شهرداري	40
شوارتز	40
شورایعالی	40
شيرازی	40
شگرد	40
شیءگرا	40
شیائو	40
شیبدار	40
شیرینی‌های	40
شیلدریک	40
شیو	40
صحبتی	40
صحراهای	40
صرفی	40
صفاقی	40
صمدی	40
ضابط	40
ضالع	40
ضمائم	40
طائفه	40
طاعت	40
طبیعیات	40
طعمه‌های	40
طلعت	40
طوایفی	40
طوري	40
طولانی‌مدت	40
طیبه	40
ظرفهای	40
عارض	40
عارضه‌ای	40
عاشقانه‌ای	40
عالیجناب	40
عالیخانی	40
عالیرتبه	40
عبداللطیف	40
عذرا	40
عسگراولادی	40
عشای	40
عضوهای	40
عظیم‌ترین	40
عفان	40
عقایدش	40
عقایدی	40
عقده‌های	40
علفزار	40
علیخانی	40
عماده	40
عمواوغلی	40
عموزاده	40
عميق	40
عمیق‌ترین	40
عکسها	40
عیادت	40
عیاشی	40
غرجستان	40
غضروفی	40
غفار	40
غلام‌رضا	40
غلتک	40
غیرارادی	40
غیره‌است	40
فازها	40
فاصله‌ی	40
فتوح	40
فخرالدینی	40
فدائی	40
فدراسیون‌های	40
فرانتز	40
فراواقع‌گرایی	40
فرایض	40
فردو	40
فردي	40
فردیس	40
فرزان	40
فرستنده‌های	40
فرش‌های	40
فرقه‌ها	40
فرمیون‌ها	40
فرهمند	40
فريدون	40
فریم‌های	40
فصاحت	40
فضاسازی	40
فقاهت	40
فلاندر	40
فلاپ	40
فلزاتی	40
فلوریدای	40
فنری	40
فهمیدند	40
فوربز	40
فوريه	40
فوندا	40
فوکاس	40
فیبرها	40
فیبریلاسیون	40
فیس‌بوک	40
فیلمهایش	40
فینا	40
فینیقیه	40
قاآن	40
قافه	40
قانونهای	40
قایق‌رانی	40
قایم	40
قراباغ	40
قراردادش	40
قرقیز	40
قرمطی	40
قره‌تپه	40
قريب	40
قریات	40
قشقایی‌ها	40
قصائد	40
قصور	40
قضيه	40
قفطی	40
قلعۀ	40
قلندران	40
قلیچ	40
قمرالملوک	40
قمشه	40
قهفرخ	40
قوری‌گل	40
قوز	40
قومیتی	40
كارگرداني	40
كاشی	40
كاظم	40
كربلا	40
كشاورزان	40
كشوری	40
كمال	40
كمدی	40
كنید	40
كوهستانی	40
كوچكی	40
لاریم	40
لازم‌الاجرا	40
لاسجرد	40
لامبورگینی	40
لایروبی	40
لبخندی	40
لثه‌ها	40
لخمی	40
لرزه‌های	40
لرستانی	40
لشکرهای	40
لغتی	40
لقبش	40
لوتلورین	40
لوپین	40
لوگر	40
لژاندر	40
لیبر	40
لیتوگرافی	40
لیموترش	40
لینکین	40
لینگ	40
لیپیدها	40
مأخوذ	40
مؤسسه‌ای	40
مؤسسین	40
مائوری	40
مابعدالطبیعه	40
ماتریس‌های	40
مادولا	40
مارچلو	40
ماشاالله	40
مالمو	40
مالکوم	40
مالیات‌های	40
مامان	40
مانکجی	40
ماکولا	40
مایوس	40
مبالغی	40
مبدل‌های	40
مبسوط	40
مبعوث	40
متجاوزان	40
متحرکی	40
متز	40
متقدم	40
متقی	40
مثالهایی	40
مجادلات	40
مجسمه‌هایی	40
مجلاتی	40
محارب	40
محافظین	40
محتاط	40
محدثین	40
محصلان	40
مخرب‌تر	40
مدارسی	40
مدارهایی	40
مدارگردها	40
مدعاهای	40
مديرانش	40
مدیدی	40
مدینا	40
مدینةالبیضاء	40
مراثی	40
مراجعات	40
مربع‌هایی	40
مرتب‌ساختن	40
مردم‌پسندتر	40
مرزبانی	40
مرغزار	40
مرورگرها	40
مزارش	40
مزدکیسم	40
مزیتی	40
مسئله‌هایی	40
مساق	40
مسالک‌الممالک	40
مستضی	40
مستندهایش	40
مسلمانان‌نشین	40
مشاغلی	40
مشتاقانی	40
مشترک‌المنافع	40
مشتریانی	40
مشروطه‌طلب	40
مشرکین	40
مشھور	40
مطلقا	40
معاصرینش	40
معاهده‌ای	40
معاینات	40
معتدله	40
معجزات	40
معشوقه‌های	40
معصومین	40
مقدادی	40
مقطر	40
مقهور	40
ملاکی	40
ملایان	40
ملایمانه	40
ملبس	40
ملحد	40
ملک‌الشعرا	40
ممارست	40
ممقانی	40
مملكتی	40
مموریل	40
مناد	40
مناسبت‌تر	40
منفذ	40
منفردند	40
منیس	40
مهاراشترای	40
مهرورزیدن	40
مواجب	40
مواعظی	40
موتالا	40
موج‌های	40
مورائنوسور	40
مورت	40
مورین‌ها	40
موضوعیت	40
مومنانه	40
ميانه‌ای	40
ميلاد	40
مي‌کنند	40
مچی	40
مکاشفات	40
مکافاتش	40
مکانیسم‌هایی	40
مکتب‌هایی	40
مکنش	40
مگاآپلود	40
میازو	40
میخوانند	40
میدارد	40
میردان	40
میرزاعلینقی	40
میرفتاح	40
میزر	40
میساوا	40
میلسی	40
میلیاردرها	40
میمک	40
میناسازی	40
میوه‌جاتی	40
میکروارگانیسمز	40
میکشد	40
می‌افزودند	40
می‌بخشند	40
می‌ترسید	40
می‌توانی	40
می‌جنگند	40
می‌خرد	40
می‌خوابی	40
می‌خوریم	40
می‌دهید	40
می‌زده‌است	40
می‌چرخاندند	40
می‌کوبند	40
می‌گذرانده	40
می‌گشاید	40
ناآگاهانه‌ی	40
ناباوری‌ها	40
ناحیت	40
ناخیه	40
نارسیستی	40
نارنجستان	40
نازلوی	40
ناسالم	40
ناشدنیش	40
ناشناخته‌اند	40
ناشنوایش	40
ناعادلانه	40
ناقد	40
نانوذراتی	40
ناوشکن	40
ناوهای	40
ناپدری	40
نایندروف	40
نبردهایی	40
نبطیان	40
نترس	40
نتی	40
نجاف	40
نحست	40
نحله	40
ندارید	40
ندیده‌است	40
نرده	40
نرسیدن	40
نزاعی	40
نزنم	40
نزهةالمجالس	40
نسخه‌بندی	40
نشان‌دادن	40
نشريه	40
نصرتین	40
نصرت‌الحکما	40
نظام‌السلطنه	40
نظریاتش	40
نغز	40
نفقه	40
نقالی	40
نقاهت	40
نقشه‌کشی	40
نقیبان	40
نلیاتو	40
نمادگرایی	40
نمی‌افتم	40
نمی‌دارند	40
نمی‌دیدم	40
نمی‌پذیریم	40
نمی‌کوشند	40
نهادهایی	40
نهروانیان	40
نهور	40
نواحی‌ای	40
نواختران	40
نورما	40
نورونهای	40
نوریاکی	40
نوز	40
نوستریایی	40
نویسه‌هایی	40
نژادپرست	40
نکردنی	40
نکست	40
نگارگر	40
نگارگرانی	40
نگشته‌است	40
نگفته	40
نگهدارشود	40
نگیرند	40
نیاگارا	40
نیترو	40
نیتریدهای	40
نیروگاهی	40
نیچران	40
نیکخواه	40
نیکزادی	40
نیکویت	40
هاتوسا	40
هادریانوس	40
هارپر	40
هاضمه	40
هايي	40
هاپلوئیدی	40
هاچاتوریان	40
هاگنا	40
هذلولی‌ها	40
هراسان	40
هرمودر	40
هریتاژ	40
هستکه	40
هلنی	40
هلکویست	40
همایشی	40
همبسته	40
همدلی‌اش	40
همساز	40
همسالانش	40
همسانگردی	40
هنجاری	40
هنرهای	40
هنرپیشه‌ی	40
هواخواه	40
هوانورد	40
هواکش	40
هورامانی	40
هورمون‌های	40
هورکونس	40
هول	40
هولروید	40
هپارین	40
هی	40
هیثمی	40
هیدروکسیدسدیم	40
هیسپانیک	40
هیمند	40
هیولایی	40
هیونگ	40
هیچ‌وقت	40
وابسته‌ای	40
واحده	40
وارثانش	40
وارونگی	40
وافور	40
والدینی	40
والنات	40
وامی	40
وام‌واژه‌هایی	40
وانکا	40
واگارشاپات	40
وایخس	40
وایسا	40
وایلدرز	40
وتوی	40
ورتول	40
ورزشی‌اش	40
ورزند	40
ورکز	40
وسائط	40
وطنی	40
وقتها	40
وقت‌ها	40
ولنجک	40
وندال‌ها	40
وندی	40
ونگ	40
ون‌سنت	40
وهاب	40
وودز	40
ویدوک	40
ویلاهای	40
ویلای	40
وینچستر	40
پائیزی	40
پاراتیروئید	40
پارامور	40
پارتی‌ها	40
پارك	40
پاره‌های	40
پارو	40
پارکس	40
پازند	40
پاسداشت	40
پاسپورت	40
پاشایی	40
پالایشگاه‌ها	40
پامیری	40
پانتئون	40
پانچ	40
پاهایی	40
پرباران	40
پرث	40
پردرخت	40
پررنگی	40
پرشمار	40
پرشماری	40
پرفشار	40
پرلاشز	40
پرنده‌ها	40
پروتیین	40
پرودون	40
پروسه‌های	40
پروفیل	40
پرگامون	40
پریاموس	40
پریتزکر	40
پریش	40
پستانک	40
پستچی	40
پسرعمویش	40
پلاته	40
پلاگین	40
پلنگی	40
پنجه‌ای	40
پنکه	40
پهن‌باند	40
پوده	40
پورتر	40
پورناظری	40
پورکریم	40
پوسته‌ای	40
پوشان	40
پوشانیدن	40
پولهای	40
پولکی	40
پومپه	40
پيدايش	40
پژوهش‌گر	40
پیامها	40
پیام‌هایی	40
پیترز	40
پیره	40
پیشخدمت	40
پیشرفته‌است	40
پیشرفت‌هایی	40
پیشنهادها	40
پیشینش	40
پیما	40
پیمان‌های	40
پیکره‌های	40
پیگ	40
چالشی	40
چامه	40
چاووش	40
چدن	40
چراغ‌ها	40
چری	40
چغازنبیل	40
چله‌خانه	40
چلیپای	40
چلیچه	40
چندتن	40
چندجمله‌ای‌های	40
چهره‌هایی	40
چپکرود	40
چپگرا	40
چکان	40
چگالش	40
ژاکوب	40
ژینکو	40
کائوچو	40
کابران	40
کات	40
کاتولیکی	40
کادوسیان	40
کادیس	40
کارتون‌های	40
کارت‌ها	40
کارسون	40
کارلمان	40
کارما	40
کاریکاتوری	40
کاری‌های	40
کاستیل	40
کاشتن	40
کافه‌ها	40
کالاش	40
کالباس	40
کاله	40
کالکین	40
کاما	40
کامبخش	40
کامکارها	40
کامیار	40
کانلی	40
کاهشی	40
کاوازاکی	40
کاکایی	40
کبوتری	40
کبودرآهنگ	40
کراس	40
کراسنویارسک	40
کرانه‌ای	40
کرمل	40
کرواتی	40
کروموزومی	40
کرومیت	40
کریسشن	40
کریمسون	40
کست	40
کسمایی	40
کشان	40
کشتارگاه	40
کشته‌های	40
کشورگشایی	40
کشیک	40
کفزی	40
کفشهای	40
کفیل	40
کلسیت	40
کلوزو	40
کلوستریدیوم	40
کلیجان	40
کلیشه	40
کنترباس	40
کنوانسیون‌های	40
کنکاش	40
کنیزی	40
کهنسالی	40
کواین	40
کوبه	40
کورا	40
کوربوزیه	40
کوره‌ها	40
کوست	40
کوسه‌های	40
کوشانی	40
کوششهای	40
کولاک	40
کولترین	40
کولخیس	40
کولیج	40
کومش	40
کومون	40
کوندرا	40
کوهساران	40
کوهک	40
کوه‌هایی	40
کوپه	40
کپسوله	40
کپی‌های	40
کیبر	40
کیر	40
کینز	40
کیوکوشین	40
گائودی	40
گبرها	40
گبه	40
گذرنده	40
گرافیتی	40
گرافیست	40
گرامی‌داشت	40
گرانیگاه	40
گردشگاه‌های	40
گردهمایی‌های	40
گرفته‌شده	40
گروهي	40
گروهک	40
گریدر	40
گریپ	40
گزاران	40
گزارشها	40
گزین	40
گسستگی	40
گشادی	40
گلایدر	40
گلدستون	40
گلدی	40
گلزنان	40
گلشهر	40
گليم	40
گل‌آقا	40
گمپر	40
گنجعلی	40
گنکور	40
گوتفرید	40
گوشش	40
گولان	40
گونه‌ی	40
گیرا	40
گیرو	40
گیلانشاه	40
گیوم	40
گیوی	40
یائسگی	40
یادداشت‌هایی	40
یادمانی	40
یادگاران	40
یارای	40
یارمحمد	40
یاسون	40
یانوش	40
یاوری	40
یسار	40
یهودی‌تبار	40
یوبی‌سافت	40
یوتو	40
یورش‌های	40
یوسف‌آباد	40
یولیوس	40
یونها	40
یونیزاسیون	40
یونیون	40
یونیکد	40
یون‌ها	40
آئین‌های	39
آبان‌ماه	39
آبراهه	39
آبروی	39
آبلیمو	39
آبي	39
آبکار	39
آبکاری	39
آبکش	39
آجارستان	39
آخ	39
آدرنالین	39
آدلمن	39
آدمها	39
آدمیزاد	39
آدونیس	39
آربری	39
آرتورو	39
آرمیده	39
آرواره‌ها	39
آرواره‌های	39
آرکنسا	39
آریاشهر	39
آریزونای	39
آریو	39
آزادیهای	39
آستیگماتیسم	39
آسمانها	39
آسیاب‌های	39
آسیایی‌ها	39
آسیمو	39
آشنايي	39
آغازیان	39
آفریدگان	39
آقامحمد	39
آق‌قلا	39
آلتمن	39
آلفردو	39
آلمانی‌های	39
آلهه	39
آلکان	39
آلکیل	39
آمادئوس	39
آمازیغ	39
آمریکائیان	39
آمریکایی‌های	39
آمفی‌تئاتر	39
آمو	39
آموخته‌های	39
آمورف	39
آموزه‌ها	39
آمونسن	39
آمپلی‌فایر	39
آمپلی‌فایرهای	39
آمیش‌ها	39
آناناس	39
آناهید	39
آنفلوانزا	39
آنفیلد	39
آهنگسازانی	39
آهوان	39
آوردهای	39
آووگادرو	39
آویخت	39
آویختند	39
آکروپلیس	39
آکورد	39
آگار	39
آگورا	39
آگوستو	39
ابان	39
ابایی	39
ابتدایی‌ترین	39
ابتلاء	39
ابررایانه	39
ابرقو	39
ابوا	39
ابواحمد	39
ابوالعلاء	39
ابوزید	39
ابولهب	39
ابومنصوری	39
اتل	39
اتوترانسفورمر	39
اتیوپیایی	39
اجر	39
احتقان	39
احزابی	39
احفاد	39
احمدان	39
احمدیان	39
اختراعی	39
اختفا	39
اخضر	39
ادبا	39
ارا	39
ارتشیان	39
ارجان	39
ارحام	39
اردستانی	39
ارزشمندترین	39
ارسک	39
ارشدش	39
ارمک	39
ارگانها	39
اساسي	39
استادکاران	39
استادیوم‌های	39
استالینی	39
استالینیسم	39
استخراجی	39
استدلال‌ها	39
استراحتگاه	39
استرامر	39
استصوابی	39
استعلام	39
استقراء	39
استهلاک	39
استوکیومتری	39
استپی	39
استپ‌های	39
استیونس	39
اسرائیلیان	39
اسراف	39
اسفرورین	39
اسفندیارخان	39
اسلامشهر	39
اسلامگرایان	39
اسمیتسونین	39
اسود	39
اسپارتی	39
اسپانیاییان	39
اسپرز	39
اسپرینگ	39
اسکس	39
اسکلروز	39
اسکویی	39
اسیوط	39
اشتراکات	39
اشتفان	39
اشریشیا	39
اشياء	39
اشکالاتی	39
اشکوب	39
اصغری	39
اعتدالیون	39
اعتقادنامه	39
اعتیادش	39
اعراض	39
اعلامیه‌ها	39
افاده	39
افغانستانی	39
افکندند	39
اقیانوس‌های	39
الاستیسیته	39
الامینی	39
الشریف	39
الصاق	39
العباد	39
العزیز	39
العمل‌های	39
الفاظی	39
الماسی	39
المال	39
المانی	39
المعجم	39
الملك	39
المنار	39
المنتظر	39
الند	39
الهلال	39
الهه‌های	39
الکترال	39
الکترودینامیک	39
الکترولیتی	39
الکتریسته	39
الکلیسم	39
الکل‌ها	39
امامعلی	39
اماکنی	39
امتحانی	39
امتیازنامه	39
امتیازها	39
امرایی	39
امناء	39
اموالی	39
امولسیون	39
امپایر	39
امپرسیونیست	39
امیرسلیمانی	39
امیرمهدی	39
ام‌آرآی	39
انبیای	39
انتهائی	39
انحصارات	39
اندو	39
اندیشه‌هایی	39
اندیکاتور	39
انسانهایی	39
انفعالی	39
انکیدو	39
انگلند	39
انگلیسیان	39
انیکس	39
اهتزاز	39
اهورایی	39
اورنگ‌آباد	39
اوسترازیا	39
اوش	39
اولاف	39
اولویت‌های	39
اومد	39
اوگاریتی	39
اوگر	39
اویلری	39
اویند	39
اينها	39
اينگونه	39
اک	39
اکتشافاتی	39
اکتین	39
اکراد	39
اکسیدی	39
اکلیل	39
اکوکاردیوگرافی	39
اگزوپری	39
ایرانشناسی	39
ایرو	39
ایستاده‌است	39
ایلامی‌ها	39
ایلوواتار	39
ایندوس	39
ایندی	39
ایونی	39
ای‌بی‌سی	39
بابام	39
باجه	39
بادبادک	39
بادبزن	39
بادنجان	39
باربادوس	39
باربوسا	39
بارنی	39
بارکشی	39
بازتابنده	39
بازداری	39
بازشماری	39
بازیگوش	39
باسکرویل	39
باسکی	39
باصفا	39
باغچه‌ها	39
بافقی	39
بافنده	39
باقیمانده‌های	39
بالاترين	39
بالاتنه	39
بالاجام	39
بالارونده	39
بالماسکه	39
بالندگی	39
بامیه	39
بانکدار	39
باورمندان	39
باپیر	39
بایوس	39
بتاریخ	39
بتصرف	39
بتهوفن	39
بتهون	39
بت‌ها	39
بحیره	39
بخشپذیری	39
بخورید	39
بداخل	39
بدره	39
بدلایل	39
بدنامی	39
بدین‌ترتیب	39
بذل	39
بذله	39
برآغوش	39
برآوردها	39
براد	39
برازنده	39
برافتادن	39
براکت	39
برتخت	39
برجسته‌های	39
برجک	39
برداران	39
برسم	39
برسون	39
برشهای	39
برقع	39
برلين	39
برمکیان	39
برمی‌گرداند	39
برنیس	39
بروکس	39
برپاست	39
برگرفته‌است	39
بریک	39
بزرگواری	39
بزنیم	39
بستار	39
بسته‌اند	39
بسوزانند	39
بسیارند	39
بسیط	39
بطرز	39
بعقیده	39
بقائی	39
بقایایی	39
بقدر	39
بقعه‌ای	39
بلافصل	39
بلشویکی	39
بلعیدن	39
بلندا	39
بلندیهای	39
بلوکهای	39
بنامند	39
بندرگز	39
بنزینی	39
بنوشد	39
بنگاه‌ها	39
بنی‌امیه	39
بهادران	39
بهروزی	39
به‌جامانده	39
به‌روزرسانی	39
به‌طول	39
به‌کاررفته	39
بودید	39
بورخس	39
بورگ	39
بوفه	39
بوم‌شناسی	39
بویان	39
بينی	39
بپوشند	39
بکنم	39
بگردد	39
بگردند	39
بگرفت	39
بگشاید	39
بیابانها	39
بیافتند	39
بیافریند	39
بیتل‌ها	39
بیشه‌سر	39
بیضاء	39
بیلیارد	39
بیناب	39
بینم	39
بیه‌پیش	39
بیوتیک‌ها	39
بیکاران	39
بیگانه‌ای	39
بی‌آنکه	39
بی‌اعتبار	39
بی‌تردید	39
بی‌توجه	39
بی‌رحم	39
بی‌قراری	39
بی‌نیاز	39
بی‌همتا	39
بی‌کار	39
بی‌گمان	39
تأثیرپذیری	39
تئاترها	39
تائوئیسم	39
تابع‌های	39
تابلوهایی	39
تابه‌حال	39
تاختن	39
تاریخش	39
تاریخ‌ها	39
تازی‌ها	39
تاكسيدرمی	39
تالابی	39
تالاب‌ها	39
تالاس	39
تاماهاک	39
تانژانت	39
تانک‌های	39
تاهیتی	39
تاچر	39
تاکرا	39
تاکسیدرمی	39
تاکی	39
تایتان‌ها	39
تبارنامه	39
تبليغات	39
تتانی	39
تتیس	39
تجسس	39
تحصيلی	39
تحويل	39
تختخوابی	39
تخته‌ای	39
تراشکاری	39
تراموا	39
ترانزیستوری	39
ترانشه	39
ترتیبات	39
ترجمان	39
ترجيح	39
ترخیص	39
تركیه	39
تروما	39
ترون	39
تریپل	39
تشریف	39
تشعشعی	39
تصادفا	39
تصعید	39
تصویرها	39
تظاهرات‌ها	39
تعاونی‌ها	39
تعقل	39
تعلیقی	39
تغییرشکل	39
تغییرنام	39
تفلون	39
تفنگ‌های	39
تلفظی	39
تماس‌ها	39
تمام‌وقت	39
تمثال	39
تمرد	39
تمنا	39
تمیمی	39
تناسبی	39
تندخو	39
تندرست	39
تنديس	39
تنگل	39
تهرانپارس	39
توانم	39
توانيد	39
تودی	39
توروالدز	39
توصیه‌گر	39
توپولوف	39
تکرر	39
تکلف	39
تک‌آهنگ‌ها	39
تیتان‌ها	39
تیره‌ها	39
ثانیه‌ای	39
ثعلبه	39
ثقه	39
جاد	39
جالوت	39
جانشان	39
جانشینانش	39
جرجیا	39
جرس	39
جزم	39
جسته‌است	39
جعفریه	39
جغرافی‌دان	39
جنتو	39
جنجالی‌ترین	39
جنس‌های	39
جنگجویی	39
جنگلی‌ها	39
جهاتی	39
جهانی‌سازی	39
جهد	39
جوانه‌ها	39
جوجیتسو	39
جودیت	39
جوزجان	39
جوهره	39
جوی‌های	39
جگوار	39
جیران	39
جی‌پی‌ال	39
حاشیه‌های	39
حاكميت	39
حاکمیتی	39
حایل	39
حجی	39
حداكثر	39
حدید	39
حرمتی	39
حرکتش	39
حریفش	39
حسینیه‌ها	39
حشاشین	39
حقارت	39
حقوق‌دان	39
حلوای	39
حنیفه	39
حوری	39
حوزه‌ی	39
حکایتی	39
حکایت‌های	39
حکیمان	39
خادمان	39
خارطوم	39
خاطره‌ای	39
خالوحسين	39
خانقاهی	39
خانه‌دار	39
خانوم	39
خاچاتوریان	39
خاکبرداری	39
خاکشناسی	39
خبررسانی	39
خبیث	39
خجندی	39
خداوندگار	39
خزائلی	39
خزرج	39
خزل	39
خشتریته	39
خشکرود	39
خصوصی‌سازی	39
خفیه	39
خللی	39
خلیل‌الله	39
خمشی	39
خمينی	39
خنجری	39
خواباندن	39
خوابش	39
خوابید	39
خواب‌های	39
خواست‌های	39
خواندم	39
خواننده‌ها	39
خوجالی	39
خودگردانی	39
خوراکی‌های	39
خورده‌اند	39
خوزی	39
خوشنود	39
خوشگوار	39
خولیو	39
خونخوار	39
خونخواری	39
خيلي	39
خی	39
خیامی	39
خیرخواهانه	39
دئوک	39
دئی	39
دادبه	39
داريد	39
دالامبر	39
دامادش	39
دام‌های	39
دانشیان	39
دانگون	39
داک	39
داکار	39
دایک	39
دبوره	39
درازتر	39
دراواخر	39
درباره‌اش	39
درجاتی	39
درخواست‌ها	39
درعوض	39
درفاصله	39
درمانگر	39
درمی‌آیند	39
دروازه‌ای	39
درودگری	39
دريايي	39
دریابند	39
دستم	39
دستمزدی	39
دستگیری‌ها	39
دشوارترین	39
دعاها	39
دقیق‌ترین	39
دكترا	39
دلخواهی	39
دلسوزی	39
دله	39
دلپذیری	39
دلگرمی	39
دلیرانه	39
دل‌انگیز	39
دمتریوس	39
دنباله‌دارها	39
دنياي	39
دهدشت	39
دهنده‌ای	39
دهيد	39
دهگان	39
دوختن	39
دوران‌ها	39
دوزیست	39
دوس	39
دوسر	39
دوشیزگان	39
دوله	39
دونوع	39
دپش	39
دیدارها	39
دیررس	39
دیره	39
دیرکتوار	39
دیسکاوری	39
دیوارآتش	39
دیوالی	39
دیوانعالی	39
دیوها	39
دیکشنری	39
ذات‌الریه	39
رأسی	39
رئالیستی	39
رابرتسون	39
رابطه‌ی	39
راجا	39
راحل	39
راحیل	39
رادیوتراپی	39
راس‌های	39
راهپیمایان	39
راه‌راه	39
راه‌سازی	39
راوند	39
رحمانه	39
رحمتی	39
رزق	39
رسام	39
رسایل	39
رستورانی	39
رشته‌کوهی	39
رضائی	39
رضائیه	39
رقيب	39
رماجی	39
رندر	39
رهانید	39
رهگیر	39
روبوکاپ	39
روتین	39
روشنتر	39
روش‌شناسی	39
روماتیسمی	39
ریزشگاه	39
زبان‌شناختی	39
زبرین	39
زخمها	39
زدم	39
زدوده	39
زردکوه	39
زرگنده	39
زرینه	39
زلدا	39
زمينی	39
زمینة	39
زمینداران	39
زنجیرها	39
زندانيان	39
زنو	39
زنوبیا	39
زورخانه‌ای	39
زورمند	39
زوزه	39
زولپیدم	39
زون	39
زيارت	39
زکیه	39
زیباک	39
زیدآبادی	39
زیربرنامه	39
زیردست	39
زینه	39
سؤالاتی	39
سادی	39
سازی‌ها	39
ساس	39
ساسکچوآن	39
ساطور	39
سالبه	39
سالخوردگان	39
سانتو	39
ساوانا	39
ساک	39
ساکاشویلی	39
ساکسون	39
سایت‌هایی	39
سایرت	39
سبزک	39
سبیلک	39
ستود	39
سجم	39
سختی‌ها	39
سخنگویان	39
سرابله	39
سراها	39
سربار	39
سربه	39
سرت	39
سرخوش	39
سردابی	39
سردادن	39
سردارانش	39
سردخانه	39
سردردهای	39
سررشته	39
سرنیزه	39
سروده‌اند	39
سرپایی	39
سرپرستان	39
سرژ	39
سرک	39
سرکیسیان	39
سعادتمند	39
سفیان	39
سلرز	39
سلول‌هایی	39
سليمان	39
سلیاک	39
سماق	39
سمبولیسم	39
سمج	39
سنتا	39
سنوات	39
سنگواره	39
سنگ‌نوشته	39
سهندآباد	39
سوآن	39
سوای	39
سورت	39
سوسور	39
سوپرکامپیوتر	39
سوپرکامپیوترها	39
سوییچ	39
سيروس	39
سيستمهاي	39
سينمايي	39
سيگنال	39
سپاسگزاری	39
سپند	39
سپهبدی	39
سکا	39
سکستان	39
سکسوالیته	39
سکوها	39
سگها	39
سیاحتنامه	39
سیبو	39
سیبویه	39
سیدالشهداء	39
سیدخواجه	39
سیستمز	39
سیم‌سیتی	39
سیندی	39
سینه‌اش	39
سینکروترون	39
سینگل	39
سیونیک	39
سی‌اس‌سی‌اف	39
شاخص‌ها	39
شاداب	39
شانه‌های	39
شاه‌تخته	39
شاه‌عباسی	39
شاه‌لولاک	39
شایع‌تر	39
شبانگاه	39
شبانگاهی	39
شبانی	39
شبه‌افیونی	39
شبکه‌است	39
شبکه‌ی	39
شبکۀ	39
شبگرد	39
شده‌اش	39
شده‌ترین	39
شدکه	39
شریفه	39
شعبه‌هایی	39
شفتی	39
شق	39
شماتیک	39
شمالغرب	39
شمالغربی	39
شمای	39
شمخانی	39
شمشیربازی	39
شناساند	39
شناسنامه‌ای	39
شندآباد	39
شنیدنی	39
شهرآرا	39
شهرك	39
شهسواری	39
شهیاد	39
شوارتزشیلد	39
شواردنادزه	39
شوالیه‌ها	39
شوروی‌ها	39
شولستان	39
شوگون‌ها	39
شکارهای	39
شکست‌ها	39
شکفته	39
شکور	39
شگفت‌آور	39
شگون	39
شیخ‌الاسلام	39
شیعه‌است	39
شیندلر	39
شیوة	39
صارمی	39
صاریغ	39
صبحی	39
صدائی	39
صدري	39
صفائی	39
صفاق	39
صفورا	39
صلاحی	39
صهیونیست‌ها	39
صوراسرافیل	39
صورتک	39
صومعه‌های	39
صیادان	39
ضرباهنگ	39
ضعیفتر	39
طلبد	39
طيف	39
ظل‌السلطان	39
عابدزاده	39
عاص	39
عاقلانه	39
عالیقدر	39
عبدالغنی	39
عبدالمحمد	39
عثمانیه	39
عدالتخواه	39
عداوت	39
عربی‌شده	39
عزادار	39
عزی	39
عفونتها	39
عقدی	39
علماي	39
عليزاده	39
علی‌شاه	39
علی‌محمدی	39
عمله	39
عملیه	39
عمویی	39
عمیر	39
عمیقتر	39
عوالم	39
عیال	39
غازان‌خان	39
غافلگیرانه	39
غرایز	39
غریق	39
غز	39
غزل‌ها	39
غل	39
غوث	39
غیابی	39
فائو	39
فارس‌ها	39
فارمر	39
فارکس	39
فاطمیه	39
فامور	39
فایز	39
فتاح	39
فدرر	39
فرآورده‌ها	39
فراخواندند	39
فراغول‌ها	39
فرایندهایی	39
فرجامی	39
فرجی	39
فرحان	39
فرحناز	39
فرخار	39
فرزندم	39
فرستاده‌است	39
فرشی	39
فرمول‌بندی	39
فرنچ	39
فرودین	39
فرورفته	39
فروشگاهی	39
فریضه	39
فضازمان	39
فضلا	39
فعالند	39
فعاليت‌های	39
فلاحی	39
فلسطين	39
فلسفه‌های	39
فلپس	39
فلیتوود	39
فمینیستها	39
فنآوری	39
فنرباغچه	39
فنوم	39
فهلویات	39
فوتونیک	39
فوتی	39
فوران‌های	39
فورمن	39
فکه	39
فکوری	39
فک‌ها	39
فیروزان	39
فینیاس	39
فینیقی	39
فیونا	39
قابی	39
قادریه	39
قارا	39
قاطعی	39
قانونگذار	39
قایقران	39
قبايل	39
قبچاق	39
قدح	39
قدیمی‌اش	39
قریة	39
قریظه	39
قساوت	39
قشونی	39
قصبه‌ای	39
قصران	39
قصه‌ها	39
قطب‌ها	39
قعر	39
قله‌ها	39
قمیش	39
قنا	39
قویق	39
قیف	39
قیمتهای	39
قیمه	39
كاربردي	39
كفر	39
كمونیست	39
كميسيون	39
كودتا	39
كیه	39
لابه	39
لاتاری	39
لاز	39
لامپهای	39
لامپی	39
لاندا	39
لانه‌سازی	39
لاورنس	39
لاپلاتا	39
لاینفک	39
لبریز	39
لبه‌ها	39
لبیک	39
لشتان	39
لعابدار	39
لنج	39
لنگدان	39
لهراسب	39
لواسانی	39
لوبیای	39
لوطی	39
لول	39
لچک	39
لکستان	39
لیوتار	39
مؤثرتر	39
مئیر	39
ماتئوس	39
ماحصل	39
ماخونیک	39
مادرشاهی	39
مادول	39
ماربورگ	39
مارلی	39
مارمولک‌ها	39
مازنی	39
مافیای	39
مالنا	39
ماندم	39
ماندولین	39
مانورهای	39
مانک	39
ماهواره‌بر	39
ماهیانی	39
ماوراءالطبیعه	39
مايل	39
ماکروسکوپی	39
مایورکا	39
متارکه	39
متحیر	39
متراژ	39
متشنج	39
متیس	39
مجرایی	39
مجللی	39
مجمعی	39
مجهزترین	39
محقر	39
محیا	39
مخترعانی	39
مخلوع	39
مداحانی	39
مداحی	39
مدارشکن‌هایی	39
مددی	39
مدرسیان	39
مدعوین	39
مدل‌های‌آماری‌وگرافیکی	39
مدنیت	39
مدیسی‌ها	39
مراسلات	39
مرتاض	39
مردار	39
مرزن‌آباد	39
مرسیئر	39
مرعوب	39
مرلوپونتی	39
مرواریدی	39
مرگ‌های	39
مزیت‌ها	39
مزینانی	39
مستعمره‌نشین‌ها	39
مسخر	39
مشخصاتی	39
مشرق‌الاذکارها	39
مشرق‌زمینی	39
مشروطه‌خواهان	39
مشغله‌های	39
مشین	39
مضربی	39
مظفرالحکما	39
معدوم	39
معرفی‌مى‌كند	39
معمولترین	39
معناداشت	39
مغزها	39
مفیدتر	39
مفیده	39
مقاطعی	39
مقتدرترین	39
مقتدیان	39
مقدارزیاد	39
مقدس‌مآبان	39
مقدماتی‌ترین	39
مقيمي	39
ملاء	39
ملازمت	39
ملانظر	39
ملاکین	39
ملتزم	39
ملفوظ	39
ملیله	39
ملیکا	39
مناسبات‌اقتصادی	39
مناسبترین	39
مناسب‌تری	39
منافقانه	39
منتصب	39
منداب‌ها	39
منشوری	39
منعطف	39
منوجانی	39
منور	39
مهاری	39
مهدور	39
مهدکودک	39
مهرجانقذق	39
مهرهرمز	39
مهیب‌تر	39
مهیمن	39
موافقت‌نامه	39
موبیلی	39
موتورهایی	39
موراد	39
موراویای	39
موسویانی	39
موسير	39
موش‌هایی	39
موقعیت‌ناشناسی	39
موقوف	39
مومبوجومبو	39
مومنین	39
مونالیزای	39
مک‌کارتیسم	39
مگلود	39
مگوئید	39
میجرالدین	39
میخاییلونا	39
میراش	39
میرایی	39
میربان	39
میروشنیکف	39
میشائیل	39
میشان	39
میلی‌لیتر	39
میناردوس	39
مینیاتوروار	39
میکرودرایو	39
میکیس	39
میگردند	39
می‌ترسیده	39
می‌توانسته‌است	39
می‌خواستند	39
می‌خواندید	39
می‌خواهی	39
می‌سروده‌است	39
می‌شتابند	39
می‌فهمند	39
می‌نویسم	39
می‌پرداخت	39
می‌گراید	39
می‌گرفتی	39
ناآگاه	39
ناآگاهیم	39
نابهنجار	39
نابینایان	39
ناحق	39
ناحیه‌ها	39
ناخالصی‌های	39
نادردست	39
نادره	39
نارسی	39
ناسخان	39
ناصحیح	39
نالایق	39
ناوی	39
نايبان	39
ناپیدا	39
نباشید	39
نبردند	39
نبیند	39
نجیب‌زادگانی	39
نخلستانی	39
نخواهیم	39
نخوردن	39
ندارها	39
ندانست	39
نرخ‌ها	39
نرساندن	39
نزدیکانمان	39
نزدیکی‌هایی	39
نزهت	39
نستن	39
نشتی‌ها	39
نشسته‌اند	39
نشیمنگاه	39
نظامنامه	39
نظرآیرا	39
نظراتی	39
نظرم	39
نقادی	39
نقاشی‌هایی	39
نقاله	39
نكردن	39
نمازگزار	39
نمایشنامه‌ها	39
نمی‌آورید	39
نمی‌خواهید	39
نمی‌سازند	39
نمی‌نمایند	39
ننموده‌است	39
نهايی	39
نهری	39
نوآرامی	39
نوافلاطونیان	39
نوبرانه	39
نوريست	39
نوشتارها	39
نوشیده	39
نوفه	39
نووا	39
نوک‌تیزتر	39
نکته‌پردازی	39
نکنم	39
نگاهش	39
نگرفته‌اند	39
نگهداشته	39
نیازشان	39
نیاسینایی	39
نیریز	39
نیستان	39
نیستانی	39
نیوبرانزیک	39
نی‌زار	39
هامیلتونو	39
هاوکینگ	39
هاپ	39
هاکوداته‌است	39
هجاها	39
هرابال	39
هرزویل‌های	39
هرمس	39
هرچیزی	39
هزارساله‌ای	39
هزیوه	39
همبرگر	39
همتاسازی	39
همردیف	39
همرزمانش	39
همسنگران	39
همنوازی	39
همه‌جانبه‌ای	39
همین‌جا	39
هم‌ارز	39
هم‌نامش	39
هنجارها	39
هواهای	39
هواگردهایی	39
هورمونها	39
هولده	39
هوکایدوی	39
هکتاری	39
هیبرید	39
هیدرازینیم	39
هیدروارگوتامین	39
هیدروکربنها	39
هیدروکسیل	39
هیربدان	39
هیرودیا	39
هیلد	39
هیلمند	39
واجدین	39
واداشته	39
واردشده‌اند	39
والاترین	39
والش	39
والمسلمین	39
وانگهی	39
وان‌کر	39
واژشناسی	39
واکاوید	39
واکنشگر	39
واگرایی	39
وس	39
وستوک	39
وسیع‌ترین	39
وفاق	39
وفایی	39
وقايع	39
ولذا	39
ونزوئلایی	39
ويولن	39
ویترین	39
ویتوریو	39
ویرانگری	39
ویزای	39
ویلنسل	39
ویندوزهای	39
ویوین	39
ویژه‌است	39
ویگ	39
يادداشت	39
يافتند	39
يحيی	39
پات	39
پاتولوژی	39
پادرمیانی	39
پادگن	39
پارسها	39
پارسونز	39
پارسیکس	39
پاریز	39
پاسخ‌ها	39
پاسخ‌گویی	39
پاسور	39
پاشندگی	39
پالاس	39
پالس‌های	39
پاموک	39
پانداها	39
پانل	39
پانوشت	39
پاي	39
پاچه	39
پاکدامنی	39
پایدارتر	39
پایه‌ی	39
پایین‌تری	39
پترسون	39
پتو	39
پدیداری	39
پرخاشگر	39
پرخطر	39
پرزیدنت	39
پرسئوس	39
پرستشگاه‌های	39
پرسد	39
پرشدن	39
پرهیزکار	39
پرهیزگار	39
پروازش	39
پروپاگاندا	39
پروژکتور	39
پرپشت	39
پرپیچ	39
پرچمدار	39
پرچمهای	39
پرچم‌ها	39
پرکینز	39
پریود	39
پست‌مدرنیستی	39
پسرخاله	39
پسرشان	39
پشته‌های	39
پشتونها	39
پشتيباني	39
پلاک‌های	39
پلوپس	39
پنج‌گانه	39
پنداشته‌اند	39
پندنامه	39
پنل	39
پنگوئن‌های	39
پهناورترین	39
پواتیه	39
پوزش	39
پوشاننده	39
پولیو	39
پيشرفته	39
پيشينه	39
پپتیک	39
پچ	39
پژوهنده	39
پیامدها	39
پیرمردها	39
پیرنگ	39
پیریت	39
پیزوالکتریک	39
پیشنهاداتی	39
پیش‌گیری	39
پیلی	39
پیمانه‌ای	39
پیوتر	39
پیچیدن	39
پیکانی	39
پیکرتراشی	39
پیکسار	39
پییر	39
پی‌یر	39
چابکسر	39
چادرنشین	39
چالش‌ها	39
چروک	39
چسبیده‌اند	39
چستر	39
چلنگر	39
چلچله	39
چمستان	39
چندملیتی	39
چندگاهی	39
چهارطاقی	39
چکیده‌ای	39
چیت	39
چیس	39
چینز	39
ژئوپارک	39
ژائو	39
ژانويه	39
ژنرالی	39
ژید	39
کابلستان	39
کاتزونگ	39
کاتیون	39
کاخها	39
کارآ	39
کارآمدن	39
کارآگاهی	39
کارلا	39
کارمن	39
کارناتاکا	39
کارهایشان	39
کارگروه	39
کارگزاری	39
کارینا	39
کاستلو	39
کاسه‌ای	39
کاسی	39
کاسیوس	39
کالن	39
کالینینگراد	39
کاناداست	39
کانتات	39
کانتربری	39
کانتون	39
کاور	39
کاپلو	39
کبودان	39
کتل	39
کراتوس	39
کراشکین	39
کرافت	39
کراک	39
کرگانرود	39
کشته‌شده	39
کشتی‌رانی	39
کشک‌سرای	39
کلاسه	39
کلاسیکال	39
کلرا	39
کلرور	39
کلستریدیوم	39
کلنی	39
کلوتار	39
کلودیو	39
کلیایی	39
کمانگیر	39
کمپرسور	39
کمک‌رسانی	39
کم‌ترین	39
کنتاکت	39
کنز	39
کنشین	39
کنژنکتیویت	39
کنیاک	39
کنیسای	39
کوئچوا	39
کوبول	39
کوبک	39
کوتل	39
کورتون	39
کوردان	39
کورن	39
کوشش‌ها	39
کوشه	39
کوشینگ	39
کولاتز	39
کولینرژیک	39
کولی‌ها	39
کومینتانگ	39
کوهنورد	39
کوههایی	39
کوچه‌ای	39
کوچک‌خان	39
کوچیده‌اند	39
کوچینگ	39
کپر	39
کپنهاکی	39
کپی‌لفت	39
کژدم	39
کیانپارس	39
کیتون	39
کیرا	39
کیلوگرمی	39
کیمن	39
کینلی	39
گؤائولدها	39
گابون	39
گادسمک	39
گاربو	39
گاردنر	39
گازهایی	39
گالوانیزه	39
گاه‌بست	39
گاه‌شمار	39
گاه‌ها	39
گبی	39
گجراتی	39
گداخت	39
گذاریم	39
گرایش‌ها	39
گربه‌سانان	39
گرفتاری‌های	39
گرلز	39
گرم‌ترین	39
گرها	39
گروگان‌گیری	39
گزش	39
گزنده	39
گزیند	39
گزیک	39
گسستن	39
گشتالت	39
گفتارها	39
گفت‌وگوی	39
گلادباخ	39
گلاس	39
گلشیفته	39
گلنراقی	39
گلیجان	39
گلیسرول	39
گل‌تپه	39
گم‌شده	39
گهگاهی	39
گوتیان	39
گوجوسان	39
گوشت‌خوار	39
گوشها	39
گوگان	39
گیرودار	39
گیش	39
گیلوان	39
گینزبرگ	39
یارانه‌ها	39
یافتگان	39
یافتگی	39
یافت‌شده	39
یاقوتستان	39
یاما	39
یاماها	39
یخچالهای	39
یس	39
ینقاق	39
یورت	39
یورکشایر	39
یوکاریوت	39
یوکاسته	39
یکجانشین	39
ییپ	39
آبادترین	38
آبعلی	38
آبلار	38
آتزا	38
آتلیه	38
آج	38
آخرش	38
آرامگاهش	38
آرتاشات	38
آرزویی	38
آرمانگرایی	38
آرمیتاژ	38
آرپی‌جی	38
آریانپور	38
آزادی‌خواهی	38
آزر	38
آسانسیون	38
آستن	38
آسمانخراش	38
آسیب‌ها	38
آغ	38
آفریده‌است	38
آفریقاست	38
آق‌قویونلو	38
آلای	38
آلبان	38
آلبومین	38
آلبوم‌شان	38
آلزاس	38
آلیستی	38
آمنهوتپ	38
آموزشگاه‌ها	38
آنارشیستی	38
آندوین	38
آنفلوانزای	38
آنهالت	38
آنوقت	38
آنکتاد	38
آن‌هم	38
آهار	38
آهنگ‌هایش	38
آوکلند	38
آپیس	38
آکروباتیک	38
آگاهي	38
آیرودینامیکی	38
آیمارا	38
آیگیستوس	38
آیینهای	38
ابرشهر	38
ابرندآباد	38
ابولحسن	38
اتکینز	38
اثرها	38
اخروی	38
ادسا	38
اردوگاهی	38
اردک‌ها	38
ارگان‌ها	38
ارگی	38
استاديوم	38
استخاره	38
استراليا	38
استهزا	38
استیلن	38
استیونسون	38
اسلام‌گرای	38
اسلام‌گرایان	38
اسلایترین	38
اسون	38
اسپارتیان	38
اسپران	38
اسپه	38
اسپکت	38
اسپیر	38
اسپیس	38
اسکاندیناویایی	38
اسکورپیونز	38
اس‌یووی	38
اشاره‌هایی	38
اشت	38
اشتباهاتی	38
اشترن	38
اضافه‌ای	38
اضطرابی	38
اغماض	38
افرای	38
افروختن	38
اقساط	38
البغدادی	38
البیضاء	38
الخطاب	38
الراس	38
الصغیر	38
القاص	38
القدر	38
الكترونيكي	38
الله‌اکبر	38
المندب	38
الناصر	38
الهیان	38
الهیه	38
الوثقی	38
الوجود	38
الویری	38
الکتروریسی	38
امامزاده‌های	38
امانی	38
امره	38
املاء	38
امیدوارند	38
امیرخان	38
امیلیا	38
ام‌الکتاب	38
ام‌دی	38
انداخته‌است	38
انسان‌دوستانه	38
انگاره‌های	38
اهود	38
اوال	38
اودی	38
اورالی	38
اوزاکا	38
اومبرتو	38
اونگ	38
اوک	38
ايفا	38
اکسیر	38
اگزیستانسیالیست	38
ایادی	38
ایتالیک	38
ایرانیسم	38
ایزوترم	38
ایزوپرن	38
ایستگاهها	38
ایندیا	38
اینونو	38
ایگلسیاس	38
بئوولف	38
بااهمیت	38
باباکوهی	38
باتری‌ها	38
باجناق	38
باجی	38
باردیگر	38
باروق	38
باریون	38
بازتوانی	38
بازخواست	38
بازپس‌گیری	38
باشتین	38
باشيم	38
باف	38
بالانس	38
بالطبع	38
بایستند	38
ببخشند	38
بدری	38
بدگویی	38
براندو	38
براهنی	38
براکوه	38
برترین‌های	38
برخوردند	38
برده‌ای	38
برزه	38
برشا	38
برمکی	38
برمی‌خیزد	38
برنا	38
برگزاري	38
بعدی‌اش	38
بلان	38
بمان	38
بمب‌ها	38
بنارس	38
بنتلی	38
بنتون	38
بنجار	38
به‌سبب	38
بوده‌باشد	38
بوستان‌های	38
بومادران	38
بویس	38
بيمه	38
بپردازید	38
بکارگرفته	38
بکوشد	38
بگرات	38
بیریو	38
بینه	38
بی‌خانمان	38
بی‌خدایان	38
بی‌کربنات	38
تبارهای	38
تتراسیکلین	38
تجربه‌ها	38
تجربه‌گرایی	38
تجوید	38
تحدب	38
تحرير	38
تدابیری	38
تراکتورهای	38
تردستی	38
ترسید	38
ترفندی	38
ترموکوپل	38
تروبرد	38
ترکمنان	38
تساهل	38
تعرق	38
تعریض	38
تعهدی	38
تفتان	38
تفلیسی	38
تفنن	38
تقطیع	38
تقليد	38
تماشاخانه	38
تمیم	38
تنیسوری	38
توافقنامه‌ای	38
تورمن	38
توسو	38
تولدو	38
تومسک	38
توکان	38
تویلری	38
تپانچه	38
تکایا	38
تکتونیک	38
تینگ	38
تیکو	38
ثار	38
جالیزی	38
جانان	38
جایدشت	38
جریان‌ها	38
جلوخان	38
جلوه‌گر	38
جمشيد	38
جنا	38
جناغی	38
جهانشهر	38
جوشی	38
حارثه	38
حاشيه	38
حافظان	38
حافظه‌ها	38
حبوب	38
حبیبه	38
حجةالوداع	38
حدیقه	38
حربه	38
حرف‌نویسی	38
حرمسرای	38
حریت	38
حساسیت‌های	38
حسان	38
حسین‌خان	38
حشره‌ای	38
حلزون‌ها	38
حمات	38
حکاری	38
خائوس	38
خازن‌ها	38
خانان	38
خجالت	38
خدائی	38
خداوندان	38
خرامه	38
خردمندی	38
خری	38
خشونتی	38
خفت	38
خواهدشد	38
خوجه	38
خودایمنی	38
خودبخودی	38
خودشناسی	38
خوشگذرانی	38
خونبار	38
خونریز	38
خیاو	38
دادمان	38
داده‌ام	38
دادید	38
دارالسلام	38
دارفانی	38
داروغه	38
دازاین	38
داستانهایی	38
داش‌بلاغ	38
دایدو	38
داینامیک	38
دبیره‌های	38
دخمه‌های	38
درآب	38
درآغاز	38
درازترین	38
درازدست	38
درماندگی	38
درواز	38
درگيری	38
دریاوارهای	38
دزک	38
دستباف	38
دشنه	38
دعبل	38
دق	38
دلبر	38
دلداری	38
دلون	38
دموكرات	38
دهانه‌ها	38
دهكده	38
دهکرد	38
دوا	38
دودکش	38
دورادور	38
دوربان	38
دوشاخه	38
دوندگان	38
ديدم	38
ديپلم	38
دگا	38
دیفی	38
دیملی	38
دیویدسن	38
دیکسی	38
دیگوکسین	38
دیگ‌های	38
ذال	38
ذوالفقاری	38
رآکتورهای	38
رابطه‌های	38
راجستان	38
راجیو	38
راسین	38
رامسفلد	38
راهبه	38
راهبی	38
راهنماها	38
رایلی	38
ربودند	38
رجائی	38
رخدادی	38
رزونانس	38
رسيدند	38
رضویان	38
رفتارهایی	38
رفتگان	38
رفقایش	38
رمال	38
روان‌کاوی	38
روایت‌ها	38
روبسپیر	38
روحانیونی	38
رودخانه‌هایی	38
روسپیگری	38
روشنگران	38
رياضي	38
ريال	38
رگه‌هایی	38
ریزان	38
رینیت	38
زاک	38
زای	38
زرادخانه	38
زرندیه	38
زره‌پوش	38
زمامدار	38
زناشوئی	38
زندخت	38
زنده‌رودی	38
زیان‌آور	38
زیرکانه	38
زیستگاهی	38
سؤالی	38
ساحران	38
سارایوو	38
سارها	38
سارویه	38
سازه‌هایی	38
سازگارا	38
سالارها	38
سامبا	38
سامر	38
سانت	38
سایکدلیک	38
سبیا	38
ستاره‌هایی	38
سختگیرانه	38
سخت‌افزارها	38
سدان	38
سرجیو	38
سرسره	38
سرسویی	38
سرمازدگی	38
سرنخ	38
سري	38
سرپایان	38
سریش	38
سطرنجیلی	38
سفیری	38
سقف‌های	38
سلی	38
سمتش	38
سناخریب	38
سنباده	38
سوخت‌ها	38
سوریان	38
سي	38
سپیدرود	38
سگزی	38
سیت	38
سیدمحمود	38
سیرچ	38
سیلندرها	38
سیمونز	38
سینماتیک	38
سیه‌نا	38
شاخه‌بندی	38
شارستان	38
شاهیان	38
شاپوری	38
شاکیان	38
شبهات	38
شتوی	38
شتیلا	38
شخصیتها	38
شده‌ی	38
شربیان	38
شرفی	38
شرمنده	38
شماره‌ای	38
شمشک	38
شناسه‌ها	38
شنیده‌است	38
شهبازیان	38
شهربابک	38
شهرش	38
شهریارکوه	38
شوسف	38
شونن	38
شوکا	38
شوکی	38
شوگون‌سالاری	38
شکند	38
شکن‌ها	38
شیائوپنگ	38
شیرآباد	38
صادرکنندگان	38
صارم	38
صبحگاه	38
صفويه	38
صلابت	38
صلبیه	38
صولت	38
ضخامتی	38
ضربدری	38
ضررهای	38
طاس	38
طالبوف	38
طرطوس	38
طنزنویس	38
طوطی‌ها	38
عبدالفتاح	38
عبدالهادی	38
عبدل	38
عجز	38
عجل	38
عرض‌های	38
عزیزان	38
عشا	38
عشاء	38
عصام	38
عطاری	38
علت‌های	38
علفزارها	38
عمارت‌های	38
عیاش	38
عیر	38
غرفه‌های	38
غرم	38
غصه	38
غیاثی	38
غیرسیاسی	38
غیرمتعارف	38
فئودور	38
فتح‌علی‌شاه	38
فخرآباد	38
فدراتیو	38
فدرالیست	38
فرانسیسی	38
فرمانهای	38
فرمان‌ها	38
فرنسیس	38
فرهادپور	38
فروانی	38
فرور	38
فروشگاههای	38
فرومد	38
فقهاء	38
فكری	38
فوتش	38
فوتونا	38
فوره	38
فوق‌الذکر	38
فونت‌های	38
فکرش	38
فکور	38
فیبروز	38
فیناستراید	38
فینی	38
قابلیتی	38
قارداش	38
قارنا	38
قافلان‌کوه	38
قالا	38
قبرش	38
قتبان	38
قدم‌های	38
قدیانی	38
قرارگرفته‌است	38
قزاقان	38
قزاقها	38
قفلی	38
قفل‌ها	38
قمرود	38
قولنج	38
قیامهای	38
قیدی	38
قیز	38
ق‌م	38
كاركنان	38
كساني	38
كمي	38
لائو	38
لائیسیته	38
لاولس	38
لايه	38
لبان	38
لب‌ها	38
لتو	38
لرزان	38
لطفا	38
لوئیجی	38
لوتری	38
لیان	38
لیس	38
لیندگرن	38
لیوینگستون	38
لیپید	38
مؤسسه‌های	38
مادام‌العمر	38
ماربورو	38
مارت	38
مارتن	38
مازندرانی‌ها	38
ماسی	38
مالیات‌ها	38
مالیدن	38
ماهواره‌هایی	38
ماهورهای	38
ماک	38
ماکروفاژها	38
ماگنوس	38
مبهوت	38
متا	38
متبسم	38
متحدالشکل	38
مجاهدت	38
مجلدات	38
مجهزی	38
محاسب	38
محاورات	38
محشر	38
مخفیگاه	38
مدیاپلیر	38
مذاق	38
مذمومی	38
مراوه‌تپه	38
مردم‌شناسان	38
مرس	38
مرسل	38
مركزی	38
مسرور	38
مسمط	38
مسهل	38
مشابه‌خوانی	38
مشتری‌های	38
مشرقی	38
مشمولین	38
مشنگی	38
مصالحی	38
مضراتی	38
مضطرب	38
مطبق	38
مطروحه	38
مطرود	38
مقاله‌نویسان	38
مقدونی‌های	38
ملاس	38
ملاکان	38
ملایری	38
ملک‌آرایی	38
ملی‌گرا	38
ممان	38
منافق	38
منت	38
مندلی	38
منزلی	38
منشیانه	38
منقل	38
مهرزادی	38
مهزیاربه	38
مهمانسراشان	38
موآی‌ها	38
موتورسواری	38
موجوديتش	38
موریای	38
موسیمی	38
مولفین	38
مونسترات	38
مي‌گيرند	38
مژگان	38
مکروه	38
میارا	38
میاستنی‌گراو	38
میانه‌اش	38
میج	38
میدان‌های	38
میرسانند	38
میریزند	38
میشاب	38
میعان	38
میلاش	38
می‌بافند	38
می‌برده‌اند	38
می‌ترسند	38
می‌رباید	38
می‌روم	38
می‌ریختند	38
می‌سنجند	38
می‌شنویم	38
می‌کوبد	38
نابرادر	38
ناتال	38
ناتینگ‌هیل	38
نازا	38
ناشایست	38
ناشنوا	38
نامرغوب	38
نامشخصی	38
نامقدس	38
ناندا	38
ناهماهنگ	38
ناهمواری‌های	38
ناکازاکی	38
نایینی	38
نجیب‌زاده	38
نداده‌ایم	38
نرمشان	38
نعش	38
نفتکش	38
نقشه‌هایی	38
ننمایم	38
نه‌خاره	38
نوابغ	38
نوبتی	38
نوبخت	38
نوترونها	38
نوجوان‌ها	38
نودانی	38
نورجیزک	38
نولس	38
نوه‌ی	38
نوویال	38
نويسان	38
نويسيد	38
نوکر	38
نيروي	38
نکوآباد	38
نگاهبانان	38
نگرفتن	38
نیازمندی‌های	38
نیافته‌است	38
نیرو‌ها	38
نیزار	38
نیست‌انگارانه	38
نینوا	38
نیژنیایا	38
هادی‌های	38
هالو	38
هایداسپرز	38
هایدی‌لند	38
هجران	38
هجویریه	38
هدف‌های	38
هسیودوس	38
هلمند	38
هلیلج	38
هلی‌اکل	38
همروی	38
همنوعانش	38
هموطن	38
همولیز	38
همیشه‌سبزی	38
همینگز	38
هنب	38
هوازنیان	38
هوبره‌ها	38
هورنتز	38
هوشیدرماه	38
هونووره	38
هیدراتاسیون	38
هیروژن	38
هیندنبرگ	38
هینس	38
واریانت	38
والارشادالقومی	38
وامدارشان	38
واپسن	38
واگذاردن	38
وثوق‌السلطنه	38
وحوش	38
وردپرفکت	38
ورزها	38
ورزیدن	38
ورشکست	38
ورک	38
وزنه‌برداری	38
وزوز	38
وقفی	38
ولوو	38
ولیان	38
ونسا	38
وهلر	38
ويران	38
وکتورهای	38
ویدر	38
ویلبر	38
يهودی	38
پائولا	38
پاترول	38
پاتو	38
پاتیناژ	38
پادماده	38
پارامغناطیس	38
پارانشیم	38
پارسک	38
پارس‌آباد	38
پازل	38
پازیریک	38
پاسکویچ	38
پاش	38
پایدارترین	38
پتانسیل‌های	38
پتریک	38
پدیدآمده	38
پذير	38
پراب	38
پراکسید	38
پرتابه	38
پرزهای	38
پرستانه	38
پرسلی	38
پرمصرف	38
پروتئاز	38
پروتئازها	38
پروترومبین	38
پروتکلهای	38
پرویزی	38
پرکاشن	38
پریشی	38
پستهای	38
پسرم	38
پس‌انداز	38
پشتان	38
پشمک	38
پشه‌ای	38
پغمان	38
پلاتفرم	38
پلاکتها	38
پلک‌ها	38
پمپیدو	38
پنتیوم	38
پوتسدام	38
پورآقایی	38
پورپیرار	38
پوسته‌های	38
پوسیدون	38
پوشای	38
پوششهای	38
پوشیده‌است	38
پژمرده	38
پژوهشگرانی	38
پکیج	38
پگاسوس	38
پیازی	38
پیون	38
پیکو	38
پی‌دی‌اف	38
چاریکار	38
چاهایش	38
چرخه‌ای	38
چغلوندی	38
چل	38
چندتا	38
چهارمين	38
چهره‌اش	38
چوبهای	38
چوقا	38
چکامه	38
چگنی	38
ژاول	38
ژرفترین	38
ژرمانیوم	38
ژیل	38
ژیلا	38
کاتالیزگر	38
کاتیوشا	38
کارآفرینان	38
کاربرها	38
کارتها	38
کاردیف	38
کارزین	38
کارشناسی‌ارشد	38
کارولنژی‌ها	38
کاسپی	38
کاشی‌ها	38
کالج‌ها	38
کالوین	38
کامچاتکا	38
کاناگاوا	38
کانسارهای	38
کانو	38
کانگ	38
کاوشگران	38
کاکو	38
کبوترها	38
کتابهایش	38
کتلین	38
کرالا	38
کرامر	38
کردزبان	38
کرنر	38
کرنری	38
کشاندند	38
کشویی	38
کشيده	38
کلروفیل	38
کلو	38
کلورادو	38
کلیشم	38
کلیشه‌ای	38
کمپوزیسیون	38
کم‌آبی	38
کنسرتها	38
کنگره‌ای	38
کوئلیو	38
کوئنتین	38
کوتی	38
کورالاین	38
کوشیده‌اند	38
کومور	38
کونیگسبرگ	38
کوهسارات	38
کوهستان‌ها	38
کوچاند	38
کوینز	38
کپه‌ها	38
کیاشهر	38
کیانگ	38
کیلومترها	38
کیلویی	38
گالبرایت	38
گالیسیا	38
گامای	38
گانگستری	38
گبریاس	38
گتاب	38
گدازه	38
گذرگاههای	38
گران‌ترین	38
گران‌قیمت	38
گرجستانی	38
گرجي	38
گردآورنده	38
گره‌هایی	38
گرگين	38
گزینه‌ها	38
گسترده‌تری	38
گلبهار	38
گمار	38
گنجانیده	38
گنجنامه	38
گوبیند	38
گوجه‌فرنگی	38
گورکن	38
گوشه‌گیری	38
گوش‌ها	38
گومز	38
گونیا	38
گياهی	38
یادواره	38
یازید	38
یاشار	38
یالهای	38
یریم	38
یزدگردی	38
ینی	38
یورونموس	38
یوکا	38
یوکای	38
یوکوهاما	38
آئین‌نامه	37
آبابا	37
آبجکتیو	37
آبخازیا	37
آبرود	37
آبزرور	37
آبگیرها	37
آتابای	37
آتالانته	37
آتاهوالپا	37
آتشبار	37
آتشكده	37
آثارالباقیه	37
آجی	37
آجی‌چای	37
آدار	37
آدرنرژیک	37
آدمکش	37
آدمکشی	37
آدیس	37
آردن	37
آریائی	37
آزادی‌ها	37
آزاردهنده	37
آزردگی	37
آزرم	37
آزمایشگاههای	37
آزمایی	37
آزوف	37
آسارا	37
آسام	37
آسایی	37
آستر	37
آسوشیتدپرس	37
آسونسیون	37
آسگارد	37
آسیاب‌ها	37
آسیب‌دیدگان	37
آسیب‌شناسی	37
آشر	37
آشنايی	37
آشوب‌های	37
آغاج	37
آغوز	37
آفريقا	37
آفریدند	37
آفریکانس	37
آلان‌ها	37
آلتیمتر	37
آلوارو	37
آلیسون	37
آماتورها	37
آماردها	37
آمده‌بود	37
آمریکاییست	37
آموزنده	37
آمیختند	37
آمیلاز	37
آمینه‌ی	37
آناطولی	37
آنانکه	37
آنتنهای	37
آنتوانت	37
آنتورپ	37
آنجائی	37
آنجلا	37
آندرا	37
آندروژن	37
آندهای	37
آنزان	37
آنفلوآنزا	37
آنو	37
آن‌طور	37
آن‌لاین	37
آوج	37
آورندگان	37
آوري	37
آپلود	37
آژیر	37
آکوردها	37
آگهی‌ها	37
آیت‌الله‌العظمی	37
آیدل	37
آینده‌اش	37
آینو	37
آیه‌ها	37
آیه‌های	37
آی‌آرسی	37
آی‌فون	37
إلی	37
ئی‌ال‌اکس	37
ابتدايي	37
ابلاغیه	37
ابوغریب	37
ابومعشر	37
ابیوردی	37
اتريش	37
اتلافی	37
اتودهای	37
اتومبيل	37
اجازات	37
اجدادشان	37
احتجاب	37
احجام	37
احرام	37
احصایی	37
احكام	37
احمدي	37
اختلاف‌های	37
اختلال‌های	37
اختیاریه	37
اخوان‌المسلمین	37
اداره‌ای	37
ادمونتون	37
ادیسه	37
ادیمی	37
اراسموس	37
اربیتال	37
ارتزاق	37
ارته	37
ارثیه	37
اردوباد	37
ارزروم	37
ارشادی	37
ارضاء	37
ارنا	37
اروسمیث	37
ارول	37
ازاء	37
ازبکها	37
ازدواج‌ها	37
ازقبیل	37
ازگیل	37
استافیلوکوک	37
استال	37
استانلی	37
استحكام	37
استخرها	37
استراتژي	37
استروئید	37
استروس	37
استرپتوکوک	37
استشمام	37
استشهاد	37
استشهادی	37
استعاری	37
استفاد	37
استفاده‌ی	37
استلا	37
استیل‌آذین	37
اسفزاری	37
اسلات	37
اسلامبولی	37
اسلاوهای	37
اسلیر	37
اسمالتک	37
اسوالد	37
اسپارتی‌ها	37
اسپن	37
اسپهبان	37
اسپیریت	37
اسک	37
اسکورتسینی	37
اسکویر	37
اسکیموها	37
اسیب	37
اسیدوز	37
اشتری	37
اشد	37
اشکون	37
اصطکاکی	37
اصلح	37
اضطرار	37
اطاقی	37
اطلسی	37
اطمينان	37
اظهر	37
اعتیادآور	37
اغذیه	37
افزاینده	37
افغانان	37
افکاری	37
افکت‌های	37
افکنی	37
اف‌سی	37
اكتبر	37
الاحمر	37
الامکان	37
الانبیاء	37
الاهلی	37
الاهیات	37
الاهیاتی	37
التزامی	37
الجامع	37
الجزائر	37
الحادی	37
الحبوس	37
الحدید	37
الحمرا	37
الخالی	37
السادات	37
السماق	37
الشرقی	37
العاص	37
العربی	37
العلوم	37
الفتوحات	37
اللهم	37
المتکلمین	37
المسالک	37
المپیادهای	37
النهر	37
النوع	37
الهادی	37
اماكن	37
امتیازدهی	37
امدند	37
اميركبير	37
امیدهای	37
امیرعلی	37
امیرنظام	37
انتفاع	37
انجل	37
انجمنها	37
انجیرآب	37
انجیل‌ها	37
اندازها	37
اندازه‌گیری‌های	37
اندامک	37
اندوخته‌های	37
اندیشیده	37
انرژي	37
انقطاع	37
انگل‌های	37
انگیخته	37
انیس‌الدوله	37
انیمیشنی	37
اهدافش	37
اهریمنان	37
اهلیت	37
اهن	37
اوجی	37
اودت	37
اودم	37
اوراد	37
اورسی	37
اورلیوس	37
اوروگوئه	37
اوریانا	37
اوزلی	37
اوساکا	37
اولیه‌است	37
اوماها	37
اونها	37
اوه	37
اوپانیشادها	37
اوکلاهما	37
اوگی	37
اویس	37
اویغورها	37
اکبرزاده	37
اکبرپور	37
اکرمن	37
اکستر	37
اکواریوم	37
اکول	37
ایاد	37
ایاصوفیه	37
ایتان	37
ایجادکننده	37
ایرانویج	37
ایرانی‌زبان	37
ایزنشتین	37
ایزوتوپها	37
ایستمی	37
ایفاء	37
ایلهای	37
ایندو	37
ایندکس	37
این‌همه	37
این‌چنین	37
ایوانهای	37
ایوان‌های	37
ایگل	37
ای‌پی	37
بئرشبع	37
بابیت	37
باجو	37
بادامی	37
بادوام	37
بادکنک	37
بادگیرهای	37
بارتولد	37
بارسلونای	37
بارش‌های	37
باروز	37
باروهای	37
بارویی	37
بارکش	37
باریکه‌ای	37
بازالتی	37
بازجوئی	37
بازجویی‌ها	37
بازدارد	37
بازيگری	37
بازپروری	37
باستیان	37
باطوم	37
بافته‌های	37
بالاجوین	37
بالاحصار	37
بالاخواف	37
بالروگ	37
بالفور	37
بالنگستان	37
بالهارود	37
بالچه	37
بالگردها	37
بانان	37
بايت	37
باکتریال	37
باکویه	37
بایسته	37
بایندر	37
بتوانم	37
بت‌پرستان	37
بحرانهای	37
بختک	37
بخشوده	37
بخوابد	37
بدار	37
بدان‌ها	37
بدقت	37
بدود	37
برادفورد	37
برازش	37
برانکو	37
برايش	37
برایتون	37
برتا	37
برتری‌های	37
برتن	37
برجستۀ	37
برخواست	37
بردارید	37
بردو	37
برزنجیر	37
برزگر	37
برسانیم	37
برسید	37
برص	37
برقعی	37
برمک	37
برمی‌گزیند	37
برنامه‌ساز	37
برنامه‌ی	37
برنامۀ	37
برنهارد	37
بروفن	37
برژینسکی	37
برکات	37
برگردانده‌است	37
برگزیده‌است	37
برگشتم	37
برگه‌ها	37
بریا	37
بریس	37
بزرگشان	37
بزنگان	37
بزکوهی	37
بستی	37
بسختی	37
بسوزاند	37
بشناسیم	37
بصل	37
بطری‌های	37
بعلبک	37
بفرستید	37
بلاتینگ	37
بلانشو	37
بلاوارستان	37
بلایا	37
بلایی	37
بلفاریت	37
بلمن	37
بلندگوی	37
بلوکات	37
بلیزارد	37
بلیغ	37
بمانی	37
بمرد	37
بمو	37
بناست	37
بندرها	37
بنمایند	37
بنوشند	37
بنیادها	37
بنیادکار	37
بنیادگذاران	37
بنی‌اعتماد	37
بهاءالدوله	37
بهادرخان	37
بهترین‌ها	37
بهرامیان	37
بهرمند	37
به‌ترتیب	37
به‌شکلی	37
به‌عمل	37
به‌فرد	37
به‌نام‌های	37
به‌هر	37
به‌گفته	37
بوده‌ایم	37
بورکینافاسو	37
بونصر	37
بونوبو	37
بوهای	37
بویینگ	37
بپرسید	37
بژار	37
بکی	37
بگفت	37
بگینز	37
بیتس	37
بیتل	37
بیزانتیوم	37
بیزنده	37
بیلور	37
بیماری‌اش	37
بینگ	37
بینگهام	37
بینی‌ها	37
بیهود	37
بیوتیکی	37
بیوپسی	37
بی‌اعتنایی	37
بی‌بهره	37
بی‌خدایی	37
بی‌عدالتی	37
بی‌نتیجه	37
بی‌نظیری	37
بی‌گناهی	37
تأسیساتی	37
تئا	37
تابوتی	37
تابور	37
تاجدار	37
تاجیک‌های	37
تارتاروس	37
تارکان	37
تازه‌بنیاد	37
تاسوکی	37
تاشو	37
تاشکورگان	37
تالاب‌های	37
تالیفی	37
تامیلی	37
تانکس	37
تانک‌ها	37
تاور	37
تاوه	37
تاویل	37
تاییدیه	37
تبخال	37
تبريزی	37
تبيين	37
تبیان	37
تبیینی	37
تجدیدپذیر	37
تحت‌الحمایه	37
تحریم‌ها	37
تحقيقاتی	37
تخته‌های	37
تخمیری	37
تداخلات	37
تدرویه	37
تدريج	37
تذکره‌ها	37
تراجم	37
ترارو	37
تراویح	37
تراپی	37
ترخان	37
ترسا	37
ترشیزی	37
تركمن	37
تروئل	37
تروجان	37
ترومبوسیتوپنی	37
ترکيب	37
تریپولی	37
تسخیرناپذیر	37
تسليم	37
تسميه	37
تسنیم	37
تسهیلاتی	37
تسهیم	37
تشابهات	37
تشریحی	37
تشويق	37
تصاوير	37
تصریف	37
تعاریفی	37
تعبير	37
تعمدی	37
تعمیرگاه	37
تعمیمی	37
تغذيه	37
تغییرناپذیر	37
تغییریافته	37
تف	37
تفرشی	37
تفرق	37
تقاضاها	37
تقاطع‌های	37
تقدير	37
تقویتی	37
تكامل	37
تلار	37
تلخه‌رود	37
تلر	37
تلمیح	37
تمبری	37
تمدنها	37
تمیستوکل	37
تناسبات	37
تنان	37
تندباد	37
تنشی	37
تنهائی	37
تنهای	37
تنوین	37
تنگه‌های	37
تهديد	37
تواتر	37
تواناترین	37
توانایی‌هایش	37
توانستم	37
توانستیم	37
توانگری	37
توبیخ	37
توث	37
توجهش	37
تورسون‌زاده	37
تولیدشده	37
توم	37
تومار	37
توندرا	37
تونل‌ها	37
توهمات	37
توهین‌آمیز	37
تووالو	37
توییتر	37
تکثر	37
تکل	37
تکنیسین	37
تیراندازان	37
تیره‌تر	37
تیره‌رنگ	37
تیرک	37
تیزهوشی	37
تیمها	37
تیکوا	37
ثالثی	37
ثبت‌شده	37
ثبوت	37
ثلاثه	37
جاسم	37
جاسپر	37
جامگان	37
جاندارانی	37
جایا	37
جایگاهش	37
جبرین	37
جرزی	37
جریکو	37
جستان	37
جعبه‌ها	37
جفای	37
جل	37
جلایریان	37
جلبک‌ها	37
جمال‌آباد	37
جمکران	37
جناحی	37
جناقی	37
جنت‌آباد	37
جنجال‌برانگیز	37
جنجال‌های	37
جهان‌شمول	37
جهش‌های	37
جوئی	37
جوانه‌زنی	37
جواهرسازی	37
جوايز	37
جوجی	37
جوردن	37
جوشیده	37
جوناس	37
جوند	37
جویبارهای	37
جویریه	37
جویشگر	37
جیرجیرک	37
حاتمی‌کیا	37
حاجی‌کلا	37
حبله‌رود	37
حتم	37
حجرات	37
حجره‌ها	37
حرفه‌ها	37
حشراتی	37
حصارهای	37
حصبه	37
حفرات	37
حفره‌هایی	37
حفصه	37
حملاتی	37
حنابندان	37
حیاطی	37
خارکف	37
خاسته	37
خانواده‌شان	37
خاکپور	37
خایه	37
خت	37
ختمی	37
خرابه‌ای	37
خرابه‌ها	37
خرابی‌های	37
خرقانی	37
خریدهای	37
خزائن	37
خزاین	37
خزش	37
خسارتی	37
خسارت‌های	37
خشنی	37
خصوصيات	37
خصوصیتی	37
خطبه‌ها	37
خط‌کش	37
خفاش‌ها	37
خفیفی	37
خلج‌ها	37
خليفه	37
خلکان	37
خلیج‌فارس	37
خوانا	37
خواهدبود	37
خواهرانش	37
خواهرخوانده	37
خودآموز	37
خوراندن	37
خوراک‌های	37
خورنی	37
خوشحالم	37
خونسرد	37
خون‌ریزی	37
خیرگو	37
خیریه‌ای	37
خیزی	37
دائموسین	37
دائو	37
داتیو	37
دات‌نت	37
دادلی	37
دادهای	37
داده‌شده‌است	37
داروینی	37
دارین	37
داستانک	37
دافا	37
دالانی	37
دامپزشکان	37
دامپینگ	37
دانشنامه‌ها	37
دايره	37
دایناسوری	37
دبران	37
دخترهای	37
ددت	37
دراکو	37
دربردارد	37
درب‌های	37
دردسترس	37
دردناکی	37
دررفتگی	37
درستکار	37
درسش	37
درق	37
درمنه	37
درمی‌آورند	37
درگاه‌ها	37
درگاه‌های	37
دریاکنار	37
دریس	37
دستورالعملها	37
دستگیره	37
دستگیری‌های	37
دست‌نخورده	37
دسیسه‌های	37
دعوای	37
دكترای	37
دلاوران	37
دلفت	37
دلویی	37
دلیلش	37
دمید	37
دنباله‌ها	37
دهبید	37
دهيم	37
دورتادور	37
دورش	37
دورف	37
دوسوی	37
دوشاخ	37
دوطبقه	37
دوفاکتو	37
دوقلوهای	37
دولاکروا	37
دولتیان	37
دولت‌مرد	37
دولت‌مردان	37
دولومیت	37
دوپیکر	37
دوژانیرو	37
ديواره	37
دگراندیشان	37
دگرش	37
دگمه	37
دیدگاهها	37
دیش	37
دیشب	37
دیمون	37
دینو	37
دیهیم	37
دیوارهایی	37
دیوانه‌وار	37
دیودها	37
دیوونی	37
دیویژن	37
دیگرانی	37
دیگرسو	37
دی‌کاپریو	37
ذاکر	37
ذره‌های	37
ذوزنقه	37
ذکور	37
رئالیست	37
رئوسی	37
رئیسان	37
رئیس‌جمهوری	37
رادارها	37
رادی	37
رادیکال‌های	37
رازها	37
راشل	37
راهنمايي	37
راهکارها	37
راهگشای	37
راه‌پیمایی	37
راه‌یابی	37
راکتی	37
راگناروک	37
رایحه	37
رایه	37
رایکوف	37
ربعه	37
رجحان	37
رجیستر	37
رحمه	37
رحیم‌آباد	37
رخج	37
ردهت	37
رزماری	37
رسائی	37
رسانیده‌است	37
رسته‌های	37
رستورانها	37
رسومی	37
رفتارشان	37
رفتارگرایی	37
رفتی	37
رفح	37
رقص‌ها	37
رقعه	37
رقومی	37
رمان‌هایش	37
رمبش	37
رمزگشائی	37
رمل	37
رنجور	37
رنگدانه‌ها	37
رهاسازی	37
روائی	37
روانی‌پور	37
رودآیلند	37
رودخانة	37
رودهایی	37
روسا	37
روسوم	37
روشنفکرانی	37
رومنيگه	37
روندها	37
روندو	37
رویس	37
رویکردها	37
روییده	37
ريز	37
رکنی	37
ریاستی	37
ریان	37
ریتمی	37
ریزساختار	37
ریزوم	37
ریزپردازنده‌ها	37
ریشه‌یابی	37
ریمه	37
رینه	37
رینگو	37
ریورساید	37
ریچل	37
ریکو	37
ریکور	37
زاب	37
زایر	37
زایل	37
زدگان	37
زرگان	37
زلالیه	37
زميني	37
زمین‌داران	37
زنبورداری	37
زنبوری	37
زنبیل	37
زنوز	37
زنگی‌آباد	37
زوجات	37
زولو	37
زوم	37
زوی	37
زيان	37
زک	37
زیاده‌روی	37
زیرنویس	37
زیست‌بوم	37
زیست‌شناسان	37
زیست‌شیمی	37
زیمل	37
زینبیه	37
زیوه	37
زیویه	37
زیپ	37
سائول	37
سابرینا	37
سابین	37
ساتین	37
ساحه	37
ساخت‌وساز	37
سارو	37
ساروسی	37
ساروق	37
سازواری	37
ساشا	37
ساعده	37
سالامانکا	37
سالنی	37
سالیانی	37
سالینجر	37
سامن	37
سانتي	37
سانتیم	37
ساندرز	37
ساندی	37
سانز	37
ساکی	37
سایتاما	37
سایشی	37
ساینتولوژی	37
سبته	37
سبدی	37
ستبر	37
سراسیمه	37
سراشیب	37
سراپا	37
سربازگیری	37
سرتا	37
سرخدار	37
سرخو	37
سرخپوشان	37
سرداور	37
سردبير	37
سردرها	37
سردیس	37
سرراهی	37
سررسید	37
سرزمینش	37
سرفه‌های	37
سرمشهد	37
سرند	37
سرودهایی	37
سروصدا	37
سرویسها	37
سرپر	37
سرکوهی	37
سرگشاده‌ای	37
سریال‌ها	37
سزیم	37
سعادت‌آباد	37
سلبی	37
سلتیک	37
سلت‌ها	37
سلحشوری	37
سلنیوم	37
سماجت	37
سماور	37
سمبلی	37
سمت‌ها	37
سمیع	37
سنتورنوازی	37
سنت‌اگزوپری	37
سندیکاها	37
سنگدل	37
سنگک	37
سنگینتر	37
سنگ‌نوشته‌های	37
سنی‌ها	37
سهموی	37
سه‌گاه	37
سه‌گوش	37
سوادان	37
سواک	37
سوتا	37
سوختهای	37
سوخت‌وساز	37
سورئال	37
سورتمه	37
سوریا	37
سوزا	37
سوزوکی	37
سوسا	37
سوغاتی	37
سولا	37
سولوی	37
سولیست	37
سوماتیک	37
سومالیایی	37
سومش	37
سونورا	37
سونیا	37
سوهاج	37
سوکا	37
سوگوار	37
سپارد	37
سپک	37
سپیده‌دم	37
سکائی	37
سگوند	37
سیادی	37
سیاف	37
سیتوکین‌ها	37
سیدا	37
سیدارتا	37
سیستیت	37
سیلماریلیون	37
سیلوا	37
سیلورمن	37
سیلویو	37
سیمره	37
سیمینه	37
سینهالی	37
سینه‌ها	37
سیچوآن	37
سی‌بی‌اس	37
سی‌تی	37
شاطر	37
شاغلام	37
شافت	37
شالی	37
شاهانی	37
شاهوردی	37
شاهچراغ	37
شاه‌آباد	37
شباب	37
شبه‌جزیره‌ای	37
شتربان	37
شده‌ام	37
شرائین	37
شرعیات	37
شروانشاهان	37
شرکتش	37
شغلش	37
شفیعا	37
شلینگ	37
شمایلی	37
شناخته‌اند	37
شناخته‌شد	37
شناسد	37
شنایا	37
شنبلیله	37
شند	37
شنيدن	37
شهران	37
شهرسیبه	37
شورابیل	37
شوربختانه	37
شورت	37
شورجه	37
شوروری	37
شوروي	37
شوشینک	37
شولحان	37
شوهران	37
شوهرانشان	37
شوینده	37
شپیران	37
شکافتن	37
شکاکانه	37
شکرگزاری	37
شکسته‌نستعلیق	37
شکل‌هایی	37
شگ	37
شیشه‌ساز	37
شیف	37
شیفتگان	37
شیلاتی	37
شیلهه	37
شیمایی	37
شیمون	37
شیوایی	37
شیوه‌ی	37
صابئین	37
صالحیه	37
صحابیات	37
صدماتی	37
صدمه‌ای	37
صلح‌آمیز	37
صله	37
صلواتی	37
صندلی‌ها	37
صندوقچه	37
صندوقی	37
صورتي	37
صوف	37
صومعه‌سرا	37
ضخیمی	37
ضرب‌آهنگ	37
ضماد	37
طاق‌ها	37
طبایع	37
طبسی	37
طرحهایی	37
طرفدارترین	37
طلاتپه	37
طلال	37
طلسمی	37
طلوعی	37
طوائف	37
طوارق	37
ظرایف	37
ظهوری	37
عالمانه	37
عباسي	37
عبرانی	37
عبس	37
عثمانیها	37
عددنویسی	37
عراد	37
عروسک‌ها	37
عزان	37
عزيز	37
عزیر	37
عساکر	37
عشاير	37
عضدی	37
عطریانفر	37
عطیه	37
عقل‌گرایی	37
علائی	37
علارغم	37
علاقمندی	37
علامت‌گذاری	37
علاوی	37
علفزارهای	37
علو	37
علومی	37
عليرضا	37
علی‌اف	37
عماره	37
عمراني	37
عمرشان	37
عمرشیخ	37
عمل‌های	37
عمل‌کرد	37
عمه‌اش	37
عنایت‌الله	37
عوبدیا	37
غائله	37
غارنوردان	37
غافلگیری	37
غالبی	37
غباری	37
غذايی	37
غرانیق	37
غریبان	37
غریبه‌ها	37
غزاله	37
غلافی	37
غلطان	37
غلطی	37
غلط‌های	37
غنم	37
غیربازگشتی	37
فابرگاس	37
فابیو	37
فاجعه‌ای	37
فاراد	37
فارغان	37
فارماکولوژیک	37
فاصله‌است	37
فالک	37
فایق	37
فتاوی	37
فدیه	37
فرآيندی	37
فراش	37
فراصنعتی	37
فرانسویها	37
فراهنجار	37
فراگرفته‌است	37
فرح‌آباد	37
فرستاده‌ای	37
فرستند	37
فرسفج	37
فرشها	37
فرصت‌ها	37
فرعونی	37
فرمائید	37
فرمان‌شکنان	37
فرمایند	37
فرموله	37
فرهنگسراهای	37
فروریزش	37
فروشند	37
فروشی‌ها	37
فروم	37
فروگشت	37
فریدونکنار	37
فست	37
فسفری	37
فشارک	37
فشرده‌ای	37
فعال‌ترین	37
فلاتی	37
فلاندرز	37
فلسفۀ	37
فلس‌ها	37
فلق	37
فله‌ای	37
فلو	37
فلوئورسنت	37
فلوکستین	37
فلچر	37
فلکس	37
فن‌های	37
فوئنتس	37
فوتو	37
فورترن	37
فورچون	37
فوریت‌های	37
فوق‌لیسانس	37
فولات	37
فوم	37
فوکس	37
فوکوس	37
فویرباخ	37
فيلمی	37
فیبری	37
فیروزکوهی	37
فیزیوتراپیست‌ها	37
فیه	37
فیگارو	37
قائده	37
قابض	37
قابله	37
قاب‌های	37
قاطبه	37
قامتی	37
قانونگذاران	37
قاچاقچی	37
قبادیانی	37
قجر	37
قدرت‌الله	37
قرائتی	37
قراجه	37
قراچه	37
قرعه‌کشی	37
قری	37
قریبیان	37
قریشی	37
قصابی	37
قصدی	37
قصردشت	37
قصی	37
قطاع	37
قطعه‌هایی	37
قلعه‌جوق	37
قلو	37
قلوب	37
قمارخانه	37
قمشه‌ای	37
قمیشی	37
قوشه	37
قومش	37
قیامی	37
قیصری	37
قیمحی	37
كافي	37
كافی	37
كالا	37
كالج	37
كامپیوتر	37
كبير	37
كر	37
كشوري	37
كناره	37
كندو	37
كنسرت	37
كنوني	37
كوتاهی	37
لئونید	37
لابوآن	37
لاروی	37
لاستیک‌های	37
لانه‌های	37
لاهیجانی	37
لاپاز	37
لب‌های	37
لجستیکی	37
لذات	37
لرهای	37
لسینگ	37
لشگرکشی	37
لغایت	37
لغمان	37
لمون	37
لنفوم	37
لنینیستی	37
لوتسه	37
لوتک	37
لورنتز	37
لولوبیان	37
لومان	37
لووری	37
ليورپول	37
لژیون‌های	37
لیبیایی	37
لیریک	37
لیش	37
لیمبیک	37
لینکن	37
مأیوس	37
ماتریالیستی	37
ماجوج	37
ماخوذه	37
مادربرد	37
مادریش	37
مادلین	37
ماراسموس	37
مارن	37
مارچوبه	37
مارکسیست‌های	37
مارکف	37
مارگون	37
ماریون	37
ماله	37
ماليات	37
مالیده	37
ماموریتش	37
مانده‌ها	37
مانده‌های	37
ماهاتما	37
ماهدشت	37
ماه‌نشان	37
ماه‌گرفتگی	37
ماوریک	37
ماکت	37
ماکرومدیا	37
ماگما	37
مایسنر	37
مبارزی	37
مباهله	37
مبتذل	37
مبرم	37
متادون	37
متجانس	37
متدين	37
متناقضی	37
مثنی	37
مجالی	37
مجانبی	37
مجاهدين	37
مجتمعی	37
مجدالدوله	37
مجعد	37
مجيد	37
محاسبه‌ای	37
محبوبيت	37
محدوده‌ی	37
محرومان	37
محرکی	37
محصنه	37
محفلی	37
محكمه	37
محله‌هایی	37
محورها	37
محيطی	37
محیط‌زیستی	37
مخالفت‌اش	37
مخزومی	37
مخلوف	37
مخمصه	37
مخملک	37
مداح	37
مدارشکن‌های	37
مددکاری	37
مدهای	37
مراسماتی	37
مراغی‌نشین	37
مرالان	37
مرباغ	37
مرجان‌های	37
مرحمت	37
مردابی	37
مرده‌ای	37
مرزبن	37
مرزون	37
مرغ‌گیر	37
مرفیان	37
مرواریدبافی	37
مریانجی‌ها	37
مریدانشان	37
مزروعی	37
مزلقانچای	37
مسابقه‌ها	37
مسالمت‌آمیز	37
مستدل	37
مسترد	37
مسح	37
مسمی	37
مسير	37
مسیحی‌های	37
مشاع	37
مشجر	37
مشهورتری	37
مشیت	37
مصاحبت	37
مصاحبه‌هایی	37
مصادرات	37
مصداقیت	37
مصلحتی	37
مصنف	37
مضاعفی	37
مطبع	37
معادله‌ی	37
معادلی	37
معارض	37
معاصرش	37
معامله‌ای	37
معایبی	37
معتقدند	37
معجون‌سازی	37
معدی	37
معرفت‌های	37
معطل	37
معماگونه	37
معنایش	37
معیارهایی	37
معین‌الرعایا	37
مغازه‌ای	37
مغفرت	37
ملاحسنعلی	37
ملاحظه‌تر	37
ملازی	37
ملحقات	37
ملعون	37
ملودرام	37
ملکه‌ی	37
ملک‌زاده	37
ملی‌گرایانه	37
ممدوح	37
ممرزستان	37
ممیزه	37
منارشی	37
مناره‌ای	37
مناسبتر	37
مناظری	37
منتقدایرانی	37
منحصری	37
مندلبروت	37
منصوري	37
منه	37
منگامونیس	37
مهاتیر	37
مهاجرتی	37
مهدینلو	37
مهرابه‌ها	37
مهروبان	37
مهرپرستانه	37
مهستي	37
مهلبان	37
مهلکی	37
مودت	37
موذی	37
مورالی	37
موروم‌ها	37
موسوارک	37
موسیقی‌دانان	37
موشک‌اندازهای	37
موصلیان	37
موفقیت‌های	37
موقعیت‌هائی	37
موللی	37
مولودی	37
مونیتور	37
ميانگین	37
ميدوزند	37
مي‌آيند	37
مي‌توانست	37
مي‌گردند	37
مکانيکی	37
مکر	37
مکرم	37
مک‌داول	37
مک‌فتر	37
مگاهدترز	37
مگاکروزر	37
میانرودان	37
میبینیم	37
میترایی	37
میتراییسم	37
میخورد	37
میدوی	37
میرد	37
میرکازهی	37
میزاب	37
میستانی‌ها	37
میعاد	37
میلت	37
میلی‌متری	37
مینسکی	37
مینه‌سوتای	37
میونده	37
میپذیرد	37
میکرونزیایی	37
میگیریم	37
می‌آمیزد	37
می‌اندیشید	37
می‌بخشید	37
می‌تازد	37
می‌جوشد	37
می‌خیزد	37
می‌دانستند	37
می‌دزدند	37
می‌دود	37
می‌سپارند	37
می‌سپرده‌اند	37
می‌شتابد	37
می‌شدند	37
می‌شهر	37
می‌شکنند	37
می‌فهمیم	37
می‌نشسته	37
می‌نهاده	37
می‌نگریستم	37
می‌ورزیده	37
می‌پرستیده‌اند	37
می‌پرسند	37
می‌پیچد	37
می‌پیچند	37
می‌کردند	37
می‌کشتند	37
می‌کنيم	37
می‌گزینند	37
می‌گويمش	37
نابلسی	37
ناخوشی	37
ناسور	37
ناصرالممالک	37
نامحرم	37
نامطلوب‌شان	37
نامعقول	37
نامفهوم	37
ناملایمات	37
نامیان	37
نام‌آوریش	37
نام‌الفاتحه	37
نام‌برده	37
نانوفنجان‌ها	37
ناهنجاری‌شان	37
ناودان	37
ناوگانی	37
ناپالیتانو	37
نبونیدوس	37
نبیره	37
نجاتی	37
نجاست	37
نحله‌ها	37
ندیدند	37
نرسیده‌ای	37
نزاع‌کننده‌ها	37
نزگول	37
نشانی‌هایشان	37
نشده‌ای	37
نشیب‌هایی	37
نشین‌های	37
نظرهایی	37
نعلشکن	37
نعمت‌هایم	37
نفتالان	37
نفتالین	37
نفراتی	37
نفربر	37
نفوذگرها	37
نقصی	37
نمادهایی	37
نمانده	37
نمایاند	37
نمایندگی‌هایی	37
نمداریان	37
نمرده‌است	37
نمون	37
نمی‌بایستی	37
نمی‌شده‌است	37
نمی‌شناختم	37
نمی‌پذیرفتم	37
نمی‌گنجند	37
نمی‌یافتند	37
نهرها	37
نهفتگی	37
نوازند	37
نواساز	37
نواک	37
نوتروسوفیک‌ها	37
نورمن‌های	37
نوشیروانکلاه	37
نوشیروانی‌ها	37
نول	37
نوچه	37
نوکلئاز	37
نوگرایان	37
نویسند	37
نویسنده‌اش	37
نکردم	37
نکوهشگران	37
نگذاشته	37
نگرد	37
نگردیده‌اند	37
نگهداشت	37
نیافتن	37
نیبولسین	37
نیریزی	37
نیفتاده‌است	37
نیم‌لگن	37
نینجاهای	37
نیوآمستردام	37
نیپکو	37
هادسون	37
هارلینگ	37
هارپنا	37
هالدینی	37
هالوکربنها	37
هانووری	37
هدیه‌ی	37
هرموزا	37
هزاراسپی	37
هزارساله	37
هزوارشن	37
هزینه‌هایی	37
هلیوستات	37
هماهنگی‌هایی	37
همتایان	37
همداستانند	37
همسانیهای	37
همسايه‌ها	37
همسایگانشان	37
همسرایانی	37
همسفر	37
همگون	37
هم‌خوانی	37
هم‌شکلی	37
هنانه	37
هندريک	37
هنديجاني	37
هنردوست	37
هنرش	37
هنکا	37
هنیه	37
هواپیماهایی	37
هوز	37
هومبولدت	37
هوکس	37
هکاتوم	37
هگانایی	37
هیدرولوژی	37
هیدرولیزشدن	37
هیز	37
هیگل	37
واج‌هایی	37
واداشتند	37
وارفارین	37
واره	37
واروژان	37
واسکوئز	37
واقعيت‌هايي	37
واقع‌گرایانه‌ای	37
واقفیه	37
واكنشي	37
والتیرو	37
والرا	37
وام‌واژه‌ای	37
وانتقال	37
وانیل	37
واهمه	37
واژه‌سازی	37
واکنشها	37
وجب	37
ورسا	37
ورقهای	37
ورنی	37
ورونا	37
وزارت‌خانه	37
وزنشان	37
وصاف	37
وظائف	37
وعده‌ای	37
وفادارش	37
ولاد	37
ولای	37
ونجلیس	37
ووشو	37
ووی	37
ویرگول	37
ویسه	37
ویشس	37
ویلم	37
ویژن	37
ویکلی	37
پائین‌تر	37
پاتریشیا	37
پاتیل	37
پاداشی	37
پادشاهي	37
پادشاهیش	37
پادشاهی‌های	37
پادگان‌های	37
پارافین	37
پاراماریبو	37
پاشاکلا	37
پالرمو	37
پانته‌آ	37
پاواروتی	37
پاورمتال	37
پاچنار	37
پایپر	37
پتاس	37
پتری	37
پتشی	37
پتک	37
پد	37
پدرانش	37
پدرت	37
پدیدآوردن	37
پرتونگاری	37
پرخاش	37
پرخوری	37
پرداخت‌های	37
پرسش‌هایی	37
پرسفون	37
پرشیا	37
پرفروش‌ترین‌های	37
پرلمان	37
پروتستانیسم	37
پروتكل	37
پروپرانولول	37
پریستلی	37
پرینترهای	37
پستاندارانی	37
پسربچه	37
پسندید	37
پلا	37
پلانت	37
پلانکتون‌ها	37
پلوار	37
پلیر	37
پلیمریزاسیون	37
پلی‌نزی	37
پمپها	37
پهلویی	37
پهنه‌ای	37
پهنه‌های	37
پوآرو	37
پوتراجایا	37
پودمانی	37
پوراندخت	37
پورسینا	37
پوریای	37
پوشنگ	37
پوشینه	37
پولیس	37
پول‌ها	37
پول‌های	37
پومسه	37
پونتی	37
پيغمبر	37
پيوستن	37
پپت	37
پکت	37
پیامبرانی	37
پیام‌رسان	37
پیتون	37
پیراپزشکی	37
پیراکوه	37
پیرترین	37
پیرسینگ	37
پیرنه	37
پیروزی‌ها	37
پیشابراه	37
پیشاوری	37
پیشه‌ای	37
پیش‌درآمد	37
پیش‌روی	37
پیه	37
پیوندند	37
پیوندهایی	37
پیوندگاه	37
پیکای	37
پیکره‌ای	37
پیکسلی	37
پیکسل‌ها	37
پیگیری‌های	37
چائوشسکو	37
چادری	37
چاله‌ها	37
چاله‌های	37
چاي	37
چاپخانه‌ها	37
چرات	37
چرام	37
چرخانه	37
چرخیده	37
چرمهین	37
چرکس	37
چسبد	37
چشم‌اندازی	37
چك	37
چمدان	37
چندسال	37
چندصد	37
چندل	37
چندگانگی	37
چنگدو	37
چهارپا	37
چچنی	37
چگور	37
چیتا	37
چیرو	37
چین‌های	37
ژئوتوریسم	37
ژار	37
ژرمن‌ها	37
ژلاتینی	37
ژوبیم	37
ژولی	37
ژولیده	37
کابوی	37
کابینت	37
کاتالیز	37
کاتلر	37
کاتولیکها	37
کاتیا	37
کادیما	37
کارآئی	37
کارآمدترین	37
کاراکتری	37
کاربراتور	37
کاربرده	37
کاربندی	37
کارتا	37
کارتن	37
کارم	37
کاریزان	37
کاساندرا	37
کالیبره	37
کالیفورنیا	37
کاماز	37
کامبت	37
کاميون	37
کامیون‌ها	37
کانتربوری	37
کانر	37
کانوی	37
کانگورو	37
کاوندیش	37
کاپرفیلد	37
کاپه	37
کاپیتال	37
کاچی	37
کاکاوند	37
کاکاپو	37
کاکتوس‌ها	37
کاکرن	37
کاکوتی	37
کایاک	37
کبابی	37
کبار	37
کتاب‌فروشی	37
کرامول	37
کراندار	37
کراوات	37
کرایف	37
کربنه	37
کربونیل	37
کردتبار	37
کردنی	37
کرمستج	37
کرمها	37
کرهرود	37
کروماتین	37
کرونا	37
کرونر	37
کرونکر	37
کروپوتکین	37
کریات	37
کزازی	37
کسلیان	37
کشته‌ها	37
کشمکشهای	37
کشورهاست	37
کشورهاي	37
کلاسیک‌ها	37
کلاف	37
کلباد	37
کلبعلی	37
کلبه‌ای	37
کلد	37
کلرفنیرامین	37
کلریدریک	37
کلمبیایی	37
کلیدر	37
کلین	37
کمالشهر	37
کمالوند	37
کمباین	37
کمبل	37
کميته	37
کمپوست	37
کمیت‌ها	37
کمینه‌گرایی	37
کم‌رنگ	37
کنایه‌ای	37
کنجکاو	37
کنده‌اند	37
کندوج	37
کنستانتینوپل	37
کنسرتوهای	37
کنوبی	37
کهتویه	37
کهر	37
کهربا	37
کهل	37
کهور	37
کهورستان	37
کوآلالامپور	37
کوباسوف	37
کورال	37
کورتیکواستروئید	37
کوزه‌ای	37
کوم	37
کومانا	37
کومودو	37
کومودوس	37
کوپن	37
کپل	37
کپه‌ای	37
کپکام	37
کیبرد	37
کیرکگارد	37
کیسینجر	37
کیفرخواست	37
کیله	37
کیلوبیت	37
کیمری‌ها	37
کیمیای	37
کیهان‌نورد	37
کیوشو	37
کیپ‌تاون	37
گاردان	37
گاردهای	37
گازي	37
گالوا	37
گالی	37
گالیله‌ای	37
گاهگاهی	37
گاوان	37
گاوسی	37
گایگر	37
گتیه	37
گدل	37
گدوک	37
گذرانیده	37
گذشته‌اش	37
گراست	37
گرامری	37
گرانده	37
گراندپری	37
گرتا	37
گرداننده‌های	37
گردم	37
گرسیوز	37
گرفتی	37
گرگ‌های	37
گریبانگیر	37
گرید	37
گریفین	37
گزارده	37
گزارشهایی	37
گزنه	37
گستاخ	37
گسستی	37
گفته‌بود	37
گلابتون	37
گلابدره	37
گلادیاتور	37
گلاسکو	37
گلبدین	37
گلدزیهر	37
گلس	37
گلوکوکورتیکوئیدها	37
گل‌ستاره‌ای‌ها	37
گل‌هایی	37
گماشتند	37
گمیشان	37
گناهکاران	37
گنبددار	37
گندزدایی	37
گندمی	37
گنده	37
گواردیولا	37
گوبینو	37
گوتلییب	37
گوسی	37
گومیلیف	37
گوهرهای	37
گويا	37
گوک	37
گوگمل	37
گوگن	37
گویایی	37
گیربکس	37
گیرش	37
گیرم	37
گیرندگان	37
گیلانغرب	37
گیلگامش	37
یئون	37
یابنده	37
یات	37
یادمان‌های	37
یادگیرنده	37
یازیگ‌ها	37
یایویی	37
یشت‌ها	37
یغنابی	37
یقینی	37
ینا	37
ینگه	37
یود	37
یودونگ	37
یوشچنکو	37
یولاف	37
یولیا	37
یولیانی	37
یونیزان	37
یونیفرم	37
یونیفل	37
یک‌سو	37
یک‌پارچه	37
آباء	36
آبخازی	36
آبراداتاس	36
آبرو	36
آبیل	36
آبی‌رنگ	36
آب‌گرم	36
آترواسکلروز	36
آتشکوه	36
آدنین	36
آذرگشسب	36
آراز	36
آراشیدونیک	36
آرایا	36
آرتمیزینین	36
آرشیوهای	36
آرژانتين	36
آرک	36
آزمایشها	36
آسوریان	36
آسیابهای	36
آشناترین	36
آشویتس	36
آشکارسازهای	36
آغازید	36
آقاجری	36
آقازمانی	36
آقايان	36
آلاچیق	36
آلفونسو	36
آمدیم	36
آموت	36
آمپلی	36
آناپولیس	36
آنجناب	36
آندرونوو	36
آنپلاگد	36
آنکتیل	36
آنیتا	36
آوینیون	36
آکاردئون	36
آکروبات	36
آگرا	36
آیکون	36
آیکیدو	36
ائورودیکه	36
ابرنواخترها	36
ابوالفتوح	36
ابویوسف	36
ابیملک	36
اتئوکلس	36
اتریشی‌ها	36
اتفاق‌های	36
اتوئو	36
اتومبیل‌دزدی	36
اثبات‌های	36
اجبارا	36
احرار	36
احشاء	36
احوالات	36
اختران	36
اختیارشان	36
اخلاط	36
ادعایش	36
ارابه‌های	36
ارتعاشی	36
ارجاعی	36
ارزانترین	36
ارزها	36
ارقامی	36
ارکستراسیون	36
ارگونومی	36
ازان	36
ازهاری	36
استادیاری	36
استالين	36
استاک	36
استحکاماتی	36
استعاره‌ای	36
استعمارگر	36
استقراضی	36
استقلالی	36
استل	36
استنشاقی	36
استنفیلد	36
استوکس	36
اسداله	36
اسفزار	36
اسلام‌شهر	36
اسلوونیایی	36
اسوان	36
اسپر	36
اسپرت	36
اسکیدمور	36
اشاره‌گر	36
اشور	36
اصیبعه	36
اطاقها	36
اطاق‌های	36
اطمینانی	36
اعترافاتی	36
افتخارترین	36
افروغ	36
افسونگر	36
افوس	36
اقناع	36
الاخر	36
الامم	36
الاهه	36
الاهی	36
الحکمه	36
الدار	36
الذی	36
الرجال	36
الرحمان	36
الزیدی	36
السالوادور	36
الشعر	36
الشیعة	36
الطیر	36
العباسی	36
القاگر	36
القصص	36
الكترودهاي	36
الكساندر	36
الم	36
المانهای	36
المعالی	36
المعروف	36
المنصور	36
الهامات	36
الکافی	36
الکلام	36
الکلی‌های	36
الگود	36
الیاسی	36
امنيتی	36
اموالش	36
امیراعلم	36
امیرتیمور	36
امیرنشین‌های	36
ام‌اس	36
ام‌تی‌ان	36
انبارهایی	36
انبساطی	36
انتخاب‌ها	36
انترتینمنت	36
انتظامات	36
انتگرال‌گیری	36
انجاميد	36
انجیردان	36
اندامک‌های	36
اندیکا	36
انسان‌هاست	36
انقلابي	36
انکشاف	36
انگبین	36
انگستان	36
انگوری	36
انیسون	36
اوخر	36
اورآسیا	36
اوراوا	36
اوربانا	36
اورتودوکس	36
اورولوژی	36
اولریک	36
اولسر	36
اوکلاهوما	36
ايم	36
اپه	36
اکالیپتوس	36
اکر	36
اکوسیستم‌ها	36
اکی	36
اکیموز	36
ایائسو	36
ایتاچی	36
ایرادی	36
ایروین	36
ایستی	36
ایلریف	36
ایمی	36
اینقدر	36
اینه	36
اینچنینی	36
ایوان‌ها	36
ای‌ام‌آی	36
باارزشی	36
بات	36
باتفاق	36
باتیست	36
بارة	36
بارد	36
باردو	36
بارفروش	36
بارنگ	36
بارهایی	36
بارید	36
بازارک	36
بازترکیب	36
بازترکیبی	36
بازدارندگی	36
بازمانده‌ای	36
بازیچه	36
باستان‌شناختی	36
باشت	36
بالهایی	36
بامدادی	36
باکت	36
باکتریا	36
بایاس	36
بایرون	36
بایزنتاین	36
ببری	36
بجنگ	36
بحثهایی	36
بحریه	36
بخشندگی	36
بخشيد	36
بخیر	36
بدافزار	36
بدانم	36
بدبخت	36
بدخیمی	36
برآ	36
برآشفته	36
برافتاد	36
برانند	36
بربادرفته	36
بردسره	36
بردگانی	36
بردیم	36
برزویه	36
برغان	36
برق‌آبی	36
برنادوت	36
برهه‌ای	36
برکه‌های	36
برگزیده‌اند	36
برگمان	36
برگ‌هایی	36
بریجز	36
بزاز	36
بزهکار	36
بزکشی	36
بشم	36
بطلیموس	36
بع	36
بغرنج	36
بكر	36
بلاها	36
بلداجی	36
بلدنگ	36
بلعکس	36
بلندتری	36
بمیرم	36
بندهایی	36
بندوی	36
بهجان	36
بهره‌ها	36
بهشتي	36
بهمئی	36
به‌باور	36
به‌خاک	36
به‌دست‌آمده	36
به‌سمت	36
به‌عبارت	36
بوتیک	36
بوذری	36
بورگونی	36
بوزجانی	36
بونیفاس	36
بپا	36
بپوشانند	36
بپوشد	36
بگوئیم	36
بیدرنگ	36
بیسواد	36
بیهار	36
بیژنی	36
بی‌اندازه	36
بی‌سابقه‌ای	36
بی‌صدا	36
تأثر	36
تألیفی	36
تئوفیلوس	36
تاتو	36
تات‌های	36
تاجیکها	36
تاج‌زاده	36
تارح	36
تارها	36
تاریخچه‌ای	36
تاسیساتی	36
تالاموس	36
تاکیدی	36
تتا	36
تحشیه	36
تخلیص	36
تخمين	36
تخمین‌ها	36
تدوینگر	36
تراختنبرگ	36
تراشه‌ها	36
تراکمی	36
تردیدهایی	36
ترفندهای	36
تريتيكاله	36
ترپن	36
ترکمن‌صحرا	36
تریستان	36
تریپتوفان	36
تسهيلات	36
تصویرهایی	36
تفکیکی	36
تقسیماتی	36
تكيه	36
تمسک	36
تهیدستی	36
توافق‌نامه	36
توبا	36
تودشکی	36
توز	36
توسعه‌های	36
توقات	36
توقيف	36
توللی	36
تولیاتی	36
تویزه	36
تکانی	36
تکریتی	36
تکنولوژی‌هایی	36
تک‌نوازی	36
تیزه	36
تیغه‌ای	36
تیمار	36
تیمم	36
تیموس	36
ثابت‌های	36
ثیتر	36
جاروب	36
جالبترین	36
جانم	36
جبرانی	36
جبل‌الطارق	36
جدل‌های	36
جرقه‌ای	36
جزری	36
جستجوهای	36
جعفریان	36
جغتایی	36
جغجغه	36
جلال‌آباد	36
جمعیت‌ها	36
جنگ‌سالار	36
جهود	36
جوادآباد	36
جوف	36
جیرا	36
جیسن	36
حاصلش	36
حجج	36
حجم‌های	36
حدت	36
حسابداران	36
حسابرس	36
حضورشان	36
حفیظ	36
حیف	36
خارپوستان	36
خالصه	36
خامی	36
خاکریز	36
خاک‌سپاری	36
خب	36
ختنی	36
خرانق	36
خرس‌ها	36
خزانه‌داری	36
خش	36
خشکه	36
خشکی‌ها	36
خصم	36
خطبه‌ای	36
خوانش‌های	36
خواننده‌ی	36
خودخواسته	36
خودمانی	36
خودنویس	36
خوراسگان	36
خورجین	36
خوزستانی	36
خوشرو	36
خونریزی‌های	36
خویلد	36
خيال	36
دادخواه	36
دادها	36
دالارنا	36
دامت	36
دامینی	36
دانستنی‌ها	36
دانسته‌ها	36
دانلوپ	36
داین	36
دبیرستانها	36
دبیره‌ای	36
دربارهای	36
دربسیاری	36
درحد	36
درحین	36
درخشانش	36
دريای	36
دریل	36
دریمه	36
دزموند	36
دست‌سانی	36
دست‌نوشته	36
دست‌یافت	36
دعوتنامه	36
دلتنگ	36
دلدادگی	36
دلشاد	36
دلمه	36
دلیجه	36
دلیران	36
دلیله	36
دمیرچی	36
دنبلان	36
دهدار	36
دهشتناک	36
دهملا	36
دهن	36
دهنی	36
دهکویی	36
دهیدروژناز	36
دوتریم	36
دودج	36
دوسه	36
دولو	36
دوه	36
دوهمبند	36
دوکفه‌ای‌ها	36
دوکو	36
دویستمین	36
دکترمصدق	36
دکلمه	36
دیاکونوف	36
دیرگداز	36
دیموس	36
دیوانگان	36
دیورند	36
ذیصلاح	36
رابطی	36
راحتتر	36
رادکان	36
رادیاتور	36
راذان	36
رازآمیز	36
راهشان	36
راهکارهایی	36
راهگشا	36
رایزنی‌های	36
ربوه	36
رثای	36
رجالی	36
ردای	36
رده‌ها	36
رسانه‌هایی	36
رستم‌آباد	36
رمضانی	36
رنجیده	36
رواقیون	36
روان‌شناس	36
روحانيون	36
روسپی‌ها	36
روضات	36
رولت	36
روندگان	36
روهه	36
روکوکو	36
رياضيات	36
رژی	36
ریاضیدانی	36
ریسه	36
ریسکها	36
ریشتری	36
ریچ	36
زاخو	36
زامیاد	36
زاوه	36
زاویه‌ها	36
زرو	36
زرین‌دشت	36
زلین	36
زم	36
زمینهایی	36
زنانگی	36
زهاب	36
زواید	36
زوجین	36
زورگویی	36
زیگلر	36
ساروجی	36
ساروس	36
سازدهنی	36
سانتریفوژ	36
ساندنس	36
ساچمه‌ای	36
سایرس	36
سایزر	36
سایلنت	36
سبک‌تر	36
سترون	36
ستی	36
سجاوندی	36
سربازخانه	36
سرخوشی	36
سردرود	36
سرسام	36
سرمست	36
سروانی	36
سرپا	36
سرکردگان	36
سرینی	36
سطرهای	36
سغدیان	36
سفاح	36
سفالگر	36
سفير	36
سكوت	36
سلطان‌علی	36
سلماسی	36
سلولزی	36
سمبل‌های	36
سمعی	36
سمیره	36
سنائی	36
سنجاقک	36
سهاک	36
سوختگیری	36
سودانی	36
سورات	36
سورک	36
سوسیالیزم	36
سومنات	36
سونجاتا	36
سوکوت	36
سوییسی	36
سپ	36
سپاهيان	36
سکونتی	36
سیاست‌هایی	36
سیاهه	36
سیب‌ها	36
سیدرضا	36
سیرین	36
سیف‌الدین	36
سیم‌پیچی	36
سیم‌پیچ‌ها	36
سیناء	36
سیکلین	36
شاتر	36
شامیر	36
شتابی	36
شجاع‌الدین	36
شدنشان	36
شدیدش	36
شربتو	36
شرط‌های	36
شرعیه	36
شرفخانه	36
شروح	36
شریان‌های	36
شطرنج‌باز	36
شكار	36
شمارا	36
شمسایی	36
شمطا	36
شمپانزه	36
شناسیم	36
شهادتین	36
شهزاده	36
شيكاگو	36
شپرد	36
شکاف‌ها	36
شکلگیری	36
شکنندگی	36
شکیل	36
شیخ‌الاسلامی	36
شیرخواران	36
شیرینی‌ها	36
شیطنت	36
شیلد	36
صابونی	36
صحبتهای	36
صداوسیمای	36
صدساله	36
صرافی	36
صغرا	36
صفرهای	36
صفوي	36
صورت‌بندی	36
صوفی‌گری	36
صیرفی	36
صیفی‌جات	36
ضم	36
طاغوت	36
طلاسازی	36
طلبکاران	36
طولاني	36
طیار	36
ظالمانه	36
ظرفیتهای	36
عاروخ	36
عامل‌ها	36
عدسی‌ها	36
عرب‌زبان	36
عضلاتی	36
عطاملک	36
عظمی	36
عقابها	36
علویه	36
عليرغم	36
علی‌بن	36
علی‌خان	36
علی‌صدر	36
عمدا	36
عمومی‌تر	36
عهدنامه‌ای	36
عوامی	36
غارتگر	36
غارنشین	36
غرغره	36
غوطه‌ور	36
غول‌های	36
غیرآلی	36
غیرضروری	36
فؤاد	36
فئودال‌ها	36
فاحشی	36
فاراب	36
فازي	36
فاسق	36
فالاچی	36
فدراسيون	36
فرازی	36
فرانکل	36
فرانکن	36
فردوسیه	36
فرشهای	36
فرمالدئید	36
فرمایشی	36
فرمها	36
فرناز	36
فرهت	36
فرگرد	36
فشند	36
فعلیت	36
فقيه	36
فلوره	36
فن‌بازار	36
فهلوی	36
فووا	36
فیتز	36
فینچر	36
قابلیت‌هایی	36
قاقم	36
قتلهای	36
قتلگاه	36
قرآن‌های	36
قرارداشت	36
قرارگیرد	36
قراقویونلوها	36
قرایوسف	36
قرمزرنگ	36
قريه	36
قزل‌آلای	36
قزل‌قلعه	36
قطبیدگی	36
قطعه‌ها	36
قنطار	36
قیری	36
قیل	36
قیه	36
كارش	36
كانادا	36
كرج	36
كريم	36
كلیه	36
كوهستان	36
كوههاي	36
كوههای	36
كیفیت	36
لارسا	36
لاشخور	36
لانکاستر	36
لانگرهانس	36
لاک‌پشت‌های	36
لباسها	36
لباف	36
لخ	36
لزج	36
لعابی	36
لمباردی	36
لهاسا	36
لوئيس	36
لوبک	36
لولیتا	36
لوون	36
لوپن	36
لوپه	36
لوکی	36
لوگزامبورگ	36
لپتون	36
لیدل	36
لیسار	36
لیف	36
لیفت	36
ماجراجویانه	36
مادری‌اش	36
مارال	36
مارونی	36
ماریانای	36
مازو	36
ماسیمو	36
ماشین‌هایی	36
مانستر	36
مانشتاین	36
ماهرو	36
ماهورها	36
ماهیدشت	36
ماگات	36
مایاها	36
مایکروسیستمز	36
مایکوباکتریوم	36
متالیک	36
متجدد	36
متحدی	36
متحصنین	36
متداولی	36
مترسک	36
متصدیان	36
متناوبی	36
مجزایی	36
مجعول	36
محاق	36
محروق	36
محمدزارعی	36
محمل	36
مدرسون	36
مدوری‌شکل	36
مدیحه	36
مرزوقی	36
مرسیه	36
مركزي	36
مروجه	36
مزارشهدا	36
مزموم	36
مسامحه	36
مستطابه	36
مستعمل	36
مستنصربالله	36
مسدس	36
مسري	36
مسلح‌سازی	36
مسلمان‌نمودن	36
مسیان	36
مشارکت‌هایش	36
مشبه	36
مضیقه	36
مطالات	36
مطرح‌ترین‌های	36
مطمئنیم	36
معترف	36
معتکفین	36
معزالدینی	36
مغزش	36
مفسدان	36
مفضلیات	36
مقابلشان	36
مقایسه‌ها	36
مقدسین	36
ملودی‌های	36
ممکن‌بودن	36
مناسب‌ترین	36
منتقدانه‌اش	36
منتقلین	36
منزلتی	36
منشآتش	36
مننژیت‌ها	36
منچينو	36
مهایانی	36
مهرورد	36
مهرپویا	36
مهمانسرا	36
موجبیت	36
موجد	36
مودب	36
موذن	36
مورتالیته	36
موشکافی	36
مولایش	36
مونشنگلادباخ	36
موکوسی	36
مکائر	36
مکار	36
مکلفان	36
میانه‌ای	36
میانه‌رویی	36
میتوانید	36
میجیک	36
میخواهند	36
میدلندرز	36
میرزاحسین	36
میرسیا	36
میزدج	36
میشاتکا	36
میشویم	36
میشینه	36
میناوی	36
مینسوتا	36
مینویسد	36
مینی‌بوس	36
مین‌هایی	36
میونخین	36
میکده	36
میگوی	36
می‌افکند	36
می‌انجامید	36
می‌بلعد	36
می‌ترسم	36
می‌خندد	36
می‌رفت	36
می‌رفته‌ای	36
می‌شدم	36
می‌شنیدم	36
می‌فرمودند	36
می‌نگریسته	36
می‌کاشته	36
می‌گذرانید	36
می‌گیرید	36
نابخردانه	36
ناخرسندند	36
ناخشکیدنی	36
ناستیک‌ها	36
نامطبوع	36
نامناسب‌تر	36
ناهونک	36
ناوارتشتارستان	36
ناکارآمدی‌های	36
نبشته‌های	36
نخلستان‌های	36
ندیدم	36
نربه	36
نصیرکندی	36
نظرتان	36
نظریه‌هایی	36
نفتا	36
نفوذش	36
نقدهایی	36
نمدی	36
نمی‌بری	36
نمی‌رسه	36
نوآموز	36
نوازد	36
نوازندگی	36
نوترون‌های	36
نورتورپ	36
نوروپاتیک	36
نوزادن	36
نوستالژيک	36
نوشابه‌ها	36
نویمبریان	36
نگرانی‌های	36
نیانی	36
نیتریت‌ها	36
نیلسوندو	36
نیوکام	36
هابرال	36
هاوس	36
هاینکل	36
هتل‌آپارتمان‌های	36
هرپسی	36
هرکولیان	36
هزارپاتیش	36
هستندگان	36
هشتپر	36
هلجلاند	36
هلوی	36
همافرز	36
همان‌سان	36
همدسته	36
همرا	36
همپتتن	36
همکاری‌ای	36
هم‌خوانهای	36
هم‌مقام	36
هندریکس	36
هندورابی	36
هنرهایی	36
هنرکده	36
هورتی	36
هوفمن	36
هیرکانیان	36
هیولاها	36
والاک	36
والدينش	36
واکه	36
وایر	36
وب‌سایت‌هایشان	36
وحدتی	36
ورقی	36
وزوو	36
وسپوچی	36
وسیع‌تری	36
وهومن	36
ويژه‌ای	36
ویسنته	36
ویلسن	36
ویلفرد	36
ویژه‌نامه	36
پائولی	36
پائين	36
پادتن‌ها	36
پارسوا	36
پارسی‌پور	36
پارناس	36
پاساژهای	36
پاشیدند	36
پالپ	36
پانصدمین	36
پايدار	36
پاپوآ	36
پایمردی	36
پدرسالاری	36
پرات	36
پراودا	36
پردازه‌نویسی	36
پرسشنامه	36
پرفراز	36
پرنگ	36
پروتاگوراس	36
پروتونها	36
پروکسی	36
پرچین	36
پریرا	36
پزشکزاد	36
پست‌ها	36
پسماندهای	36
پنجه‌ها	36
پنج‌هزار	36
پنلوپه	36
پهلوهای	36
پورسانت	36
پورپورای	36
پوشانید	36
پولگار	36
پونی	36
پويا	36
پيشين	36
پیاده‌سازی‌های	36
پیسارو	36
پیشا	36
پیشگوی	36
پیش‌رانش	36
پیغام‌های	36
پیمایشی	36
پیچ‌ها	36
پیچ‌های	36
چاتراپاتی	36
چالمرز	36
چاندرا	36
چاپارخانه	36
چاکراها	36
چاکراهای	36
چتی	36
چدنی	36
چرخدار	36
چمنزارهای	36
چندتایی	36
چندجمله‌ای‌ها	36
چندخدایی	36
چندي	36
چهارتاقی	36
چهارطاق	36
چه‌گوارا	36
چودروف	36
چیذر	36
ژاندارم	36
ژنریک	36
ژنومیک	36
کاتاکانا	36
کاتبی	36
کاتیون‌ها	36
کاخک	36
کارآزموده	36
کارآگاهان	36
کارابین	36
کارامل	36
کاراچای	36
کاربردپذیری	36
کاررفته	36
کارلووی	36
کاروانسرایی	36
کارولنژی	36
کارگردان‌های	36
کاریزماتیک	36
کاریزها	36
کاستنر	36
کاستی‌های	36
کاسل	36
کاپتی‌ها	36
کایزرسلاترن	36
کایل	36
کایه	36
کایکوس	36
کتزیاس	36
کدامین	36
کرام	36
کراکاتوآ	36
کرمچاله	36
کرنگ	36
کروماتید	36
کروموزم	36
کروکودیل	36
کریستول	36
کسرهای	36
کشته‌است	36
کشتی‌گیران	36
کشت‌های	36
کشسان	36
کشیم	36
کلارنس	36
کلامیدیا	36
کلاه‌فرنگی	36
کلبه‌های	36
کلفتی	36
کلمبیای	36
کلمۀ	36
کلوپ‌های	36
کلکانی	36
کلگی	36
کماندوهای	36
کمد	36
کمپبل	36
کمپینی	36
کمیت‌های	36
کنال	36
کنانه	36
کندوی	36
کورنلیوس	36
کورو	36
کورک	36
کورکورانه	36
کوزه‌های	36
کوزی	36
کولتر	36
کوپ	36
کيلومتری	36
کيهان	36
کیمبریج	36
کی‌اف‌سی	36
گارنر	36
گاریبالدی	36
گاف	36
گالشی	36
گاهي	36
گدانسک	36
گذارده‌است	36
گذرانند	36
گذرها	36
گذرهای	36
گراو	36
گربه‌ای	36
گروپ	36
گری‌یه	36
گزارشگری	36
گزینند	36
گفتاورد	36
گفتگوهایی	36
گلرنگ	36
گلنار	36
گلوکاگون	36
گلویی	36
گنبدان	36
گنبدکاووس	36
گنجاند	36
گنزک	36
گنه	36
گوادالاخارا	36
گوتاما	36
گوتلاند	36
گودیانسن	36
گوریل‌ها	36
گوهری	36
گوگنهایم	36
گيرنده	36
گچبری‌های	36
گیتاری	36
گیرید	36
گیلویه	36
گیومری	36
یادها	36
یارانه‌های	36
یدید	36
یسرائل	36
یوسیبوس	36
یوش	36
یولیانوس	36
یوکو	36
یپرم	36
یکانات	36
یکصدمین	36
یک‌دست	36
آئودی	35
آئين	35
آبادی‌ها	35
آبراهی	35
آبگینه	35
آبیدر	35
آب‌دار	35
آب‌شناسی	35
آب‌میوه	35
آتاکسی	35
آتروپات	35
آثاري	35
آداجیو	35
آدرسهای	35
آدمیرال	35
آدی	35
آدیداس	35
آذرآبادگان	35
آذریون	35
آذری‌ها	35
آراسپ	35
آرامی‌ها	35
آرام‌بخش	35
آراکانا	35
آرایشگر	35
آرایشگری	35
آرجونا	35
آرشیدوک	35
آرشین	35
آرمان‌ها	35
آرنور	35
آریستوکراسی	35
آزادند	35
آزرمیدخت	35
آزمايش	35
آزمايشگاه	35
آزمون‌ها	35
آستوریا	35
آستون	35
آستیاگ	35
آسوکا	35
آسیابی	35
آسیت	35
آشوریها	35
آغازين	35
آفتاب‌پرست	35
آفتاب‌گردان	35
آفریده‌های	35
آلاداغ	35
آلبرایت	35
آلبرتی	35
آلبرشت	35
آلتوناش	35
آلخاندرو	35
آلدئید	35
آلوارز	35
آلودگیهای	35
آلکالوئیدهای	35
آمازون‌ها	35
آمال	35
آمریکاییها	35
آمنوره	35
آموخته‌است	35
آموزه‌هایی	35
آمیخته‌است	35
آنارشیست‌ها	35
آناستازیا	35
آناند	35
آناهایم	35
آناکسیماندر	35
آنتولوژی	35
آنتی‌ژن	35
آندسته	35
آنیلی	35
آن‌زمان	35
آوانسیان	35
آورترین	35
آورم	35
آوندهای	35
آپارتمان‌های	35
آژی	35
آکسونی	35
آکیتن	35
آگوستا	35
آگونیست	35
آیة	35
آیرملو	35
آیریلیق	35
آیسد	35
آیک	35
آیی	35
آی‌جی‌ان	35
آی‌سی	35
ابتداي	35
ابتدايی	35
ابراهیم‌خان	35
ابرمتن	35
ابرهه	35
ابلوموف	35
ابها	35
ابوزیدآباد	35
ابوشریف	35
ابوشکور	35
ابوموسا	35
ابونواس	35
اتاق‌هایی	35
اتش	35
اتلتیک	35
اتنا	35
اتوبیوگرافی	35
اثاری	35
اجتناب‌ناپذیر	35
اجتهادی	35
اجرائیه	35
اجنه	35
احتراز	35
احتقانی	35
احتياج	35
احمدعلی	35
احمدوند	35
اختری	35
اخدود	35
اخوین	35
اخيرا	35
اخی	35
ادمه	35
ادیپوس	35
اذکار	35
اراج	35
ارادتمندان	35
اراف‌سی	35
ارتباطي	35
ارتش‌ها	35
اردشير	35
اردی	35
ارزیابی‌های	35
ارواین	35
اروندکنار	35
اروپايی	35
ارگانی	35
اریل	35
ازاین‌رو	35
ازدواجشان	35
اسبها	35
استاتن	35
استاتیرای	35
استادانش	35
استارباکس	35
استاریک	35
استانیسلاو	35
استاکیسم	35
استاین	35
استثناهایی	35
استخوان‌بندی	35
استدلالهای	35
استدلال‌هایی	35
استراتو	35
استراتژیست	35
استراتژی‌ها	35
استرادا	35
استرن	35
استعدادها	35
استفانی	35
استمراری	35
استوائی	35
استودیوها	35
استیلر	35
استینگ	35
استینگر	35
استیوارت	35
استیوی	35
اسحاقی	35
اسرائیلیات	35
اسراری	35
اسعدیان	35
اسف	35
اسفل	35
اسلواک	35
اسلوواکی	35
اسم‌ها	35
اسنو	35
اسپات	35
اسپندار	35
اسپهان	35
اسپورت	35
اسپیتزر	35
اسکالا	35
اسکریپتی	35
اسکناسهای	35
اسکندرنامه	35
اسکندرون	35
اسکنرهای	35
اسکوالر	35
اسکودتوی	35
اسکونه	35
اسیدیته	35
اس‌آی‌پی	35
اس‌ام‌اس	35
اس‌دی‌اچ	35
اس‌کیوال	35
اشوزرتشت	35
اصالتی	35
اصفهانک	35
اصلیتی	35
اطاقهای	35
اطبای	35
اطلاع‌شناسی	35
اظهاراتش	35
اعتباري	35
اعتزال	35
اعطایی	35
اعلاميه	35
اعلمی	35
اغراض	35
اغفال	35
افتر	35
افخم	35
افرادیکه	35
افرازهای	35
افزا	35
افندر	35
افکارش	35
اقبالیه	35
اقتدا	35
اقتصادسنجی	35
اقيانوس	35
الادویه	35
الاشراف	35
الامر	35
البکر	35
الجنات	35
الحان	35
الخروج	35
الخلیل	35
الرأس	35
الشرق	35
الشریعه	35
الشهدا	35
الصادق	35
الطارق	35
العالمین	35
العبد	35
العیون	35
الغطاء	35
القضاء	35
القمر	35
الكترونيك	35
المثنی	35
المجالس	35
المحجوب	35
المستنصر	35
المنفعه	35
النساء	35
الهامی	35
الکامل	35
الکترواستاتیکی	35
الکریم	35
الیافی	35
امراء	35
امروزي	35
امضاکنندگان	35
املا	35
املاکی	35
امه	35
اموزان	35
اميري	35
امپرسیونیستی	35
امیدها	35
امیرابراهیمی	35
امیرخیز	35
امین‌الله	35
ام‌بی‌سی	35
اناری	35
انتهاهای	35
انتهاي	35
انتگرال‌های	35
انجلس	35
انجوی	35
انجیل‌های	35
اندراب	35
اندك	35
اندوهناک	35
اندیشه‌هایش	35
انرژی‌درمانی	35
انصاری‌فرد	35
انفال	35
انفجارها	35
انقلابات	35
انوش	35
انکاری	35
انکی	35
انگیزترین	35
اواریست	35
اوتیستیک	35
اورامی	35
اورس	35
اورن	35
اورکات	35
اوزی	35
اولیانوفسک	35
اونتاش	35
اونز	35
اوپنهایمر	35
اوکانر	35
اوکراتید	35
اوگاریت	35
اوی	35
اویدیپوس	35
اوینگز	35
اویی	35
ايرج	35
ايرلند	35
ايوب	35
اپراتورها	35
اپلت‌ها	35
اپیزودهای	35
اچمیادزین	35
اکراینی	35
اکسپرسیونیست	35
اکلاهوما	35
اکولوژیک	35
اکید	35
اگزما	35
اگنس	35
ایادیان	35
ایالاتی	35
ایبریا	35
ایتالو	35
ایجا	35
ایجادشده	35
ایجرود	35
ایده‌آلیسم	35
ایرانی‌است	35
ایرتور	35
ایرکوتسک	35
ایزواسپین	35
ایزونیازید	35
ایستد	35
ایسمنه	35
ایسکمیک	35
ایش	35
ایشیکاوا	35
ایلیاتی	35
ایمو	35
اینتراکتیو	35
اینترفیس	35
اینتگراز	35
ایندیپندنت	35
اینگمار	35
این‌سو	35
ایوانوویچ	35
ایوبیان	35
ایپوه	35
ایین	35
ای‌ای	35
ای‌جی‌ام	35
ای‌سی	35
بائز	35
باارزش‌ترین	35
بااین‌حال	35
باتمانقلیچ	35
باجروان	35
باجک	35
باخرز	35
باخود	35
بادپر	35
باذل	35
بارب	35
بارتلمه	35
بارداس	35
بارزتر	35
بازتابهای	35
بازخواهد	35
بازداشتی	35
بازداشت‌ها	35
بازداشت‌های	35
بازديد	35
بازسازي	35
بازشدن	35
بازمی‌گردند	35
بازن	35
بازنشست	35
بازوپایان	35
بازيگري	35
بازگردانند	35
بازیافتن	35
بازیل	35
باطله	35
باغ‌ملک	35
بالدوین	35
بالذات	35
بال‌هایش	35
بامزه	35
بانتام	35
بانزر	35
بانک‌داری	35
باورد	35
باوی	35
باکستر	35
بایرام	35
ببینی	35
بت‌من	35
بجایی	35
بجد	35
بحث‌برانگیز	35
بحرالعلوم	35
بحق	35
بخشهاي	35
بخشيده	35
بخش‌پذیر	35
بخوانم	35
بخواهی	35
بدام	35
بدشانسی	35
بدلیسی	35
بذرها	35
براتیسلاوا	35
برادرز	35
برادرشان	35
برادرها	35
برادرکشی	35
برافراشت	35
برانداخت	35
برانداز	35
برانگیزترین	35
براهه	35
براکیوسور	35
برایت	35
براینکه	35
برتولوچی	35
برخور	35
بردا	35
بردبار	35
بردخونی	35
بردلی	35
بررسی‌هایی	35
برشکاری	35
برغوثی	35
برف‌های	35
برندهای	35
برنده‌ی	35
برندۀ	35
برنساید	35
برنی	35
برهمایی	35
بره‌ها	35
بروندی	35
برونش	35
برون‌بوم	35
برون‌مرزی	35
برچسب‌های	35
برگزارکننده	35
برگزیده‌ای	35
برگسون	35
برگشت‌پذیر	35
برگن	35
برگهایش	35
برگهایی	35
بریژیت	35
بریگهم	35
بزد	35
بزنم	35
بسامان	35
بسزائی	35
بسم‌الله	35
بسوزد	35
بشتابد	35
بشرویه‌ای	35
بشنوید	35
بشویید	35
بشکنند	35
بطن‌ها	35
بطوريكه	35
بعبارتی	35
بقولات	35
بلااستفاده	35
بلاساغون	35
بلاگووگراد	35
بلایند	35
بلحاظ	35
بلديه	35
بلشویسم	35
بلندآوازه	35
بلندشان	35
بلنده	35
بلوند	35
بلوکه	35
بلیط‌ها	35
بمانم	35
بمباران‌های	35
بمی	35
بنامد	35
بناچار	35
بندرترکمن	35
بندرخمیر	35
بنفورد	35
بنلوکس	35
بنیادگرای	35
بنی‌هاشم	35
بهاالدین	35
بهاالله	35
بهاییت	35
بهجت‌آباد	35
بهش	35
بهنجار	35
بهينه	35
به‌خط	35
به‌دستور	35
به‌رغم	35
به‌کلی	35
بوئر	35
بوتادی‌ان	35
بوتیل	35
بوخن‌والد	35
بودانف	35
بوردور	35
بورقانی	35
بورکینا	35
بورگس	35
بوری	35
بوزار	35
بوزون‌ها	35
بوزینه	35
بوستنای	35
بوسعید	35
بولوتوث	35
بولین	35
بونادئا	35
بوند	35
بوهمی	35
بووه	35
بوچ	35
بوکاچیو	35
بوکسور	35
بوگرو	35
بویویی	35
بيمار	35
بين‌المللی	35
بپرهیزند	35
بپزید	35
بکتاشیه	35
بگنجاند	35
بگويم	35
بیاره	35
بیازماید	35
بیانسه	35
بیت‌العدل	35
بیراهه	35
بیرمنگهام	35
بیست‌ویکم	35
بیضا	35
بیلدربرگ	35
بیندازیم	35
بینوش	35
بیهودگی	35
بیکینی	35
بیگاه	35
بیگلر	35
بی‌ارزش	35
بی‌تأثیر	35
بی‌تفاوتی	35
بی‌خطر	35
بی‌دفاع	35
بی‌سوادی	35
بی‌نام	35
بی‌وقفه	35
تألیفاتی	35
تئوری‌ها	35
تات‌ها	35
تاج‌محل	35
تارو	35
تاريك	35
تارپیا	35
تازه‌ساز	35
تاسمان	35
تالبوت	35
تالین	35
تامارا	35
تانکرهای	35
تاوان	35
تاوش	35
تاکر	35
تاکستانی	35
تاکسی‌های	35
تایمینگ	35
تایچانگ	35
تایگا	35
تاییدی	35
تباران	35
تباین	35
تبرید	35
تتبع	35
تجانس	35
تجربیاتش	35
تحفة	35
تحلیل‌ها	35
تحویلی	35
تختخواب	35
تخت‌جمشید	35
تدخین	35
تدویر	35
ترابوزان	35
ترافالگار	35
ترامپ	35
ترانسفورمر	35
ترانسیلوانیا	35
ترانه‌سرایان	35
ترانه‌سرایی	35
تراولتا	35
ترديد	35
ترسناکی	35
ترصیع	35
ترمال	35
ترموپلاستیک	35
ترنسدیوسر	35
تروتسکیست	35
ترورها	35
ترول	35
ترومبون	35
تروی	35
تریتون	35
تریستور	35
تریک	35
تزريق	35
تس	35
تسلطی	35
تشبیهی	35
تشکیک	35
تصحیف	35
تصرفی	35
تصمیم‌های	35
تصنيف	35
تصنیفات	35
تصویرگران	35
تضادها	35
تعالیمی	35
تعمیراتی	35
تفخیذ	35
تفرجگاهی	35
تفسیرها	35
تقی‌خان	35
تكلم	35
تلاش‌هایش	35
تلفظ‌های	35
تلفن‌ها	35
تلو	35
تلویزیون‌ها	35
تماری	35
تمتع	35
تمركز	35
تملق	35
تمپا	35
تمیجان	35
تمیستوکلس	35
تنازع	35
تنبیهی	35
تندوره	35
تنش‌هایی	35
تنظیم‌های	35
تنوعی	35
تنگیرد	35
تن‌فروشی	35
تهدیدآمیز	35
تهمورث	35
توانمندسازی	35
توبیاس	35
توتونچی	35
تورنسل	35
تورها	35
توزیع‌شده	35
توصیفاتی	35
توفان‌های	35
توقعات	35
توکاماک	35
توکسین	35
تيرماه	35
تکتونیکی	35
تکرارهای	35
تکه‌هایی	35
تکواژ	35
تیبریوس	35
تیلک	35
تیمبالند	35
تیموتائوس	35
ثروتش	35
ثروت‌های	35
ثمین	35
ثنویت	35
ثوابت	35
ثیر	35
جازموریان	35
جامپ	35
جانبازی	35
جانبدارانه	35
جانداری	35
جان‌پناه	35
جاکارتا	35
جایشان	35
جایگزین‌های	35
جای‌جای	35
جبالبارز	35
جبالیا	35
جبروت	35
جراحی‌های	35
جرز	35
جرقه‌های	35
جرمین	35
جرم‌ها	35
جزمی	35
جغدها	35
جلق	35
جلگه‌ها	35
جمشیدخان	35
جمشیدیه	35
جمعیتشان	35
جمود	35
جمی	35
جنابعالی	35
جنایاتی	35
جنجال‌ها	35
جنگروی	35
جنگنده‌ای	35
جنیس	35
جهاز	35
جهان‌گستر	35
جهت‌ها	35
جهنده	35
جوابگو	35
جوانی‌اش	35
جوشیدن	35
جولز	35
جولیارد	35
جونقان	35
جوینده	35
جھت	35
جیما	35
جیمزتاون	35
حاشیه‌ها	35
حالیه	35
حامل‌های	35
حامیانش	35
حانون	35
حبل‌المتین	35
حرفه‌اش	35
حريف	35
حزقیا	35
حسابها	35
حساب‌ها	35
حسام‌السلطنه	35
حسگرهایی	35
حشم‌نشین	35
حفار	35
حكام	35
حلق‌آویز	35
حل‌ها	35
حماقت	35
حمال	35
حملی	35
حين	35
حکومت‌هایی	35
خادمی	35
خارق‌العاده	35
خارها	35
خاروغ	35
خازن‌های	35
خاصيت	35
خاطی	35
خاورميانه	35
خاکسار	35
خاکها	35
خبرساز	35
خداوندا	35
خداپرستی	35
خدمتگزاری	35
خردسالان	35
خردمندان	35
خرس‌های	35
خرطوم	35
خرمگس	35
خرم‌بید	35
خرگرد	35
خزری	35
خزیدن	35
خزیمه	35
خسیس	35
خشکبیجار	35
خصوصیت‌های	35
خطرناک‌ترین	35
خلافتش	35
خلق‌های	35
خمار	35
خمرهای	35
خمکاری	35
خوئینی	35
خواروبار	35
خواستگار	35
خوانان	35
خوانایی	35
خواهيم	35
خودپرداز	35
خودکفا	35
خورشيدي	35
خورندگی	35
خورنق	35
خورک	35
خوشامد	35
خوشبینانه	35
خوشدل	35
خوشوقت	35
خوشین	35
خوش‌نویسی	35
خونیک	35
خوپا	35
خوک‌ها	35
خیادان	35
خیبری	35
خیرالدین	35
خیرالله	35
خیرخواهی	35
خیزان	35
دائرة	35
دادرس	35
دارالامان	35
دارخوین	35
دارل	35
دارندگی	35
داریا	35
داریون	35
داستایوفسکی	35
داشلی	35
داشگاه	35
داغداغان	35
دالیان	35
دانایان	35
دانستم	35
دانشها	35
دانشوری	35
دانشکده‌ای	35
دانل	35
دانگچئون	35
داهه	35
داوائو	35
داوطلبین	35
داویدیان	35
دایروی	35
دباج	35
دبورا	35
درآمیخت	35
دراین‌باره	35
درایورهای	35
درحاشیه	35
درحالیست	35
درحوزه	35
درختکاری	35
درخششی	35
دردسرهای	35
درزی	35
درست‌تر	35
درس‌هایی	35
درضلع	35
درفشی	35
دريايی	35
دریابیم	35
دریبل	35
دریغا	35
دستجردی	35
دسترسی‌پذیری	35
دستمالی	35
دستيابی	35
دست‌داشتن	35
دسنوس	35
دشمنانشان	35
دفاتری	35
دفترش	35
دفعاتی	35
دلداده	35
دلوس	35
دلچسب	35
دموی	35
دمیانیوک	35
دنتون	35
دندان‌پزشکی	35
دندی	35
دنیاها	35
دهر	35
دهستان‌ها	35
دهشت	35
دهگانه	35
ده‌نمکی	35
دوبوار	35
دوجین	35
دورتموند	35
دورسلی	35
دورند	35
دورو	35
دوغاب	35
دوقلوها	35
دولتمرد	35
دولت‌هایی	35
دوه‌چی	35
دوپرون	35
ديدني	35
دژنراسیون	35
دکامرون	35
دگرباشان	35
دگرجنس	35
دگرگون‌شده	35
دیاتونیک	35
دیالمه	35
دیالوگ‌ها	35
دیالوگ‌های	35
دیتای	35
دیتریش	35
دیده‌ایم	35
دیدگانی	35
دیرهنگام	35
دیزین	35
دیسانتری	35
دیستروفین	35
دیفن	35
دیواره‌ای	35
دیوداد	35
دیودور	35
دیورژانس	35
دیوفانت	35
دیپلمات‌ها	35
دیپلودکس	35
دیکسترا	35
دیگوری	35
دی‌اس	35
ذنب	35
ذوالبین	35
ذکرشده	35
رأی‌دهندگان	35
رؤیایی	35
رئوفی	35
رابطه‌ها	35
رابیندرانات	35
رادکلیف	35
رادیوها	35
رادیکالیسم	35
راستکار	35
راستگو	35
راست‌قامت	35
راشت	35
رامتین	35
رامشتاین	35
رانر	35
راهي	35
راي	35
راچدیل	35
رایج‌تر	35
راینی	35
رباتی	35
رحمت‌آباد	35
رخوت	35
ردفورد	35
ردفیلد	35
رستم‌التواریخ	35
رستنی‌ها	35
رسیژن	35
رشن	35
رصدهای	35
رصدگران	35
رطب	35
رغبتی	35
رفراندومی	35
رفرم	35
رمان‌نویسان	35
رمزها	35
رمله	35
رنج‌ها	35
رندان	35
رندولف	35
رنگهایی	35
رهایش	35
روانشناسانه	35
روانکاوانه	35
روان‌شناسان	35
روبوت	35
روحاني	35
روحي	35
رودبارالموت	35
رودباری	35
رودریگو	35
رودک	35
روزنبرگ	35
روزنه‌ای	35
روزي	35
روسازی	35
روستوف	35
رولز	35
رومانسیک	35
رومر	35
رونیز	35
روکفلر	35
رویکار	35
ريسك	35
رکوع	35
رگبارها	35
رگها	35
ریبوفلاوین	35
ریتینگ	35
ریشارد	35
ریشخند	35
ریمانی	35
ریمسکی	35
ریوش	35
رییسه	35
ری‌شهری	35
زازیانس	35
زاستاوا	35
زالو	35
زالیان	35
زامبی‌ها	35
زامورا	35
زاکاریاسن	35
زایشی	35
زخمیان	35
زرینی	35
زمه	35
زنبورها	35
زنبورک	35
زندانبانان	35
زندیق	35
زنگیان	35
زنیم	35
زویی	35
زيرآبي	35
زيگورات	35
زیاریان	35
زیباسازی	35
زیبد	35
زیراتمی	35
زیربغل	35
زیرجلدی	35
زیرساختار	35
زیرپوستی	35
زیری	35
زیمان	35
زین‌الدین	35
سابر	35
ساترلند	35
ساحت	35
ساحر	35
ساختارش	35
ساختارگرا	35
ساختمانهایی	35
ساده‌تری	35
سارتن	35
ساروت	35
سازم	35
سازماني	35
ساساني	35
ساعتگرد	35
سافتویر	35
ساقه‌ای	35
ساقه‌ها	35
ساكنين	35
سالادو	35
سالالا	35
سالان	35
سالرنو	35
سالوک	35
سالکان	35
سالیسیلات	35
سالیسیلیک	35
سامان‌دهی	35
ساناز	35
سانتيمتر	35
ساندز	35
سایبرپانک	35
سبزیها	35
ستریانی	35
ستودنی	35
سجستان	35
سجل	35
سحابی‌ها	35
سخنراني	35
سدره	35
سدریک	35
سدوزایی	35
سرآب	35
سراسري	35
سراغش	35
سربازها	35
سرخانه	35
سرخرگها	35
سرخ‌رنگ	35
سرسپرده	35
سرسیلندر	35
سرمد	35
سرنوشت‌ساز	35
سروده‌هایش	35
سرپرسی	35
سرکیس	35
سرگی	35
سس‌های	35
سطوت	35
سعدالدوله	35
سفال‌گری	35
سفرنامه‌ها	35
سفرهایش	35
سفلا	35
سفیداب	35
سفیدبرفی	35
سفیدک	35
سفیدکوه	35
سلاسل	35
سلایق	35
سلزنیک	35
سلیس	35
سموأل	35
سنباد	35
سنتها	35
سندها	35
سندیکا	35
سندیکائی	35
سندیکاهای	35
سنس	35
سنش	35
سنندجی	35
سنگدانه‌ها	35
سنگربندی	35
سنگواره‌ای	35
سنگواره‌ها	35
سن‌آنتونیو	35
سهيل	35
سهیلا	35
سوئینی	35
سوادکوهی	35
سوارکاران	35
سوباسا	35
سوترا	35
سوختنی	35
سوخت‌رسان	35
سوخرا	35
سوخوی	35
سودرمانلاند	35
سورمق	35
سوزد	35
سوسایتی	35
سوسیالیستها	35
سومار	35
سونا	35
سيلندر	35
سينمايی	35
سپارند	35
سپتاجینت	35
سپتیموس	35
سکولاریزاسیون	35
سیاتیک	35
سیاسیون	35
سیانید	35
سیاهپوش	35
سیاهک	35
سیتالوپرام	35
سیج	35
سیدلر	35
سیدمهدی	35
سیدو	35
سیراکوز	35
سیرز	35
سیزده‌گانه	35
سیسرون	35
سیصدمین	35
سیلسیم	35
سیلیسیوم	35
سیلیکا	35
سیلیکات	35
سیمپسون‌ها	35
سیمینه‌رود	35
سیم‌پیچ‌های	35
سینان	35
سینای	35
سینتاشتا	35
سینتی	35
سینث‌سایزر	35
سینداری	35
سینه‌بند	35
سیوجان	35
سیوروس	35
سیکو	35
سیگارهای	35
سیگل	35
شئونات	35
شات	35
شاخصترین	35
شادیاخ	35
شاذلیه	35
شارح	35
شاغلان	35
شالح	35
شالوده‌های	35
شالکه	35
شاهرگ	35
شاهين	35
شاهین‌شهر	35
شاه‌صفی	35
شاکری	35
شایعه‌ای	35
شاین	35
شب‌پره	35
شده‌ایم	35
شدیدتری	35
شربینی	35
شركتهاي	35
شریعتمدار	35
شریفیان	35
شریف‌آباد	35
ششصدمین	35
ششی	35
شش‌گانه	35
شعاعهای	35
شعبانی	35
شغلهای	35
شفافی	35
شكنجه	35
شلاقی	35
شلنگ	35
شلوغ‌ترین	35
شماخی	35
شماریا	35
شمرده‌است	35
شمشیرها	35
شمن	35
شموشک	35
شنيده	35
شهرداریها	35
شهرداری‌های	35
شهرنشینان	35
شهری‌است	35
شهشهانی	35
شهمیرزادی	35
شهوات	35
شهپر	35
شوتوکان	35
شورچه	35
شوشتریان	35
شوفاژ	35
شومرون	35
شومی	35
شوهای	35
شيرازي	35
شيشه	35
شيمي	35
شيميايي	35
شکسته‌است	35
شکست‌ناپذیر	35
شکلش	35
شکوری	35
شکیبا	35
شیارهایی	35
شیبانیان	35
شیرده	35
شیشه‌سازی	35
شیطانک	35
شیعه‌نشین	35
شیمر	35
شیمعون	35
شیمیدانان	35
صائم	35
صباغیان	35
صبح‌ها	35
صحرانشین	35
صحفه	35
صحیح‌تر	35
صدابردار	35
صداگذار	35
صددرصد	35
صدقیانی	35
صراف	35
صرواح	35
صفحة	35
صفحه‌است	35
صفی‌آباد	35
صماخ	35
صنهاجه	35
صنیع‌الدوله	35
صومعه‌ای	35
ضرب‌وشتم	35
ضرورت‌های	35
ضریحی	35
طاقت‌فرسا	35
طالع‌بینی	35
طاهباز	35
طبریه	35
طبیبی	35
طرح‌بندی	35
طریقتی	35
طعم‌های	35
طعن	35
طغرا	35
طفره	35
طلايی	35
طنطاوی	35
طوطی‌های	35
طوقی	35
ظرفشویی	35
عابدین	35
عارضه‌های	35
عاشیق‌ها	35
عاموس	35
عانه	35
عبادالله	35
عباسیه	35
عبای	35
عبدا	35
عبدالجلیل	35
عبدالغفار	35
عراده	35
عربین	35
عرضهای	35
عرمکی	35
عریضه	35
عزت‌الدوله	35
عسلی	35
عشقبازی	35
عصارخانه	35
عصرها	35
عضدالملک	35
عضوگیری	35
عقیقی	35
عكاسي	35
علامت‌ها	35
علمایی	35
علیجانی	35
علیکم	35
عمادیه	35
عمروبن	35
عملگری	35
عموسام	35
عمومی‌ترین	35
عمیس	35
عناد	35
عناوين	35
عند	35
عنه	35
عودت	35
عودلاجان	35
عینکی	35
غارنوردی	35
غرش	35
غرضی	35
غريب	35
غلیظی	35
غمبر	35
غنچه	35
غواصان	35
غیرایرانی	35
غیربومی	35
غیرتجاری	35
غیرجنسی	35
غیرعلمی	35
غیرعلنی	35
غیرمسلمانان	35
غیرمسکونی	35
غیور	35
فابین	35
فارامیر	35
فارسی‌تبار	35
فاریابی	35
فاسو	35
فاسیکول	35
فالز	35
فالوپ	35
فانون	35
فایبر	35
فایبرگلاس	35
فاینانشیال	35
فتوولتاییک	35
فتوگرامتری	35
فتیله	35
فرآیندهایی	35
فراخواندن	35
فراریت	35
فراصوتی	35
فراق	35
فرانز	35
فرانسواز	35
فرانسوي	35
فرانکشتاین	35
فراوانترین	35
فراوان‌ترین	35
فراورده‌ها	35
فرايند	35
فرجه	35
فرخ‌رو	35
فرخ‌زاد	35
فردگرا	35
فرسای	35
فرض‌های	35
فرمالدهید	35
فرمانش	35
فرمان‌روای	35
فرمان‌روایان	35
فرمیونی	35
فرهنگسراها	35
فرورفتن	35
فروریخته	35
فروزنده	35
فروشگاهها	35
فروغن	35
فروغ‌الدوله	35
فرومایه	35
فرکتال	35
فریادهای	35
فریم‌ها	35
فزون	35
فشارهایی	35
فشان	35
فشانی	35
فشندی	35
فضله	35
فضلوی	35
فطریات	35
فعولن	35
فلاسفه‌ای	35
فلاسک	35
فلاویوس	35
فنونی	35
فنچ‌های	35
فن‌ها	35
فهمی	35
فوتبالیستی	35
فوتبالیست‌های	35
فوتوریسم	35
فوتونها	35
فوتون‌های	35
فوروارد	35
فولهام	35
فکان	35
فیث	35
فیده	35
فیزیك	35
فیزیک‌دانان	35
فیستول	35
فیض‌الله	35
فیلدهای	35
فیلمور	35
فیلم‌نامه‌ای	35
فیلم‌نامه‌نویسی	35
فین‌واوگری	35
فیوم	35
قائممقام	35
قائمیان	35
قات	35
قار	35
قاصدک	35
قاعده‌مند	35
قالیچه‌های	35
قانوني	35
قباله	35
قبلی‌اش	35
قتلش	35
قتلی	35
قدرتمندان	35
قدغن	35
قدیمیتر	35
قراخانیان	35
قراختاییان	35
قراداد	35
قراردادند	35
قراردهد	35
قرامطه	35
قرای	35
قرشی	35
قرص‌ها	35
قرقی	35
قرنیز	35
قره‌باغی	35
قروض	35
قرچک	35
قریه‌های	35
قزلباش‌ها	35
قشربندی	35
قصبات	35
قصرقند	35
قصریک	35
قصیده‌های	35
قضایایی	35
قطرهای	35
قطره‌ای	35
قلیا	35
قندوز	35
قندیل	35
قنوت	35
قهار	35
قهاری	35
قوالی	35
قوسها	35
قوس‌ها	35
قومیت‌های	35
قوي	35
قپچاق	35
قی	35
قیام‌های	35
كارشناسان	35
كانال	35
كرم	35
كشتي	35
كمیسیون	35
كندوهای	35
كودتای	35
كوفی	35
كوهستاني	35
كوچكتر	35
لئونگ	35
لاذقیه	35
لارن	35
لاستیکهای	35
لالجين	35
لاله‌های	35
لانگمویر	35
لاویان	35
لاکتات	35
لاکرونیا	35
لاک‌پشت‌ها	35
لاگونا	35
لایزنگان	35
لباس‌شخصی‌ها	35
لتی	35
لحم	35
لرزه‌ها	35
لرک	35
لشکرش	35
لغزشی	35
لق	35
لقمه	35
لما	35
لندنی	35
لنفوسیت‌ها	35
لنفی	35
لنکستر	35
لوچیانو	35
لویولا	35
لکه‌ای	35
لک‌لک	35
لیا	35
لیبرا	35
لیبکنشت	35
لیزینگ	35
لیلیان	35
لیلینتال	35
لیموزین	35
لیندبرگ	35
لیونی	35
لیپوپروتئین	35
لیکو	35
ماجد	35
مادريد	35
مادیات	35
مارافسای	35
مارالان	35
مارج	35
مارسلوس	35
مارمالاد	35
مارگاریتا	35
ماریانا	35
ماریانو	35
ماریه	35
ماسوره	35
ماسینا	35
ماسینیون	35
ماشین‌سازی	35
مالا	35
مالتوس	35
مالكيت	35
مالمیر	35
ماندی	35
مانو	35
مايع	35
ماژول‌های	35
ماکروویو	35
ماکسیموس	35
ماکیان‌سانان	35
مایونز	35
مایکرو	35
مایکوپ	35
مباهات	35
مبسوطی	35
متأله	35
متابعت	35
متابولیکی	35
متالوژی	35
متبادر	35
متبوعش	35
متخصصانی	35
مترقبه	35
متشخص	35
متصوفه	35
متضادی	35
متعارفی	35
متعرض	35
متعصبین	35
متقبل	35
متمركز	35
متودیست	35
مثنوی‌های	35
مجروحین	35
مجوزها	35
محاصیل	35
محافظه‌کارانه	35
محبیان	35
محتشمی‌پور	35
محسوسات	35
محصولاتشان	35
محققی	35
محل‌هايي	35
محمدعلیلو	35
محمدقلی‌آخوند	35
محنت	35
محکومانی	35
محیط‌های	35
مخاصمه	35
مخبر	35
مختوم	35
مخدج	35
مخمسات	35
مدارثابت	35
مدرنیزه	35
مذمت	35
مرازاد	35
مراقبت‌ها	35
مربايی	35
مرتضی‌قلی‌خان	35
مرتعش	35
مردآویز	35
مردد	35
مردپوشی	35
مرزبانانی	35
مرسوله	35
مرصادالعباد	35
مرعوب‌کننده	35
مرقع‌سازی	35
مركبات	35
مرینا	35
مزدیسنایان	35
مزگتا	35
مساحی	35
مسترها	35
مستشرقان	35
مستشرقینی	35
مستعصمی	35
مستعفی	35
مستغلات	35
مستقرنمودند	35
مستهجنش	35
مستودع	35
مسراشمیتس	35
مسکوت	35
مسیحا	35
مسیله	35
مشابه‌اش	35
مشاعره‌های	35
مشامش	35
مشاهدات‌اش	35
مشایعت	35
مشتق‌گیری	35
مشکل‌تری	35
مشی‌هایی	35
مصری‌ای	35
مصلحین	35
مطرب	35
معادلاتی	35
معاشران	35
معالجات	35
معاونش	35
معتدل‌تر	35
معتمر	35
معلمش	35
معیرالملک	35
معیرالممالکی	35
مغتنم	35
مغزاستخوان	35
مفتوح	35
مفصل‌ها	35
مفهوم‌هایی	35
مقاربتی	35
مقالاتش	35
مقاماتی	35
مقام‌های	35
مقبره‌ی	35
مقتولین	35
مقتول‌هایی	35
مقصودی	35
مقلدانی	35
مقوایی	35
مقياس‌هاي	35
مكتوبات	35
ملاحبیب	35
ملاقات‌هایش	35
ملال	35
ملاکاوو	35
ملنیکی	35
ملها	35
ممالکی	35
منا	35
منبت‌کاری	35
منتخبین	35
منتزع	35
منتسینس	35
منتظره‌ای	35
منجنیق	35
منطق‌دانان	35
منطق‌هایی	35
منظوری	35
منفصله	35
منووار	35
من‌جمله	35
مهاجرنشینان	35
مهتابه	35
مهرها	35
موادقانون	35
موافقت‌نامه‌های	35
موبدی	35
موبیدس	35
موتنوفسکی	35
موتورخانه	35
موثقیت	35
مورسیای	35
مورمانسکایا	35
مورهد	35
مورچون	35
موزیرج	35
موسا	35
موستانگ‌ها	35
موسیوآرسن	35
موشنگاه	35
موشها	35
موفقیتش	35
موقعیتش	35
مونتیجو	35
مونت‌کارلو	35
مونکابرر	35
مژکی	35
مژگانی	35
مکرمه	35
مگنتورسیستانس	35
مگنوهیدرودینامیکی	35
میانکل	35
میان‌رفت	35
میتینگ	35
میخانه	35
میدراش‌ها	35
میرزائی	35
میرسید	35
میرقائد	35
میرهاشم	35
میروید	35
میرپنجه	35
میزه‌دان	35
میسنر	35
میسیری	35
میقات‌ها	35
میل‌لنگ	35
میمندی‌نژاد	35
میمون‌های	35
میکرب	35
میکروارگانیسم‌های	35
میکروارگانیسم‌هایی	35
میکروبها	35
میکروبیش	35
میکروفیلم	35
میگساری	35
می‌آورم	35
می‌انگارند	35
می‌ایستادند	35
می‌بازند	35
می‌برید	35
می‌ستاید	35
می‌سوزاندند	35
می‌نهادم	35
می‌نوشت	35
می‌نگارد	35
می‌پرداخته‌اند	35
می‌پرسید	35
می‌پیوستند	35
می‌چینند	35
می‌کشته	35
می‌گذشته‌است	35
می‌گفتند	35
می‌گفته‌است	35
نئوپلاسم‌ها	35
نائوکی	35
نابارای	35
نابدل	35
نابهنگام	35
ناتامایسین	35
ناتوار	35
ناتورالیسم	35
نادعلیان	35
نازبن	35
ناشيانه	35
ناشیانه‌ای	35
ناصرآملی	35
نافلز	35
نافله	35
نافه	35
نافی	35
ناقل‌ها	35
نامتجانس	35
نامتعادل	35
نامربوط	35
نامه‌ام	35
ناميدن	35
نامیده‌شدن	35
نامیسر	35
نام‌شناسی	35
نانوا	35
نانگ	35
ناهارگر	35
ناهمسانگرد	35
ناواسلیک‌ها	35
ناپولیتانو	35
ناچاریتان	35
نایتو	35
نایژه	35
نبردناوها	35
نبشته‌ها	35
نبیولا	35
نجدیان	35
نداشت	35
ندامت	35
ندانستن	35
ندیده‌ام	35
نرفتن	35
نروند	35
نرگسی	35
نزديکی	35
نستورو	35
نسق	35
نسیون‌پور	35
نشتاکین	35
نشنیده	35
نصیبش	35
نطق‌هایش	35
نظام‌مندترین	35
نظرسنجی‌هایی	35
نظرمیان	35
نعیمی‌پور	35
نفتای	35
نفتس	35
نفت‌شهر	35
نفت‌کشهای	35
نفت‌کش‌های	35
نفره‌ای	35
نقاتی	35
نقاد	35
نقاده	35
نقص‌هایی	35
نمادگذاری	35
نمازگاهی	35
نماسازی	35
نماهایی	35
نماياند	35
نمایانده	35
نمایشنامه‌نویسی	35
نمشیر	35
نمكی	35
نمکزار	35
نمی‌بینی	35
نمی‌خواسته	35
نمی‌شناسید	35
نمی‌یابی	35
ننشستن	35
نهضتی	35
نه‌چندان	35
نوآباد	35
نوآورانه‌اش	35
نوآوری‌های	35
نوائیس	35
نواحي	35
نوادگانشان	35
نوازنده‌ای	35
نوالاینن	35
نواهی	35
نوترون‌هایش	35
نوجه‌ده‌درق	35
نوجوانی	35
نورت	35
نورشوپینگ	35
نورگیر	35
نوسانگر	35
نوسترا	35
نوشته‌ام	35
نومسلمان	35
نومه‌نوری‌ها	35
نوکندکلا	35
نویسنده‌هایی	35
نيجريه	35
نيويورکی	35
نپات	35
نپرداخت	35
نکبت	35
نکنی	35
نکوداشتی	35
نکول	35
نگائوندره	35
نگاره‌هایی	35
نگاهداران	35
نگرهای	35
نگینی	35
نیات	35
نیافته‌بود	35
نیامدند	35
نیامده‌اند	35
نیاکانش	35
نیایشی	35
نیرومندتر	35
نیروگاهها	35
نیسشین	35
نیمرخ	35
نیمه‌ی	35
نیمو	35
نیم‌تنه	35
نینجامد	35
نینجامیده‌است	35
نیوزیلندی	35
هابیا	35
هاتفی	35
هارتفوردشایر	35
هاشمی‌نژادخانگیران	35
هالفن	35
هامفریس	35
هاکسلی	35
هایابوسای	35
هایپاتیوس	35
هبوط	35
هجی	35
هدفیاب	35
هديه‌ی	35
هراسناک	35
هراکلیدای	35
هرتسپروگ	35
هرناندو	35
هزارجریبی	35
هستانی	35
هستن	35
هشتصدهزار	35
هشتگانه	35
هشت‌تاست	35
همارون	35
هماورد	35
همبستری	35
همرزمان	35
همرزمایش	35
همروند	35
همشکل	35
همنوع	35
همولیتیک‌اورمیک	35
هموند	35
همگردان	35
هم‌نوایی	35
هندسه‌ی	35
هندوییسم	35
هنررسامی	35
هنري	35
هنگامي	35
هواتیش	35
هواداران‌اش	35
هودسون	35
هورنرو	35
هونگاریا	35
هپت	35
هژدهم	35
هژمونین	35
هیدرواستاتیکی	35
هیدروکربن‌هایی	35
هیدگر	35
هیربدان‌هیربد	35
هیرکانیا	35
هیسپانیک‌های	35
هیواد	35
هیولت	35
هیپرترمی	35
هیچوجه	35
هیچ‌چیزی	35
وابستگی‌هایی	35
واحدهايی	35
واحه‌ها	35
وادارد	35
واداشتن	35
وادي	35
وارثی	35
واریته	35
واریتو	35
واقعيات	35
واقعیت‌های	35
والینگار	35
وامو	35
وام‌واژه‌های	35
واژه‌ی	35
واکئول	35
واگیر	35
وبلاگشان	35
وبلاگ‌نویس	35
وبلاگ‌نویسان	35
وحشتی	35
ودکا	35
وراء	35
ورزش‌کارانی	35
ورمازرن	35
ورونیکا	35
وزد	35
وزنیاک	35
وزو	35
وزیدن	35
وزیکول	35
وستا	35
وستمانلاند	35
وست‌لایف	35
وست‌پوینت	35
وسيعی	35
وسیعترین	35
وسیله‌های	35
وصله	35
وصیتنامه	35
وضعیت‌ها	35
وعد	35
وعید	35
وفسی	35
ولدبیگی	35
ولسوالی‌ها	35
ولسی	35
ولیک	35
وهسودان	35
ووشیا	35
وگنر	35
ویدئوها	35
ویدال	35
ویراف	35
ویرایشگران	35
ویزیت	35
ویشی	35
ویلارد	35
ویندسور	35
وینر	35
وینسلت	35
ویواکس	35
ویولن‌سل	35
ویچ	35
ویکی‌واژه	35
يابند	35
يادگار	35
ياران	35
ياری	35
يازدهم	35
يكسال	35
يكصد	35
يه	35
يکسان	35
پاؤلی	35
پاتولوژیک	35
پاتوژن	35
پادزهر	35
پادساعتگرد	35
پادگانی	35
پارامترهایی	35
پاروکستین	35
پاسترناک	35
پاسخهای	35
پاسی	35
پاشیدگی	35
پاكستان	35
پالائو	35
پالمه	35
پالیزدار	35
پاندای	35
پاورچین	35
پاورکورد	35
پاپا	35
پاپوا	35
پایتختش	35
پایگاه‌ها	35
پتا	35
پتانسیلی	35
پتح	35
پدیدآمدن	35
پرامردم	35
پرانتزی	35
پراکندن	35
پرایس	35
پرباری	35
پربیننده‌ترین	35
پرتره‌ای	35
پرتوشناسی	35
پرتگاهی	35
پرد	35
پردازشگرهای	35
پررنگ‌تر	35
پرستندگان	35
پرشده	35
پرلوگ	35
پرمایه	35
پرنفوذترین	35
پروتوکل	35
پروجا	35
پروراند	35
پروردگارش	35
پروفیلاکسی	35
پرولتاریای	35
پرومته	35
پرونده‌هایی	35
پرویی	35
پرک	35
پریزاتس	35
پرینس	35
پزشك	35
پزشکانی	35
پساساختارگرایی	35
پست‌ترین	35
پسح	35
پسرعمو	35
پسرهای	35
پسوریازیس	35
پسیانی	35
پشتخه‌های	35
پشند	35
پطروسیان	35
پلاتا	35
پلاریزاسیون	35
پلانك	35
پلاکتی	35
پلونیوم	35
پلیکان	35
پنجمی	35
پندارند	35
پنروز	35
پنسیلوانیای	35
پنه	35
پنیری	35
پهپاد	35
پوبلیوس	35
پوتالا	35
پوتیفار	35
پورحیدری	35
پورپورا	35
پورین	35
پوزیتیویسم	35
پوستری	35
پولشویی	35
پولنک	35
پولینزی	35
پولینزیای	35
پولیپ	35
پومه	35
پوهنتون	35
پوک	35
پيروان	35
پيشه	35
پژوهشگری	35
پکتیا	35
پگی	35
پیانویی	35
پید	35
پیداکرد	35
پیروزی‌هایی	35
پیشرفتهایی	35
پیشقدم	35
پیشنهادهایی	35
پیشه‌ها	35
پیشکاری	35
پیشگویی‌ها	35
پیلونفریت	35
پیمانان	35
پیمانه‌ها	35
پیمانکاران	35
پیچنده	35
پیچهای	35
پیکارهای	35
پیکی	35
پی‌پین	35
پ‌هاش	35
چاتهام	35
چارتر	35
چارلتون	35
چارپایان	35
چارچوب‌های	35
چاپلوسی	35
چایلد	35
چایپاسارشرقی	35
چترباز	35
چراغهای	35
چراگاه‌های	35
چرخاند	35
چرخ‌دنده‌های	35
چرنداب	35
چسبان	35
چشم‌هایش	35
چغامیش	35
چقرمگی	35
چمخاله	35
چنبر	35
چنشت	35
چنگال‌های	35
چهارصدمین	35
چهارنفره	35
چهارگوشه	35
چوبوت	35
چوب‌ها	35
چپ‌دست	35
چکشی	35
چک‌ها	35
چک‌های	35
چیستا	35
چیکو	35
ژورنالیسم	35
ژوزفین	35
ژی	35
ژیانگ	35
کابرد	35
کابوسی	35
کاتالیزوری	35
کاتلا	35
کاتلین	35
کاث	35
کادیش	35
کاراگر	35
کاراییب	35
کاربری‌های	35
کاربست	35
کارتیه	35
کاردیومیوپاتی	35
کارسوق	35
کارسینوئید	35
کارلایل	35
کارلس	35
کارکتر	35
کارگاهها	35
کاریهای	35
کاساس	35
کاسب	35
کالت	35
کالسدون	35
کالون	35
کالگری	35
کامپیوترهایی	35
کامیونت	35
کانری	35
کانی‌شناسی	35
کاهنی	35
کاوشگاه	35
کاولیتز	35
کاپتی	35
کاپیسا	35
کاکلی	35
کایزر	35
کایمرا	35
کبوترهای	35
کبودوند	35
کتونوری	35
کتیبه‌نگاری	35
کدخدایی	35
کدهایی	35
کدون	35
کدینگ	35
کرئوسا	35
کرائیت	35
کراب	35
کراتوکنژنکتیویت	35
کراتين	35
کراتین	35
کراکت	35
کرایست‌چرچ	35
کربوکسیل	35
کرتیس	35
کرسکاس	35
کرول	35
کروک	35
کریت	35
کریتیو	35
کریسلیس	35
کریشکو	35
کریپتون	35
کشاورزانی	35
کشاورزي	35
کشکولی	35
کش‌ها	35
کعبی	35
کفال	35
کفایی	35
کفش‌ها	35
کلاسيک	35
کلاشنیکف	35
کلاغ‌ها	35
کلاود	35
کلاودیوس	35
کلایو	35
کلبی	35
کلوان	35
کلوتایمنسترا	35
کلیفورد	35
کماندو	35
کماندویی	35
کمربندهای	35
کمو	35
کمکش	35
کمیک‌ها	35
کم‌وبیش	35
کناره‌ها	35
کنترلها	35
کندوکاو	35
کنستانتینوپول	35
کنعانیان	35
کنفدراسیون‌ها	35
کنندۀ	35
کنیزان	35
کهزاد	35
کوئینز	35
کوارکهای	35
کواریانس	35
کوانت	35
کواکب	35
کواکسیال	35
کوبان	35
کوتاهتری	35
کوتیک	35
کوجکی	35
کودی	35
کورتز	35
کورونوس	35
کوستروما	35
کوشندگان	35
کوشیار	35
کوشیده‌است	35
کوفون	35
کولاب	35
کولیان	35
کومو	35
کونانی	35
کوندور	35
کونچیتا	35
کونکاکاف	35
کوهانه	35
کوهین	35
کوه‌است	35
کوپتر	35
کوچی	35
کيلو	35
کپه‌های	35
کپورماهیان	35
کپیتال	35
کچ	35
کیاسر	35
کیران	35
کیسه‌دار	35
کیسکه	35
کیلان	35
کیلوکالری	35
کیلی	35
کیناز	35
کینگستون	35
کین‌خواهی	35
کیهان‌نوردان	35
کیوب	35
کیکیو	35
کیگالی	35
کی‌قباد	35
گاتا	35
گازرخان	35
گازرسانی	35
گاستون	35
گالیور	35
گامپ	35
گام‌ها	35
گانسو	35
گانگ	35
گاوصندوق	35
گاوچران	35
گاگا	35
گایوس	35
گتز	35
گذارده‌اند	35
گذرانده‌اند	35
گذرانی	35
گذردهی	35
گذشته‌ها	35
گرافیک‌های	35
گرانادای	35
گرانمایه	35
گران‌تر	35
گرایشها	35
گرترود	35
گردآمده	35
گردانیده	35
گرداوری	35
گردشگاهی	35
گردشگرانی	35
گردشگري	35
گردنده	35
گردیدن	35
گردیز	35
گردیه	35
گرماسنجی	35
گرماگرم	35
گروئنلند	35
گروسو	35
گروشام	35
گرول	35
گرونوبل	35
گروپیوس	35
گروگان‌ها	35
گرکانی	35
گرگوار	35
گریست	35
گریفن	35
گرینج	35
گریوه	35
گستاخی	35
گسل‌های	35
گسیلشی	35
گشتاسبی	35
گشتم	35
گفتارهایی	35
گفتاره‌است	35
گفته‌شده	35
گفته‌می‌شود	35
گلداسمیت	35
گلدبرگ	35
گلدوین	35
گلهایی	35
گلوتاتیون	35
گلچینی	35
گلیم‌های	35
گل‌آذین	35
گماردن	35
گماردند	35
گنبدخانه	35
گنتینگ	35
گوار	35
گواهان	35
گورستانهای	35
گوریئو	35
گوزن‌های	35
گوشگیر	35
گوگد	35
گياهي	35
گچین	35
گگوکچئون	35
گیتارش	35
گیس	35
گیم‌کیوب	35
گیگابایتی	35
یائو	35
یادنامه	35
یارشاطر	35
یاروسلاول	35
یاقوتی	35
یالها	35
یبروح	35
یتیمان	35
یخ‌زده	35
یخ‌های	35
یدی	35
یرسینیا	35
یسی	35
یمتلاند	35
ینگی	35
یوآن	35
یوئیت	35
یواخیم	35
یواس	35
یواس‌ای	35
یوت‌واتا	35
یوشت	35
یونا	35
یونوسفر	35
یونیده	35
یکایک	35
یکتاپرست	35
یکتای	35
یکسر	35
یک‌سان	35
آبرفت	34
آخوندی	34
آخیلس	34
آدراستوس	34
آدران	34
آدوب	34
آذربایجانی‌ها	34
آذرگشسپ	34
آذرگون	34
آراخنه	34
آرادان	34
آرمیتی	34
آرنهم	34
آروبا	34
آرگومان‌ها	34
آزمایشگر	34
آستریکس	34
آسمایی	34
آسنگران	34
آسوشیتد	34
آشکارتر	34
آغاجری	34
آغازکرد	34
آفرینندگی	34
آفرینگان	34
آقاجان	34
آلابا	34
آلاله	34
آلام	34
آلاینده‌ها	34
آلب	34
آلبا	34
آلمانی‌زبان	34
آلمریا	34
آلها	34
آلپاکا	34
آلیستر	34
آماده‌باش	34
آمدها	34
آمده‌ام	34
آمريكايی	34
آمن	34
آموزشگاههای	34
آمیلوئیدوز	34
آناکسیمن	34
آنتنی	34
آنتیگون	34
آنتی‌بادی	34
آندرسون	34
آندریا	34
آندومتر	34
آنزاک	34
آنهائی	34
آنوبیس	34
آوازهایی	34
آوازه‌خوان	34
آوردیم	34
آورورا	34
آونری	34
آوی	34
آکل	34
آکواریومی	34
آکینو	34
آیسک	34
آینده‌پژوهی	34
آینوها	34
آیوا	34
آی‌ان‌اس	34
ابروی	34
ابقاء	34
ابلک	34
ابوالحسنی	34
ابوشجاع	34
اتابکی	34
اتاقکی	34
اتوبوسهای	34
اتومبیلهای	34
اتوو	34
اثاث	34
اجنبی	34
احشایی	34
احقاف	34
احمدلو	34
اخترزیست	34
اختصارا	34
اختلاف‌نظر	34
ادرین	34
ادعاست	34
ادعاهایی	34
ارابه‌ران	34
ارتباط‌های	34
ارزش‌هایی	34
اروتیک	34
ازدی	34
ازنو	34
ازگل	34
استئوآرتریت	34
استانداردهایی	34
استدیوی	34
استراتفورد	34
استرالیائی	34
استطاعت	34
استعفایش	34
استقبالی	34
استمنا	34
استنباطی	34
استپانوس	34
اسفراینی	34
اسفیدان	34
اسلام‌شناسی	34
اسلحه‌خانه	34
اسلحه‌ها	34
اسملاند	34
اسنوپ	34
اسيد	34
اسپورتینگ	34
اسکلت‌های	34
اسکنه	34
اس‍ت	34
اشتهای	34
اشعارشان	34
اشكال	34
اصلاح‌طلبی	34
اصلانیان	34
اعتدالین	34
اعلانی	34
اغوا	34
افجه	34
افران	34
الإمام	34
الائمه	34
الاتحاد	34
الاقالیم	34
الاولیا	34
البحرین	34
البر	34
التجاره	34
التولیه	34
الجبر	34
الخیر	34
الطور	34
العموم	34
الفتح	34
القاضی	34
القتال	34
القصر	34
القول	34
الكترودها	34
المحرق	34
المصری	34
المقتدر	34
المپيک	34
الندیل	34
الندیم	34
النفس	34
الکتروشیمی	34
الکتروموتور	34
الکل‌های	34
الکندی	34
الیوری	34
الیکایی	34
امتیازهای	34
امرد	34
امنيتي	34
امهرست	34
اموزشی	34
انتاکیه	34
انترناسیونالیسم	34
انتشارت	34
انتشاری	34
انجامش	34
انجی	34
انداخته‌اند	34
اندازي	34
اندیشه‌نگاشت	34
انشاءالله	34
انشای	34
انوبیس	34
انکارتا	34
انکارناپذیر	34
انگاره	34
انگاه	34
انگوت	34
انگیختگی	34
انیاک	34
اوجگیری	34
اودا	34
اورانیم	34
اورخان	34
اورومچی	34
اورژانسی	34
اورک‌ها	34
اورین	34
اوزیریس	34
اوساسونا	34
اوله	34
اوين	34
اوچ	34
اپیدمیک	34
اژدهایان	34
اکادمی	34
اکتساب	34
اکتور	34
اکل	34
اگاهی	34
اگرسیو	34
اگوستوس	34
ایبرت	34
ایرونی	34
ایسین	34
ایمانوئل	34
ایمیل‌ها	34
اینترتینمنت	34
ایوانف	34
ایوانها	34
ایوانکی	34
ایونیا	34
ایکر	34
ایگدراسیل	34
ای‌تی‌پی	34
بابان	34
باتلاق‌های	34
باداخوس	34
بادر	34
بادشکن	34
بادهایی	34
بارا	34
بارتولومئو	34
بارشهای	34
بارکلی	34
باریونی	34
بازارهایی	34
بازداشتش	34
بازداشتگاه‌های	34
بازفرآوری	34
بازمی‌گشت	34
بازنشستگان	34
بازوان	34
بازویی	34
بازگرداندند	34
باسازی	34
باستانشناس	34
باسرعت	34
باسیلوس	34
باشدو	34
باطنیه	34
باغان	34
باقرالعلوم	34
بالاس	34
بالايي	34
بالمر	34
بالنگ	34
باهوکلات	34
باوندی	34
بايست	34
بایه	34
بایکوت	34
بتابد	34
بخارها	34
بدامن	34
بدنه‌ای	34
بدنيا	34
بذکر	34
برآشفت	34
برآوردگر	34
برافزایشی	34
براندازد	34
برانگیزد	34
براهینی	34
برترين	34
برجسته‌است	34
برخاسته‌است	34
برخواستند	34
برخواهد	34
بردوش	34
برزمین	34
برفک	34
برنابئو	34
برنداشت	34
برندی	34
برنیامد	34
بروکلمان	34
بروکنر	34
برچه	34
برکاء	34
برگرد	34
برگه‌ای	34
برگچه	34
برگچه‌های	34
بریجت	34
بزرگ‌سالان	34
بساتین	34
بسازم	34
بسيج	34
بشمارند	34
بشوید	34
بقعة	34
بقی	34
بلادرنگ	34
بلانش	34
بلروفون	34
بلز	34
بلوا	34
بلوارهای	34
بلورنگاری	34
بلوچها	34
بلوکباشی	34
بلیچینگ	34
بمب‌افکن‌های	34
بمیر	34
بنسون	34
بنفیکا	34
بنویس	34
بنیتز	34
بن‌مایه‌های	34
بهانه‌های	34
بهره‌های	34
بهیار	34
بهیاری	34
به‌واسطه	34
بوئرها	34
بودائیان	34
بوده‌ام	34
بوديم	34
بورت	34
بولاق	34
بومدین	34
بونی	34
بوچیر	34
بوژگان	34
بيانگر	34
بيايد	34
بيعت	34
بپزد	34
بکشم	34
بگشا	34
بگوش	34
بگیری	34
بیاتی	34
بیدستان	34
بیدی	34
بیرشک	34
بیرهوف	34
بیسموت	34
بیسکویت	34
بیشه‌های	34
بینوا	34
بی‌احترامی	34
بی‌اطلاع	34
بی‌بی‌خانم	34
بی‌ثبات	34
بی‌حس	34
بی‌حسی	34
بی‌طرفانه	34
بی‌نقص	34
تأييد	34
تاراس	34
تارسیس	34
تالارها	34
تاملی	34
تامپون	34
تاندربولت	34
تجملی	34
تخاصم	34
تخصصی‌تر	34
تخليه	34
تخمی	34
تراشان	34
تراموای	34
ترانه‌شناسی	34
ترانه‌ی	34
تراکتورها	34
تراکیا	34
ترب	34
ترجیحا	34
ترجیع‌بند	34
تردیدها	34
ترسيم	34
تركمنی	34
تروتسکیستی	34
تسایتونگ	34
تسخير	34
تسلیتی	34
تسوکویمی	34
تشتت	34
تشدیدی	34
تشکل‌ها	34
تصاعدی	34
تصديق	34
تصنیف‌ها	34
تضادی	34
تعاونی‌های	34
تعبیرهای	34
تعزیر	34
تعمیم‌یافته	34
تلخاب	34
تمرين	34
تمهید	34
تمیزی	34
تنقیح	34
تنگاب	34
تهنیت	34
تهیدست	34
تهیدستان	34
توافقاتی	34
توجیهات	34
توخولسکی	34
تورنمنت‌های	34
تورژسانس	34
توسعه‌ی	34
توشیبا	34
توهمی	34
توکاتا	34
تویوتومی	34
تپورستان	34
تکاوری	34
تکبر	34
تکرارشونده	34
تکنيک	34
تکنیتیوم	34
تکیه‌گاه	34
تک‌جمله‌ای	34
تک‌یاختگان	34
تیانجین	34
تیزهوش	34
تیمارخوس	34
تیمبرلیک	34
تیگرینیا	34
ثامن	34
جاغوری	34
جالبتر	34
جامائیکایی	34
جامع‌ترین	34
جام‌جم	34
جاکی	34
جب	34
جبرائیل	34
جبهه‌ای	34
جدوگاه	34
جرش	34
جزئیه	34
جزوه‌های	34
جزوی	34
جزینک	34
جمهورهای	34
جمهوری‌ها	34
جنبش‌هایی	34
جنبه‌ها	34
جنجویدها	34
جنر	34
جنسیس	34
جنين	34
جنگ‌افزارها	34
جواهراتی	34
جواهریان	34
جونده	34
جونو	34
جونی	34
جوهور	34
جیزان	34
جیش	34
حدقه	34
حرامزاده	34
حرف‌ها	34
حریره	34
حریز	34
حسود	34
حشره‌خوار	34
حصه	34
حصیربافی	34
حضر	34
حكايت	34
حلال‌های	34
حمایت‌ها	34
خاتم‌الانبیا	34
خاری	34
خالده	34
خامه‌ای	34
خانشقاقی	34
خانمرود	34
خانه‌شان	34
خاکسترش	34
خبرنگارانی	34
خداناباور	34
خدايان	34
خدمتگذار	34
خدمتگزار	34
خدنگ	34
خرابکارانه	34
خران	34
خرمدینان	34
خروار	34
خسروان	34
خشت‌های	34
خشکیده	34
خص	34
خضرآباد	34
خضوع	34
خطابه‌های	34
خطرناك	34
خطرناکترین	34
خلافکار	34
خلور	34
خلیفه‌ای	34
خمرها	34
خوابه	34
خواستی	34
خودبه‌خودی	34
خوراک‌ها	34
خوربا	34
خوشایندی	34
خوشگذران	34
دائرۀالمعارف	34
داج	34
داداش	34
داده‌بودند	34
دادگان	34
دادیار	34
دارابودن	34
داست	34
داشتی	34
داغدار	34
دالز	34
داندی	34
داوسون	34
داووس	34
دایکندی	34
دخمه‌ها	34
دربسته	34
درس‌ها	34
درشت‌تر	34
درندگان	34
درنظرگرفتن	34
درنگریستن	34
دروازبان	34
دروان	34
دروغگویی	34
دریاداری	34
دریافتن	34
دریچه‌ها	34
دزیره	34
دسترسی‌های	34
دشمنانی	34
دكتری	34
دلارام	34
دلاوری‌های	34
دلتنگی‌های	34
دلسردی	34
دلها	34
دلپی	34
دلگرم	34
دمنده	34
دنبالچه	34
دهاتی	34
دهستانها	34
دهمیان	34
دهگلان	34
دوجنسی	34
دوربين	34
دوربینها	34
دورف‌ها	34
دورکی	34
دورینگ	34
دوستانشان	34
دوستانم	34
دولایه	34
دوکل	34
دگرگونی‌هایی	34
دیان	34
دیتون	34
دیدگاه‌هایی	34
دیرینه‌ای	34
دیوانش	34
دیودوت	34
دیوهای	34
دیوژن	34
دیژون	34
دی‌اکسیدکربن	34
ذلت	34
ذمه	34
ذی‌القعده	34
رؤسا	34
رؤیاهای	34
رئیسعلی	34
رابطۀ	34
راست‌گرای	34
راس‌ها	34
رامبد	34
رامبرانت	34
رامش	34
رام‌الله	34
رانام	34
رانکوه	34
راپسودی	34
رایانامه	34
ربروف	34
ربيع	34
رتیل	34
رحلی	34
رخدادهایی	34
رخصت	34
ردایی	34
ردیوهد	34
رصدخانه‌های	34
رضاخانی	34
رضوان‌شهر	34
رعشه	34
رفتارشناسی	34
رقاصان	34
رقبایش	34
رل	34
رمات	34
رمانتیسیسم	34
رنگي	34
رهبري	34
رهبریت	34
روئیده	34
روانکاو	34
روب	34
روحيه	34
روزبه‌روز	34
روزرسانی	34
روستانشینان	34
رومینگ	34
روهیریم	34
رویاروی	34
روی‌داد	34
رکسلان‌ها	34
ریاکاری	34
ریدان	34
ریزدانه	34
ریزیم	34
ریونکلا	34
ریچاردز	34
ریگا	34
زاج	34
زادبوم	34
زاویه‌دار	34
زایس	34
زخمه	34
زرآباد	34
زرنق	34
زرنگی	34
زریران	34
زل	34
زلزله‌شناسی	34
زلقی	34
زمیندار	34
زناکار	34
زنجيره	34
زني	34
زنگ‌نزن	34
زهرابه	34
زوائد	34
زوجهای	34
زونا	34
زیبایی‌ها	34
زیدیان	34
زیراکس	34
زیررده	34
زیرشیروانی	34
زیرمجموعه‌ها	34
زیرکوه	34
ساباط	34
ساده‌سازی	34
سازندگي	34
ساعت‌سازی	34
سالیتون‌ها	34
ساکارید	34
ساییدن	34
سباستیان	34
ستودند	34
سخره	34
سخی	34
سرراست	34
سرزمين‌های	34
سرسپردگی	34
سرلشکری	34
سروده‌هایی	34
سرویراستار	34
سرگرفته	34
سعیدلو	34
سفارتخانه‌ها	34
سفاردی	34
سفرا	34
سفسطه	34
سفیده	34
سفینه‌های	34
سقاخانه‌ها	34
سكته	34
سلا	34
سلاح‌هایی	34
سلاطين	34
سلغریان	34
سلمیه	34
سلوم	34
سناتورهای	34
سنخ	34
سنخواست	34
سنچولی	34
سنگین‌ترین	34
سه‌تایی	34
سوانک	34
سوتر	34
سوخومی	34
سوداگران	34
سورئالیست	34
سوربون	34
سوزن‌دوزی	34
سولاوسی	34
سوما	34
سوهان‌ماهی‌ها	34
سوپرانوی	34
سوپرهورنت	34
سوپرکاپ	34
سویداء	34
سيزده	34
سيزدهم	34
سيستمهای	34
سيما	34
سپندارمذگان	34
سپیتمه	34
سکزی	34
سکویا	34
سگان	34
سیاراتی	34
سیارکی	34
سیاسرد	34
سیاقی	34
سیب‌های	34
سیدخندان	34
سیدعبدالله	34
سیستکتومی	34
سیستین	34
سیسیفوس	34
سیلین‌ها	34
سیمکان	34
سیناپسی	34
سینسینتی	34
شاخک	34
شاذلی	34
شارحان	34
شاهجهان	34
شاهدیم	34
شاه‌عبدالعظیم	34
شاون	34
شايسته	34
شتلند	34
شدۀ	34
شرح‌های	34
شرق‌شناسی	34
ششها	34
شطرنجباز	34
شطیط	34
شعاع‌های	34
شعف	34
شقاوت	34
شماره‌گیری	34
شمسه	34
شمشیرش	34
شناسانی	34
شهداء	34
شهروندانی	34
شهريار	34
شورش‌هایی	34
شويم	34
شيطان	34
شيمی	34
شکلاتی	34
شکیب	34
شکیلا	34
شکیم	34
شگفت‌انگیزی	34
شیرخوار	34
شیرشاه	34
شیرمحمد	34
شیره‌ای	34
صالحان	34
صبای	34
صبری	34
صحرائی	34
صددروازه	34
صدسال	34
صدف‌خوار	34
صفائیه	34
صمیم	34
صندوقهای	34
صنوف	34
صوتي	34
صورتشان	34
صورتگر	34
صوفیگری	34
صیدون	34
ضدافسردگی	34
ضدهوایی	34
ضرغام	34
ضیافتی	34
طائب	34
طاب	34
طایفه‌ها	34
طشک	34
طلبکار	34
طلیعه	34
طول‌های	34
ظالمان	34
ظرفها	34
ظروفی	34
ظلمات	34
عاشقش	34
عالی‌قاپو	34
عالی‌نسب	34
عباده	34
عبدالرسول	34
عبدالرشیدی	34
عبدلی	34
عبدل‌آباد	34
عرب‌نشین	34
عزاست	34
عزمی	34
عطاء	34
علامتهای	34
علوي	34
علیصدر	34
علیها	34
علی‌زاده	34
عمادی	34
عمدة	34
عملیات‌هایی	34
عندلیب	34
عنوانهای	34
عواد	34
عيد	34
عینتاب	34
غارتگری	34
غارهایی	34
غربیه	34
غشائی	34
غمناک	34
غیراستروئیدی	34
فاطیما	34
فالی	34
فایو	34
فتوولتائیک	34
فتوکپی	34
فخرایی	34
فخیم	34
فدرالیسم	34
فرآورده‌هایی	34
فرآورش	34
فراریان	34
فرافکنی	34
فراماسون	34
فران	34
فراگیرترین	34
فرزکاری	34
فرمال	34
فرمالیسم	34
فرناباذ	34
فرنک	34
فرنگستان	34
فروریخت	34
فرونشاند	34
فریس	34
فریک	34
فسفاتاز	34
فسق	34
فشارسنج	34
فصح	34
فضائلی	34
فعاليت‌هاي	34
فعال‌سازی	34
فغان	34
فلانی	34
فلاوین	34
فلمینگی	34
فلوئوروزیس	34
فلوراید	34
فناوری‌هایی	34
فناپذیر	34
فهادان	34
فهمند	34
فوتونیکی	34
فوزی	34
فولادها	34
فولیکول	34
فکرت	34
فیتو	34
فید	34
فیستا	34
فیشینگ	34
فیلمنامه‌ای	34
فیلمنامه‌نویسی	34
فیلم‌بردار	34
فینالیست	34
فیوژن	34
قائم‌الزاویه	34
قائم‌مقامی	34
قاجاريه	34
قافله‌ها	34
قانون‌ها	34
قبرهایی	34
قبلي	34
قبیله‌اش	34
قدرت‌گیری	34
قدیم‌تر	34
قرائت‌های	34
قرانی	34
قسیم	34
قصابان	34
قفسه‌ها	34
قلبم	34
قلعه‌نویی	34
قلمکار	34
قمارباز	34
قورخانه	34
قویدل	34
كارداني	34
كارنامه	34
كاروان	34
كارگر	34
كشاورز	34
كلاه	34
كليسا	34
كلیسای	34
كمانچه	34
كمدي	34
كوه‌های	34
كوچک	34
كيهان	34
لارا	34
لاروس	34
لاس‌وگاس	34
لاشایی	34
لایبنیتس	34
لباب	34
لباسش	34
لبهای	34
لبولی	34
لحظه‌ها	34
لزبین	34
لشکرک	34
لشکرگاه	34
لوترک	34
لولایی	34
لوند	34
لوپ	34
لوپنتین	34
لوکوس	34
لوگی	34
ليبرال	34
ليو	34
لپتون‌ها	34
لیت	34
لیختن‌اشتاین	34
لیدوما	34
لیزوزوم	34
لیمبرت	34
لینکس	34
لینکلیتر	34
لیگی	34
ماتسوموتو	34
مادرانی	34
مادیسون	34
مارتنزیت	34
ماریوس	34
ماشتوتس	34
ماشینهایی	34
ماشین‌حساب	34
مالوی	34
مامن	34
ماموگرافی	34
مانگ	34
ماهاتیر	34
ماهاراشترا	34
ماورایی	34
مایه‌ای	34
مای‌اس‌کیوال	34
متابولیزه	34
متدیست	34
متشكل	34
متشکله	34
متعارض	34
متفکرانی	34
متقابلی	34
متنوع‌ترین	34
متوسلیان	34
متیلن	34
مثالها	34
مثمر	34
مجاهده	34
مجاورتی	34
مجوسی	34
محافظی	34
محاكمه	34
محبس	34
محتاطانه	34
محترمانه	34
محتشمی	34
محمدقوچانی	34
مخالفتها	34
مخالفیم	34
مختومه	34
مخمرها	34
مدالیته	34
مدايح	34
مددکار	34
مدها	34
مدیسه	34
مرتدان	34
مرثیه‌ای	34
مرجان‌هایی	34
مرووینگیان	34
مریخی	34
مزدیسنیان	34
مستعمره‌ای	34
مسطح‌سازی	34
مسلمان‌های	34
مسلکی	34
مسن‌ترها	34
مشترکات	34
مشقات	34
مشهوریتش	34
مشوش	34
مشکلاتش	34
مشکلتر	34
مصاحبه‌هایش	34
مصدرهای	34
مصرایم	34
مصورالخط	34
مضارب	34
مضافا	34
مظنونین	34
معادل‌هایی	34
معاریو	34
معاشقه	34
معاودان	34
معشوقش	34
معصومی‌لاری	34
معلوماتی	34
معنی‌گرا	34
معید	34
مغشوش	34
مقاله‌نویس‌های	34
مقبرةالشعرای	34
مقبله	34
مقدارش	34
مقوله‌ها	34
ملاح	34
ملاحضه	34
ملاصفر	34
ملاقه‌زنی	34
ملایی	34
ملخها	34
ملوانی	34
ملیحی	34
مناسبه	34
منجم	34
منظورش	34
منقحی	34
منهج‌الصادقین	34
مهاجرینی	34
مهسالان	34
مهمانشهر	34
مواهب	34
مورتیز	34
مورخی	34
موردهای	34
مورفولوژی	34
مورفیسم	34
موزی	34
موسکارینیک	34
موفق‌تری	34
موقر	34
مولتی‌اسکوپ	34
مویرگ‌ها	34
مویه	34
مي‌توانيد	34
مي‌دهي	34
مکانیزم‌ها	34
مکلود	34
مکملی	34
مکیناش	34
مک‌بی	34
مک‌دونالدز	34
مک‌یوون	34
مگابیزوس	34
میآورند	34
میتره	34
میخواهیم	34
میرابر	34
میرحمزه	34
میرسیم	34
میرشمسی	34
میرکلا	34
میلش	34
میلنا	34
میناس‌تیریت	34
میهن‌پرستی‌شان	34
میکسرها	34
میگرنی	34
می‌انگاشتند	34
می‌انگیخت	34
می‌جهد	34
می‌داریم	34
می‌فرمایند	34
می‌نشاندند	34
می‌يابند	34
می‌پاشند	34
می‌پرداخته‌است	34
می‌چسباند	34
می‌چسبانند	34
می‌گردیم	34
نئوکوئن	34
نادانان	34
نارسانا	34
نارکو	34
ناطق‌نوری	34
ناظم‌الاطبا	34
نافودا	34
ناقلای	34
نامعمولی	34
ناورزیده	34
ناپات	34
ناپديد	34
ناپیچیده	34
ناگوری	34
نت‌ایران	34
نجمیه	34
نخواستند	34
نديده‌ام	34
نرخی	34
نزاکت	34
نشاسته‌ای	34
نشریه‌ها	34
نشناخته	34
نشوید	34
نشینند	34
نصاب‌الصبيان	34
نصرالهی	34
نصرانیان	34
نصیبی	34
نفرت‌انگیزی	34
نفرشان	34
نقشهایی	34
نلسو	34
نمايان	34
نمکین	34
نمی‌بودند	34
نمی‌شده‌اند	34
ننوشت	34
نوادرالتبادر	34
نوازنده‌ی	34
نوبختی	34
نوبلیست‌های	34
نوراپینفرین	34
نوریکو	34
نوستالژیا	34
نوشته‌شده‌اند	34
نوشتیدند	34
نوژی‌وران	34
نوکتورن‌ها	34
نوکی	34
نيازهای	34
نيازي	34
نپذیرد	34
نپیوستن	34
نژادیش	34
نکردیم	34
نگارکنده‌های	34
نیاهندواروپاییان	34
نیتروژنی	34
نیستیم	34
نیلاب	34
نیوت‌ها	34
نیپولیس	34
نیکسار	34
نیک‌صفت	34
هائو	34
هارتلی	34
هاللاند	34
هالن	34
هرزه‌نگاری‌ها	34
هرزگوين	34
هشداردهنده	34
هشداری	34
هلمهولتس	34
هلولند	34
هلیلان	34
هلیوگابال	34
هلی‌کوپتر	34
همابائی	34
هماوردی	34
همسایه‌شان	34
همشهریانش	34
همنوایی	34
همه‌فن‌حریف	34
همودیالیزی	34
همگامی	34
همگیرایی	34
هندل	34
هندوستانی	34
هنرپيشه‌اي	34
هوفوئه	34
هولت	34
هومانوس	34
هژمون	34
هیدرودینامیکا	34
هیستریا	34
واتی	34
واجبت	34
واریولا	34
وازوپرسیناز	34
واسطه‌ی	34
والانس	34
والدوروف	34
والو	34
واژینالیس	34
واکسینه	34
وایلنت	34
وتری	34
وجودی‌اش	34
وجوهی	34
وجین	34
وخیم‌تری	34
ورثه	34
ورمیا	34
ورون	34
وریدهای	34
وفای	34
وقوف	34
ولادمیر	34
ولادی	34
ولسوالي	34
ومرج	34
ونداد	34
وندرس	34
وودستاک	34
ویتامینهای	34
ویرانی‌های	34
ویستار	34
ویسی	34
ویشتاسب	34
ویلکینز	34
ویمپل	34
ویپل	34
ویژه‌ی	34
ویکاث	34
ویکو	34
ویکی‌ها	34
ویگو	34
پائین‌ترین	34
پادگان‌ها	34
پارسر	34
پاساژ	34
پاسخ‌هایی	34
پاشش	34
پالو	34
پالوده	34
پامپا	34
پانتومیم	34
پاهایشان	34
پاپیون	34
پاکستانی‌ها	34
پایایی	34
پایینترین	34
پتروناس	34
پدرانشان	34
پدرسالار	34
پراکنی	34
پرتابل	34
پرتابه‌ای	34
پرتوریا	34
پرده‌برداری	34
پرسابقه	34
پرستوهای	34
پرلود	34
پرنورترین	34
پروازها	34
پروتامین	34
پروفسوری	34
پریدگی	34
پریکس	34
پسربچه‌ای	34
پشتونوالی	34
پشوتن	34
پلانی	34
پلمب	34
پلکها	34
پلی‌فیر	34
پمپئوس	34
پنجکنت	34
پورتراب	34
پورتهای	34
پورحسینی	34
پوشیدند	34
پونیک	34
پژوهش‌هایش	34
پیاده‌رو	34
پیدای	34
پیراهنی	34
پیشرفته‌تری	34
پیشواز	34
پیشینی	34
پیلای	34
پیماید	34
پیمودند	34
پیپل	34
پیپین	34
پیچیده‌تری	34
پیکره‌ها	34
چائو	34
چادائه	34
چالاک	34
چاله‌ای	34
چاهها	34
چاوشی	34
چاپارخانه‌ها	34
چاپهای	34
چای‌های	34
چتریان	34
چراغانی	34
چرخها	34
چرخید	34
چشمم	34
چشید	34
چغاخور	34
چكسلواكی	34
چمچمال	34
چندمین	34
چهارتایی	34
چهاروجهی	34
چوبینه	34
چوب‌زنی	34
چوپانیان	34
چیلر	34
ژئو	34
ژاکت	34
ژزوئیت‌ها	34
ژن‌درمانی	34
ژوان	34
ژولیو	34
ژیلبرتو	34
ژیواگو	34
ژیژکا	34
کاباره‌های	34
کاتا	34
کاتدرال	34
کاتو	34
کاتوویتس	34
کادرها	34
کاربامازپین	34
کارتاژی	34
کارخانه‌هایی	34
کارشکنی‌های	34
کاروتن	34
کارکن	34
کاسبی	34
کاستا	34
کاستل	34
کالاتراوا	34
کالریمتر	34
کالیاری	34
کامرانی	34
کاملتری	34
کامله	34
کامپانیا	34
کامپایلری	34
کامیونهای	34
کانتو	34
کاوش‌ها	34
کاپریس	34
کاین	34
کتمان	34
کتون	34
کدکن	34
کراتینین	34
کراسنودار	34
کرامه	34
کردارهای	34
کردلر	34
کره‌های	34
کروات‌ها	34
کرپسلی	34
کرکس‌های	34
کریدور	34
کریر	34
کریل	34
کسي	34
کشار	34
کشانی	34
کشفی	34
کشنده‌است	34
کلاش	34
کلاه‌برداری	34
کلاویه‌ای	34
کلباسی	34
کلدانیان	34
کلرو	34
کلمه‌ها	34
کلوب‌های	34
کلودی	34
کليه	34
کمدی‌های	34
کمردرد	34
کم‌ارتفاع	34
کنتاکت‌ها	34
کنتور	34
کنجاله	34
کندوله	34
کنر	34
کنزینگتون	34
کنسانتره	34
کنسرتوی	34
کنسپیریسی	34
کنگ‌دژ	34
کنیاتا	34
کنیه‌اش	34
کهربایی	34
کوراوغلو	34
کورتس	34
کورنی	34
کوشکک	34
کوفتگی	34
کومار	34
کويت	34
کوچ‌نشینان	34
کویینز	34
کيفيت	34
کیت‌های	34
کیمریان	34
کینگزلی	34
گائه	34
گالوم	34
گالیم	34
گاندو	34
گاوآهن	34
گجیل	34
گذارش	34
گذرند	34
گرانیتی	34
گراویس	34
گربه‌سان	34
گردآمدن	34
گردآورد	34
گرداندند	34
گردیم	34
گرزه	34
گرشوم	34
گرن	34
گروتسک	34
گروگان‌های	34
گرگهای	34
گریند	34
گریوز	34
گریگوریان	34
گزافی	34
گزندی	34
گزيد	34
گشا	34
گشاید	34
گفتارش	34
گفتمانی	34
گلادیاتورها	34
گلخانه‌ها	34
گلدا	34
گلدباخ	34
گلدشت	34
گلزاده	34
گلسنگ	34
گلهایش	34
گلوله‌هایی	34
گلوکوم	34
گمبرون	34
گنج‌های	34
گنوپلات	34
گهره	34
گهی	34
گوارای	34
گوتی	34
گودسپید	34
گودمن	34
گوشی‌ها	34
گوم	34
گونو	34
گوهرها	34
گیتاریست‌های	34
گیسوان	34
گیفان	34
گیلعاد	34
یائسه	34
یابید	34
یادشده‌است	34
یافتنی	34
یتیمی	34
یخ‌ها	34
یسن	34
یلنا	34
یهودی‌های	34
یواس‌اس	34
یوبیل	34
یوتل‌ست	34
یونانی‌تبار	34
یونانی‌های	34
یونیورسیتی	34
یکدستی	34
یکسوساز	34
یکپارچه‌سازی	34
ﺍﺯ	34
آئروژینوزا	33
آئیش	33
آبادگران	33
آبرنگی	33
آبشش	33
آبچلیک	33
آبکنار	33
آبگیرهای	33
آب‌انبارها	33
آب‌بازسانان	33
آب‌رسانی	33
آب‌وهوایی	33
آترئوس	33
آتشبازی	33
آتشفشان‌ها	33
آجودانی	33
آدا	33
آدابی	33
آدرس‌ها	33
آدمتوس	33
آدم‌کشی	33
آذرخشی	33
آذرگان	33
آراست	33
آرامشی	33
آرامی‌های	33
آرایه‌شناختی	33
آرزویش	33
آريانا	33
آرکانسا	33
آرگو	33
آرگومان‌های	33
آرگونوت‌ها	33
آریانیسم	33
آزادماهیان	33
آزارها	33
آزمایشگاهها	33
آزناوور	33
آسمان‌نما	33
آسنکرون	33
آسياب	33
آسیب‌دیده	33
آسیب‌دیدگی	33
آشوبهای	33
آشوبگر	33
آشی	33
آشیانه‌های	33
آغری	33
آفريده	33
آفریند	33
آفرینش‌های	33
آفند	33
آق‌اویلر	33
آق‌دام	33
آق‌کند	33
آكادمی	33
آلاموس	33
آلایندگی	33
آلبومشان	33
آلبوم‌اش	33
آلتوسر	33
آلمانی‌تبار	33
آلوی	33
آلکالوئیدها	33
آلکن	33
آلیسا	33
آل‌میوزیک	33
آمارو	33
آمبرلا	33
آمدنش	33
آمدگی	33
آمریگو	33
آموخته‌اند	33
آموزاندن	33
آموزش‌ها	33
آميز	33
آمیدالا	33
آمیگا	33
آنتن‌ها	33
آنتیموان	33
آنتی‌بیوتیکها	33
آندامان	33
آوازش	33
آوان	33
آوردید	33
آوین	33
آپارتمانش	33
آپارتمان‌ها	33
آژانسهای	33
آگست	33
ائوروستئوس	33
ائوس	33
ابرام	33
ابزارسازی	33
اتحادیه‌ها	33
اتمي	33
اتهام‌های	33
اتومبیلرانی	33
اتون	33
اتوکد	33
اجرامی	33
احاديث	33
احمق‌ها	33
اخیرش	33
ادارۀ	33
ادریسیان	33
ادیب‌السلطنه	33
ادینبرا	33
ارائة	33
اراضي	33
اربل	33
اربیتال‌های	33
ارتز	33
اردیبهشت‌ماه	33
ارزاق	33
ارشام	33
ارلانگن	33
ارلن	33
ارلیستات	33
اروسی	33
اروپايي	33
ارگ‌نواز	33
اری	33
اسانس‌های	33
اسانلو	33
اسبوکلا	33
اسب‌دوانی	33
استا	33
استاپ	33
استرادیول	33
استرهای	33
استعارات	33
استفاده‌اند	33
استفاده‌ها	33
استفتائات	33
استقامتی	33
استمفورد	33
استنادي	33
استودان	33
استک	33
اسطوقدوس	33
اسفالته	33
اسفنج‌ها	33
اسلحه‌سازی	33
اسلونی	33
اسمیر	33
اسپانسر	33
اسپاک	33
اسپیسی	33
اسکاتی	33
اسکله‌های	33
اسکندرانی	33
اسکولاستیک	33
اسیلوسکوپ	33
اشراف‌زادگان	33
اشعه‌های	33
اشکودا	33
اصطلاح‌های	33
اصغرزاده	33
اصلاحیه‌های	33
اصواتی	33
اطاقک	33
اعاظم	33
اعتبارسنجی	33
اعتبارش	33
اعدامش	33
اعلامی	33
افتراقی	33
افرادي	33
افریقای	33
اف‌تی‌پی	33
اقدام‌های	33
اقدسیه	33
اقليم	33
اقلیم‌های	33
الاجرا	33
الازیغ	33
الاستومرها	33
الجهاد	33
الحمایگی	33
الشمس	33
الطاف	33
الظاهر	33
العالی	33
العلما	33
العلمین	33
العملی	33
الفقیه	33
الفیل	33
القری	33
القورات	33
اللغات	33
الله‌آباد	33
المبین	33
الهام‌گرفته	33
الهي	33
اله‌سار	33
الوردی	33
الوزیر	33
الوین	33
الکلب	33
الیزا	33
الیگارشی	33
امبینت	33
امتزاج	33
امتيازي	33
امپرسیونیست‌ها	33
امکان‌های	33
امیدا	33
امیرخسرو	33
ام‌ال	33
انتخابات‌های	33
اندازه‌گيري	33
اندازه‌گیری‌ها	33
اندكی	33
اندور	33
انستيتوی	33
انسی	33
انشایی	33
انصاریان	33
انظباط	33
انکوریج	33
انگر	33
انگلیکان	33
انگيزه	33
انگیزه‌هایی	33
اهدافشان	33
اهرنجان	33
اوبراین	33
اوربرو	33
اورهان	33
اوسترگوتلاند	33
اوسط	33
اولویت‌ها	33
اوکتای	33
ايده	33
اپال	33
اپیدیدیم	33
اکرامی	33
اکسوم	33
اکسیدانی	33
اکسیژنی	33
اکوسیستم‌های	33
اگرت	33
ایدون	33
ایراداتی	33
ایرانی‌الاصل	33
ایرگون	33
ایری	33
ایرینا	33
ایزوتوپ‌ها	33
ایزوگام	33
ایزی	33
ایلا	33
ایلهان	33
ایمز	33
اینهمانی	33
ایه‌یاسو	33
ایپون	33
ایچ	33
بااینکه	33
باباشاه	33
بابانوئل	33
باختران	33
بادامچیان	33
بارالکتریکی	33
باروها	33
بارویر	33
باریکتر	33
بازاریابان	33
بازجوی	33
بازداشته	33
بازسازی‌شده	33
بازمی‌گرداند	33
بازکاوان	33
بازگردانی	33
بازیهایی	33
بازی‌کنان	33
باشلو	33
باقیمانده‌است	33
بالتازار	33
بالهایش	33
بامشاد	33
بانفوذترین	33
باکتری‌هایی	33
بایاتی	33
بایون	33
ببرم	33
بتول	33
بت‌پرست	33
بجوشانید	33
بحثها	33
بخدمت	33
بخواهم	33
بدارند	33
بدبختانه	33
بدحجابی	33
بدن‌های	33
بديع	33
بدیه	33
بدی‌ها	33
برابرش	33
برابری‌طلب	33
برادلی	33
برافراشتند	33
برافروخته	33
برانسون	33
براورده	33
برایمان	33
برتی	33
برج‌هایی	33
برخال	33
برخوردهایی	33
برداریم	33
برداشت‌ها	33
برزگ	33
برسانید	33
برشمرده‌اند	33
برلاس	33
برمی‌شمارد	33
برنار	33
برناردینو	33
برنینی	33
برهان‌ها	33
برهمنی	33
بروج	33
بروسلا	33
بروني	33
برکوه	33
برکیارق	33
بزرگداشتی	33
بستانکاران	33
بسته‌شدن	33
بستو	33
بسنگرد	33
بسوخت	33
بقاياي	33
بقدرت	33
بقصد	33
بقلی	33
بلاشر	33
بلاو	33
بلبرینگ	33
بلبلی	33
بلدة	33
بلغان	33
بلوک‌ها	33
بم‌تر	33
بنافت	33
بناهاي	33
بنف	33
بنيانگذار	33
بنکدار	33
بنیادینی	33
بنینگتون	33
بن‌لادن	33
بهرامشاه	33
بهره‌کشی	33
بهمن‌بیگی	33
بهمن‌شیر	33
به‌امروز	33
به‌بعد	33
به‌كار	33
به‌موقع	33
به‌نوعی	33
به‌وقوع	33
بوترابی	33
بوتزاتی	33
بوتنی	33
بودریار	33
بورانا	33
بوردیو	33
بوریا	33
بوزونی	33
بولت	33
بوناچیچ	33
بونو	33
بوه	33
بوکارامانگا	33
بوکرتی	33
بوکلو	33
بيماران	33
بيگانه	33
بچه‌هایش	33
بکتاش	33
بگوئید	33
بگيرند	33
بیار	33
بیاضه	33
بیافزاید	33
بیامد	33
بیاور	33
بیتوته	33
بیدختی	33
بیدشهر	33
بیدمشک	33
بیشترش	33
بیفزایند	33
بیلان	33
بیمه‌ای	33
بینائی	33
بی‌ارتباط	33
بی‌تفاوت	33
بی‌رحمانه	33
بی‌ضرر	33
بی‌واسطه	33
بی‌وفا	33
بی‌گناهان	33
تئودریک	33
تاباندن	33
تاتنهام	33
تاجيکستان	33
تاراگونا	33
تاریخ‌نویسی	33
تازه‌تأسیس	33
تالک	33
تامبورا	33
تانگوی	33
تاکيد	33
تاگالوگ	33
تایلور	33
تایوانی	33
تبارش	33
تبین	33
تت	33
تثبيت	33
تجاربی	33
تجمع‌های	33
تحت‌اللفظی	33
تحرکی	33
تخاری	33
تراژدی‌های	33
تربانتین	33
تردمیل	33
تركیبی	33
ترنه	33
ترومای	33
ترکیب‌هایی	33
تریو	33
تسای	33
تستر	33
تستری	33
تسخیری	33
تشت	33
تشريح	33
تشریع	33
تشيع	33
تصحیحات	33
تصمیمش	33
تصنیفی	33
تصویرش	33
تطبيق	33
تعریف‌ها	33
تعمیرکار	33
تعیین‌شده	33
تفنگ‌ها	33
تقاطعی	33
تقی‌پور	33
تلقیح	33
تلمارک	33
تلومراز	33
تلوگو	33
تمامیت‌خواه	33
تمام‌نگاری	33
تمب	33
تنالیته‌های	33
تناول	33
تنت	33
تندنویسی	33
تهامه	33
توأمان	33
توئین	33
توافقنامه‌های	33
توامان	33
توجيه	33
تودیع	33
توربینی	33
تورینه	33
توشه	33
توصیه‌هایی	33
توفان‌ها	33
تولکی	33
توهینی	33
توپدار	33
توپ‌ها	33
توک	33
تکاپوی	33
تکله	33
تکیه‌ها	33
تگزاسی	33
تیتانیم	33
تیرول	33
تیفوئید	33
تیلفون	33
تیما	33
تیمورآباد	33
تیمچه‌ها	33
تینی	33
تیورینگ	33
ثالثیه	33
جاذبه‌ها	33
جارچی	33
جان‌پیچ	33
جدایی‌طلب	33
جدایی‌طلبان	33
جدی‌ترین	33
جذابترین	33
جرایمی	33
جرد	33
جرزهای	33
جریاناتی	33
جزن	33
جغرافی‌دانان	33
جنده	33
جندی‌شاپور	33
جنیان	33
جنیدی	33
جن‌ها	33
جهانسوز	33
جوزجانی	33
جوزفین	33
جوزه	33
جوسازی	33
جوش‌های	33
جوکندان	33
جوکی	33
جویشگرهای	33
جیلانی	33
حاجی‌بیف	33
حبل	33
حبه	33
حجابی	33
حجار	33
حجت‌آباد	33
حداکثری	33
حربی	33
حرفش	33
حرفها	33
حسن‌خان	33
حسینیه‌های	33
حشره‌ها	33
حفریات	33
حفیت	33
حقیقت‌یاب	33
حلال‌ها	33
حلزون‌های	33
حمایل	33
حنین	33
حوض‌ها	33
حکمفرمایی	33
حیدرزاده	33
حیدریان	33
حیطه‌های	33
خاتم‌سازی	33
خادون	33
خاران	33
خاراندن	33
خاصش	33
خاطری	33
خانه‌هاشان	33
خانوادگی‌اش	33
خاورزمین	33
ختای	33
خداپرستان	33
خرابکار	33
خراطی	33
خردمندانه	33
خرسنگ	33
خرچنگ‌های	33
خلاقه	33
خمینه	33
خنک‌کننده	33
خوابگاه‌ها	33
خواندگی	33
خواهرخواندگی	33
خودخواهانه	33
خودخواهی	33
خودشیفتگی	33
خودكار	33
خودکارسازی	33
خوردنی‌هایی	33
خورهه	33
خوسفی	33
خویشی	33
خیرآبادی	33
دائه‌سو	33
دادائیسم	33
دادارباوری	33
داستی	33
دافنه	33
دامادی	33
دامنة	33
دامون	33
دامینیک	33
دانشجویانش	33
دانه‌هایی	33
داودخان	33
دت	33
دجاجه	33
دجانه	33
درابتدای	33
درازروده	33
درامی	33
دراوایل	33
درایه‌های	33
درعصر	33
درمدت	33
درنای	33
دروازه‌بانی	33
دستاویز	33
دسترسایی	33
دستگاههایی	33
دستگيری	33
دست‌نشانده	33
دشتابی	33
دشتستانی	33
دلدار	33
دل‌آرا	33
دنباله‌هایی	33
دهش	33
دهیار	33
دوشیدن	33
دولونه	33
دومنیکو	33
دومینو	33
دونه	33
دوچشمی	33
دوگونه	33
دژخیمان	33
دک	33
دگراندیش	33
دگرگونی‌ها	33
دیبی	33
دیجی‌مون	33
دیده‌ام	33
دیده‌می‌شود	33
دیرها	33
دیزنی‌لند	33
دیسکوس	33
دینشان	33
دیوانه‌ای	33
دیویزیون	33
دیکتاتورهای	33
ذره‌بین	33
ذوالفقارخان	33
راث	33
راديوآماتوري	33
رادیوبیولوژی	33
راستين	33
راست‌دست	33
راست‌روده	33
رافع	33
رانده‌اند	33
راهبر	33
راکت‌ها	33
راکوسی	33
راین‌کین	33
رایی	33
رباطها	33
رتبه‌ای	33
رجاء	33
رجینا	33
رحمانیان	33
رحمت‌الله	33
رحیمیان	33
رخ‌داد	33
رده‌ی	33
ردوکتاز	33
رزنر	33
رساناهای	33
رستم‌الحکما	33
رسميت	33
رشوه‌خواری	33
رضائیان	33
رضاییه	33
رفاعی	33
رمادی	33
رمانتیک‌ها	33
رمان‌هایی	33
رمزگذاري	33
رنتیسی	33
رنگرز	33
رهام	33
رهبانان	33
رهن	33
روئل	33
روتا	33
روخوانی	33
رودبارک	33
روری	33
روزآنلاین	33
روزبهانی	33
روزمرگی	33
روشت	33
روشن‌ترین	33
رومانتیسم	33
رومانف	33
روهر	33
روپوست	33
رویشگاه	33
روییدن	33
رکتوم	33
ریزموج	33
ریشی	33
ریم	33
ریموس	33
ریمون	33
ریمیکس	33
ریونگرو	33
زائی	33
زاهدانه	33
زراره	33
زردپوست	33
زعیم	33
زلزال	33
زنبورعسل	33
زندگیم	33
زوپس	33
زکام	33
زیباکلام	33
زیرلیست	33
ساخالین	33
ساختش	33
ساختیم	33
سارینن	33
سازوکاری	33
ساسی	33
ساموآی	33
سامی‌نژاد	33
سانتور	33
سانتورها	33
سانجی	33
سانرایز	33
سانسانگ	33
ساوان	33
سايپا	33
ساکسونی	33
سبکتگین	33
سبک‌شناسی	33
ستمکار	33
سجاس	33
سخنگویی	33
سدنا	33
سدید	33
سرآشپز	33
سرائی	33
سراج‌الدین	33
سراسقف	33
سرایدار	33
سرخان	33
سرستون	33
سرستون‌های	33
سرسفید	33
سرشیر	33
سرفصل‌های	33
سرمه‌ای	33
سرنشین‌دار	33
سرودند	33
سروسامان	33
سرپاورها	33
سرپرستي	33
سزن	33
سطح‌بالای	33
سطوحی	33
سعادیا	33
سعداوی	33
سفال‌ها	33
سقم	33
سلاحها	33
سلطانزاده	33
سلطانعلیشاه	33
سلوکی‌ها	33
سمائل	33
سمبولیک	33
سمله	33
سنجش‌های	33
سندلر	33
سنگویه	33
سنگ‌شناسی	33
سوالبارد	33
سوبارو	33
سوداگری	33
سودجو	33
سودجویان	33
سورئالیستی	33
سوررئال	33
سوررئالیست	33
سوزاننده	33
سوپرمن	33
سوگندنامه	33
سيصد	33
سکسیونر	33
سکوتی	33
سکونتش	33
سیالی	33
سیتم	33
سیستانی‌ها	33
سیستمهایی	33
سیستولی	33
سیشل	33
سیفون	33
سیف‌الله	33
سیلابهای	33
سیلوراستاین	33
سیلوی	33
سیماس	33
سیمایی	33
سیموس	33
شاخۀ	33
شادمانه	33
شاشیدن	33
شانه‌داران	33
شانکار	33
شاهاندشت	33
شاه‌انگبین	33
شباهت‌ها	33
شرا	33
شرط‌بندی	33
شركتهای	33
شریر	33
ششگلان	33
شصتم	33
شفق‌های	33
شفیره	33
شلم	33
شمالشرق	33
شمسی‌پور	33
شنب	33
شنيد	33
شهرشان	33
شهرنوش	33
شوارع	33
شوخی‌های	33
شورشها	33
شورشهایی	33
شوریجه	33
شوفار	33
شوقان	33
شولدینر	33
شوهان	33
شوهردار	33
شوکتی	33
شوگرن	33
شکاربانی	33
شکنجه‌هایی	33
شیب‌های	33
شیرین‌بیان	33
صائنی	33
صحرانشینان	33
صداست	33
صداپیشگی	33
صدف‌های	33
صدقات	33
صرافان	33
صفت‌های	33
صفرعلی	33
صفرمراد	33
صفرها	33
صهبا	33
صومعه‌ها	33
ضدالتهاب	33
ضدزنگ	33
ضدیهودی	33
ضربدر	33
ضرب‌المثل‌ها	33
ضعفی	33
ضمایم	33
طبقه‌بندی‌های	33
طخارستان	33
طرسوس	33
طرفانه	33
طریان	33
طریقة	33
طغیانی	33
طفیل	33
طنجه	33
طنزپردازان	33
طومارهای	33
طوماری	33
طویل‌ترین	33
ظفرنامه	33
عالی‌رتبه	33
عايشه	33
عبارت‌هایی	33
عبث	33
عبدالنبی	33
عبدان	33
عربشاه	33
عرصه‌ای	33
عرضش	33
عرقیات	33
عروة	33
عزوجل	33
عزيمت	33
عقب‌مانده	33
عقدا	33
علیدوستی	33
علیرضایی	33
علیشاهی	33
علیپور	33
علی‌البدل	33
علی‌نقی	33
علی‌نژاد	33
عمرم	33
عکسهایی	33
عیبی	33
عیسا	33
عیسو	33
عیلامی‌ها	33
غائی	33
غجدوانی	33
غراب	33
غزوات	33
غلام‌حسین	33
غوغا	33
غیرآهنی	33
غیرعقلانی	33
فابل	33
فارس‌زبان	33
فارقلیط	33
فانتا	33
فانگ	33
فاگوت	33
فایتینگ	33
فایلھای	33
فایل‌هایی	33
فتوت	33
فتوحاتش	33
فدورا	33
فرائض	33
فرانت	33
فرانی	33
فردش	33
فردوسي	33
فرزیان	33
فرمانرو	33
فرمول‌ها	33
فرناندز	33
فرهادخان	33
فرهودی	33
فروتر	33
فرودگاهها	33
فروگذار	33
فریش	33
فریفته	33
فسطاط	33
فضلاء	33
فضلویه	33
فعالیتهایش	33
فعل‌ها	33
فلامكي	33
فلسهای	33
فلورین	33
فمینیست‌ها	33
فمینیست‌های	33
فندرسک	33
فهمیدم	33
فواصلی	33
فوتبالش	33
فوجین	33
فود	33
فولادسازی	33
فولادمحله	33
فونیکس	33
فيض	33
فيلسوف	33
فیئر	33
فیانور	33
فیبرنوری	33
فیبرین	33
فیدیاس	33
فیربنکس	33
فیزیکدانی	33
فیلدز	33
فینکس	33
فیوضات	33
قاصدی	33
قاضي	33
قافله‌های	33
قالبها	33
قانون‌گذار	33
قاینات	33
قبیلۀ	33
قحطان	33
قدامه	33
قدرتشان	33
قدرت‌ها	33
قدیسین	33
قرارداشته	33
قرقیزها	33
قره‌داغ	33
قره‌قیه	33
قریب‌الوقوع	33
قزلحصار	33
قشقايی	33
قصه‌ای	33
قطعیه	33
قفلهای	33
قلابدار	33
قلب‌ها	33
قلعه‌نو	33
قلعه‌هایی	33
قلمرویی	33
قلم‌مو	33
قندکافت	33
قهریه	33
قهورد	33
قهی	33
قورت	33
قورچی‌باشی	33
قوریلتای	33
قوسهای	33
قوها	33
قيامت	33
قیدهای	33
قیزیل	33
كاركرد	33
كارمند	33
كاغذ	33
كرانه	33
كرايه	33
كفش	33
كلات	33
كلاسيك	33
كليد	33
كليسای	33
كنده	33
كودكي	33
لاتکس	33
لافایت	33
لامبدا	33
لامبرت	33
لامپ‌هایی	33
لاوال	33
لاپورتا	33
لاگوس	33
لایتنینگ	33
لتیان	33
لردی	33
لرزشی	33
لرنشین	33
لشته‌نشا	33
لشگرهای	33
لعب	33
لقا	33
لمبتون	33
لن	33
لوریس	33
لوکاشنکو	33
لوکیشن	33
لوینسون	33
لیائونینگ	33
لیبیدو	33
لیختن	33
لیدا	33
لیلاز	33
لیموی	33
لیوا	33
لیپاز	33
مأمن	33
ماتراتزی	33
ماتروشکا	33
مادربورد	33
مادرت	33
مادرزاد	33
ماده‌گرایی	33
مارو	33
مارکر	33
مارکوزه	33
ماز	33
ماستر	33
ماسکی	33
مالایی‌ها	33
مالیک	33
مامبو	33
ماموت	33
مانتیکور	33
ماندلشتام	33
مانیتول	33
ماهنامه‌ای	33
ماهون	33
ماگنا	33
مایاکوفسکی	33
مایکلسون	33
مباشر	33
مباشرت	33
مبتکرانه	33
متأخرتر	33
متابولیت	33
متافاز	33
متافيزيک	33
متجاوزین	33
متخلف	33
متعصبان	33
متعفن	33
متفکری	33
متقدمین	33
مجدی	33
مجمر	33
مجمع‌الجزایری	33
مجیر	33
محذوف	33
محرمات	33
محرمانه‌ای	33
محشور	33
محمدحسین‌میرزا	33
محمدظاهرشاه	33
محمدعلی‌شاهی	33
محمدمهدی	33
محمودبگ	33
محکومیتش	33
مخالفتش	33
مختصه	33
مخروبه‌ای	33
مخفی‌کاری‌هایی	33
مخل	33
مخورد	33
مدلول	33
مديري	33
مدیتیشن‌های	33
مدیرت	33
مرانته	33
مراوه‌داغ	33
مرداکا	33
مرده‌ها	33
مرزهایش	33
مرزهایی	33
مرعشی	33
مرقوم	33
مرکاوای	33
مرکزيت	33
مزاره	33
مزوسفر	33
مستثنا	33
مستنداتی	33
مسقطی	33
مسیبرهای	33
مشاراعظم	33
مشاهده‌ای	33
مشاهده‌گر	33
مشاوان	33
مشاورت	33
مشتق‌هایش	33
مشت‌زنی	33
مشروعيت	33
مشرک	33
مشغول‌به‌کار	33
مشوقين	33
مصلائی‌ها	33
مصوبه‌ای	33
مضاربه	33
مطلقی	33
معارفه	33
معجزه‌ای	33
معجم‌الشعرا	33
معدنچی	33
معرفةالارض	33
معظمین	33
معمریه	33
معیشت‌اندیش	33
مغاک	33
مغدم	33
مغنیان	33
مفردات	33
مقاطعه	33
مقامش	33
مقدونیایی	33
مقسم	33
مقلوب	33
مقولاتی	33
مقوله‌ای	33
مكررات	33
مكزيكی	33
ملات‌گچ	33
ملامین	33
ملطیه	33
مللی	33
ملکه‌ای	33
ممتحن	33
ممد	33
ممكن	33
منبی	33
منتصری	33
منتظمیه	33
منتوحوتپ	33
منحنی‌های	33
منسا	33
منسل	33
منشی‌گنج	33
منفعتی	33
منیسک‌ها	33
مهاجرپذیرترین	33
مهبودی	33
مهذب	33
مهرابه‌های	33
مهرام	33
مهریار	33
مهریان	33
مهریجان	33
مهماندار	33
مهمشان	33
مهميزدار	33
مهیای	33
مه‌آلود	33
مواظبت	33
موبی	33
موزائيك	33
موزین	33
موشواره‌ای	33
موقعیت‌یاب	33
مولنیا	33
مونوریلی	33
موهبتی	33
موگابی	33
مژه‌ها	33
مکاتباتی	33
مکانیسمی	33
مکث	33
مکشوف	33
میافتد	33
میخارس	33
میربور	33
میرومسنیل	33
میزراهی	33
میزها	33
میشی	33
میمند	33
میمنه‌گی	33
میناس‌تریت	33
مینیاتورها	33
میکاییل	33
میگوئلینا	33
می‌آموزیم	33
می‌بوده	33
می‌تابانند	33
می‌خوانده‌اند	33
می‌خوایم	33
می‌داشته‌است	33
می‌ربایند	33
می‌رسیده‌اند	33
می‌رقصد	33
می‌سوزند	33
می‌سپرد	33
می‌شنوند	33
می‌وزند	33
می‌گذشته	33
می‌گرداند	33
می‌گویید	33
نئاندرتالی	33
نئوکلاسیم	33
نائورویی	33
نابخشودنی	33
نابودتان	33
ناتاله	33
ناتوانایان	33
ناتورئالیسم	33
ناتورالیست‌ها	33
ناتوی	33
ناجور	33
ناحوم	33
ناخالصی‌هایی	33
ناخن‌های	33
نادانسته	33
نادقیق‌نگری‌ها	33
نارسایی‌هایی	33
نارسيس	33
نارویی‌ها	33
نالوکسان	33
نامادری	33
نامکوتوله‌ها	33
نانوحسگرهایی	33
نترسد	33
نتوانسته‌اند	33
نجم‌الملک	33
نحن	33
نحیف	33
نخجیر	33
نخلی	33
ندانستندی	33
ندرتا	33
ندیم‌باشی	33
نرمه	33
نرم‌ترین	33
نزن	33
نساب	33
نسکافه	33
نشانها	33
نصری	33
نصفی	33
نصیرالکتاب	33
نطقی	33
نقابی	33
نقطه‌ی	33
نمارستاق	33
نمایشنامه‌هایی	33
نمده	33
نمیتوان	33
نمی‌تاباند	33
نمی‌گذرم	33
نوآر	33
نوآموزی‌های	33
نوانس	33
نودشی	33
نودیت	33
نوروزه	33
نوری‌زاده	33
نوسکاپین	33
نوع‌هایی	33
نوكر	33
نوه‌های	33
نوکلئوتیدهای	33
نگارش‌هایی	33
نگذاری	33
نگذاریم	33
نگرش‌های	33
نگریستند	33
نگلاتپلسر	33
نگه‌داشته‌است	33
نیازش	33
نیازمنده	33
نیاسا	33
نیافتم	33
نیاورده‌اند	33
نیاوری	33
نیاکاشی	33
نینا	33
نیوماتیکی	33
نیکلسون	33
نیگاسایو	33
نی‌ريز	33
هاردکر	33
هاروتین	33
هارونیۀ	33
هالوژنهای	33
هاگرید‌آن	33
هذلولی	33
هرتابرلین	33
هرروزه	33
هرزندات	33
هرست	33
هروآباد	33
هرودا	33
هسته‌هایی	33
هشتمی	33
هفائیستوس	33
هفتصدهزار	33
هلهله	33
همپیمانانش	33
همکاری‌های‌اش	33
همکلاس	33
هم‌جوارش	33
هم‌دوره‌اش	33
هم‌سطحی	33
هنتر	33
هندیها	33
هوانسبتا	33
هواپیمایش	33
هوتاتما	33
هوتکی	33
هودرج	33
هورشینگ	33
هوروش	33
هولان	33
هولندر	33
هوموتوپی	33
هونهای	33
هویداپس	33
هکرهایی	33
هکلید	33
هکمتان	33
هیدروگرافی	33
هیروه	33
هینده	33
هیچ‌وجه	33
واثقی	33
وارکستر	33
واشیکی	33
واصف	33
واصلا	33
واندروالسی	33
واژة	33
واکوئلهای	33
وایلرستاین	33
واین	33
واینبرگر	33
وبلاگ‌نویس‌ها	33
وبومرنگ	33
ورزش‌کاران	33
ورسای	33
ورودیه	33
وزارتی	33
وزین	33
وستینگهاوس	33
وسک	33
وش	33
وصفنارد	33
وفاداران	33
وفی	33
ولایت‌ها	33
ولتز	33
ولوف	33
وليعهد	33
وندل	33
ونگوگ	33
وهمن	33
وهن	33
وهیزک	33
ويليام	33
ویارئال	33
ویتن	33
ویراژ	33
ویشتاسپ	33
ویمبلی	33
وینس	33
وینسنس	33
ویه	33
ویکی‌های	33
پاداشن	33
پادنا	33
پادوسبان	33
پارادوکس‌ها	33
پارامسی	33
پارسي	33
پارکها	33
پاری	33
پاسبانی	33
پاستا	33
پاشیر	33
پالایشی	33
پالنسیا	33
پانونیا	33
پان‌ایرانیسم	33
پاييز	33
پاپای	33
پاکارد	33
پاکو	33
پاک‌کن	33
پاگ	33
پاگان	33
پاگشا	33
پایاب	33
پایکولی	33
پخش‌شده	33
پدروی	33
پدریش	33
پدری‌اش	33
پذيري	33
پذیرتر	33
پرآشوب	33
پراتیک	33
پرتفوی	33
پرتیکان	33
پرخواننده	33
پردازش‌ها	33
پردنیزولون	33
پرستیژ	33
پرسشها	33
پرسشهایی	33
پرسشگان	33
پرسل	33
پرشیب	33
پرمیسل	33
پرمینجر	33
پرهنتیان	33
پروتئومیکس	33
پروتستانها	33
پروتکل‌هایی	33
پروردگارت	33
پروش	33
پرومتئوس	33
پروگرس	33
پریا	33
پریتونیت	33
پستیس	33
پسرکی	33
پس‌سری	33
پشاور	33
پشتبانی	33
پشتخه‌ها	33
پشتونستان	33
پطروگراد	33
پلاسمیدهای	33
پله‌هایی	33
پلور	33
پلیستوسن	33
پناهجویان	33
پنت‌هاوس	33
پنجزاری	33
پندارهای	33
پنی‌سیلینها	33
پورزند	33
پوریا	33
پوشانده‌اند	33
پوپک	33
پویانما	33
پویانمای	33
پيرو	33
پژوهشكده	33
پیاف	33
پیانوهای	33
پیراشکی	33
پیراندلو	33
پیرایه	33
پیرسون	33
پیروانشان	33
پیروزمند	33
پیشه‌های	33
پیلوری	33
پیونگ	33
پیچه	33
پیکونت	33
پیک‌های	33
پیگ‌رانی	33
پی‌اس‌وی	33
چاروسا	33
چاروق	33
چالشتر	33
چاهک	33
چاکو	33
چاگور	33
چراگاه‌ها	33
چربیهای	33
چرخانده	33
چشمهایش	33
چشمه‌سارها	33
چشیده	33
چلم	33
چندجانبه	33
چنی	33
چهارمش	33
چهارچوبی	33
چوبي	33
چونگ‌جن	33
چينی	33
چیترال	33
چیره‌شد	33
چیلی	33
ژازه	33
ژاپنیها	33
ژوئيه	33
ژورنالیستی	33
ژولین	33
ژیسکار	33
کاباره‌ها	33
کابرال	33
کاتماندو	33
کاجاران	33
کاراتر	33
کاربردش	33
کارتونیست	33
کارخواه	33
کارمینا	33
کارنامه‌اش	33
کارنیتین	33
کاروسو	33
کارپات	33
کارپف	33
کارکیا	33
کاریها	33
کاسپر	33
کاسپرسکی	33
کاسیان	33
کافرستان	33
کافیین	33
کالبدشناختی	33
کالیگولا	33
کامفیروز	33
کامنف	33
کامپيوترهای	33
کانادای	33
کاندیدهای	33
کاهی	33
کاپابلانکا	33
کاپادوکیایی	33
کاپریو	33
کاپلان	33
کاپل‌مایستر	33
کاکر	33
کایت	33
کبر	33
کبیری	33
کتاب‌سنجی	33
کتسیاس	33
کدنویسی	33
کدوی	33
کذاب	33
کرامنیک	33
کراولی	33
کرباسی	33
کربال	33
کردنشان	33
کردیه	33
کرشمه	33
کرل	33
کره‌ای‌ها	33
کرکر	33
کرکس‌ها	33
کریز	33
کریشن	33
کسرایی	33
کسین	33
کشمکش‌ها	33
کشیده‌شد	33
کشی‌های	33
کفل	33
کلارکسون	33
کلاهک‌های	33
کلس	33
کلنسی	33
کلوز	33
کليسای	33
کلیساهایی	33
کلینزمن	33
کمانداران	33
کمرش	33
کمونیستهای	33
کمپر	33
کنارهم	33
کنایات	33
کنایی	33
کنترل‌گر	33
کنجی	33
کندل	33
کندوز	33
کنسرسیومی	33
کنسول‌ها	33
کنعانی	33
کنندگانی	33
کوئنکا	33
کوبنده	33
کوجوار	33
کوجیکی	33
کودکیش	33
کورانی	33
کورتیس	33
کورساکف	33
کوروساوا	33
کوشش‌هایی	33
کونه	33
کوچکند	33
کوکتو	33
کپسولها	33
کیایی	33
کیتو	33
کیسم	33
کیلونیوتن	33
کیلوواتی	33
کیونگ	33
کیپلینگ	33
کیگانوس	33
گافرغان	33
گاههای	33
گدایان	33
گذاشته‌شد	33
گذرگاه‌ها	33
گراشی	33
گرامینه	33
گران‌بها	33
گراها	33
گردآورندگان	33
گرداگردش	33
گردنبندهای	33
گردویی	33
گرفته‌ام	33
گرفته‌شده‌است	33
گرمکن	33
گرمیان	33
گرگیاس	33
گریو	33
گزنون	33
گزیده‌است	33
گسترد	33
گسلی	33
گشوده‌است	33
گفتندی	33
گلاویز	33
گلران	33
گلرخ	33
گلیکوپروتئین	33
گنجشک‌سانان	33
گندمهای	33
گنگستری	33
گوادالوپه	33
گوارانی	33
گوام	33
گواهی‌های	33
گوتنبورگ	33
گودای‌گو	33
گورامیها	33
گوردخمه‌های	33
گورکان	33
گوزن‌ها	33
گوشه‌گیر	33
گونزالس	33
گویشورانی	33
گیاخاک	33
گیتارها	33
گیرایی	33
گیرنده‌هایی	33
گیم‌اسپات	33
گیگابیت	33
یأس	33
یادعلی	33
یاراحمدی	33
یاسمن	33
یافته‌بود	33
یال‌هایی	33
یخدان	33
یخ‌زدگی	33
یرموک	33
یرواند	33
یهودستیزانه	33
یوستی‌نیانوس	33
یوکان	33
یکدگر	33
یکشنبه‌ها	33
آبجوسازی	32
آبرامز	32
آبراه‌های	32
آبریزگان	32
آبسرد	32
آبشخور	32
آب‌انبارهای	32
آتش‌زا	32
آتول	32
آجرلو	32
آجین	32
آدم‌هایی	32
آذربايجانی	32
آرام‌تر	32
آرایشگاه	32
آرماند	32
آرماندو	32
آرمانها	32
آرمان‌شهر	32
آرژانتینی‌ها	32
آریاییها	32
آزادی‌گرایی	32
آسانترین	32
آستمیزول	32
آسین	32
آشفتگی‌های	32
آشنایی‌اش	32
آشوبگران	32
آشوربانیپال	32
آشویتز	32
آصف‌الدوله	32
آفرينش	32
آقایف	32
آلباسته	32
آلتر	32
آلساندرو	32
آلمینیوم	32
آلنی	32
آلومینوترمی	32
آلکالوز	32
آلیشیا	32
آلیفاتیک	32
آمر	32
آمریتسار	32
آمستریس	32
آمفتامین	32
آموخته‌هایش	32
آموزد	32
آمی	32
آمینوگلیکوزیدها	32
آناتما	32
آناسازی	32
آنتاگونیست	32
آنتی‌بیوتیک‌ها	32
آنشان	32
آنفولانزا	32
آنژو	32
آنکس	32
آنگه	32
آنگوئیلا	32
آهنرباها	32
آويزان	32
آپیا	32
آچمز	32
آگاتون	32
آگاهان	32
آگیلار	32
آیتم	32
آیزنشتاین	32
آیسسکو	32
آیم	32
آیینه‌ای	32
آیین‌نامه‌های	32
آی‌بى‌ام	32
آی‌پد	32
أخذ	32
أهل	32
أول	32
ائومر	32
اباقا	32
ابرانسان	32
ابرمکعب	32
ابرنواخترهای	32
ابقای	32
ابوالبشر	32
ابوالحسین	32
ابوحفص	32
ابوحمزه	32
ابولولو	32
ابیه	32
اتاقهایی	32
اتانس	32
اتمسفریک	32
اتونوم	32
اتکینسون	32
اجازه‌ای	32
اجازه‌ی	32
اجازۀ	32
اجرايی	32
اجراکنندگان	32
اجورث	32
احتراقی	32
احمقانه	32
اخترها	32
اخشورش	32
اخطاری	32
اداره‌کننده	32
ادامه‌ی	32
ادر	32
ادیبی	32
ارائه‌شده	32
اراك	32
ارایه‌گر	32
ارباس	32
اربد	32
ارتحال	32
ارتماسی	32
ارغوانی‌ها	32
ارمنیها	32
ارکسترها	32
ارکیده	32
ارک‌ها	32
اریب	32
اریسمان	32
ازوپ	32
اسباب‌بازی	32
اسبدوانی	32
اسب‌سواری	32
استاجلو	32
استادانه‌ای	32
استادم	32
استارتر	32
استاندارهای	32
استرابیسم	32
استراسبرگ	32
استرلاب	32
استروه	32
استمناء	32
استنطاق	32
استیر	32
استیفای	32
استیفنسن	32
اسرع	32
اسطول	32
اسفنگتر	32
اسلامگرای	32
اسلواکیایی	32
اسلون	32
اسماعیل‌زاده	32
اسپاخو	32
اسپایس	32
اسپلیت	32
اسکاد	32
اسکوشیا	32
اسکوفیلد	32
اسکیم	32
اسکینر	32
اسیداوریک	32
اشبیلیه	32
اشتون	32
اشك	32
اشلسویگ	32
اشپیلمن	32
اشکار	32
اشکنازی‌ها	32
اصل‌ها	32
اطاق‌ها	32
اطباء	32
اطلاع‌رساني	32
اعانات	32
اعتصابی	32
اعتمادکننده	32
اعدامها	32
اعدامی	32
اعدام‌شدگان	32
اعلام‌شده	32
اعلانات	32
اعمالش	32
اغانی	32
اغراق‌آمیز	32
افتادم	32
افتالموسکوپ	32
افجه‌ای	32
افسانه‌هایی	32
افغانهای	32
اقتضا	32
اقطاب	32
الادب	32
الامه	32
الانساب	32
البنا	32
التحصيلان	32
التفات	32
التفاوت	32
التفهیم	32
الحال	32
الحکایات	32
الدینی	32
الزمانی	32
الشریعة	32
الصباح	32
الفرج	32
الفضل	32
الفظی	32
القرنین	32
القرون	32
اللفظی	32
المعتصم	32
الملائکه	32
المکارم	32
النا	32
الوزرایی	32
الکاظم	32
الکتروتکنیک	32
الکتروسکوپ	32
الکتريکی	32
الیا	32
الین	32
ال‌ئی‌دی‌های	32
امراي	32
امرسن	32
امرش	32
امنون	32
امیرارسلان	32
امینه	32
انباشتن	32
انبردست	32
انت	32
انتقادهایی	32
اندازه‌اش	32
اندبیل	32
اندریاس	32
اندكي	32
اندوخت	32
اندوهی	32
اندک‌اندک	32
اندیشار	32
انطباعات	32
انقدر	32
انقلاب‌ها	32
انما	32
انوع	32
انیمیشن‌های	32
اوبری	32
اوتا	32
اورامانی	32
اورانژ	32
اوربیتال‌ها	32
اورلندو	32
اورنسه	32
اورو	32
اورگون	32
اوریسا	32
اوضاعی	32
اوغز	32
اولسن	32
اوپال	32
اوکجه	32
اویارسلام	32
ايتاليايی	32
ايد	32
ايستاده	32
اينان	32
اينترنتي	32
اپوش	32
اژدرها	32
اکبرخان	32
اگرا	32
اگزوست	32
اگزیستانسیالیستی	32
ایافیاتلایوکوتل	32
ایالتها	32
ایجی	32
ایده‌ی	32
ایرادهای	32
ایراندخت	32
ایران‌شناسان	32
ایراکلی	32
ایرون	32
ایریس	32
ایزج	32
ایزدانی	32
ایزمیت	32
ایزوتوپی	32
ایمپلنت	32
ایمیلی	32
اینا	32
اینانا	32
اینتل‌ست	32
اینداستریال	32
ایندرا	32
اینویاشا	32
اینویشا	32
ایوانویچ	32
ایور	32
ایگلز	32
ای‌ام‌دی	32
ای‌شی	32
بئر	32
بااستعداد	32
باتون	32
باجلوند	32
بادکنکی	32
بارباروسا	32
بارمان	32
بارورسازی	32
باریکانی	32
بازاریاب	32
بازشناخت	32
بازگردانید	32
بازگشته‌است	32
بازی‌کن	32
باستانشناختی	32
باستان‌گرایی	32
باستن	32
باسیلیوس	32
باشقیرستان	32
باشقیری	32
باصدای	32
باظرفیت	32
باغ‌هایی	32
باقرشهر	32
بالاجبار	32
بالادولید	32
بالاگریوه	32
بالنسبه	32
بالو	32
بالکار	32
بامباک	32
بانده	32
باورم	32
بايرن	32
باکوفو	32
باگذشت	32
بایرلی	32
بایستیم	32
ببخشید	32
ببندید	32
بتالاکتامها	32
بتخت	32
بتوینیک	32
بجوشد	32
بحالت	32
بحدی	32
بخارهای	32
بختیشوع	32
بخشیده‌اند	32
بخوابند	32
بخیه	32
بدائونی	32
بدبینانه	32
بدخشی	32
بدزدد	32
بدهی‌ها	32
برافراشتن	32
برانگیخته‌است	32
براوه	32
برایتمن	32
براید	32
برباد	32
برباید	32
برجستگی‌ها	32
برخیزند	32
بردارنده	32
بردستان	32
بردیای	32
برزيل	32
برق‌آسا	32
بركنار	32
برنامه‌ریزی‌های	32
برنامه‌هاي	32
برنامه‌پذیر	32
برنرز	32
بروتوس	32
برونداد	32
برگزيد	32
بزرگای	32
بزرگترها	32
بزنوید	32
بزیر	32
بساوایی	32
بسنجد	32
بسپاری	32
بسپارید	32
بشنو	32
بفرمود	32
بفهمیم	32
بقال	32
بلامی	32
بلاهای	32
بلعید	32
بلندترين	32
بلیط‌های	32
بلینی	32
بموقع	32
بمیرند	32
بنامی	32
بندیت	32
بنفشه‌ای	32
بنمایاند	32
بنوازند	32
بنگرد	32
بنیس	32
بنی‌بکر	32
بهاروند	32
بهترینهای	32
بهداشتي	32
بهدشت	32
بهرام‌آباد	32
بهروانفر	32
بهمنش	32
بهمن‌پور	32
بهناز	32
به‌درستی	32
به‌راه	32
به‌غیر	32
به‌ناچار	32
به‌همان	32
بوداسف	32
بودلرها	32
بوربون‌ها	32
بورگاندی	32
بوستان‌ها	32
بوستن	32
بوسني	32
بولاغی	32
بولوت	32
بوندس‌تاگ	32
بوکسینگ	32
بچه‌دار	32
بکران	32
بکشانند	32
بکوشند	32
بگذارم	32
بگی	32
بیاری	32
بیخه	32
بیرحم	32
بیست‌وسوم	32
بیطار	32
بیندازید	32
بیگل	32
بی‌آب	32
بی‌اهمیت	32
بی‌باک	32
بی‌تاثیر	32
بی‌سرپرست	32
بی‌معنا	32
بی‌پروا	32
بی‌پی	32
تأسيسات	32
تأكيد	32
تأکيد	32
تئودورا	32
تئوریسین‌های	32
تابوها	32
تابی	32
تاتیانا	32
تاثیرپذیری	32
تازه‌تر	32
تاسيسات	32
تاپل	32
تاپ‌ها	32
تاکینگ	32
تایتان	32
تای‌شو	32
تبرزین	32
تبسم	32
تبعیدهای	32
تبعیض‌آمیز	32
تحجر	32
تحریفات	32
تحیر	32
تدی	32
تذکره‌نویسان	32
ترازوی	32
تراكم	32
ترانسپرسیونیزم	32
ترانسپورتر	32
ترجیحی	32
ترسل	32
ترمزها	32
ترمیناتور	32
ترنجی	32
تروفون	32
ترکیسم	32
تریلوژی	32
تسمه‌ای	32
تسوکومگامی	32
تشریک	32
تشویقی	32
تصمیم‌سازی	32
تظاهرکننده	32
تعاريف	32
تعاقب	32
تعجبی	32
تعرضات	32
تعرفه‌ها	32
تعریف‌شده	32
تعهداتی	32
تفتازانی	32
تفرجگاه‌های	32
تفضیلی	32
تقریرهای	32
تقويم	32
تقویم‌ها	32
تكه	32
تلنبار	32
تمبرها	32
تمساح‌های	32
تمندر	32
تنبوشه	32
تنزیل	32
تنهايی	32
تنومندی	32
تنگنای	32
تنیدن	32
تنیسورهای	32
تهرانسر	32
تهمورس	32
توانمندی‌ها	32
توانگران	32
توبی	32
توج	32
توده‌ای‌ها	32
توربوجت	32
تورنت	32
توروس	32
توریستها	32
توریست‌ها	32
توسکانینی	32
توضیع	32
توقفی	32
توليدات	32
توموگرافی	32
توکا	32
تکش	32
تیرانوسور	32
تیره‌هایی	32
تیشه	32
تیمورلو	32
تینسولیت	32
تیه	32
تیپی	32
تیگلت‌پیلسر	32
تی‌ام	32
ثاقب	32
ثمرات	32
جارموش	32
جاروبرقی	32
جاسوس‌افزارها	32
جاشوا	32
جامه‌ها	32
جانانه	32
جان‌باختگان	32
جاهد	32
جدایی‌ناپذیر	32
جدلی	32
جدیدالتأسیس	32
جدیری	32
جدی‌تری	32
جرج‌تاون	32
جرعه	32
جرمشان	32
جزائی	32
جستاری	32
جستجوگری	32
جشن‌هایی	32
جعفرزاده	32
جلایری	32
جلبکها	32
جما	32
جمشیدآباد	32
جمنان	32
جنابت	32
جنگلهایی	32
جنگوک	32
جهان‌گرایی	32
جهینه	32
جواب‌ها	32
جواری	32
جوانیش	32
جواهرنشان	32
جوزپ	32
جویده	32
جیرجیرک‌ها	32
جیمسون	32
حاده	32
حاسب	32
حاكمیت	32
حالتها	32
حالت‌هایی	32
حاکمانی	32
حجةالاسلام	32
حرفه‌ای‌های	32
حركات	32
حریفی	32
حزبش	32
حسينی	32
حسیبی	32
حشره‌کش‌ها	32
حقوقشان	32
حكومتی	32
حلواارده	32
حملة	32
حود	32
حور	32
حوران	32
حومه‌ای	32
حکاک	32
حکیمانه	32
حیض	32
خاتمیت	32
خاتم‌کاری	32
خاخام‌ها	32
خاطره‌های	32
خانوادگی‌شان	32
خانی‌آباد	32
خداناباوری	32
خراجی	32
خرافاتی	32
خردنامه	32
خروسک	32
خرگوشی	32
خزران	32
خزه‌ها	32
خشونت‌بار	32
خطرناک‌تر	32
خلافکاران	32
خلافی	32
خمینی‌شهر	32
خنجرهای	32
خنده‌دار	32
خواجه‌نصیرالدین	32
خوانش‌ها	32
خوانندگانش	32
خودخوانده	32
خوران	32
خوراند	32
خوراکهای	32
خوراکی‌ها	32
خورت	32
خورزوق	32
خورگو	32
خوشامدگویی	32
خوشنامی	32
خونسازی	32
خیارکی	32
دابودشت	32
داده‌ایم	32
دارالعلم	32
دارتموث	32
دارمایی	32
داشته‌ام	32
دافع	32
دافی	32
دالان‌های	32
دالماتیا	32
دانستنی‌های	32
دانشجويی	32
دانشيار	32
دانشگاهی‌اش	32
داونی	32
داير	32
داچ	32
دایره‌ها	32
دایمبگ	32
دایموند	32
دایو	32
دباغ	32
دبستان‌های	32
دترویت	32
درآورده‌اند	32
دراماتيك	32
دران	32
دراگون	32
دربرمی‌گرفت	32
درجه‌دار	32
درختچه‌ها	32
درخشانتر	32
دردمند	32
درسها	32
درشرایط	32
درعا	32
درعرصه	32
درهمه	32
درهمی	32
درودی	32
درگذر	32
درگذشته‌اند	32
درگرفته	32
دریافت‌کننده	32
دریافت‌کنندگان	32
دریفترز	32
دزدها	32
دساگوادرو	32
دستورزبان	32
دسی	32
دسی‌لیتر	32
دفترها	32
دقيقی	32
دقیقترین	32
دلربا	32
دلمار	32
دلپذير	32
دل‌پیرو	32
دندانه‌ای	32
دنیزلی	32
دهدز	32
دهفول	32
دوئن	32
دوباره‌سازی	32
دوبه	32
دورسی	32
دورقمی	32
دورین	32
دوساد	32
دوستدارانش	32
دوست‌داران	32
دولتین	32
دومن	32
دونکرک	32
دونگا	32
دوگانه‌ای	32
ديدند	32
ديويد	32
دکترها	32
دیتالاگر	32
دیدز	32
دیدید	32
دیرپا	32
دیرکه	32
دیرینه‌سنگی	32
دیسیپلین	32
دیشموک	32
دیلان	32
دینانی	32
دینش	32
دیوپتر	32
دیکینسن	32
ذائقه	32
ذات‌الکرسی	32
ذره‌ها	32
ذوبی	32
ذوزنقه‌ای	32
راء	32
رابطه‌اش	32
رابله	32
رادولف	32
راسا	32
راستگویی	32
راسموسن	32
رامایانا	32
رامشگر	32
رامشگران	32
رامه	32
رانکین	32
راهرویی	32
راهزن	32
رايانش	32
رايگان	32
رایا	32
راینلاند	32
ربیعة	32
رب‌النوع	32
رتریور	32
رج	32
رجب‌علی	32
رحمانی‌پور	32
رختشوی	32
رخشانی	32
رزاق	32
رزاقی	32
رسالتی	32
رساني	32
رسای	32
رسومات	32
رسیتال	32
رسیده‌بود	32
رشیدیان	32
رضايت	32
رضوي	32
رقت	32
رقیبانش	32
رمپ	32
رناتو	32
رنجرز	32
رنگ‌هایی	32
رهبرشان	32
رهروان	32
رهین	32
ره‌آورد	32
رواجی	32
روزاریو	32
روزنامة	32
روزنه‌ها	32
روزگارش	32
روستانشین	32
روسي	32
روشن‌فکران	32
روما	32
رومانیا	32
رومولوس	32
رونالدینهو	32
رویارو	32
رویاهایش	32
رویگردان	32
ريزی	32
رگبرگ	32
ریاب	32
ریاستش	32
ریانا	32
ریتز	32
ریشک	32
ریفلاکس	32
ریمی	32
رینو	32
ریگستان	32
زاغی	32
زالی	32
زانویی	32
زاويه	32
زبرخان	32
زخمداران	32
زدا	32
زدائی	32
زردتشتی	32
زرگرها	32
زلیگ	32
زمین‌شناسان	32
زنبورک‌خانه	32
زنجفیل	32
زندانیانی	32
زنوزی	32
زنگلان	32
زن‌ستیزی	32
زهان	32
زهرآگین	32
زوند	32
زوپیر	32
زیارتگاه‌ها	32
زیانی	32
زیردستان	32
زیرساختی	32
زیرکشت	32
زیرک‌زاده	32
زیرگذر	32
زیستگاه‌ها	32
زیو	32
سائوتومه	32
سابات	32
ساباه	32
ساخاروف	32
سادو	32
سارقان	32
ساریس	32
ساعت‌ساز	32
سالاران	32
ساله‌ها	32
سالیوت	32
سامورایی‌ها	32
ساناهین	32
سانتریفیوژ	32
ساند	32
ساواته	32
ساپاردیل	32
ساکا	32
سبابه	32
سبزینه	32
ستاند	32
ستایشی	32
سترگی	32
ستونهایی	32
ستون‌دار	32
سخنش	32
سده‌ای	32
سرآغازی	32
سرافرازی	32
سرانجامی	32
سراهای	32
سربالا	32
سرجان	32
سرخابی	32
سرخه‌حصار	32
سرخون	32
سردمدار	32
سردکن	32
سرزندگی	32
سرستون‌ها	32
سرشاخه	32
سرشماری‌های	32
سرقفلی	32
سركوب	32
سرلشگری	32
سرمتی	32
سرمشقی	32
سروده‌ای	32
سروران	32
سروصدای	32
سرولایت	32
سرگردی	32
سرگرم‌کننده	32
سرگروه	32
سریعتری	32
سطرها	32
سفرشان	32
سقراطی	32
سقف‌ها	32
سلاق	32
سلستین	32
سلطانحسین	32
سلطان‌ها	32
سلفژ	32
سلوی	32
سلیقه‌ای	32
سمبل‌ها	32
سمسار	32
سمفونی‌های	32
سمک	32
سناباد	32
سناپور	32
سنتتیک	32
سنجار	32
سندان	32
سندرا	32
سندیت	32
سنگرها	32
سنگری	32
سنگ‌تراشی	32
سنیان	32
سن‌گویی	32
سهامدار	32
سهام‌دار	32
سهله	32
سه‌قلعه	32
سوئیچ‌ها	32
سوا	32
سواره‌رو	32
سواري	32
سواستوپول	32
سوراخ‌هایی	32
سوزاک	32
سوسک‌های	32
سوشیانس	32
سولانو	32
سولفاته	32
سوهانکاری	32
سوپراستار	32
سوچی	32
سوگلی	32
سویئچ	32
سوینگ	32
سيمان	32
سينماي	32
سپاهیانی	32
سپیدی	32
سکسکه	32
سکه‌شناسی	32
سگسار	32
سگوندا	32
سگ‌سانان	32
سیالان	32
سیاه‌پوش	32
سیتوکینز	32
سیدابوالحسن	32
سیداودالدین	32
سیدیوس	32
سیم‌کشی	32
سیناژن	32
سیکلوپ‌ها	32
سی‌ام‌اس	32
سی‌شارپ	32
شئی	32
شائوچی	32
شاخن	32
شاخه‌ی	32
شاره‌ها	32
شافر	32
شالازیون	32
شامکان	32
شانلی‌اورفه	32
شاهپرهای	32
شايان	32
شايع	32
شباویز	32
شبه‌کد	32
شداد	32
شراب‌سازی	32
شرافتمندانه	32
شرفیاب	32
شركتها	32
شرمساری	32
شريعت	32
شریف‌زاده	32
ششجوان	32
شعراوی	32
شعرایی	32
شفر	32
شك	32
شلیاق	32
شماتت	32
شناخته‌شده‌است	32
شناسايی	32
شنیده‌ایم	32
شن‌سا	32
شهدی	32
شهرند	32
شهرو	32
شواری	32
شوراياري‌ها	32
شورک	32
شوریک	32
شوسانا	32
شومیکر	32
شویان	32
شپشی	32
شکرک	32
شکستگی‌های	32
شیبا	32
شیخ‌زاده	32
شیرامین	32
شیشه‌گری	32
شیل	32
شیی	32
شی‌آن	32
صدیف	32
صعب‌العبور	32
صعوه	32
صفویه‌است	32
صقر	32
صلاحیت‌های	32
صمصامی	32
صوفيان	32
صولتی	32
ضدجاسوسی	32
ضرباتی	32
ضرب‌المثلی	32
ضرری	32
ضرورتا	32
طاها	32
طراحی‌شده	32
طراحی‌ها	32
طرحهاي	32
طرخان	32
طسوج	32
طغیان‌های	32
طلاکاری	32
طوقه	32
طیف‌سنج	32
ظنین	32
ظهران	32
ظهرها	32
عابران	32
عابرین	32
عاریه	32
عبادتی	32
عبارت‌ها	32
عبودیت	32
عتاب	32
عترت	32
عتصیون	32
عجلون	32
عجيب	32
عراقیان	32
عروس‌ها	32
عزاداری‌های	32
عسگرآباد	32
عشق‌های	32
عقائد	32
عقیده‌است	32
علايم	32
علت‌ها	32
علفخوار	32
علف‌ها	32
علیای	32
علیمحمد	32
عمدتآ	32
عملي	32
عملکردها	32
عمومآ	32
عنابی	32
عنس	32
عوان	32
عوضی	32
عیشی	32
غانم	32
غبارهای	32
غذایش	32
غرقه	32
غریبه‌ای	32
غزان	32
غلاطیان	32
غلتکهای	32
غلتکی	32
غوربند	32
غوره	32
غیرانسانی	32
غیردینی	32
غیرمترقبه	32
غیرمتعهدها	32
غیرمتمرکز	32
غیرمنطقی	32
غیریهودیان	32
فئودالیته	32
فاتحین	32
فارلین	32
فارک	32
فاشیست‌ها	32
فاصله‌اش	32
فالوده	32
فانتوم‌های	32
فانینگ	32
فاژها	32
فایروالهای	32
فتانه	32
فتح‌المبین	32
فتواهای	32
فتوحی	32
فحاشی	32
فحش	32
فرآيندهای	32
فراتحلیل	32
فرادست	32
فراروی	32
فراطبیعت	32
فراموش‌شده	32
فرانسیسیان	32
فراوانند	32
فراگيری	32
فراگیرد	32
فردوسی‌پور	32
فرزنو	32
فرسی	32
فرشته‌ها	32
فرش‌ها	32
فرضیه‌هایی	32
فرمانرواییش	32
فرمولاسیون	32
فرنکلین	32
فرهادک	32
فرهنگ‌فر	32
فرهی	32
فروخته‌است	32
فروردینگان	32
فروزش	32
فروشد	32
فروکاهی	32
فرياد	32
فریادی	32
فریان	32
فریجیه	32
فریدریک	32
فریدون‌شهر	32
فسفرگیری	32
فشرد	32
فشرده‌است	32
فضايي	32
فعالیتشان	32
فقرای	32
فقهایی	32
فلاته	32
فلجی	32
فلیندرز	32
فم	32
فنیقیان	32
فهرستهای	32
فوایدی	32
فورس	32
فورپومرن	32
فورگ	32
فولکوریک	32
فولیکولی	32
فوناکوشی	32
فيلم‌های	32
فیروزشاه	32
فیمابین	32
فیودور	32
قابلی	32
قاتلی	32
قارلق	32
قاشق‌زنی	32
قاعده‌های	32
قالی‌ها	32
قانقاریا	32
قانونمندی	32
قبادبزن	32
قدودین	32
قدومه	32
قرارگاه‌های	32
قرارگرفته‌اند	32
قرایی	32
قرصی	32
قرط	32
قروق	32
قزاقخانه	32
قزل‌آلا	32
قصه‌هایی	32
قضاوت‌های	32
قفسه‌های	32
قلقشندی	32
قلمروش	32
قلم‌ها	32
قلیل	32
قمارخانه‌ها	32
قم‌رود	32
قنادی	32
قندهاری	32
قنیطره	32
قهاوند	32
قهرآمیز	32
قهقرایی	32
قهوهای	32
قهوه‌خانه‌ای	32
قهوه‌خانه‌ها	32
قوام‌الدوله	32
قورقود	32
قول‌های	32
قیام‌ها	32
قیروان	32
قیمت‌گذاری	32
قینان	32
كارگری	32
كاریزما	32
كاشت	32
كتابي	32
كد	32
كرسی	32
كعبه	32
كمبود	32
كهنه	32
كوهی	32
لئونه	32
لاریوخا	32
لافلش	32
لالش	32
لامارک	32
لاکهارت	32
لاکوتا	32
لاینحل	32
لبیکی	32
لجران	32
لدزپلین	32
لذتی	32
لرتا	32
لز	32
لش	32
لعان	32
لغاتی	32
لندور	32
لنگی	32
لهستانی‌ها	32
لوازمی	32
لوحه‌های	32
لورنز	32
لوزه	32
لوزه‌ها	32
لوله‌هایی	32
لونگ	32
لویاتان	32
لکسوس	32
لکه‌هایی	32
لگام	32
لیتون	32
لینا	32
لیپی	32
لیگامان	32
مؤسسة	32
مابعد	32
ماتصا	32
ماجدی	32
ماجراجوی	32
ماجه	32
مادیا	32
مادینه	32
ماراویتسا	32
مارایجینگ	32
ماردها	32
ماروت	32
مارکوارت	32
ماریتا	32
مازه	32
ماسه‌های	32
ماسون	32
مامبولیوا	32
مامقانی	32
مامورين	32
ماندگان	32
مانوس	32
مانیا	32
مانیتورینگ	32
مانیکور	32
ماژان	32
ماگادان	32
مایعاتی	32
مایملک	32
مباح	32
مبتدیان	32
مبتکران	32
متاستاز	32
متداخل	32
متراکمی	32
مترصد	32
مترمكعب	32
مترونیدازول	32
متعاهدتین	32
متغير	32
متقلب	32
متمرکزی	32
متهورانه	32
متوترکسات	32
مثلث‌ها	32
مجازات‌ها	32
مجدالملک	32
مجردی	32
محافظانش	32
محتویاتی	32
محجوبه	32
محدودتری	32
محققه	32
محلهایی	32
محي	32
مخبرالسلطنه	32
مختلفه	32
مخدری	32
مخدوم	32
مداومش	32
مدخل‌هایی	32
مدرنیستی	32
مذبح	32
مرتجع	32
مرتکبینی	32
مردسالارانه‌ای	32
مردهایشان	32
مرزدانه‌ای	32
مرسولات	32
مرسی‌ساید	32
مرصع‌سازی	32
مرغ‌های	32
مرکاتر	32
مرگبارترین	32
مزیت‌های	32
مسئولی	32
مساء	32
مساجدی	32
مسافت‌ها	32
مستخدم	32
مستشارالملک	32
مستشاری	32
مستعجل	32
مستغرق	32
مستوی	32
مسرت	32
مسلسل‌هایی	32
مسینا	32
مشابهات	32
مشاهداتش	32
مشاهیر	32
مشاورپیوند	32
مشايخي	32
مشتریانش	32
مشتقی	32
مشخصی	32
مشعشع	32
مشعوف	32
مشکین‌شهر	32
مصارفی	32
مضافات	32
مضرابی	32
مظالمی	32
مظهری	32
معابدی	32
معبری	32
معتزلة	32
معدنچیان	32
معدنیان	32
معذرت	32
معقلی	32
معلقی	32
معمول‌ترین	32
معناگراست	32
مغرضی	32
مفسری	32
مفقودالاثر	32
مقاله‌هایش	32
مقامها	32
مقاومت‌های	32
مقایسه‌پذیر	32
مقبره‌ها	32
مقصور	32
مقصوره	32
ملداویای	32
ملكوت	32
ملنگو	32
ملک‌نیا	32
ممتازالملك	32
ممتحنین	32
ممزوج	32
مملوک	32
منداییان	32
مندسن	32
منطقةالبروجی	32
منظره‌پرداز	32
منعی	32
منقارش	32
منیری	32
مهره‌دار	32
مهره‌هایی	32
مهم‌تریم	32
موادناخالص	32
موتمرالدوله	32
موجهه	32
موردش	32
مورمانسک	32
مورنی	32
موریاه	32
موزائیک‌های	32
موسوس	32
موسیر	32
موسیقی‌شناس	32
موسیقی‌شناسانی	32
موضعگیری	32
موقعیت‌یابی	32
مولفه‌ها	32
مولهاوزن	32
مولکولهایی	32
مونترا	32
مونتریال	32
مونيك	32
موهاي	32
موکتاد	32
مي‌روزند	32
مکاتبه‌ای	32
مکاشفه‌ای	32
مکانیزمی	32
مکتب‌خانه‌ای	32
مکذبان	32
مکسس	32
مکنت	32
مکونیوم	32
مکیده	32
مگس‌ران	32
مگس‌گیر	32
میان‌ستاره‌ای	32
میثاقیه	32
میخواهم	32
میدانها	32
میرمحمدتقی	32
میروئنیا	32
میلونه	32
میل‌های	32
میناکاری	32
مینجیقان	32
میهنش	32
میوسکاها	32
میکنی	32
میگردید	32
میگوها	32
میگوییم	32
می‌انگارد	32
می‌تاخته‌اند	32
می‌توانستند	32
می‌درخشید	32
می‌راندن	32
می‌شویند	32
می‌مرده‌اند	32
می‌پوشانده‌است	32
می‌چرخید	32
می‌کشیم	32
می‌گزارند	32
می‌گوی	32
نئوپاگان	32
نابجایی	32
ناخودآگاهانه	32
نادری	32
نادی	32
ناصاف	32
ناصحی	32
ناصفری	32
نامتناسبی	32
نامه‌هایش	32
نامکاسیها	32
نام‌آوری	32
نام‌خانوادگی‌اش	32
ناهمسانگردی‌های	32
ناپزیری	32
ناگویا	32
نایژه‌ها	32
نتیجه‌بخش	32
نجاریه	32
نجوا	32
نرفتند	32
نرمتر	32
نسقشان	32
نسيبه	32
نسیه	32
نشاندگانش	32
نشست‌های	32
نظامیانی	32
نظراتش	32
نظرگیر	32
نعره	32
نعنای	32
نفسه	32
نقرس‌حاد	32
نكنم	32
نمايه	32
نماینده‌ی	32
نمی‌خواندند	32
نمی‌خواهند	32
نمی‌کرده‌است	32
نمی‌کنیم	32
نمی‌گرفته	32
ننمایی	32
نهادم	32
نهشته‌شده	32
نهصده	32
نهیب	32
نواندیشی	32
نوایان	32
نوترون‌ها	32
نودهان	32
نورافشان	32
نورعلی‌خان	32
نورمحمدخان	32
نوشته‌یجی	32
نوقا	32
نویسنده‌ام	32
نپذیرفتن	32
نیانت	32
نیاورم	32
نیرید	32
نیزارها	32
نیقنات	32
نیلوفری	32
نیلیه	32
نیمه‌خودمختار	32
نیم‌ساعت	32
نیوپورت‌بیچ	32
نیوکولاس	32
نیپاه	32
هارونی	32
هاپلوئيد	32
هاپوت	32
هایپ‌های	32
هجونامه‌ای	32
هدف‌گیری	32
هرنجی	32
هروه	32
هریپور	32
هزارتنه	32
هزلیاتش	32
هستک	32
هلری	32
هلندیها	32
هماگلوتینین	32
همدستانش	32
همدمی	32
همروزگاران	32
همسرشان	32
همورابی	32
همکاریش	32
هنرپرور	32
هنرپیشه‌ای	32
هواساز	32
هورسز	32
هولم	32
هولوسلولز	32
هیرون	32
هینا	32
هینکمار	32
هیوستون	32
هیولاوار	32
هییت	32
وابستگی‌های	32
واتسلاف	32
واحه‌های	32
واحه‌هایی	32
واردانانتس	32
وارنامو	32
وافیون	32
والادگر	32
والدورت	32
والروح	32
وام‌های	32
وام‌واژه‌ها	32
واندروالس	32
واژه‌نامه‌ای	32
واک	32
واگن‌های	32
وب‌گردی	32
ودیعه	32
ورقاء	32
وسطای	32
وظیفه‌اش	32
ولادی‌وستوک	32
ولدیان	32
ولرم	32
ولی‌آباد	32
ونتیلاتور	32
ويرايش	32
ویجویه	32
ویرایش‌ها	32
ویزیگوت	32
ویکتوری	32
ویکیا	32
ویگنر	32
يابي	32
يادگيری	32
ياري	32
يزيد	32
يمن	32
پاتن	32
پادتن‌های	32
پادوا	32
پار	32
پارتیتور	32
پارتیشن	32
پازواری	32
پاسهای	32
پاشد	32
پالئوسن	32
پالپاتین	32
پاولف	32
پاپیاس	32
پاپینز	32
پای‌افزار	32
پتروسیان	32
پتروچی	32
پخشی	32
پديدآورنده	32
پذيرد	32
پذیرفتاری	32
پربارش	32
پرتغالیان	32
پرتلاش	32
پرتوباله	32
پرستاره	32
پرستش‌گاه	32
پرسلولی	32
پرشوری	32
پرهیجان	32
پروانه‌داران	32
پروتئوس	32
پروسه‌ها	32
پروپاگاندای	32
پرکننده	32
پرینت	32
پرینترها	32
پسایند	32
پسندی	32
پسورد	32
پشه‌بند	32
پشه‌های	32
پف	32
پلاریزه	32
پلاژیوکلاز	32
پنجاهم	32
پنجمين	32
پندهای	32
پنوموتوراکس	32
پوتی	32
پورصمیمی	32
پورفیری	32
پورنادر	32
پورهرمزان	32
پوره‌ها	32
پوزو	32
پوزک	32
پوستشان	32
پوسته‌ها	32
پوشالی	32
پوشند	32
پوشه‌ها	32
پوشيده	32
پولیکارپف	32
پونتیاک	32
پوپل	32
پيروز	32
پيكر	32
پيچ	32
پيگيري	32
پژوهشهایی	32
پژوهش‌گران	32
پیاله‌ای	32
پیامکی	32
پیتزبورگ	32
پیرمراد	32
پیرمردان	32
پیروزفر	32
پیشرفتها	32
پیش‌بینی‌ها	32
پیش‌رفت	32
پینت	32
پی‌گرفت	32
چاربردار	32
چالز	32
چاه‌هایی	32
چاوسر	32
چاپ‌شده	32
چبیشف	32
چراغعلی	32
چرند	32
چرکین	32
چسبی	32
چشمانشان	32
چفت	32
چمباتمه	32
چندباره	32
چندوجهی	32
چنگیزی	32
چهارزمانه	32
چهارسو	32
چهرگان	32
چهل‌ستون	32
چوخه	32
چپ‌ها	32
ژئودزی	32
ژرمنها	32
ژله‌ای	32
ژنرالهای	32
ژوبین	32
ژوستن	32
ژیژک	32
کائو	32
کاباردینو	32
کاتالونیایی	32
کاتتر	32
کاتوليک	32
کاتولیسیسم	32
کادوس	32
کاراکال	32
کاربرانش	32
کاربردشان	32
کارتون‌ها	32
کاردرمانی	32
کارلزبد	32
کارنوال	32
کازاما	32
کازیمودو	32
کاساندر	32
کاسیرر	32
کاشف‌السلطنه	32
کاشه	32
کاغذهایی	32
کالریک	32
کاموس	32
کامپکت	32
کاندولیزا	32
کاندیدایی	32
کاوس	32
کاوشها	32
کاوشگری	32
کاکل‌دار	32
کتابخانه‌هایی	32
کتاب‌خوان	32
کتاب‌سوزان	32
کتز	32
کجایی	32
کدک	32
کرایه‌ای	32
کرده‌ای	32
کره‌جنوبی	32
کرویه	32
کریستو	32
کشاله	32
کشتاری	32
کشتم	32
کشمکشی	32
کشيد	32
کشیدم	32
کفاف	32
کفرآمیز	32
کفی	32
کلانگ	32
کلاژ	32
کلای	32
کلاینت‌های	32
کلروپلاست	32
کلسیک	32
کلور	32
کلکسیونی	32
کلک‌چال	32
کلیر	32
کلی‌ترین	32
کمبودها	32
کمش	32
کمه	32
کمپین‌های	32
کمکم	32
کمکها	32
کمیتهای	32
کمیسیونی	32
کم‌کاری	32
کنارتخته	32
کنارنگ	32
کناره‌ای	32
کنارپروژ	32
کنتیننتال	32
کندری	32
کنستانز	32
کنفرانسهای	32
کنونیکال	32
کهنسالان	32
کهنه‌گرگانج	32
کهکشانهای	32
کوبایاشی	32
کوتوله‌ها	32
کوتونو	32
کودتاچیان	32
کودزر	32
کودکانشان	32
کودکش	32
کورسک	32
کورسیکا	32
کورنر	32
کوریل	32
کولئوپتیل	32
کوله‌پشتی	32
کولیس	32
کومی	32
کونن	32
کوچک‌ترش	32
کوکتبل	32
کیتا	32
کیداریان	32
کیستی	32
کیمبرلی	32
کینو	32
کینین	32
کیه	32
کیور	32
کییف	32
کی‌مون	32
ک‍ه	32
گاباپنتین	32
گازران	32
گاسپل	32
گالاتاسرای	32
گالاتیا	32
گالاکتوز	32
گالیوم	32
گانزفلد	32
گاوار	32
گاوماهی	32
گبران	32
گبیرول	32
گدارد	32
گراب	32
گراتس	32
گرازها	32
گرازهای	32
گرام	32
گرایلی	32
گردنه‌های	32
گردهای	32
گردونه‌ای	32
گرفتاری‌ها	32
گرفته‌شد	32
گرمي	32
گرم‌شدن	32
گروبز	32
گروهشان	32
گروههاي	32
گرگینه	32
گزاوشت	32
گشای	32
گشته‌بود	32
گفته‌ام	32
گلاسپی	32
گلاودل	32
گلبرگها	32
گلندیل	32
گلوبال	32
گلکنده	32
گماشتگان	32
گنبر	32
گوئوارا	32
گوادر	32
گوارایی	32
گورچین	32
گورین	32
گوزنی	32
گوه	32
گوی‌های	32
گیاهک	32
گیاه‌شناس	32
گیسوی	32
گیگز	32
یافت‌آباد	32
یانکی	32
یاکوف	32
یاکین	32
یزدانیان	32
یزدجرد	32
یمامه	32
یوروبا	32
یوریتومو	32
یوزنت	32
یوسفدهی	32
یوکاتان	32
یوگنی	32
یوگی	32
یکسوسازی	32
یکپارچه‌ای	32
یک‌جا	32
یک‌نواخت	32
آبجوی	31
آبده	31
آبراهه‌های	31
آبریزی	31
آبوویان	31
آبکشی	31
آب‌تنی	31
آب‌نبات	31
آترومی	31
آتش‌افروزی	31
آتش‌فشانی	31
آتش‌نشان	31
آتوئل	31
آتوم	31
آدریا	31
آدو	31
آدیابن	31
آذرپاد	31
آراتا	31
آراستند	31
آرامبخش	31
آرتاشس	31
آرشه‌ای	31
آرمیک	31
آرند	31
آرنیوس	31
آریده	31
آزاداسلامی	31
آزاداندیش	31
آزیترومایسین	31
آسای	31
آستاس	31
آستانه‌ای	31
آسوموار	31
آسپرژیلوس	31
آسکاری	31
آسکلپیوس	31
آسیابسر	31
آسیاب‌سر	31
آسیب‌هایی	31
آشولی	31
آلبانیای	31
آلبانیایی‌ها	31
آلبوم‌هایش	31
آلدهید	31
آلرت	31
آلمیدا	31
آلوارس	31
آلوف	31
آلیست‌ها	31
آلیو	31
آلیکانته	31
آمادئو	31
آمریکائی‌ها	31
آموکسی‌سیلین	31
آمپلی‌فایرها	31
آمیا	31
آمیب	31
آمیلوئید	31
آناتومیک	31
آناکوندا	31
آنتراسیس	31
آندمیک	31
آنزیم‌هایی	31
آنچلوتي	31
آنگلو	31
آنیون‌ها	31
آهسته‌تر	31
آهنگرانی	31
آهنگرکلا	31
آهنگسازي	31
آهنگش	31
آوارها	31
آواری	31
آواکیان	31
آوریهای	31
آيينه	31
آپاتوسور	31
آکاسیا	31
آکوردهای	31
آکیتان	31
آگروباکتریوم	31
آگهی‌افزارها	31
آیرم	31
آیشمان	31
آیفون	31
آیلین	31
آیینه‌های	31
أثر	31
اباکه	31
ابدا	31
ابناء	31
ابهامی	31
ابوالعفیا	31
ابوالفداء	31
ابوالمعالی	31
ابي	31
اتانازی	31
اتخاد	31
اتراق	31
اتوماتای	31
اتومبیلش	31
اتیولوژی	31
اثربخش	31
اثرهایی	31
اجرت	31
احتجاج	31
احتمالأ	31
احیاگر	31
اختصاصا	31
اختلاف‌ها	31
اخراجی‌ها	31
اخفش	31
اخلمد	31
اخیلس	31
اداء	31
اداره‌های	31
ادرارآور	31
ادوم	31
اديب	31
ادیانی	31
ادیتور	31
ارائه‌دهندگان	31
اراتوستن	31
ارتشبدی	31
ارتشش	31
ارتفاعاتی	31
ارجاسب	31
اردهان	31
ارشدی	31
ارشق	31
ارفکشاد	31
ارنواز	31
ارگون	31
اریتروپویتین	31
اریتم	31
اریکه	31
ازارسی	31
ازتاریخ	31
ازحد	31
ازغدی	31
ازمنه	31
ازگله	31
اساف	31
اسالم	31
اسباط	31
استاتيرا	31
استاروسلسکی	31
استاش	31
استاکتون	31
استبان	31
استدعا	31
استراتوسفر	31
استراحتی	31
استراوس	31
استرنبرگ	31
استرند	31
استفاده‌کننده	31
استفده	31
استهزاء	31
استوانه‌های	31
استیفا	31
استیونز	31
اسخریوطی	31
اسروشنه	31
اسفندقه	31
اسلام‌شناسان	31
اسلام‌گرایی	31
اسمز	31
اسمولاریته	31
اسمیسلوف	31
اسنا	31
اسپانیاست	31
اسپرس	31
اسپرسو	31
اسپرم‌ها	31
اسپرینگفیلد	31
اسپلنومگالی	31
اسپیتس‌برگن	31
اسپینوسور	31
اسکاتلندیارد	31
اسکولیوز	31
اسکوپیه	31
اسکی‌باز	31
اس‌تی‌اس	31
اشتراک‌گذاری	31
اشتقاقی	31
اشهد	31
اشکنه	31
اشی	31
اصطلاحی‌ست	31
اصفهاني	31
اصفهانیان	31
اصلی‌شان	31
اطهر	31
اعجوبه	31
اعضایشان	31
افتخاراتی	31
افتخارش	31
افزوده‌شد	31
افشارها	31
افشانه‌ها	31
افلاتون	31
افلک	31
افنبرگ	31
افکنه	31
اقرب	31
الآثار	31
الأزهر	31
الاحکام	31
الاسلامیه	31
الاعلام	31
الاغانی	31
الامین	31
البدل	31
التحریر	31
الجبار	31
الجبل	31
الجواهر	31
الحرمین	31
الحقوق	31
الحیات	31
الخلیج	31
الداد	31
الدوایی	31
الذریعة	31
الذین	31
الرسول	31
الزاویه	31
السعید	31
الشام	31
الظواهری	31
العالیة	31
العجمان	31
الغا	31
الفنون	31
القاسمی	31
القرشی	31
القرعة	31
القواعد	31
اللبان	31
المالکی	31
المتین	31
المغرب	31
المقدمات	31
المقنع	31
الموسوی	31
المومنین	31
المکاسب	31
النقی	31
الوداع	31
الکترون‌هایی	31
الکتروپولیش	31
الگار	31
الیقین	31
ال‌اس‌دی	31
ال‌دی	31
ال‌دی‌ال	31
امبایکی	31
امدادگر	31
امراه	31
امرداس	31
امساک	31
امضایی	31
اموالشان	31
امپراتریس	31
امیرزادگان	31
امین‌زاده	31
ام‌اس‌ان	31
ام‌ای‌آ	31
انارستان	31
انبان	31
انترناسیونالیستی	31
انتسابی	31
انتشارهای	31
اندازة	31
اندرزهایی	31
اندیشان	31
انرژی‌ای	31
انرگیا	31
انزو	31
انسکو	31
انشتین	31
انفجارهایی	31
انهار	31
انگاشتن	31
انگشتش	31
انگل‌شناسی	31
انگیزد	31
انگیزشی	31
انیدرید	31
انیستیتو	31
انیل	31
ان‌ای‌اس	31
اهتمامی	31
اهرم‌های	31
اهل‌بیت	31
اهمال	31
اوتمار	31
اودو	31
اورستد	31
اورینتال	31
اوزگند	31
اوشن	31
اوشه	31
اوشیدر	31
اوغوزخان	31
اولتراسوند	31
اولورین	31
اولیه‌اش	31
اونیون	31
اوکرائین	31
اوگوست	31
ايتاليايي	31
ايزوپرن	31
ايلام	31
اپریل	31
اپیتلیوم	31
اچ‌وی‌ای‌سی	31
اکا	31
اکبریه	31
اکثریتی	31
اکدیها	31
اکلس	31
اکنکار	31
اکیدنا	31
ایبوپروفن	31
ایجابی	31
ایدلیک	31
ایده‌لو	31
ایرنه	31
ایریدیوم	31
ایزولاسیون	31
ایزومرهای	31
ایستای	31
ایسوزو	31
ایسی	31
ایفیگنیا	31
ایلومیناتی	31
ایمره	31
ایمونولوژی	31
ایناری	31
اینهایند	31
اینهریار	31
اینگو	31
ایوانکوویچ	31
ایونیه	31
ایکن	31
باتاویا	31
باتمان	31
باتیک	31
باختري	31
بادامه	31
بادکوبه‌ای	31
باراجین	31
باربذ	31
بارتز	31
بارتون	31
باردم	31
باردین	31
بارزان	31
بارنز	31
بارون‌ها	31
بارگزاری	31
بارگیر	31
باریتعالی	31
باریونها	31
بازآموزی	31
بازتاب‌ها	31
بازجو	31
بازخوردهای	31
بازدیدی	31
بازمیگردد	31
بازه‌ها	31
بازپخش	31
بازیش	31
باشکوه‌ترین	31
باشگاهای	31
باعت	31
باغملک	31
باغ‌میشه	31
بافرهنگ	31
باقدرت	31
باكو	31
بالابند	31
بالاد	31
بالادستی	31
بالایش	31
بالشتک	31
بالقوه‌ای	31
بالنده	31
بالکاریا	31
باندراس	31
بانكداري	31
بانکداران	31
باه	31
باهو	31
باوفا	31
باکرگی	31
باکیفیت	31
بایدو	31
ببار	31
بتخانه	31
بتونه	31
بحیث	31
بخانه	31
بخشودگی	31
بدخواه	31
بدم	31
بدنه‌های	31
بدهيد	31
بدکاران	31
بدینصورت	31
برابانت	31
برافروختگی	31
برانت	31
برانتون	31
براو	31
برایلان	31
بربریت	31
برجسته‌ی	31
برحق	31
برخی‌ها	31
برداشتهای	31
برداشته‌اند	31
برسام	31
برشمردن	31
برفهای	31
برقابی	31
بركت	31
برهمنان	31
برودی	31
بروکلی	31
برکشید	31
برکمن	31
برگزیده‌شد	31
بریتانیاست	31
بریلیوم	31
بریمی	31
بزرگراه‌هایی	31
بزنطی	31
بزهکاران	31
بزیست	31
بستانو	31
بسته‌ی	31
بسحق	31
بسپارها	31
بشکافد	31
بشکن	31
بطریق	31
بطری‌ها	31
بفکر	31
بلاروسيه	31
بلاك	31
بلقيس	31
بلم	31
بلوف	31
بنداری	31
بنزوات	31
بنشست	31
بنونیست	31
بنگسانگ	31
بنگلادشی	31
بنیانگزاری	31
بنینی	31
بهدینان	31
بهرانی	31
بهمنیان	31
به‌تنهایی	31
به‌رنگ	31
به‌مناسبت	31
به‌وسیله‌ی	31
به‌وضوح	31
بوتیلن	31
بوجاری	31
بورزوم	31
بوروندی	31
بوعز	31
بوفون	31
بولان	31
بولاک	31
بولوار	31
بومرداس	31
بومي	31
بونت	31
بوهمیا	31
بوکاجونیورز	31
بویری	31
بياورد	31
بيدار	31
بيند	31
بپردازم	31
بچرخاند	31
بچسبد	31
بکاربردن	31
بکارند	31
بکاهند	31
بکوبد	31
بگشایند	31
بیائید	31
بیاموزید	31
بیانیه‌هایی	31
بیاورم	31
بیرونش	31
بیزینس	31
بیشاپ	31
بیش‌فعالی	31
بیلدر	31
بیلیش	31
بینابین	31
بیناب‌نمایی	31
بیندیشد	31
بیندیشند	31
بیور	31
بیوفیلم	31
بیومکانیک	31
بیچارگان	31
بیچارگی	31
بیگانه‌ها	31
بیگجه‌خانی	31
بی‌اساس	31
بی‌اطلاعی	31
بی‌اعتنا	31
بی‌باکی	31
بی‌بی‌اس	31
بی‌حرکت	31
بی‌دین	31
بی‌دینی	31
بی‌مانند	31
بی‌پرده	31
بی‌کفایتی	31
ب‍ه	31
تئودن	31
تئوریکی	31
تئوگونیا	31
تابستان‌هایی	31
تاتیوس	31
تارت	31
تافتز	31
تاقچه	31
تاكيد	31
تانیتا	31
تاکتیک‌ها	31
تاکسی‌ها	31
تایرا	31
تایکو	31
تبدل	31
تبعیدیان	31
تتراسایکلین	31
تتراپلوئید	31
تجربه‌هایی	31
تجربيات	31
تجسد	31
تجنک	31
تحریک‌پذیری	31
تحصيلاتش	31
تدریسی	31
ترابایت	31
تراجنسی	31
تراشیدند	31
ترانه‌نویس	31
تراوشی	31
تربه	31
تربیع	31
تردی	31
ترسیده	31
ترس‌های	31
ترشه	31
ترمینال‌های	31
تروریست‌های	31
ترکيه	31
ترکی‌تبار	31
تریست	31
تریپ	31
تستسترون	31
تسیولکوفسکی	31
تسیپی	31
تشخیص‌های	31
تصفیه‌های	31
تصنعی	31
تضامنی	31
تضعيف	31
تعرفه‌های	31
تعلل	31
تعلیل	31
تعویضی	31
تفريحی	31
تفنگش	31
تفیلین	31
تقابلی	31
تقدیری	31
تقدیمی	31
تقريبی	31
تقریری	31
تقلا	31
تلعفر	31
تلفاتی	31
تلما	31
تمار	31
تمثیلات	31
تمغا	31
تملیک	31
تمهیداتی	31
تمکن	31
تنبان	31
تنبیهات	31
تندخویی	31
تندروهای	31
تندگویان	31
تنریف	31
تنقیه	31
تنگو	31
تهمادو	31
تهمتن	31
تهی‌روده	31
تواناست	31
توبره	31
توتالیتر	31
توتکابن	31
توحیدگرا	31
تود	31
تورن	31
تورناتوره	31
توریوم	31
توزی	31
توسیدید	31
توسین	31
توكلی	31
تولز	31
تولیدش	31
توموری	31
تونسی	31
تويسركان	31
توپال	31
توپی‌ها	31
تيم‌های	31
تپورها	31
تکافوی	31
تکاور	31
تکفل	31
تک‌گویی	31
تگ‌های	31
تیام	31
تیبو	31
تیرا	31
تیفویید	31
تیمز	31
تیمو	31
تیپین	31
تیپیک	31
تیپ‌ها	31
ثالثا	31
ثروتمندتر	31
ثقلین	31
ثوینی	31
جادوهای	31
جاشک	31
جالب‌ترین	31
جانبه‌ای	31
جان‌پیچ‌ها	31
جاکش	31
جایکا	31
جای‌ها	31
جای‌گرفته‌است	31
جبراییل	31
جرجی	31
جروزالم	31
جزائر	31
جسدی	31
جعفربای	31
جمعيتش	31
جمع‌کننده	31
جنتیله	31
جنجان	31
جهالت	31
جهانگشایی	31
جهلم	31
جوابها	31
جوابیه	31
جوانکی	31
جولیتا	31
جوهای	31
جوکر	31
جویباره	31
جيمز	31
جینتائو	31
جی‌میل	31
حاصلی	31
حاصل‌ضرب	31
حافظه‌دار	31
حاکميت	31
حبشی‌ها	31
حجاری‌های	31
حدادعادل	31
حدسی	31
حذیفه	31
حزقيل	31
حساسيت	31
حسن‌پور	31
حسينقلی	31
حشمت‌الدوله	31
حصین	31
حضرتی	31
حومه‌اش	31
حکایت‌ها	31
حکیمیه	31
حیدربابا	31
خاتون‌آباد	31
خاره‌چسب‌ها	31
خال‌دار	31
خاکش	31
ختان	31
ختلان	31
خداباوران	31
خداباوری	31
خداگونه	31
خدشه‌دار	31
خرده‌فرهنگ	31
خردی	31
خرگوش‌ها	31
خشكی	31
خشن‌تر	31
خط‌مشی	31
خلایق	31
خليل	31
خلیقی	31
خماری	31
خمیازه	31
خندقها	31
خواسته‌هایشان	31
خواستگاران	31
خواندمیر	31
خواهرزاده‌اش	31
خوخ	31
خودباوری	31
خودزندگی‌نامه	31
خودساخته	31
خوراكی	31
خورانده	31
خوردی	31
خورموجی	31
خوششان	31
خوشنويسان	31
خوش‌خیم	31
خيز	31
دئوکالیون	31
داؤد	31
دائه	31
داده‌ساختار	31
دارالاحسان	31
دارالعلوم	31
داراگرد	31
دارلینگ	31
دارمشتات	31
دارون	31
داشته‌های	31
داعیان	31
داغستانی	31
دامین	31
دانه‌دار	31
دانگمیونگ	31
دانگه	31
داودیه	31
دباشی	31
دتریم	31
درآمدش	31
درا	31
درامان	31
دراکولای	31
درایم	31
درایوها	31
دربرگرفته	31
درخشد	31
درخواستش	31
دردآور	31
درزه	31
درزیکلا	31
درسهایی	31
درفک	31
درمانگاهی	31
دره‌هایی	31
دروغ‌گویی	31
درون‌یابی	31
درويش	31
دریافتنی	31
دریافته‌اند	31
دریاچه‌هایی	31
دریایی‌ها	31
دریدن	31
دزدید	31
دزیگا	31
دسایس	31
دستمزدهای	31
دست‌هایش	31
دسرها	31
دشتاب	31
دشه	31
دفو	31
دقیق‌تری	31
دلباختگی	31
دلشدگان	31
دلف	31
دلنشینی	31
دماها	31
دمتر	31
دمشان	31
دمل	31
دمیاط	31
دمیل	31
دنج	31
دنزل	31
دهبکری	31
دهگاه	31
ده‌های	31
دوباره‌ای	31
دوبلورهای	31
دوبینی	31
دوراندیشی	31
دورتری	31
دورنگار	31
دورکاری	31
دوزندگی	31
دولا	31
دولابی	31
دوپای	31
دوکفه‌ای	31
دویسبورگ	31
ديدنی	31
ديلمي	31
ديناميک	31
دپو	31
دکنی	31
دیاس	31
دیاستول	31
دیباگ	31
دیتر	31
دیخور	31
دیدارهایی	31
دیدنی‌ترین	31
دیرپایی	31
دیرینه‌زیستی	31
دیستال	31
دیسکوی	31
دیلینجر	31
دیمانسیون	31
دیمن	31
دیمونا	31
دینداران	31
دینومان	31
دیوانیان	31
دیوان‌سالاری	31
دیپلمه	31
دی‌الکتریک	31
ذخاير	31
ذغال‌سنگ	31
ذم	31
ذهنم	31
ذکاء	31
رأیی	31
رئوف	31
راجعه	31
راجه	31
رادارگریز	31
رازآلود	31
راسته‌کوچه	31
راسو	31
راسپوتین	31
راسکین	31
رافضی	31
رافی	31
رامند	31
راموس	31
رامونز	31
رانشی	31
راننده‌ای	31
رانیا	31
رانیتیدین	31
رانیری	31
راهکاری	31
راونا	31
راکهام	31
راکول	31
راک‌استار	31
راگا	31
رایشتاگ	31
راینر	31
رباینده	31
ربایی	31
رجانیوز	31
ردوبدل	31
ردپایی	31
رزومه	31
رساله‌ی	31
رصدخانه‌ای	31
رضاآباد	31
رضاقلی‌خان	31
رفته‌ای	31
رفقا	31
رمولوس	31
رنان	31
رنجر	31
رنگارنگی	31
رهبرانی	31
رهنی	31
رهپویان	31
روآندا	31
روابطش	31
رواناب	31
روانساز	31
روان‌گردان	31
رودآب	31
رودباریان	31
رودخانه‌است	31
رودزیای	31
روزه‌داری	31
رومانو	31
روميان	31
رکن‌آباد	31
ریتم‌ها	31
ریخته‌است	31
ریسک‌ها	31
ریشلیو	31
ریفنشتال	31
ریلکه	31
ریموت	31
رینا	31
رینگیت	31
ریوالدو	31
ریورپلاته	31
ریویو	31
ریگبی	31
زادن	31
زادگاهشان	31
زخمی‌ها	31
زردک	31
زرگران	31
زرینه‌رود	31
زرین‌شهر	31
زعفرانی	31
زمپ	31
زندانش	31
زندگانیش	31
زنر	31
زنهار	31
زنوزق	31
زنگلانلو	31
زنگوله‌ای	31
زهار	31
زهرآلود	31
زوربای	31
زيارتگاه	31
زين	31
زیرساخت‌ها	31
سئوالی	31
سئوچئو	31
ساتن	31
ساحات	31
ساروپودها	31
سافاری	31
سالتا	31
سالمترول	31
سالنگ	31
سالومه	31
سانتاندر	31
سانترومر	31
ساندرلند	31
ساوالان	31
ساوند	31
ساکاروز	31
ساگارتی	31
سایبانی	31
سایه‌دار	31
سایگون	31
سبالد	31
ستمگران	31
ستمی	31
ستو	31
ستوانی	31
ستوده‌است	31
سجاسی	31
سخت‌گیر	31
سخنرانیها	31
سرآمدان	31
سربروس	31
سرخرگ‌های	31
سردرختی	31
سرشکنی	31
سرمدی	31
سروه	31
سرویس‌دهندگان	31
سرویس‌هایی	31
سرگرفت	31
سریوم	31
سزیوم	31
سسک	31
سطحي	31
سعدبن	31
سعدي	31
سفالها	31
سفالوسپورین‌ها	31
سفرم	31
سفرنامه‌ای	31
سفلي	31
سفوروکسیم	31
سقا	31
سلنا	31
سمت‌هایی	31
سمنتیت	31
سم‌های	31
سنتری	31
سنجیدن	31
سنگالی	31
سنگبری	31
سنگدلی	31
سنگرتپه	31
سنگنوردی	31
سنگنوشته	31
سنگ‌چشم	31
سنی‌مذهب	31
سه‌راهی	31
سه‌پایه	31
سوءهاضمه	31
سوئدی‌ها	31
سوئیس‌کش	31
سودالایم	31
سودوموناس	31
سوراخهایی	31
سوريه	31
سوریمی	31
سوزنی‌برگ	31
سوسياليست	31
سوق‌الجیشی	31
سولفوره	31
سولفونامیدها	31
سولژنیتسین	31
سوماترایی	31
سومو	31
سونات‌های	31
سونگون	31
سووشون	31
سوکارنو	31
سوکوترا	31
سياوش	31
سيستمها	31
سيف	31
سپرده‌اند	31
سگورا	31
سگ‌ماهی	31
سیاستگذاران	31
سیاله	31
سیبرنتیک	31
سیتا	31
سیتار	31
سیتولوژی	31
سیدحسینی	31
سیدمرتضی	31
سیریاک	31
سیستول	31
سیمسووا	31
سیمفونی‌های	31
سینسیناتی	31
سیوندیان	31
سیپروفلوکساسین	31
سیکان	31
سیکتوس	31
سیکلواکسیژناز	31
سی‌ساله	31
سی‌سی	31
سی‌هزار	31
شئ‌گرا	31
شاذان	31
شاهرضا	31
شاهسونی	31
شاهي	31
شاه‌توت	31
شاپورگان	31
شبدیز	31
شبرغان	31
شبه‌افیونی‌ها	31
شتل	31
شده‌اید	31
شرایین	31
شعبده‌بازی	31
شفیع‌زاده	31
شمارایی	31
شمارمی	31
شمالی‌ها	31
شماها	31
شمقدری	31
شمیل	31
شناخته‌است	31
شنبه‌ها	31
شنوائی	31
شهرآباد	31
شهنشاه	31
شورشگران	31
شورورزی	31
شولز	31
شويد	31
شوپنهاوئر	31
شکرانه	31
شکست‌خورده	31
شکست‌داد	31
شکم‌پایان	31
شکن‌های	31
شیاد	31
شیادی	31
شیانگ	31
شیبویا	31
شیت	31
شیخعلی	31
شیده	31
شیدی	31
شیرخان	31
شیرمحمدی	31
شیطان‌پرستی	31
شیفر	31
شیمل	31
شیمی‌فیزیک	31
صاحب‌منصبان	31
صادقه	31
صباغ	31
صحاف	31
صحبت‌ها	31
صخر	31
صداپیشه	31
صدرایی	31
صده	31
صدی	31
صرعی	31
صغیره	31
صفاشهر	31
صفدری	31
صفوان	31
صلاة	31
صهبایی	31
صورالکواکب	31
صورتحساب	31
صیحه	31
ضدخرابکاری	31
ضدمیکروبی	31
ضرب‌المثل‌های	31
ضریبی	31
ضلعي	31
ضمه	31
طاقانک	31
طاقدیس	31
طاقها	31
طایفه‌هایی	31
طبر	31
طبرزدی	31
طبقة	31
طبیعت‌گرایی	31
طریف	31
طلسم‌های	31
طلق	31
طولانی‌تری	31
طیان	31
ظلی	31
عادلی	31
عاشیقی	31
عاق	31
عاليه	31
عامدانه	31
عایدات	31
عایق‌بندی	31
عبدالباسط	31
عبدالحسين	31
عبدالرحمن‌خان	31
عبدالطیف	31
عبدالغفور	31
عبداللیث	31
عبدمناف	31
عبدون	31
عث	31
عدیده‌ای	31
عذابی	31
عذری	31
عراقین	31
عرفاني	31
عرفه	31
عرقگیری	31
عریضی	31
عسل‌های	31
عسیر	31
عشقت	31
عشق‌بازی	31
عشیرۀ	31
عظیمیه	31
عفلق	31
علاقه‌ی	31
علاوه‌بر	31
علفها	31
علق	31
علم‌کوه	31
علونی	31
عليهم	31
علیمراد	31
علیه‌السلام	31
علی‌اصغرخان	31
عمدتأ	31
عملياتي	31
عملکردش	31
عملیاتها	31
عمل‌گر	31
عموزادگان	31
عمیدالملک	31
عنایات	31
عنوان‌ها	31
عنکبوتیه	31
عهدجدید	31
عهدعتیق	31
عهدنامه‌های	31
غالیان	31
غبارها	31
غددی	31
غذاخوری‌ها	31
غذاست	31
غذایشان	31
غرس	31
غرناطه	31
غلطک	31
غلظتهای	31
غلظت‌های	31
غلمان	31
غنی‌تر	31
غورس	31
غیرستاره‌ای	31
غیریکنواخت	31
فابیوس	31
فاتحانه	31
فاخره	31
فارسیان	31
فاصله‌گذاری	31
فالتز	31
فالگیری	31
فانتوم‌ها	31
فایلهایی	31
فتاوای	31
فتحعلی‌خان	31
فرآيندهاي	31
فراحسی	31
فرادرمانی	31
فرارش	31
فرارویدادگی	31
فرازمند	31
فراشناخت	31
فراغ	31
فراماسون‌ها	31
فرانسه‌زبان	31
فرانهوفر	31
فراهی	31
فراوانش	31
فرت	31
فرج‌الله	31
فرر	31
فرزدق	31
فرزهای	31
فرضا	31
فرضیه‌ها	31
فرغانی	31
فرمالین	31
فرمانیه	31
فرمایش	31
فروان	31
فروتنانه	31
فروخته‌اند	31
فرودگاههای	31
فرورانش	31
فروفرستاده	31
فرولو	31
فرکانس‌ها	31
فریتس	31
فریدان	31
فریدل	31
فریدمان	31
فریماه	31
فریور	31
فریومدی	31
فسفات‌ها	31
فشاپویه	31
فشم	31
فشنگ‌های	31
فصولی	31
فضانوردانی	31
فضايی	31
فضول	31
فطیر	31
فعاليتها	31
فقیران	31
فكري	31
فلاخن	31
فلتون	31
فلدسپاتها	31
فلك	31
فلوئورید	31
فلووکسامین	31
فلگ	31
فلیپه	31
فمنیست	31
فمینیستهای	31
فناخسرو	31
فنای	31
فنوج	31
فنچ‌ها	31
فهماند	31
فواره‌ها	31
فيزيكي	31
فيزيکی	31
فيلمنامه	31
فينال	31
فیاتا	31
فیزیکالیسم	31
فیصله	31
فیلمی‌ست	31
فیلم‌اش	31
فیلیپو	31
فیل‌ها	31
فیم	31
فینیگان	31
فیک	31
فیگو	31
قائمیه	31
قابلیتها	31
قابل‌توجهی	31
قادش	31
قادیکلا	31
قاعدتا	31
قالاسی	31
قالب‌هایی	31
قالوا	31
قانونا	31
قبادیان	31
قدمهای	31
قرارداشتن	31
قربانی‌ها	31
قرشهر	31
قره‌چای	31
قزاق‌های	31
قزقلعه	31
قصایدی	31
قصیر	31
قطا	31
قطب‌نمای	31
قطز	31
قطیف	31
قلبها	31
قلمروشان	31
قلم‌موی	31
قلیخان	31
قلیوبیه	31
قمشلو	31
قمي	31
قه	31
قورچی	31
قوللر	31
قول‌هایی	31
قوم‌مداری	31
قیراط	31
قیزیل‌اوردا	31
كابينه	31
كادر	31
كاربردهاي	31
كان	31
كاوش	31
كاوه	31
كاپيتان	31
كثرت	31
كجا	31
كشیده	31
كمان	31
كمتري	31
كمر	31
كنوانسيون	31
كنیم	31
كوفه	31
لئوپلد	31
لئوی	31
لابی‌گری	31
لاد	31
لازار	31
لازیکا	31
لاسیب	31
لالایی	31
لامعی	31
لانه‌ای	31
لاهيجان	31
لاورستان	31
لاکایله	31
لاکتوباسیلوس	31
لاکشمی	31
لاکپشت	31
لاگاش	31
لبی	31
لبید	31
لجاجت	31
لجبازی	31
لحاف	31
لحود	31
لحی	31
لدین	31
لران	31
لزجت	31
لزگی‌ها	31
لست	31
لسلی	31
لشکرها	31
لغزان	31
لفت	31
لنین‌گراد	31
لهذا	31
لواش	31
لوحه‌ای	31
لودیه	31
لوشاتو	31
لولوبی‌ها	31
لومن	31
لومی	31
لومیر	31
لوهان	31
لوو	31
لوکیوس	31
ليكن	31
لپتین	31
لپه‌ای	31
لگرن	31
لیبراسیون	31
لیزین	31
لیسانسش	31
لیستریا	31
لیورنو	31
لیوی	31
لیپمن	31
لیگاندها	31
مآثر	31
مؤتمن	31
مؤمنی	31
مائوری‌ها	31
ماتئو	31
مادرانشان	31
مادریدی	31
مادریشان	31
مادی‌گرایی	31
ماردوش	31
مارلبورو	31
مارکار	31
مارکوف	31
مارکیز	31
ماریاچی	31
مارینر	31
ماستریخت	31
مالارمه	31
مالاریایی	31
مالاریه	31
مالتوز	31
ماموریت‌ها	31
مانتین	31
ماوزر	31
ماوی	31
مايكل	31
مايه	31
ماچيان	31
ماکوتو	31
ماکوندو	31
مایرهولد	31
ماینهوف	31
مایکوپلاسما	31
مبادله‌ای	31
مباركه	31
مبشر	31
مبعث	31
متاسفم	31
متاع	31
متالی	31
متدلوژی	31
متسع	31
متعالیه	31
متمايز	31
متن‌هایی	31
متوفا	31
متکبر	31
مثل‌های	31
مجازاتی	31
مجالست	31
مجانب	31
مجلسین	31
محاطی	31
محدودسازی	31
محدوده‌هایی	31
محدوديت	31
محضرش	31
محمدرسول	31
محمودزاده	31
محمولاتي	31
محورش	31
محيط‌هاي	31
محکمتر	31
محیظ	31
مخلص	31
مخملی‌ها	31
مدافعی	31
مدایحی	31
مدت‌های	31
مدخلی	31
مددجویی	31
مدودیف	31
مدوزها	31
مدونی	31
مراجعی	31
مرادخانی	31
مرادلوی	31
مرتفعترین	31
مرتكبين	31
مرغوب‌تر	31
مروت	31
مروه	31
مرکزگرای	31
مرگشان	31
مرگ‌هایی	31
مریانج	31
مریدیان	31
مریستمی	31
مزاجی	31
مزارعی	31
مزه‌ای	31
مسئولانی	31
مسئولیتشان	31
مسئولیت‌پذیرانه	31
مسافرخانه	31
مسافرين	31
مستأجران	31
مستان	31
مستحدثات	31
مستخدمین	31
مستدرکات	31
مستراح	31
مسلمون	31
مسيحيان	31
مسکین	31
مسیحیت‌گرایی	31
مسیعید	31
مشاجرت	31
مشاهداتی	31
مشتری‌هایی	31
مشخص‌ساختن	31
مشمولانی	31
مشکل‌سازان	31
مشک‌عنبر	31
مشیرخلوت	31
مصدری	31
مصراع‌های	31
مصفی	31
مصیبت‌باری	31
مطالعاتش	31
مطرح‌شده	31
مطهری	31
مظلومیت	31
معاندان	31
معتمدالدوله	31
معز	31
معسر	31
معظمشان	31
معنويات	31
معنی‌دار	31
معيارم	31
معین‌ها	31
مغناطونوری	31
مفرقی	31
مقاربت	31
مقبرةالعرفا	31
مقبل‌السلطنه	31
مقتلی	31
مقطوع	31
مقیاس‌های	31
مكلا	31
ملاقلی‌پور	31
ممدی	31
مملوک‌های	31
ممنوعیتی	31
منارجامع	31
مناعت	31
منافعی	31
منبری	31
منبعث	31
منتقدی	31
منتهیان	31
منزلشان	31
منزه	31
منشی‌صحنه	31
منصبی	31
منضبط	31
منطقا	31
منفورترین	31
منهزم	31
منواکسیدکربنی	31
مهاجرتش	31
مهاراشترا	31
مهارتش	31
مهرتبار	31
مهلتی	31
مهمان‌ها	31
مهناج	31
موآی‌هایی	31
موئیل	31
موجدار	31
موراکسلا	31
مورتی	31
مورخان	31
مورها	31
موسوعه	31
موضوعه‌ای‌اش	31
موفقیتها	31
مولتان	31
مولفه‌هایی	31
مولینس	31
مومن‌زاده	31
موميايی	31
مونتاگال	31
مونموهان	31
مونوآمین‌های	31
مونولوگیون	31
موکت	31
موکد	31
مویرگها	31
مویرگ‌های	31
ميان	31
ميترائيسم	31
مي‌بايد	31
مژک	31
مکارتی	31
مک‌آروین	31
مگارایی	31
مگاهرتزی	31
میاناسارا	31
میانبر	31
میبخشد	31
میرزاتقی‌وزیر	31
میرزاکوچک‌خان	31
میرشکاران	31
میشناسند	31
میلاس	31
میلتوسی	31
میلر	31
میله‌هایی	31
میلوشویچ	31
میلیونیم	31
میل‌هایی	31
مینامیوند	31
مینگوس	31
میهنانش	31
میونگ	31
میکروسکوپ‌های	31
میکروویو	31
میکنید	31
میکوشد	31
میگفتن	31
می‌باشم	31
می‌بوده‌است	31
می‌بینی	31
می‌تاختند	31
می‌خواندند	31
می‌خوانم	31
می‌زداید	31
می‌زدند	31
می‌سازیم	31
می‌ستایند	31
می‌فروخته	31
می‌لرزد	31
می‌نمايند	31
می‌نمایید	31
می‌نوشیده	31
می‌نویسید	31
می‌چیند	31
می‌گریزند	31
می‌گیری	31
نئورئالیسمی	31
ناآشکار	31
نابسته	31
ناخدایی	31
ناخوش	31
نادارندگی	31
نادرترین	31
نار	31
نارضایتی‌های	31
ناریا	31
نازکتر	31
ناشتا	31
ناشری	31
ناغه	31
نافرجامی	31
ناقرینه	31
نامزدی‌های	31
ناموزون	31
ناميد	31
ناناز	31
ناهمواری‌ها	31
ناواهوا	31
ناپذيرش	31
ناک	31
ناکلز	31
ناگسستنی	31
نایبی‌ها	31
نایج	31
نایلونی	31
نبوپولاسار	31
نبینند	31
نجارکلاقدیم	31
نجاشی	31
نخستی‌های	31
نخست‌وزیری‌اش	31
نخلکاری	31
نخواندن	31
نخواهید	31
نخودفرنگی	31
نرج‌آباد	31
نرم‌تن	31
نزدیك	31
نستورین	31
نشلانده	31
نشویم	31
نشکند	31
نشیبی	31
نصرت‌الزمان	31
نظاميانی	31
نظام‌های	31
نعماتی	31
نعمانیه	31
نمایشها	31
نمطهاي	31
نمکدان	31
نمک‌های	31
نمی‌آمده	31
نمی‌بینند	31
نمی‌توانستند	31
نمی‌رسانند	31
نمی‌شناخته‌است	31
نمی‌میرند	31
نمی‌کردند	31
نمی‌گویی	31
ننا	31
نهاده‌شده	31
نهانگاهی	31
نهشته‌هایی	31
نوترینوهای	31
نودژی	31
نورفوک	31
نورمحمد	31
نورند	31
نورها	31
نورولوژیست‌هایی	31
نوزیفانوس	31
نوشتارهایی	31
نوشتنی	31
نوشید	31
نوعه	31
نومئا	31
نوک‌اردکیان	31
نوگیری	31
نوی	31
نویسه‌های	31
نویسیم	31
نيابت	31
نيکاراگوآ	31
نپذیرفته‌است	31
نپرداخته	31
نگارخوان‌ها	31
نگارها	31
نگاه‌هایش	31
نگریستن	31
نیاب	31
نیابی	31
نیاکانشان	31
نیایش‌هایشان	31
نیمه‌رسانایی	31
نیم‌دایره	31
نیم‌متری	31
نیوساوث	31
نیوکالج	31
هاشمی‌رفسنجانی	31
هاشم‌بن	31
هاشورخورده	31
هامیوپاتی	31
هاگانا	31
هایدلبرگ	31
هتروزیگوت‌های	31
هجراندوستی	31
هدایت‌الله‌خان	31
هدایت‌شونده‌ای	31
هدفن	31
هزاره‌نشین	31
هزران	31
هسات	31
هلم	31
هلیلو	31
هماتینیک	31
همتایی	31
همراهکوارک	31
همسالان	31
همسرانشان	31
همسراني	31
همفکر	31
همه‌جای	31
همه‌ساله	31
همه‌گیری‌اش	31
هموارتر	31
همپشت	31
همکاری‌های	31
همگونی‌های	31
هم‌الکترون	31
هم‌اندازه‌اند	31
هم‌میهنان	31
هم‌پیمانانش	31
هم‌کار	31
هوئسکای	31
هوئلبای	31
هواخوردن	31
هوادارانی	31
هواش	31
هوانا	31
هواپخش‌ها	31
هورا	31
هورماز	31
هوشك	31
هولوبی	31
هووارد	31
هوگارت	31
هژبر	31
هکاتئوس	31
هیدالگو	31
هیپوآندمیک	31
هیپولیتای	31
هیپوکلرو	31
هیچه	31
واج‌های	31
واریگ	31
واسیلویچ	31
والاتر	31
وانادینیت	31
وانادیوم	31
وانوآتویی	31
واژینیتهای	31
واکسن‌هایی	31
واگن‌هایی	31
وحشیانه‌ای	31
وحیده	31
وردز	31
ورزشهایی	31
ورزیده‌است	31
ورقها	31
ورلی	31
وزيری	31
وزیرمختار	31
وسیلۀ	31
وشتوی	31
وصایا	31
وطنم	31
وظایفش	31
وعده‌هایی	31
وقع	31
وقعی	31
وكيل	31
ولايات	31
ولبورگ	31
ولتی	31
ولریسم	31
ولورین	31
وندربیلت	31
ووک	31
ويژگيهاي	31
وکالیست	31
ویدجت	31
ویدیا	31
ویدین	31
ویزاردز	31
ویلچر	31
وینفری	31
ویولونیست	31
ویچیتا	31
يانگ	31
يخ	31
يهوديان	31
پاتراس	31
پادوسبانیان	31
پادگانها	31
پاراتیون	31
پارادوکس‌های	31
پارالل	31
پازن	31
پاسخگوئی	31
پاسخیابی	31
پاسیفائه	31
پاقلعه	31
پاك	31
پانگ	31
پايانی	31
پاپاق	31
پاپلی	31
پاکتی	31
پتروویچ	31
پتن	31
پتینسون	31
پدروس	31
پرآبی	31
پرآوازه‌ترین	31
پرایزنر	31
پرایوت	31
پربارترین	31
پربرف	31
پرتابگرهای	31
پرتگاه‌های	31
پرتیراژ	31
پرتیراژترین	31
پرخواننده‌ترین	31
پرداختم	31
پرسود	31
پرلیت	31
پرماجرا	31
پرمو	31
پرمین	31
پرنیان	31
پروتئینهایی	31
پروستاگلاندینها	31
پروسه‌ای	31
پروفاز	31
پرولاکتین	31
پرولتری	31
پروگرسیو	31
پرگل	31
پریز	31
پزشکیان	31
پساب	31
پست‌تر	31
پست‌مدرن	31
پست‌هایی	31
پشتيبانی	31
پشتگل	31
پشت‌بام	31
پشی	31
پلانکتون	31
پلاکاردهایی	31
پلستینا	31
پلنگها	31
پلوپونزی	31
پلیس‌های	31
پلیموث	31
پلی‌مراز	31
پل‌دختر	31
پمپی	31
پنانگ	31
پنتان	31
پنجهیر	31
پنج‌ساله	31
پهلوگیری	31
پهن‌پیکر	31
پوئم	31
پودرهای	31
پودولسکی	31
پوراندرجانی	31
پورتسموث	31
پورتمن	31
پورمرند	31
پوروچیستا	31
پونت	31
پونسه	31
پوچ‌گرایی	31
پویانمایی‌ها	31
پيامدهاي	31
پپتیدوگلیکان	31
پیامهایی	31
پیام‌آور	31
پیریمتامین	31
پیشتازی	31
پیشخوان	31
پیشروترین	31
پیش‌داوری	31
پیل‌های	31
پیو	31
پیچیدگی‌ها	31
پیکرتراش	31
پیکسل‌های	31
پی‌ها	31
پی‌های	31
پی‌گیر	31
چادرشب	31
چارلستون	31
چالانچولان	31
چاپخانه‌ای	31
چترهای	31
چرخاب	31
چرم‌سازی	31
چره	31
چروکیده	31
چس	31
چسبیده‌است	31
چست	31
چفت‌سر	31
چلوکبابی	31
چلیپایی	31
چمبرلین	31
چمبه	31
چناری	31
چندحزبی	31
چنددستگی	31
چندماه	31
چهارسالگی	31
چهارماه	31
چهرهای	31
چهره‌نگاری	31
چهل‌تن	31
چهل‌پایه	31
چگونگي	31
چیره‌شدند	31
چیلرهای	31
چینه‌ای	31
چیه	31
چیپس	31
چیچست	31
چیک	31
چیگورح	31
ژانری	31
ژانیرو	31
ژنده	31
ژورنال‌های	31
کاجیان	31
کادمیوم	31
کارآموزان	31
کاربرهای	31
کارتان	31
کارتاژی‌ها	31
کارتولی	31
کارتینگ	31
کاردستی	31
کارستن	31
کارلسون	31
کارمایه	31
کارهاي	31
کارکردها	31
کارکشته	31
کارکوئینز	31
کارگردانانی	31
کارگزینی	31
کاریزما	31
کاریش	31
کاسبرگ	31
کاستاندا	31
کاستر	31
کاستووا	31
کاسه‌های	31
کاسکو	31
کاظمینی	31
کافی‌شاپ	31
کالابریا	31
کالاش‌ها	31
کالجهای	31
کالدونیای	31
کالیبرهای	31
کالیستو	31
کامانز	31
کامدیش	31
کامپوس	31
کامیک	31
کانادایی‌ها	31
کانارا	31
کانالهایی	31
کانتیکت	31
کاندیدها	31
کانه	31
کانگایوا	31
کاهان	31
کاونتری	31
کاووسی	31
کاپادوسیه	31
کاگومه	31
کایس	31
کبودراهنگ	31
کتانا	31
کتولی	31
کداه	31
کدخدایان	31
کدگشایی	31
کدیر	31
کرخ	31
کردخیل	31
کردن‌های	31
کردوانی	31
کرنخا	31
کروموزومهای	31
کرونوتوپ	31
کرونیکل	31
کروکی	31
کرکوند	31
کریستوا	31
کریچر	31
کسی‌است	31
کشاف	31
کشتنش	31
کشف‌های	31
کشمشی	31
کشه	31
کشورم	31
کشکوئیه	31
کشیت	31
کفا	31
کفاره	31
کفایة	31
کفشکنان	31
کلاریترومایسین	31
کلاسیسیسم	31
کلاس‌هایی	31
کلافه	31
کلاه‌های	31
کلاینرت	31
کلرامفنیکل	31
کلرمون	31
کلسیفیه	31
کلمن	31
کلنی‌های	31
کلوانق	31
کلوتیلد	31
کلي	31
کلیشه‌های	31
کلیمانجارو	31
کلیندامایسین	31
کلینیک‌های	31
کمتراز	31
کمیز	31
کم‌جمعیت‌ترین	31
کنزی	31
کنسولهای	31
کنفدراسیون‌های	31
کننده‌هایی	31
کن‌ها	31
کهنتر	31
کهنه‌کار	31
کوآلا	31
کوئینسی	31
کوبونتو	31
کوتایک	31
کوتر	31
کودتاهای	31
کودور	31
کودکانش	31
کورده	31
کورل	31
کوره‌ای	31
کوروس	31
کورونا	31
کورپوریشن	31
کوزو	31
کوسکو	31
کوشر	31
کوهیار	31
کوچانیده	31
کویرهای	31
کپری	31
کپی‌برداری	31
کیخا	31
کیدو	31
کیز	31
کیسر	31
کیشینف	31
کینابالو	31
کیهانشناسی	31
کیچه	31
کیکاوس	31
گئوبروه	31
گاتاها	31
گادولفین	31
گاسپار	31
گاشربروم	31
گالا	31
گالش‌ها	31
گالوانیک	31
گالیا	31
گامبوزیا	31
گانت	31
گانتیر	31
گانه‌ای	31
گاوباره	31
گاوبازی	31
گاودانه	31
گاوراس	31
گاپله	31
گدازه‌ها	31
گرازان	31
گرافهای	31
گرته	31
گردانهای	31
گردهمایی‌ها	31
گردوغبار	31
گردونه‌های	31
گرفتاریهای	31
گرم‌تر	31
گروزنی	31
گروهبانی	31
گروگانها	31
گرویده‌اند	31
گریزد	31
گرینیارد	31
گزافه	31
گزيده	31
گسترشی	31
گسل‌ها	31
گفت‌وگوهای	31
گفت‌وگویی	31
گلبرگ‌های	31
گلرویی	31
گلمورتی	31
گله‌ها	31
گلوری	31
گلچهران	31
گلیرد	31
گمانی	31
گوآوا	31
گوانگ	31
گوانگشی	31
گوانگ‌دونگ	31
گوتو	31
گوت‌ها	31
گودالهای	31
گودو	31
گوشتخواری	31
گونزالز	31
گوهرتپه	31
گوویندا	31
گوينده	31
گويندگان	31
گويی	31
گوکلان	31
گویش‌هایی	31
گچ‌بری‌های	31
گگوگوون	31
گیدو	31
گیلانیان	31
گیوگ	31
گیک	31
یادکرده‌است	31
یاسپرس	31
یافت‌پذیری	31
یالثارات	31
یامونا	31
یانه	31
یاکو	31
یخچالها	31
یسوعی	31
یورشهای	31
یوزباشی	31
یوم‌کیپور	31
یونانی‌نشین	31
یونسفر	31
یکاترینبورگ	31
یکپارچه‌است	31
یگانی	31
ییمو	31
یینگسو	31
ﺁن	31
آبادی‌هایی	30
آبسنگ	30
آبوت	30
آبچر	30
آتنیان	30
آتوئین	30
آتورپات	30
آخور	30
آدمخواری	30
آدم‌ربایی	30
آدومیم	30
آدیغیه	30
آذرفرنبغ	30
آذرنگ	30
آراخوزیا	30
آراستگی	30
آرام‌آرام	30
آراگاتسوتن	30
آربی	30
آرماگدون	30
آروغ	30
آرکنت	30
آریانام	30
آریستوفان	30
آزادش	30
آزارهای	30
آزرمی‌دخت	30
آسامی	30
آستارای	30
آسترکی	30
آسماری	30
آشخانه	30
آشوبی	30
آشیلوس	30
آصفی	30
آغامحمد	30
آغل	30
آفاری	30
آفرود	30
آفرینش‌گرایی	30
آفلاین	30
آلاگل	30
آلبرتوس	30
آلتامیرا	30
آلماتی	30
آلوده‌است	30
آلودگی‌ها	30
آلودی	30
آلومین	30
آلپاین	30
آلیا	30
آماد	30
آمایش	30
آمره	30
آمستراد	30
آمنی	30
آموخته‌ها	30
آموزانی	30
آمپرسنج	30
آمینواسید	30
آمیوتروفیک	30
آناستازیوس	30
آندر	30
آندرونیکوس	30
آندروپوف	30
آندلس	30
آنسفالیت	30
آنغوزه	30
آنقوت	30
آنهمه	30
آنوبانی‌نی	30
آنیدرید	30
آهك	30
آهنربایی	30
آواگروه	30
آپاراتوس	30
آپولونیوس	30
آکادمی‌های	30
آکاربوز	30
آکتور	30
آیالا	30
آیتم‌های	30
آیر	30
آیشواریا	30
آینیاس	30
آیومی	30
آیینها	30
ائارندیل	30
ابتر	30
ابتکارهای	30
ابرریسمان	30
ابريشم	30
ابزارهاي	30
ابن‌خلدون	30
ابهای	30
ابهررود	30
ابواء	30
ابوالعلا	30
ابوالفوارس	30
ابوحاتم	30
ابوحنيفه	30
ابوسعد	30
ابولفضل	30
ابوکالیجار	30
ابیسو	30
اتاقه	30
اترها	30
اتللو	30
اتنولوگ	30
اتوبوسها	30
اتولوژی	30
اتومات	30
اتوود	30
اتوکلاو	30
اتکایی	30
اتی	30
اثره	30
اثري	30
اجانب	30
اجلاسی	30
اجماعی	30
احتکار	30
احساس‌های	30
اخاذی	30
اخرایی	30
اخلاقي	30
ادارة	30
ادامة	30
ادویه‌جات	30
اديان	30
ارتوپد	30
ارجاسپ	30
ارجمندی	30
ارداویرافنامه	30
اردشیری	30
اردوکشی	30
اردوگاه‌ها	30
اردک‌های	30
ارزگان	30
اركان	30
ارمان	30
ارنگه	30
اروپائی‌ها	30
اروپاییانی	30
ارپ	30
ارکسترال	30
ازآنکه	30
ازرا	30
اساتیدش	30
اساطير	30
اسامي	30
استاتین	30
استخوان‌هایی	30
استرایپس	30
استرتوکستر	30
استرها	30
استروژنی	30
استقراگرایی	30
استقلالش	30
استنتون	30
استوديو	30
استوماتیت	30
اسرارالتوحید	30
اسطبل	30
اسكان	30
اسلوبی	30
اسمبلر	30
اسوتلانا	30
اسپم‌ها	30
اسپوزیتو	30
اسکایپ	30
اسکریپت‌های	30
اسکناس‌ها	30
اسکندرکول	30
اسکودتو	30
اسکولا	30
اسکوپوس	30
اس‌ان	30
اس‌پی	30
اشبی	30
اشترامل	30
اشتوکاوی	30
اشتياق	30
اشجع	30
اشه	30
اشکن	30
اشک‌های	30
اصطلاحنامه	30
اصطهبانات	30
اصلیشان	30
اصیل‌ترین	30
اطرافشان	30
اطعام	30
اعتلا	30
اعدامهای	30
اعلاء	30
اعيان	30
اغلاط	30
اغنیا	30
اغویرزه	30
افتضاح	30
افراطیون	30
افراکتی	30
افروزی	30
افق‌های	30
افكند	30
افلاطونیان	30
اقترانی	30
اقدم	30
اقرع	30
اقصادی	30
اقليت	30
اقلیتها	30
اقیانوس‌پیما	30
الأکوع	30
الئا	30
الابرار	30
الابواب	30
الاسماء	30
الاضلاع	30
الاوسط	30
الباسان	30
البشر	30
البیض	30
التنبیه	30
الحج	30
الحديث	30
الخ	30
الدبن	30
الزهراء	30
السمان	30
الشان	30
الضرب	30
الطب	30
العراقیه	30
العقد	30
الفقه	30
الف‌بای	30
الف‌های	30
القائات	30
القیس	30
القیوین	30
اللؤلؤ	30
اللغه	30
المثلی	30
المجسطی	30
المرزوقی	30
المقابله	30
المقدور	30
المپيك	30
المپیاس	30
النخاع	30
الورود	30
الي	30
اليوت	30
الگوریتمها	30
الیستا	30
الیل	30
الیمن	30
الیوم	30
الیکا	30
امبرو	30
امثالهم	30
امرؤالقیس	30
امريکا	30
امریتسار	30
امضاءکنندگان	30
امعاء	30
امیدیار	30
امیراحمدی	30
امیرخیزی	30
امیرشاه	30
امیرمعزی	30
امیرمفخم	30
امیرچوپان	30
امیلیو	30
امین‌آباد	30
امین‌پور	30
انباره	30
انتالپی	30
انتقال‌های	30
انتقام‌گیری	30
انتگرال‌ها	30
انتی	30
انجام‌پذیر	30
انحصارها	30
اندامگان‌ها	30
اندرزنامه	30
اندوستاتین	30
اندوکاردیت	30
اندیشکده	30
انسفالوپاتی	30
انفجارات	30
انلیل	30
انگاشته‌اند	30
انگشت‌های	30
انگل‌ها	30
انگیزاند	30
انیسه	30
انیشتن	30
انیماتیک	30
انیمه‌های	30
اهلی‌کردن	30
اهورمزدا	30
اوتادا	30
اوتسی	30
اوتی	30
اورئوس	30
اورارتوها	30
اوراسیایی	30
اورانیومی	30
اورتریت	30
اورشليم	30
اورگان	30
اوریا	30
اورینگ	30
اوستیایی	30
اوفا	30
اوقاتش	30
اولان‌باتور	30
اولترا	30
اولسون	30
اولشان	30
اولم	30
اولویت‌دار	30
اولیاءالله	30
اونا	30
اوو	30
اوکراين	30
اوکلاهاما	30
اوگانیانس	30
اپایس	30
اپراها	30
اپیکور	30
اچ‌دی	30
اژدرافکن	30
اژدهاکش	30
اکاموتو	30
اکاپی	30
اکتیویژن	30
اکرمی	30
اکریلیک	30
اکسترمم	30
اکسنده	30
اکسپو	30
اکسیدها	30
اکسیدکربن	30
اکوان	30
ایبیزا	30
ایتالیایی‌تبار	30
ایتو	30
ایجوان	30
ایرادهایی	30
ایرانشناسان	30
ایرانی‌ای	30
ایروبیک	30
ایزادورا	30
ایزدبانوان	30
ایزیس	30
ایزیلدور	30
ایستانه	30
ایسیس	30
ایقان	30
ایله	30
ایمانش	30
ایمر	30
ایموتو	30
ایمپرس	30
اینانلو	30
اینجوری	30
ایند	30
اینفینیتی	30
اینچه‌برون	30
اینیستا	30
این‌جهت	30
ایوانا	30
ایوری	30
ایوو	30
ایپانما	30
ایکان	30
ایکس‌پی	30
ایکی	30
ایگدیر	30
ای‌تی‌اندتی	30
بائو	30
باباامان	30
بابازکی	30
بابری	30
بابه	30
باب‌های	30
باتلاق‌ها	30
باثبات	30
بادم	30
بادگیری	30
بارنارد	30
باره‌ی	30
باري	30
بارکو	30
بارگی	30
باریتون	30
باریسان	30
باریش	30
باریوم	30
باریون‌ها	30
بازارچه‌های	30
بازجویی‌های	30
بازداشتگاهی	30
بازدانگان	30
بازور	30
بازپسگیری	30
بازگیر	30
بازیافته	30
بازیكن	30
بازیگری‌اش	30
بازی‌ای	30
بازی‌هایش	30
باسم	30
باسوادان	30
باسیلیسک	30
باسیل‌های	30
باس‌هانتر	30
باشگاهها	30
باطنیان	30
باغلارباغی	30
باغلاما	30
باغچه‌های	30
بافت‌شناسی	30
باقلانی	30
باقی‌یف	30
بالاخانه	30
بالاروچ	30
بالغی	30
باندها	30
بانکو	30
بان‌سولاب	30
باورمند	30
باکترها	30
باکلند	30
بایدن	30
بایگان	30
بباختر	30
ببل	30
ببينيد	30
بتاکاروتن	30
بتلیس	30
بتها	30
بتوله	30
بتي	30
بتکده	30
بتیس	30
بجاي	30
بخارائی	30
بختياری	30
بخودی	30
بداء	30
بدانی	30
بداوی	30
بدلکاری	30
بدنه‌ی	30
بدکار	30
بدیهه	30
برآفتاب	30
برابرها	30
براندون	30
برانکوزی	30
براهام	30
براهما	30
بربست	30
برترام	30
برجسته‌تر	30
برداشتنی	30
بردعه	30
برزیلا	30
برسانم	30
برش‌های	30
برفت	30
برفگیر	30
برل	30
برمی‌انگیزد	30
برنامه‌ريزي	30
برنامه‌ریزان	30
برندا	30
برنده‌ای	30
برهنه‌گرایی	30
برودسکی	30
برونکواسپاسم	30
بروکز	30
برکشایر	30
برگیرد	30
بریت	30
بریجیت	30
بریلیم	30
بزداید	30
بزرگوارشان	30
بزرگ‌داشت	30
بزرگ‌نمایی	30
بزنجان	30
بساز	30
بستاند	30
بستانه	30
بستري	30
بستم	30
بسراید	30
بسه	30
بشاره	30
بشامل	30
بطلمیوسیان	30
بعثی‌ها	30
بعدان	30
بعدهای	30
بفاصله	30
بفهمم	30
بقايای	30
بلادونا	30
بلانکو	30
بلاگر	30
بلاگفا	30
بلندي	30
بلواری	30
بلک‌برن	30
بلیر	30
بلیچ	30
بمثابه	30
بناشده	30
بنتهام	30
بندو	30
بندپا	30
بنفشه‌خواه	30
بنیادی‌ترین	30
بنی‌خزاعه	30
بهمنشیر	30
بهنوش	30
بهپادها	30
بهینه‌است	30
به‌آسانی	30
به‌اتفاق	30
به‌اصطلاح	30
به‌او	30
به‌مرور	30
بوآ	30
بواسیرها	30
بوتوکس	30
بوخنر	30
بوذرجمهری	30
بورا	30
بورخانی	30
بورل	30
بورژوای	30
بوریک	30
بوستر	30
بوسید	30
بوشنر	30
بومهن	30
بونه	30
بونهام	30
بونوبوها	30
بونین	30
بوژان	30
بوکسته‌هود	30
بوکسوری	30
بوید	30
بيابد	30
بيروت	30
بيك	30
بپرد	30
بچ	30
بگذشت	30
بگوی	30
بیاتها	30
بیافزایند	30
بیانکا	30
بیایی	30
بیج	30
بیرد	30
بیرس	30
بیزه	30
بیضی‌شکل	30
بیلی‌جین	30
بیماریش	30
بیماریی	30
بینز	30
بیوفیزیک	30
بییانوئبا	30
بی‌امان	30
بی‌بی‌شهربانو	30
بی‌حاصل	30
بی‌حجاب	30
بی‌دقتی	30
بی‌سر	30
بی‌عیب	30
بی‌معنی	30
بی‌وزنی	30
بی‌کلام	30
بێ	30
تأکیدی	30
تئوفراستوس	30
تئوفیلین	30
تابه‌امروز	30
تادیب	30
تارزان	30
تارومار	30
تازمان	30
تازه‌وارد	30
تاقی	30
تالقانی	30
تاليفات	30
تاکاهاشی	30
تاکس	30
تاکسونومی	30
تاکسیلا	30
تبتی‌ها	30
تبریزیان	30
تبعیدش	30
تبليغاتی	30
تترا	30
تجملات	30
تجویزی	30
تحريم	30
تختش	30
تخته‌ها	30
تخطئه	30
تخلصش	30
تخمک‌گذاری	30
تخمین‌های	30
تداخل‌سنج	30
تداخل‌های	30
تدبير	30
تراخم	30
ترانه‌ساز	30
تراوا	30
ترایتز	30
ترخون	30
ترسان	30
ترسایان	30
ترقیات	30
ترمان	30
ترو	30
ترومبوفلبیت	30
تروپ	30
ترکیب‌بند	30
ترکیدن	30
ترک‌زبانان	30
ترک‌نشین	30
تریاد	30
تریس	30
تریسراتوپس	30
تریپسین	30
تری‌فسفات	30
تزارهای	30
تزيينات	30
تسخینوالی	30
تسین	30
تشنجی	30
تشييع	30
تصریفی	30
تصميمات	30
تصورش	30
تعطيل	30
تعليق	30
تعمیددهنده	30
تغیراتی	30
تفتال	30
تفتی	30
تفریط	30
تفسیرات	30
تفسیرش	30
تفسیرهایی	30
تفقد	30
تقریظ	30
تقلبات	30
تله‌های	30
تلگرافخانه	30
تمجیدی	30
تمرکزی	30
تمرین‌ها	30
تمیزکاری	30
تمیس	30
تنایا	30
تنبو	30
تندروها	30
تنظیم‌کننده	30
تنکا	30
تنگسیر	30
توئستس	30
توابین	30
توانایی‌اش	30
توانایی‌هایی	30
توتسی‌ها	30
توتمس	30
توتن	30
توتک	30
توشمال	30
توصیه‌ها	30
تولایی	30
تولدشان	30
توله‌های	30
تولین	30
تومانیان	30
توهین‌ها	30
توپها	30
توپک	30
توکسوپلاسموز	30
تویودا	30
تيز	30
تيپ	30
تپنده	30
تکلو	30
تکلیفی	30
تکواژها	30
تکیه‌گاهی	30
تیراناسور	30
تیربار	30
تیررس	30
تیرکها	30
تیزهوشان	30
تیغ‌های	30
تیمبوکتو	30
تیموشنکو	30
تیمین	30
تینبرگن	30
تیکارام	30
تییرا	30
ثث	30
ثقیف	30
جاثلیق	30
جاسینتو	30
جانسوز	30
جاودانان	30
جاکومو	30
جاگیری	30
جایزه‌هایی	30
جاینام‌های	30
جبله	30
جترو	30
جدشان	30
جرجیس	30
جرعه‌ای	30
جزئيات	30
جزه	30
جستجوگران	30
جستم	30
جعلان	30
جلایی	30
جلایی‌پور	30
جلبک‌های	30
جلوئی	30
جلوه‌هایی	30
جلویش	30
جماع	30
جماعات	30
جمع‌های	30
جمهوری‌اش	30
جمهوری‌خواهی	30
جنايت	30
جنبه‌ی	30
جندابه	30
جنشان	30
جنوبی‌تر	30
جنوبی‌ها	30
جنگ‌افزاری	30
جنگ‌زده	30
جن‌گیر	30
جهادسازندگی	30
جهتگیری	30
جهش‌ها	30
جوزا	30
جولیت	30
جوملا	30
جی‌تی	30
جی‌سی‌سی	30
جی‌پگ	30
جی‌کی‌رولینگ	30
حاجتی	30
حاشیه‌نشینی	30
حاملین	30
حاکمین	30
حبيب	30
حدسیات	30
حرفه‌ای‌ها	30
حره	30
حری	30
حشمت‌الله	30
حشو	30
حقوق‌دانان	30
حكمي	30
حلقه‌هایی	30
حماسه‌ها	30
حماملو	30
حمایتش	30
حمیدالله	30
حمیدیه	30
حمیل	30
حوثی‌ها	30
حيدر	30
حکمفرماست	30
حکومتشان	30
حکیم‌زاده	30
حیرت‌انگیز	30
حیله‌ای	30
خاد	30
خاطرش	30
خالدآباد	30
خالصانه	30
خالها	30
خانه‌نشین	30
خانیان	30
خاورنزدیک	30
خاکزی	30
خاکه	30
خبرچینی	30
خداناباوران	30
خداگرایی	30
خدشه‌ای	30
خرابکاران	30
خراجگزار	30
خراشادی	30
خرجی	30
خرمائی	30
خرمدشت	30
خرنا	30
خريداری	30
خرپا	30
خرپاها	30
خزانه‌دار	30
خست	30
خشایارشاه	30
خضرلو	30
خطرناکتر	30
خلاقیت‌های	30
خلیفه‌گری	30
خلیل‌زاد	30
خمره‌های	30
خمیرمایه	30
خواجہ	30
خوافی	30
خواني	30
خوتکا	30
خودسانسوری	30
خودشون	30
خورخوره	30
خوردم	30
خوردنش	30
خورنساء	30
خوشبین	30
خوشنودی	30
خویشانش	30
خویشاوندانش	30
خيريه	30
خيمه	30
خیانتکار	30
خیدا	30
خیراندیش	30
خیره‌کننده‌ای	30
خیسانده	30
دائرةالبروج	30
دائمي	30
دابویه	30
داخائو	30
دارابجرد	30
دارالترجمه	30
دارالسلطنه	30
داراییش	30
دارمستتر	30
داروسازان	30
داریو	30
داشنگاه	30
دالوند	30
دامپروی	30
داناتر	30
داناترین	30
دانیلز	30
داهومی	30
داودآباد	30
داگوبرت	30
دایمند	30
دبستان‌ها	30
دبل	30
دبلیومپ	30
دبیت	30
دخان	30
دراما	30
درانتهای	30
دراو	30
درباريان	30
دربان	30
دربندی	30
درخت‌هایی	30
درخشیده	30
دردار	30
دردن	30
درزیر	30
درشت‌نی	30
درصدر	30
درعمل	30
درمعرض	30
درموارد	30
درنوردید	30
درنیامد	30
دروازه‌ی	30
درون‌ریز	30
دریان	30
دریاچه‌وار	30
درید	30
دریده	30
دس	30
دستبردهای	30
دستت	30
دستن	30
دستورالعملی	30
دستورالعمل‌هایی	30
دست‌نشان	30
دست‌نوشته‌ها	30
دست‌گیر	30
دشارژ	30
دشته	30
دشواری‌ها	30
دعوتی	30
دلخراش	30
دلخوش	30
دلگیر	30
دلیچ	30
دماغی	30
دموستن	30
دمکرات‌ها	30
دنیاآمد	30
دهانشان	30
دهندگانی	30
ده‌دهی	30
دوبند	30
دوتائی	30
دوتکه	30
دوجایگاهی	30
دوجنس	30
دوجنس‌گرا	30
دودلی	30
دودکش‌های	30
دوربین‌هایی	30
دورنما	30
دورنمایی	30
دورها	30
دولون	30
دونپورت	30
دوهای	30
دوکوه	30
ديزلي	30
دينار	30
دکمه‌ها	30
دیاری	30
دیامغناطیس	30
دیده‌شده	30
دیدو	30
دیرپای	30
دیزان	30
دیشلمه	30
دیش‌های	30
دیناری	30
دینام	30
دینان	30
دیوارنویسی	30
دیکسی‌لند	30
دیکیرش	30
دیگرشان	30
ذاذن	30
ذلیل	30
ذهنیات	30
ذهیروک	30
رأفت	30
رائین	30
راحتي	30
رانشان	30
رانویه	30
راهنمايی	30
راههایی	30
راولینسون	30
راکتز	30
رایزر	30
رایچ	30
رایکارد	30
ربعی	30
ربه‌کا	30
ربک	30
رتق	30
رجوي	30
رحمانیه	30
رحمة	30
رحیم‌پور	30
ردا	30
ردز	30
ردکلیف	30
رزان	30
رزوه	30
رزیتا	30
رساله‌هایی	30
رساننده	30
رستاخيز	30
رستمیان	30
رصدگر	30
رضاییان	30
رضواني	30
رضي	30
ركن	30
ركورد	30
رماتیسمی	30
رمضان‌زاده	30
رهنمودهایی	30
ره‌گیری	30
روانبخش	30
روبنس	30
روتس	30
روحانيت	30
رودرروی	30
رودررویی	30
روزآمد	30
روزه‌دار	30
روسبی	30
روسیان	30
رولد	30
رووینی	30
روکشی	30
رویند	30
ريزش	30
ريچارد	30
ريگ	30
رکوردار	30
رگبرگها	30
ریبرا	30
ریتمن	30
ریزآلیاژها	30
ریشه‌هایی	30
ریشه‌کن	30
ریش‌سفیدان	30
ریفامپیسین	30
ریماز	30
ریوس	30
ریکشا	30
رییسی	30
زائو	30
زادی	30
زارلند	30
زازاها	30
زانتیا	30
زاهدیان	30
زاپاتا	30
زایدات	30
زبانه‌ای	30
زتاریمان	30
زحمتی	30
زدوخورد	30
زرقاوی	30
زرن	30
زرکوب	30
زمینی‌ها	30
زنت	30
زندقه	30
زندگینامه‌ای	30
زندگی‌نامه‌ای	30
زنگان	30
زوبونتو	30
زورآزمایی	30
زونگولداک	30
زیادتی	30
زیارتنامه	30
زیباروی	30
زیدآباد	30
زیربغلی	30
زیرتر	30
زیرراسته	30
زیرزبانی	30
زیرسطحی	30
زیرکونیوم	30
زیلو	30
زیمرمن	30
زینی	30
ساباکی	30
ساتع	30
ساجیان	30
ساختارشان	30
ساختارمند	30
سارگپه	30
سازشناسی	30
سازگارتر	30
ساقی‌نامه	30
سالشمار	30
سالفورد	30
سالون	30
ساليان	30
سالیناس	30
سال‌روز	30
سامار	30
ساموئلسون	30
سانتاماریا	30
سانتامونیکا	30
سانحه‌ای	30
ساهر	30
ساپورو	30
ساکارز	30
ساکرال	30
ساکسونها	30
سایتیف	30
ساینتیفیک	30
سایپادیزل	30
سبع	30
سبكی	30
سبیلکها	30
ستاره‌بینی	30
ستایشگر	30
سدروت	30
سدیک	30
سرابندی	30
سرابها	30
سرابی	30
سراتوسور	30
سرازیری	30
سربالایی	30
سرتان	30
سرخرگی	30
سردری	30
سردوشی	30
سرستونهای	30
سرسخت‌ترین	30
سرشتی	30
سرطان‌زا	30
سرغیلان	30
سرلک	30
سرمربی‌گری	30
سرمهندس	30
سروی	30
سرگشته	30
سرگور	30
سریلیک	30
سزائی	30
سطل‌های	30
سفیدها	30
سفیروت	30
سفین	30
سقفها	30
سكنه	30
سلاخی	30
سلتیکز	30
سلجوقيان	30
سلخ	30
سلسبیل	30
سلولهایی	30
سمام	30
سمبول	30
سمعان	30
سمیرامیس	30
سندبادنامه	30
سني	30
سنگتراش	30
سنگسری‌ها	30
سنگین‌اسلحه	30
سهام‌داران	30
سهمناک	30
سهوی	30
سه‌هزار	30
سوئيچ	30
سوئی	30
سوامی	30
سوبسترا	30
سودجویی	30
سوددهی	30
سوربیتول	30
سوریه‌ای	30
سولفونیل	30
سومبار	30
سونار	30
سوننی	30
سونوما	30
سوهارتو	30
سپهسالاری	30
سکانسی	30
سکتورهای	30
سکونتگاههای	30
سکونتگاهی	30
سکوهایی	30
سگزآباد	30
سگوبیا	30
سیامی	30
سیاه‌کوه	30
سیریک	30
سیستیک	30
سیسیانف	30
سیلزیای	30
سیلماریل	30
سیلندرهای	30
سیله	30
سیمبا	30
سیمبین	30
سیمه	30
سیمپلکس	30
سیناپس‌ها	30
سینتکس	30
سیندخت	30
سینوپ	30
سیوان	30
سیکلوسپورین	30
سیکلونها	30
سیکیم	30
شادباش	30
شادترین	30
شادی‌ها	30
شارما	30
شاعره	30
شالیزارها	30
شاندرمن	30
شاهدیه	30
شاهراه‌های	30
شاهزادگی	30
شاهكار	30
شاهمرادی	30
شاهنامه‌است	30
شاهینی	30
شاپو	30
شاپورآباد	30
شایسته‌است	30
شبحی	30
شبیه‌خوانی	30
شجاعتی	30
شخصيتي	30
شدتی	30
شدهاست	30
شراب‌های	30
شربت‌ها	30
شرم‌آور	30
شروه	30
شرپنل	30
شریانها	30
شریف‌امامی	30
شریل	30
شستی	30
شعبده‌باز	30
شفابخشی	30
شفاخانه	30
شفيعي	30
شكلی	30
شكوه	30
شلوارک	30
شمارگانی	30
شمس‌آبادی	30
شمشیرزنی	30
شنهای	30
شنوا	30
شنکلی	30
شنیده‌ها	30
شن‌ها	30
شهداي	30
شهرالعین	30
شهربان	30
شهرخرو	30
شهنواز	30
شوئون	30
شوا	30
شوارزنگر	30
شوران	30
شوندگان	30
شيفته	30
شکارگری	30
شکافهای	30
شکایت‌های	30
شکمبه	30
شکیرا	30
شگفت‌اختر	30
شگون‌سالاری	30
شیاردار	30
شیبر	30
شیخ‌الرئیس	30
شیرانی	30
شیرزادگان	30
شیرهایی	30
شیروخورشید	30
شیلند	30
شیلپریک	30
شیوری	30
شیوه‌نامه	30
صاحب‌نظر	30
صالحه	30
صالحین	30
صباباتری	30
صحرانشینی	30
صحراوی	30
صدرنشین	30
صغاد	30
صفاهان	30
صفحه‌آرایی	30
صلاحیت‌دار	30
صنعتی‌سازی	30
صهیونیزم	30
صواب	30
ضایعاتی	30
ضایعه‌ای	30
ضدالتهابی	30
ضدایرانی	30
ضدتروریستی	30
ضعفهای	30
ضیاءآباد	30
ضیائی	30
طاسی	30
طاقه	30
طالبیه	30
طشت	30
طلایه	30
طلفاح	30
طنابداران	30
طهوری	30
طوفانهای	30
طولهای	30
طیوه	30
ظاهرش	30
ظریف‌تر	30
ظلمی	30
ظهورش	30
عاجی	30
عادا	30
عادت‌های	30
عادلانه‌تر	30
عاصمه	30
عالم‌آرای	30
عبدالحسن	30
عبدالعزيز	30
عبدالمالکی	30
عبدالمجيد	30
عجولانه	30
عدهای	30
عربستانی	30
عزرائیل	30
عزیزمان	30
عسجدی	30
عشیره‌ای	30
عصرهای	30
عضویتش	30
عطرسازی	30
عطوفت	30
عقاب‌های	30
عقلیه	30
عقه	30
عقول	30
علاقگی	30
علاماتی	30
علامتگذاری	30
علتش	30
علوی‌گری	30
عليا	30
علیجان	30
علیهما	30
عمارنه	30
عمده‌اش	30
عملش	30
عملوند	30
عنایتی	30
عنتره	30
عندلیبی	30
عنفوان	30
عنون	30
عوام‌فریبی	30
عوزی	30
عيسي	30
عینالی	30
غردقه	30
غريبه	30
غریقان	30
غسل‌های	30
غشاها	30
غلور	30
غو	30
غولهای	30
غول‌ها	30
غیرانگلیسی‌زبان	30
غیرقطبی	30
غیرمادی	30
غیرمسلمان	30
غیرچرخشی	30
فارسال	30
فارص	30
فاستونی	30
فالانژها	30
فالونی	30
فاميل	30
فامیل‌های	30
فاژ	30
فاکتورهایی	30
فایت	30
فایفر	30
فتح‌علی	30
فتنه‌های	30
فخرآور	30
فرآيندها	30
فراتفکیک	30
فراملی	30
فرانچسکا	30
فرانکیل	30
فراگشت	30
فراگير	30
فراگيري	30
فرجاد	30
فرزام	30
فرستاده‌شد	30
فرستادگانی	30
فرستادیم	30
فرسنو	30
فرشیدورد	30
فرصتها	30
فرماندهي	30
فرمانروایانی	30
فرمولهای	30
فرگشتی	30
فریبی	30
فریفتن	30
فریگیه	30
فسفولیپید	30
فسیل‌ها	30
فشارقوی	30
فصلها	30
فصل‌نامه	30
فضلون	30
فعالتر	30
فعل‌یار	30
فقراء	30
فقرزدایی	30
فقير	30
فلاونوئیدها	30
فلسفه‌است	30
فله	30
فلورید	30
فلوچارت	30
فندقی	30
فنرها	30
فنرهای	30
فنل	30
فنوتیپی	30
فهر	30
فهری	30
فورتیس	30
فورستر	30
فوروم	30
فولکلر	30
فویل	30
فکتورینگ	30
فکها	30
فیلمنامه‌های	30
فیکنر	30
فیگوراتیو	30
قاراملیک	30
قارچهای	30
قاعدة	30
قافلانکوه	30
قالیهای	30
قاچ	30
قاینی	30
قبح	30
قبله‌داغی	30
قبیله‌ها	30
قتال	30
قتالی	30
قتلها	30
قحطبه	30
قدرت‌مند	30
قدش	30
قرابه	30
قرارهای	30
قراقروم	30
قرامان	30
قرقره‌های	30
قرمزها	30
قرمه	30
قره‌درق	30
قره‌چمن	30
قسطی	30
قشیری	30
قصیده‌ها	30
قطرش	30
قفس‌های	30
قفلها	30
قلت	30
قلعه‌تل	30
قلعه‌سر	30
قلمروها	30
قلمستان	30
قلوی	30
قمرها	30
قمصری	30
قمه‌زنی	30
قندان	30
قهرمانی‌های	30
قولها	30
قومگرا	30
قوم‌شناسی	30
قویتری	30
قویونلوها	30
قوی‌تری	30
قیروانی	30
قیماسخان	30
كاتب	30
كارها	30
كاروانسرای	30
كردي	30
كسری	30
كفتار	30
كمپاني	30
كنگ	30
كهكشاني	30
كوبا	30
كوچكي	30
لابد	30
لابیرنت	30
لاتون	30
لاسال	30
لاسن	30
لاسپالماس	30
لاش	30
لاف	30
لالا	30
لامار	30
لامانچا	30
لانتانیدها	30
لانتیه	30
لاند	30
لانس	30
لانست	30
لانسلو	30
لانه‌اش	30
لانگر	30
لاهیری	30
لاپلاند	30
لباب‌الالباب	30
لباسشویی	30
لحیم	30
لخته‌های	30
لدا	30
لري	30
لشکرکشی‌ها	30
لشکریانش	30
لفاف	30
لفورک	30
لواسانات	30
لوتین	30
لوث	30
لودز	30
لورنا	30
لوستر	30
لومار	30
لومباردی	30
لوویس	30
لوچ	30
لوکمی	30
لویجی	30
لپ‌تاپ	30
لکاته	30
لکهنو	30
لیبرالیستی	30
لیبکنخت	30
لیرک	30
لیسا	30
لیله	30
لیموژ	30
لیندزی	30
لیندن	30
لیورمور	30
لیژ	30
لی‌لی	30
مأجوج	30
مأموریتش	30
مأموریت‌ها	30
ماداورا	30
مادورا	30
ماربین	30
مارتنزیتی	30
مارتیس	30
مارلو	30
ماره	30
مارين	30
مارپيچي	30
مارینوس	30
مازورتی	30
ماسرو	30
مالوری	30
مالکانه	30
مالکوویچ	30
ماموريت	30
مانس	30
مانندش	30
مانندگی	30
ماهایا	30
ماهلر	30
ماهک	30
ماه‌نشین	30
مايکروسافت	30
ماژول‌ها	30
ماژیک	30
ماکزیمال	30
مبارزه‌های	30
مبدل‌ها	30
متابولیت‌های	30
متالستورم	30
متدی	30
متساوی‌الاضلاع	30
متعاهد	30
متوکلوپرامید	30
متکثر	30
مثلث‌های	30
مجاب	30
مجتهدزاده	30
مجموعی	30
مجوسان	30
مجیدیه	30
محاسبه‌های	30
محترمین	30
محجبه	30
محرکهای	30
محسن‌آباد	30
محسود	30
محققانه‌اش	30
محمدقاسمی	30
محمدياراحمدي	30
مخلفات	30
مداخل	30
مدافعه	30
مدرسان	30
مدرنترین	30
مدنس	30
مذهبشان	30
مربيگری	30
مرتو	30
مرجحی	30
مردآزما	30
مردم‌سالاران	30
مرشدی	30
مرغوبترین	30
مرقعی	30
مرورگری	30
مروونژی‌ها	30
مرکزش	30
مرکزکارآفرینی	30
مرکزیتی	30
مرکیستون	30
مریهه	30
مزداپرست	30
مزون‌هایی	30
مساح	30
مسبته	30
مستبدانه	30
مستضعفین	30
مستغانم	30
مستقيمی	30
مستملکات	30
مستیزوها	30
مسلخ	30
مسیرشان	30
مصدومیت	30
مصیصه	30
مطالعه‌اش	30
مطیع‌الدوله	30
مظفرالدينشاه	30
معادنی	30
معاشر	30
معبودی	30
معتقدین	30
معظمه	30
معقول‌تر	30
معلومیه	30
معمارباشی	30
معمولیتان	30
معنویات	30
معوق	30
معین‌الاسلام	30
مفسرين	30
مفصل‌تری	30
مقاصدی	30
مقال	30
مقالت	30
مقاله‌اش	30
مقاومتي	30
مقبرةالشعرا	30
مقدمت	30
مقرب‌السلطان	30
مقرنس‌کاری	30
مقروض	30
مقصدی	30
مقصران	30
مقصودش	30
مكملي	30
ملاحضه‌ای	30
ملاحظاتی	30
ملاصدرا	30
ملاطی	30
ملاقاتش	30
ملاقات‌های	30
ملخ‌وش	30
ملیتوس	30
ممدوحانشان	30
ممکنات	30
منارها	30
منافات	30
منان	30
منتفق	30
منحط	30
مندرس	30
منزلگاهی	30
منطقوی	30
منعكس	30
منقارشان	30
منقدانه	30
منها	30
منوها	30
منوچهرخانی	30
مهاجرت‌خواجه	30
مهاجریان	30
مهارتها	30
مهرنامه	30
مهروئیه	30
مهنی	30
مواضعی	30
موتورز	30
موتورسوار	30
موجها	30
موج‌شان	30
مودین	30
موردشان	30
مورگوث	30
موریتو	30
موساسورها	30
موسويان	30
موشک‌پرانی	30
مونوئیدها	30
مونومراتیلن	30
ميانگين	30
مي‌رسند	30
مکتب‌های	30
مکرری	30
مکریولا	30
مکیال‌المکارم	30
مک‌آلن	30
مک‌پارتلند	30
مک‌کینلی	30
مگنوسون	30
میانایی	30
میان‌افزارهای	30
میان‌رودان	30
میدارند	30
میدوست	30
میراحمد	30
میرحسن‌خان	30
میرزاخسرو	30
میرزامحمدآباد	30
میرصالح	30
میرنا	30
میریزیم	30
میزگرد	30
میفرستد	30
میلک‌شیک	30
مینامیبوسو	30
مینامیم	30
مینت	30
مینرالوکورتیکوئیدی	30
مین‌جمع‌کن	30
میهمان‌خانه	30
میورزد	30
میوه‌خوریان	30
میچانوسکی	30
میکروب‌هایی	30
میکرونی	30
میگذشته	30
میگویان	30
می‌آویزند	30
می‌آيد	30
می‌افتاده	30
می‌برم	30
می‌بریده‌است	30
می‌تونی	30
می‌خوانده‌است	30
می‌داشته‌اند	30
می‌ریزیم	30
می‌زاید	30
می‌زید	30
می‌شتافته‌اند	30
می‌شناختیم	30
می‌شوی	30
می‌فروختم	30
می‌فهماند	30
می‌مرد	30
می‌مکند	30
می‌نشانید	30
می‌نمايد	30
می‌پخته	30
می‌کشم	30
می‌گذاشت	30
می‌گذشته‌اند	30
می‌گردیده	30
می‌گریستند	30
می‌گمارد	30
می‌گیرم	30
می‌یابید	30
نئونازیست	30
ناباربیسکا	30
نابالغش	30
ناحيه	30
ناخنها	30
ناخن‌هایش	30
ناراحتی‌ها	30
نارسا	30
ناسزاگویی‌ها	30
ناشایعی	30
ناشرینی	30
ناقا	30
ناقصه	30
ناكامی	30
نامتناسب	30
نامحلول	30
نامعتبر	30
نامورانی	30
نام‌می‌برد	30
ناهمواری‌هایی	30
ناواهو	30
ناوبان	30
ناولزی	30
ناوک	30
ناویکولار	30
ناپ	30
ناکامی‌هایش	30
نایفانچی	30
نایکوفروس	30
نبردناوهای	30
نبهو	30
نبودیم	30
نبونید	30
نتوتومه	30
نجات‌دهنده‌اش	30
نجیب‌زاده‌ای	30
نحویان	30
نخواسته‌ام	30
نداری	30
نرخش	30
نردبانی	30
نرنست	30
نزدیک‌بودن	30
نزنی	30
نساخته‌است	30
نسازم	30
نستعلیق‌نویسان	30
نسج	30
نسخ‌های	30
نشئگی‌اش	30
نشادر	30
نشاندار	30
نشانیده	30
نشستم	30
نشگولان	30
نصوص	30
نظیرشان	30
نعشی	30
نعناعیان	30
نفود	30
نقليه‌ای	30
نقلیه‌ای	30
نقیضه‌ای	30
نقیعه	30
نمابر	30
نماييم	30
نمایشگاهها	30
نمره‌های‌اش	30
نمودیم	30
نمونه‌گیری	30
نمی‌توانسته‌است	30
نمی‌داریم	30
نمی‌دهند	30
نمی‌گرفت	30
ننوشته	30
نهاده‌ها	30
نهنگی	30
نوآمد	30
نواده‌هایش	30
نواندیشان	30
نوایند	30
نوبندیان	30
نوحی	30
نورافکن	30
نورخانها	30
نوردي	30
نوردیدن	30
نوردیده‌اند	30
نورلند	30
نوروژنیک	30
نوشاب	30
نوشت‌ها	30
نوعدوست	30
نوع‌های	30
نومحافظه	30
نوين	30
نوکلئوزومی	30
نویانها	30
نویس‌هایی	30
نيتروگليسرين	30
نکره	30
نگاه‌های	30
نگهداران	30
نیازمحمدآخوند	30
نیازمندیم	30
نیبلونگن	30
نیتی	30
نیجریه‌ای	30
نیرالدین	30
نیروزا	30
نیرویشان	30
نیزه‌وری	30
نیلساز	30
نیمساز	30
نیمه‌تمام	30
نیمه‌خودکفا	30
نیمه‌هادی‌ها	30
نیمگان	30
نیمیتز	30
نینوای	30
نیوزوایرز	30
نیکلودیون	30
نیکوتینی	30
نیک‌گهر	30
هابسبورگند	30
هاديران	30
هارفوردشایر	30
هارمونی‌هایی	30
هالمارک	30
هالوژنه	30
هالکبری	30
هایزمن	30
هایفلیک	30
هایلندر	30
هاینزدورف	30
هایپرآلدسترونیسم	30
هایپرپیگمانته	30
هتل‌ها	30
هدفها	30
هدف‌اش	30
هرتا	30
هرروزی	30
هرندن	30
هرکیان	30
هسپریدها	30
هشت‌وجهی	30
هفت‌تیر	30
هلاكت	30
هلمینگ	30
هلندی‌الاصل	30
هلیکوپترها	30
هماهنگ‌سازی‌هایی	30
همايوندخت	30
همدرسان	30
همراهشان	30
همزبان	30
همسایگانمان	30
همسن	30
همنوا	30
همهمه	30
همپایه	30
همگرائی	30
هم‌ریختی‌ها	30
هم‌عصرانش	30
هندرس	30
هندسه‌ای	30
هنرآموزان	30
هنرپیشه‌ها	30
هنسه	30
هنگیل	30
هوآیلاس	30
هوارا	30
هواریاری	30
هواناوها	30
هواپیماربایی	30
هواپیماربایی‌ها	30
هواچرخ‌ها	30
هوبارد	30
هودهایی	30
هورامی‌ها	30
هورمیسداس	30
هوریس	30
هولو	30
هومورول	30
هونولولو	30
هوپرمنسترا	30
هوگویک	30
هيأت	30
هگلین	30
هیات‌علمی	30
هیتردار	30
هیتیتی	30
هیجان‌ها	30
هیرامارو	30
هیرودین	30
هیفاز	30
هیللر	30
هیپرآلدوسترونیسم	30
هیپودرم	30
وابسته‌هایش	30
واري	30
واصله	30
واقعی‌اند	30
واقع‌گرا	30
والامقام	30
والان	30
والترسرویس	30
والدس	30
وانجلیست	30
واندرهولست	30
واندگراف	30
وانکترمن	30
وایدر	30
وایرشتراسی	30
وایقانی	30
ورزیدگی‌ها	30
ورسیون	30
ورقه‌ها	30
وزنه‌های	30
وزیرخارجه	30
وسترگوتلاند	30
وستون	30
وصيت	30
وعاظ	30
وفقی	30
وكیل	30
ولاسکو	30
ولتای	30
ولفرام	30
ولگوگراد	30
ولیعهدش	30
ونسن	30
وودوارد	30
ويراستار	30
وپیش	30
وکتورها	30
ویترسپون	30
ویتوریا	30
ویراستی	30
ویرژینی	30
ویز	30
ویسبادن	30
ویسیان	30
ویلاها	30
ویلهم	30
وینکی	30
ویکا	30
ویکرنس	30
ویکیپدیا	30
يقين	30
يگانه	30
پاتل	30
پاداش‌های	30
پادشاهانی	30
پارازیت‌ها	30
پارسی‌گو	30
پاره‌وقت	30
پارواتی	30
پاروزن	30
پارون	30
پارچ	30
پاسادنا	30
پاست	30
پاسخها	30
پالمیرو	30
پالیدور	30
پامپلونا	30
پانت	30
پانته	30
پاندول	30
پان‌ترکیسم	30
پاکار	30
پاگرد	30
پایانه‌ها	30
پایاپای	30
پایت	30
پایه‌هایی	30
پایۀ	30
پتس	30
پتسدام	30
پتیدین	30
پدرین	30
پدل	30
پرآب‌ترین	30
پرازدحام	30
پراستفاده	30
پرتوانی	30
پرجاذبه	30
پرخرج	30
پرخوابی	30
پردازه‌ها	30
پردازي	30
پردرآمد	30
پرستند	30
پرستوها	30
پرسفونه	30
پرسپترون	30
پرسکات	30
پرسیوال	30
پرم	30
پرنیا	30
پرهیزگاری	30
پروئی	30
پروای	30
پروتون‌های	30
پروراندن	30
پروستاگلاندین	30
پروند	30
پرونیسم	30
پرووانس	30
پروکاریوت	30
پرویزنی	30
پرچ	30
پرچت	30
پزشكان	30
پزشکپور	30
پسرعمه	30
پسوندها	30
پسی	30
پشتوانه‌ای	30
پشت‌ها	30
پشمینه	30
پلئوس	30
پلخانف	30
پلخمری	30
پلوسی	30
پلکانه	30
پلیاس	30
پلیس‌ها	30
پمپیی	30
پنتوز	30
پنجه‌رو	30
پنها	30
پنهان‌سازی	30
پهلوانانی	30
پهن‌تر	30
پورت‌های	30
پورها	30
پوز	30
پوسان	30
پوشانند	30
پوشد	30
پوشک	30
پوشیدنی	30
پولادی	30
پولوکس	30
پولیفموس	30
پولیومیلیت	30
پومپی	30
پونزی	30
پوهاتان	30
پویاست	30
پویول	30
پيشرو	30
پپتیدو	30
پپرز	30
پژمردگی	30
پکتین	30
پکتیکا	30
پیامک‌های	30
پیام‌رسانی	30
پیترزبورگ	30
پیراهن‌های	30
پیربکران	30
پیرتر	30
پیرسهراب	30
پیرچشمی	30
پیشکشی	30
پیشکش‌های	30
پیش‌دستانه	30
پیلسر	30
پیلهای	30
پیمانهای	30
پیمان‌ها	30
پیچیده‌اند	30
پی‌آمدهای	30
پی‌برد	30
پی‌دی‌اچ	30
چارون	30
چارچوبهای	30
چاقوهای	30
چالنگی	30
چالی	30
چامه‌های	30
چانقری	30
چانگ‌لو	30
چربیها	30
چروکی	30
چزابه	30
چسبيده	30
چشمه‌است	30
چشمگير	30
چشمگیرترین	30
چشک	30
چشیدن	30
چغانی	30
چفیه	30
چقابل	30
چلان	30
چمنزارها	30
چمگردان	30
چندار	30
چندبعدی	30
چندروز	30
چندشوهری	30
چندصدایی	30
چنگر	30
چهارتن	30
چهارسر	30
چهارمحل	30
چوانگ	30
چوپرا	30
چوگو	30
چوگور	30
چپ‌گرایانه	30
چچنی‌ها	30
چکار	30
چکرز	30
چکش‌ها	30
چکناواریان	30
چیائو	30
چیزیست	30
چیق	30
ژاك	30
ژرفانمایی	30
ژن‌شناسیی	30
ژوتلند	30
ژوین	30
کائوتسکی	30
کابردهای	30
کابوکی	30
کاتساو	30
کاتم	30
کارآزمایی	30
کاراکترهایی	30
کاربره	30
کارت‌پخش‌کن	30
کارداشیان	30
کارده	30
کاردینال‌ها	30
کارسینوم	30
کارشناسانی	30
کارفرمای	30
کارلادان	30
کارولینا	30
کارگرها	30
کارگو	30
کاریب	30
کاریر	30
کاری‌ها	30
کاسا	30
کاسته‌است	30
کاستیلیانو	30
کاستی‌ها	30
کاسیاس	30
کاشانتو	30
کالجی	30
کالریج	30
کامرونی	30
کامپوزیتی	30
کامپوننت	30
کامیل	30
کانال‌هایی	30
کانتونا	30
کانتینر	30
کاندیدیازیس	30
کانیشکا	30
کاهیل	30
کاوشگرها	30
کاوور	30
کاپان	30
کاپری	30
کاکتوس‌های	30
کاکویه	30
کاگ‌ب	30
کایاس	30
کتابهائی	30
کتاب‌خانه‌ها	30
کتاب‌سوزی	30
کتیبه‌نویسی	30
کجاوه	30
کجکی	30
کجی	30
کداک	30
کراتوکونوس	30
کرازبی	30
کرامت‌الله	30
کرامپ	30
کراهت	30
کراکوف	30
کرباسچیان	30
کربوهیدرات‌های	30
کرداری	30
کرفت	30
کرمیت	30
کرم‌پور	30
کرنا	30
کروسکال	30
کرومیک	30
کروچه	30
کرچی	30
کریستیانو	30
کریمه‌ای	30
کسب‌وکار	30
کستاریکا	30
کستنر	30
کستور	30
کسرها	30
کسمه	30
کسکیدز	30
کسیکه	30
کشف‌المحجوب	30
کشمکشها	30
کشوی	30
کشکان	30
کشیش‌های	30
کفرگویی	30
کلامش	30
کلاهبردار	30
کلاینت‌ها	30
کلوت	30
کلوزآپ	30
کلیان	30
کلیج	30
کلیدهاي	30
کلیرانس	30
کلیپرز	30
کماری	30
کمونارها	30
کمونيست	30
کميسيون	30
کمک‌هایی	30
کمیسیونهای	30
کمیسیون‌ها	30
کمینه‌گرا	30
کم‌خوابی	30
کنایه‌های	30
کندال	30
کنسرتهایی	30
کنسل	30
کنگرۀ	30
کنگ‌دز	30
کنیایی	30
کنیست	30
کنیسه‌ها	30
کنیسه‌های	30
کنیپر	30
کن‌های	30
کهلر	30
کهندژ	30
کهنگی	30
کوارک‌های	30
کوالا	30
کوانتاس	30
کوانتیزه	30
کواکبیان	30
کوای	30
کوتائیسی	30
کوتاه‌برد	30
کوتزی	30
کوتو	30
کورانت	30
کورانلو	30
کورتوگ	30
کوردستان	30
کورپس	30
کوریره	30
کوشال	30
کوشالی	30
کولای	30
کولونوس	30
کولیک	30
کوما	30
کومر	30
کوهستاني	30
کوهسنگی	30
کوهپایه‌ها	30
کوچری	30
کوکس	30
کویو	30
کوی‌های	30
کپسولی	30
کپسول‌های	30
کپنهاگی	30
کپوردندان	30
کک‌ها	30
کیاست	30
کیانو	30
کیاوش	30
کیای	30
کیتینگ	30
کیرشهوف	30
کیرک	30
کیلوگرموزن	30
کینزی	30
کییفی	30
گئوماتا	30
گئوماتای	30
گائتو	30
گابیان	30
گاتیک	30
گادفری	30
گادوین	30
گارستانه	30
گارلند	30
گارودی	30
گازانبر	30
گازولین	30
گالاپاگوس	30
گالون	30
گاماسياب	30
گامبی	30
گامهایی	30
گانگستر	30
گانگلیون	30
گاهنامه‌های	30
گداز	30
گذاره	30
گذشته‌اند	30
گرامرهای	30
گرانولوماتوز	30
گرایم	30
گرت	30
گردآورده	30
گردآوري	30
گردانیدن	30
گردشگاههای	30
گرديدند	30
گرزی	30
گرشاسب‌نامه	30
گرفتید	30
گرلاخ	30
گرمائی	30
گرمابه‌های	30
گرمانرم‌ها	30
گرمدره	30
گرونه	30
گروی	30
گریبایدوف	30
گریخته‌اند	30
گریزند	30
گزاردن	30
گزاره‌هایی	30
گزیده‌های	30
گسلهای	30
گشایشی	30
گشتاوری	30
گشت‌های	30
گفن	30
گلادیاتوری	30
گلاستر	30
گلای	30
گلدوزی	30
گلزن‌کیرشن	30
گلندام	30
گلپايگان	30
گلچهره	30
گلیکو	30
گل‌بهار	30
گل‌به‌خودی	30
گمراه‌کننده	30
گناهانی	30
گناهکاری	30
گنجینه‌ها	30
گندی‌شاپور	30
گواهينامه	30
گواهی‌نامه	30
گودرزیان	30
گورخری	30
گوره	30
گوروهای	30
گوشت‌های	30
گوشواره‌های	30
گونا	30
گونار	30
گوندولین	30
گونه‌اند	30
گونه‌گون	30
گوپتا	30
گویچه	30
گیب	30
گیرنده‌ای	30
گیشو	30
گیلاد	30
گیليک	30
گیلیسپی	30
گیل‌گیلانشاه	30
گیومرث	30
گیونگ	30
گیگاوات	30
یئونگ	30
یائیر	30
یاروسلاو	30
یازیدند	30
یافتنش	30
یافته‌شده	30
یافتیم	30
یامان	30
یانیق	30
یانیک	30
یاپتوس	30
یداله	30
یرژی	30
یساکار	30
یشیل	30
یعقوبعلی	30
یكسان	30
یلوپیج	30
یوئه	30
یوخاری	30
یورشی	30
یوروفایتر	30
یورونیوز	30
یوشکا	30
یومیه	30
یونات	30
یوناتان	30
یونشوپینگ	30
یونیماگ	30
یوها	30
یکتاست	30
یکسان‌سازی	30
یکسویه	30
یکصدهزار	30
یکصدوپنجاه	30
یک‌بعدی	30
یک‌هزار	30
یگانه‌است	30
آئرو	28
آباده‌ای	28
آبانگان	28
آبجکت	28
آبخازها	28
آبخور	28
آبخیزداری	28
آبدره	28
آبرومند	28
آبفشان	28
آب‌پاش	28
آتریو	28
آتشفشان‌های	28
آتش‌ها	28
آتلکتازی	28
آتیا	28
آجودان	28
آخرالزمانی	28
آخوره	28
آدرس‌دهی	28
آدلف	28
آدمخوار	28
آدم‌سوزی	28
آرامتر	28
آراگاتس	28
آراگن	28
آرایش‌های	28
آرتساخ	28
آرته	28
آرتیمان	28
آرتیمانی	28
آرخانگلسک	28
آرزومند	28
آرل	28
آرماتور	28
آرمادیلو	28
آرنج‌ها	28
آرنشتات	28
آرنو	28
آرچر	28
آزادتر	28
آزادخان	28
آزادشده	28
آزادیخواهانه	28
آسان‌ترین	28
آسمان‌خراش	28
آسور	28
آسکاریس	28
آسیابانی	28
آسیمه	28
آشتاراک	28
آشوريان	28
آشپزخانه‌ها	28
آغازگران	28
آفتابه	28
آفریده‌اند	28
آفرینان	28
آفرینشگر	28
آقاخانی	28
آق‌داش	28
آكسفورد	28
آلاتی	28
آلارم	28
آلبیکنس	28
آلتا	28
آلرژن	28
آلماني	28
آلنهیان	28
آلوئول	28
آلونزو	28
آلکانها	28
آلکستیس	28
آلکنها	28
آلینوش	28
آل‌بویه	28
آماره	28
آماسیه	28
آمدوشد	28
آمدید	28
آمريکايی	28
آمفیزم	28
آمنحوتپ	28
آموزشها	28
آموزۀ	28
آموکسی	28
آمیخته‌اند	28
آمینواسیدها	28
آنابولیک	28
آنافاز	28
آنالیزهای	28
آنانرا	28
آنانیا	28
آنای	28
آنتیک	28
آنجلسی	28
آندراپرادش	28
آندروژنیک	28
آنطرف	28
آنوناکی	28
آنھا	28
آنیموس	28
آهاری	28
آوانتاژ	28
آوت	28
آویختن	28
آویزی	28
آينه	28
آپو	28
آچیه	28
آکاتسوکی	28
آکسو	28
آکوا	28
آکوستیکی	28
آگاستا	28
آگاهی‌هایی	28
آگاوه	28
آیرین	28
آیزایا	28
آیلتس	28
آینده‌است	28
آینور	28
آیین‌هایی	28
أعمال	28
أقصی	28
أیام	28
ابالیش	28
ابرامی	28
ابرقدرت‌ها	28
ابرمرد	28
ابروها	28
ابریق	28
ابط‌الجوزا	28
ابهاماتی	28
ابوالوفای	28
ابوبكر	28
ابوترابی	28
ابوخالد	28
ابوسلیمان	28
ابولؤلؤ	28
اتباعش	28
اتزیو	28
اتسز	28
اتفاق‌ها	28
اتم‌هایی	28
اتومبیل‌هایی	28
اتیلیک	28
اتیک	28
اثبات‌گرایی	28
اثناء	28
اثنی‌عشری	28
اجراشده	28
اجری	28
اجلالی	28
احتضار	28
احتمالي	28
احتمال‌های	28
احمدزی	28
احمدنگر	28
احيا	28
احياء	28
اختصاصات	28
اخس	28
اخسیکت	28
اخطب	28
اذانی	28
اراده‌ای	28
ارای	28
ارتوپدي	28
اردوها	28
ارزان‌قیمت	28
ارزشترین	28
ارشتناب	28
ارشدالدوله	28
ارشدترین	28
ارفورت	28
ارمینیه	28
ارهارد	28
ارومیان	28
ارگانیزم	28
اریکا	28
ازبکي	28
ازته	28
ازرقی	28
ازهمه	28
ازوفاژیت	28
ازگنین	28
اسان	28
استادیومی	28
استالدئید	28
استالدهید	28
استاوروپول	28
استثنائات	28
استرالیایی‌ها	28
استرپتومایسین	28
استصحاب	28
استعمارگری	28
استفاده‌شده	28
استقرائی	28
استندآپ	28
استورم	28
استکبار	28
استیم	28
اسدیه	28
اسروبنا	28
اسفره	28
اسفندگان	28
اسقف‌ها	28
اسقف‌های	28
اسلامیت	28
اسلامیسم	28
اسو	28
اسووو	28
اسپارتاکیست	28
اسپاهان	28
اسپرینگر	28
اسپلی	28
اسپمرها	28
اسپکتروسکوپی	28
اسپیتز	28
اسپیدمن	28
اسپیو	28
اسکارها	28
اسکلت‌ها	28
اسکوتر	28
اسکور	28
اسکوربیک	28
اسکیزوفرن	28
اسکیلاکس	28
اسکیمو	28
اسکیپ	28
اسیلاتورهای	28
اشاره‌ها	28
اشاره‌کرد	28
اشتیاقی	28
اشتیرنر	28
اشكفت	28
اشویشتنبرگ	28
اشکوبه	28
اشیر	28
اصلیترین	28
اصول‌گرای	28
اطلاعاتش	28
اطناب	28
اعتراف‌گیری	28
اعتقادنامۀ	28
اغواگر	28
افزودنی‌ها	28
افزونتر	28
افزون‌تر	28
افشانک	28
افشاگرانه	28
افلیا	28
افه	28
اف‌سکیور	28
اقتباس‌ها	28
اقصر	28
اقلامی	28
اكثرا	28
الات	28
الاثر	28
الاذکار	28
الاعظم	28
الانبیا	28
البثنة	28
البداهه	28
البرهان	28
البنين	28
التقاطی	28
الجدیده	28
الحاوی	28
الحرة	28
الحزم	28
الحکیم	28
الدر	28
الرئیس	28
الربیع	28
الرد	28
الرسل	28
الرفاعی	28
الروم	28
الساجور	28
الطیال	28
العظمي	28
العلامه	28
العلو	28
الغاء	28
الغراء	28
الغرافه	28
الغیبة	28
الفتوح	28
الفرس	28
الفرید	28
الفقهاء	28
الكتريكي	28
الماسواره‌ها	28
المجید	28
المختصر	28
المعاد	28
المعتضد	28
المعظم	28
المعلم	28
الموارد	28
الموسوعة	28
المیت	28
النجوم	28
الهيات	28
الوزرا	28
الوزرای	28
الویر	28
اليزابت	28
الکبری	28
الکتب	28
الکترونيک	28
الکترونيکی	28
الکترونیکا	28
الکوزی	28
الکی	28
الگوي	28
الیت	28
الیسع	28
الینگتون	28
ال‌جی‌پی‌ال	28
امسک	28
امن‌ترین	28
امپراتورهای	28
امیدریاضی	28
امیدنیک	28
امیرفضلی	28
امیرپرویز	28
انالوگ	28
انبارداری	28
انتخابات‌ها	28
انتخابش	28
انتر	28
انتروپیون	28
انداختم	28
انداره	28
اندازان	28
اندازم	28
اندازهایی	28
اندازه‌هایی	28
اندازیم	28
اندرزی	28
اندرکار	28
اندوختن	28
اندیشمندانه	28
اندیشمندانی	28
انرژیهای	28
انرژی‌زا	28
انرﮊی	28
انسان‌شناس	28
انستيتو	28
انشارات	28
انصاري	28
انقلابیونی	28
انکسار	28
انکوباسیون	28
انگره	28
انگشته	28
انگكور	28
انگوس	28
انیرانی	28
انیو	28
ان‌سی‌ای‌ای	28
ان‌پی	28
اوانز	28
اوبهی	28
اوتارپرادش	28
اوتوی	28
اوتیدم	28
اودوکسوس	28
اوربیتالهای	28
اوربیسن	28
اورسولا	28
اوریجنیست‌ها	28
اوزیر	28
اولئیک	28
اولار	28
اولد	28
اولدوز	28
اولویتهای	28
اولیة	28
اونیدا	28
اوکام	28
اوگری	28
اویاما	28
ايبك	28
ايراهستان	28
ايفاي	28
ايلامی	28
اينست	28
اينك	28
اپیدرم	28
اپیکا	28
اچ‌اس‌بی‌سی	28
اچ‌سی‌جی	28
اکتودرم	28
اکتورز	28
اکثرشان	28
اکثريت	28
اکسان	28
اکسترانت	28
اکسترمادورا	28
اکسیداتیو	28
اکلامپسی	28
اکوتوریسم	28
اکیناوا	28
اگرل	28
اگری	28
اگزا	28
اگزون	28
ایدئولوژی‌های	28
ایرانگردی	28
ایرانیت	28
ایرلندی‌ها	28
ایزدپناه	28
ایزوبوتیلن	28
ایزوتروپ	28
ایزوتسو	28
ایزومو	28
ایزوپروپیل	28
ایساغوجی	28
ایشتر	28
ایشکوه	28
ایفلا	28
ایلو	28
ایل‌ها	28
ایمبری	28
ایمیج	28
اینترمیلان	28
اینترودر	28
اینترون	28
اینج	28
ایندول	28
این‌دو	28
ایوانغرب	28
ایونینگ	28
ایکه	28
ایگناتیوس	28
ایگوانا	28
باباجان	28
باباحیدر	28
بابایادگار	28
بابل‌کنار	28
باتا	28
باتای	28
باترفلای	28
باختگان	28
باخمن	28
بارسغان	28
بارلو	28
باریک‌تر	28
بازآرایی	28
بازجوها	28
بازدمی	28
بازطراحی	28
بازفت	28
بازماندند	28
بازمانده‌است	28
بازوي	28
بازي‌هاي	28
بازگردید	28
بازگشتم	28
بازیابد	28
باسعیدو	28
باشماق	28
باغچه‌ای	28
باغ‌داری	28
بالاسری	28
بالاپوش	28
بالاگرفتن	28
بامبارا	28
بامری	28
بام‌های	28
باوجودیکه	28
باورهایش	28
باورهایی	28
باپ	28
باگاوادگیتا	28
بایان	28
بایستگی	28
بایسنغری	28
ببرک	28
ببعد	28
بتامتازون	28
بجاست	28
بجامانده	28
بجانب	28
بخشداران	28
بخل	28
بخواه	28
بخورم	28
بدانان	28
بدبویی	28
بدرون	28
بدش	28
بدشکلی	28
بدعت‌ها	28
بدني	28
بدهیهای	28
بدید	28
بدین‌وسیله	28
برآمدگی‌ها	28
برآوردی	28
برادرزاده‌اش	28
براعت	28
برافروخت	28
برافروختن	28
برانداخته	28
براندز	28
براونینگ	28
برایسون	28
بربالای	28
برخواسته	28
برخورده	28
برخوردگاه	28
برزرود	28
برسان	28
برساوشی	28
برعكس	28
برغم	28
برقرای	28
برقله	28
برقکافت	28
برمی‌انگیخت	28
برمی‌داشت	28
برمی‌گشت	28
برنانکی	28
برندن	28
برهانپور	28
بروخ	28
برودتی	28
بروشور	28
بروماید	28
برچید	28
برگردانیده	28
برگرفته‌اند	28
برگش	28
برگشت‌ناپذیر	28
برگفته	28
بریتانیائی	28
بریزیم	28
بزرگترند	28
بزور	28
بساری	28
بسام	28
بستانی	28
بستگي	28
بست‌های	28
بسکی	28
بسیارمهم	28
بشرط	28
بشناساند	28
بشوم	28
بشیریه	28
بصل‌النخاع	28
بصیرتی	28
بعدش	28
بعرض	28
بغاز	28
بغایت	28
بفارسی	28
بقاره	28
بقالی	28
بلات	28
بلانشت	28
بلاکاس	28
بلتستان	28
بلغور	28
بلورين	28
بلوك	28
بلومبرگ	28
بلومزبری	28
بلوگا	28
بلژها	28
بلین	28
بمانید	28
بمباردیه	28
بمب‌افکن‌ها	28
بمب‌گذاری‌های	28
بمنزله	28
بنتونیت	28
بندار	28
بندرگاه‌های	28
بندیان	28
بنزودیازپین‌ها	28
بنوشته	28
بنوشید	28
بنگاهها	28
بنی‌اسد	28
بهره‌مندند	28
بهستان	28
بهسود	28
بهلا	28
به‌درازا	28
به‌راستی	28
به‌سادگی	28
به‌لحاظ	28
به‌پا	28
به‌کاربردن	28
به‌یاد	28
بوبی	28
بوتولینوم	28
بوخارین	28
بوخوالد	28
بوراکس	28
بوربور	28
بوردول	28
بورزد	28
بورسی	28
بورس‌های	28
بورقان	28
بورنیک	28
بوسا	28
بولبا	28
بولوین	28
بومن	28
بومی‌سازی	28
بوگ	28
بيابان	28
بيرونی	28
بيشينه	28
بيل	28
بيگ	28
بيگي	28
بپرسیم	28
بچرخند	28
بکوس	28
بگرام	28
بگرداند	28
بگمارد	28
بگيريد	28
بیاموخت	28
بیامیزد	28
بیاندازید	28
بیایم	28
بیتار	28
بیجا	28
بیجینگ	28
بیدارگر	28
بیرونی‌ترین	28
بیفکند	28
بیمارش	28
بینان	28
بیگلی	28
بی‌اتلاف	28
بی‌اختیار	28
بی‌باپ	28
بی‌بو	28
بی‌ثمر	28
بی‌جهت	28
بی‌رقیب	28
بی‌فایده	28
بی‌مرگ	28
بی‌میلی	28
بی‌نظم	28
بی‌واچ	28
بی‌پاسخ	28
ب‍ر	28
تأملات	28
تأییدیه	28
تابش‌های	28
تابلوفرش	28
تابلوهایش	28
تابلیه	28
تاترا	28
تاجایی	28
تارتار	28
تارگ	28
تارگوم	28
تاریخی‌ای	28
تازنده	28
تاسمانیا	28
تافلر	28
تاقچه‌ها	28
تاكید	28
تالسا	28
تالیا	28
تامان	28
تاماهاوک	28
تانسوری	28
تانسیون	28
تاوی	28
تاکیون	28
تاین	28
تبارها	28
تبدیل‌های	28
تبعی	28
تبعیضات	28
تبهکارانه	28
تتو	28
تجارت‌های	28
تجریه	28
تجمعاتی	28
تحريف	28
تحریرهای	28
تحریفی	28
تحليلی	28
تخصیصی	28
تخمدانها	28
تدارك	28
تداوی	28
تدرس	28
تدقیق	28
ترات	28
تراران	28
ترافورد	28
ترامادول	28
ترانسدیوسر	28
تراوایی	28
ترایبکا	28
تردیدهای	28
ترسیدند	28
ترمی	28
ترنسپاندر	28
ترنگانو	28
ترومبولیتیک	28
ترویا	28
ترویجی	28
تریتا	28
تریپس	28
تزاید	28
تزییناتی	28
تسبیحات	28
تسلیح	28
تشابهاتی	28
تشان	28
تشعشات	28
تشعیر	28
تشنجات	28
تصحیحی	28
تصدیق‌کننده	28
تصويری	28
تصویربردار	28
تصویرنگاری	28
تعامد	28
تعبيه	28
تعویذ	28
تفاخر	28
تفاسیری	28
تفريح	28
تقارب	28
تقاطع‌ها	28
تقسیم‌بندی‌های	28
تقعر	28
تقلای	28
تقوای	28
تقویت‌کننده	28
تكنيك	28
تلطیف	28
تلویحا	28
تلگرام	28
تماس‌هایی	28
تمامیت‌خواهی	28
تمام‌نگاشت	28
تمايز	28
تملك	28
تنائیم	28
تناقضاتی	28
تنجه	28
تنخواه	28
تنشان	28
تنهاترین	28
تنگتر	28
تنگناهای	28
تنیا	28
تهور	28
توانش	28
توبه‌نامه	28
توتیای	28
توجو	28
توربوپمپ	28
تورنادو	28
تورنگ	28
تورپ	28
تورگوت	28
توسفتا	28
توسیع	28
توصیف‌گر	28
توطئه‌ها	28
تولرانس	28
تولسی	28
تومی	28
تونگایی	28
توکهور	28
توگرانونگ	28
تویسرکانی	28
تکانشی	28
تکمه	28
تکه‌ها	28
تکیه‌های	28
تک‌سلولی	28
تیاتر	28
تیامات	28
تیان	28
تیتانیا	28
تیجانیه	28
تیرانا	28
تیروئیدی	28
تیرویید	28
تیریوت	28
تیزآب	28
تیزبین	28
تیزتر	28
تیسن	28
تیشری	28
تیمول	28
تیپتون	28
تیگرای	28
تی‌شرت	28
تی‌پازه	28
ثابت‌ها	28
ثراه	28
ثورن	28
جابری	28
جاجرمی	28
جاجیم‌بافی	28
جاروی	28
جافی	28
جانفشانی	28
جاودانه‌ای	28
جاويد	28
جاچینتو	28
جاینتز	28
جایی‌که	28
جبریه	28
جبلاوی	28
جبیل	28
جرزها	28
جرسی	28
جرف	28
جرموک	28
جرم‌شناسی	28
جروق	28
جريانات	28
جرگلان	28
جزیره‌هایی	28
جسته‌اند	28
جشنواره‌هایی	28
جعبه‌دنده	28
جغرافيا	28
جغرافی‌نویسان	28
جلولا	28
جلیله	28
جمشیدجی	28
جمعت	28
جمعه‌ها	28
جميل	28
جمیعت	28
جنازه‌ها	28
جنایتکاری	28
جنجوید	28
جهازات	28
جهانپور	28
جهان‌ها	28
جهر	28
جوانبخت	28
جوانمردانه	28
جوانها	28
جواهرساز	28
جوجو	28
جودوکار	28
جورجیای	28
جوردانو	28
جورکش	28
جوزان	28
جوكار	28
جونگچئون	28
جویدنی	28
جویمند	28
جيغ	28
جگری	28
جیانگ‌سو	28
جیفونی	28
جیلی	28
جیکوب	28
جی‌اس‌ام	28
حاجات	28
حاجیانی	28
حاج‌آقا	28
حاصلخیزترین	28
حاضرم	28
حاملان	28
حبقوق	28
حبله	28
حبیبیه	28
حدس‌ها	28
حدیث‌های	28
حراثه	28
حرکت‌هایی	28
حساس‌ترین	28
حسينيه	28
حشره‌شناسی	28
حضانت	28
حضرالموت	28
حفاظی	28
حفصیان	28
حق‌الزحمه	28
حق‌شناس	28
حل‌هایی	28
حمادی	28
حماسه‌ای	28
حمدی	28
حمراء	28
حملاتش	28
حنائی	28
حواريون	28
حيرت	28
حکمروایی	28
حکمیه	28
حکم‌رانی	28
حیی	28
خاباروفسک	28
خاتوشا	28
خاج	28
خاخامی	28
خاخام‌های	28
خارخون	28
خارون	28
خاستند	28
خاصیت‌های	28
خان‌احمد	28
خان‌نشین	28
خاوه	28
خاچ	28
خاکهایی	28
خاکی‌ها	28
خایه‌ها	28
ختنه‌گاه	28
خداوردی	28
خدمتشان	28
خدمتگزاران	28
خرامان	28
خرف	28
خرق	28
خریدی	28
خزایی	28
خسته‌کننده	28
خشمناک	28
خشک‌تر	28
خشک‌سالی	28
خصال	28
خصلتی	28
خصوصی‌اش	28
خطاهایی	28
خطب	28
خل	28
خلیفة	28
خلیق	28
خمره‌ای	28
خمریه	28
خندق‌های	28
خندید	28
خنگ	28
خوابند	28
خواب‌ها	28
خواجه‌نفس	28
خواندنش	28
خوانسالار	28
خواهدکرد	28
خواهرم	28
خواهيد	28
خودآزاری	28
خودبینی	28
خودسوزی	28
خوردنی‌ها	28
خوسا	28
خوشم	28
خوشنویسانی	28
خوشگله	28
خوش‌بختی	28
خوش‌چهره	28
خونگ	28
خون‌خواهی	28
خون‌های	28
خیج	28
خیشومی	28
خیمه‌شب‌بازی	28
داتام	28
دادار	28
دارابونت	28
دارالحکومه	28
دارالمرز	28
داراییها	28
داربی	28
داروخانه‌ها	28
دارکو	28
دارکوب‌ها	28
داریان	28
دالای	28
دانستنی	28
دانشگاهش	28
دانش‌جویان	28
دانش‌شناسی	28
دانش‌پژوه	28
دانش‌پژوهان	28
دانه‌خوار	28
داودنژاد	28
داوودیه	28
داویت	28
داچیا	28
داکس	28
دایمیو	28
دبای	28
دحلان	28
دخترکی	28
دد	28
درآسمان	28
درآمیختن	28
درآن‌ها	28
درافتاد	28
درامور	28
درب‌ها	28
درجای	28
درخدمت	28
درخشیدند	28
دردسرساز	28
درراستای	28
درمانگاه‌های	28
درمانگران	28
درمی‌آمد	28
درهایی	28
درگهان	28
دریابان	28
دزاشیب	28
دستخطی	28
دسترنج	28
دستورهایی	28
دستگیرشده	28
دست‌خوش	28
دسیکا	28
دشداشه	28
دشمنش	28
دشمنی‌ها	28
دشمن‌زیاری	28
دغدوا	28
دفانس	28
دفترچه‌های	28
دلاورانه	28
دلاک	28
دلفین‌های	28
دلمه‌ای	28
دلپسند	28
دلیل‌های	28
دل‌ها	28
دمانگاری	28
دماهایی	28
دموکراتی	28
دمینگ	28
دم‌سفید	28
دنباله‌روی	28
دندانهایش	28
دندریت	28
دنیز	28
دهکده‌ها	28
ده‌خیر	28
دوآتشه	28
دوئت	28
دوال	28
دوانده	28
دوانیقی	28
دوبرج	28
دوبروی	28
دوبیتی‌های	28
دودزا	28
دوراندیش	28
دورسنجی	28
دوري	28
دوزخی	28
دوزدوزانی	28
دوستشان	28
دوشرطی	28
دوغان	28
دولت‌شهر	28
دولپه‌ای	28
دونتسک	28
دونچال	28
دوهفته‌نامه	28
دويست	28
دوکاوان	28
دوگروه	28
دوگلاس	28
دوین	28
دویچ	28
ديه	28
دکر	28
دکسترومتورفان	28
دگربار	28
دگرشکل	28
دیانتی	28
دیجی	28
دیده‌ها	28
دیدگاه‌هایش	28
دیدیه	28
دیرک	28
دیرکوند	28
دیزالو	28
دیزاین	28
دیزیچه	28
دیسمنوره	28
دیمر	28
دینورآب	28
دینگی	28
دیهی	28
دیورتیک	28
دیورتیکها	28
دیونیسیوس	28
دیکنسون	28
دیگاه	28
دیگربار	28
ذهنشان	28
ذهن‌ها	28
ذوالجناح	28
ذوالنون	28
رئونیون	28
رابیت	28
رادمرد	28
رادیواکتیویته	28
راستوپی	28
راست‌دینی	28
راست‌گرا	28
راف	28
رافا	28
رالز	28
رامونا	28
رانده‌است	28
رانین	28
راهبردهایی	28
راهدار	28
راهم	28
راهیان	28
راه‌کارهای	28
رایانه‌هایی	28
رایشستاگ	28
راینهارت	28
رای‌ها	28
رحمانف	28
رخت‌شویی	28
رخسار	28
ردیف‌ها	28
رزنیک	28
رست	28
رسمأ	28
رسپتورهای	28
رسیدنش	28
رسیدی	28
رشيد	28
رشکان	28
رصدخانه‌ها	28
رضی‌الدین	28
رعدی	28
رعیت‌داری	28
رفاع	28
رفته‌بود	28
رقاصه	28
رقبایی	28
رقصیده	28
رقم‌ها	28
رمان‌نویسی	28
رمزآلود	28
رمزنگاري	28
رمق	28
رمیکس	28
رنین	28
رهاشده	28
رهای	28
رهنوردی	28
روئن	28
روات	28
روان‌درمانی	28
روان‌پزشک	28
روایت‌هایی	28
روبات‌ها	28
روبرتا	28
روتورهای	28
روحشان	28
رودبند	28
رودستر	28
رودیارد	28
روزالیند	28
روزه‌ای	28
روساریو	28
روشن‌آباد	28
روماتویید	28
روماجی	28
روماریو	28
رومانس	28
رومانوس	28
رومنس	28
رويداد	28
رویشان	28
رویكرد	28
رویهم	28
رویگری	28
رویین‌تن	28
ريخت	28
ريش	28
رکتیفایر	28
رکن‌کلا	28
رگنال	28
ریبوز	28
ریحانی	28
ریسکی	28
ریشون	28
ریفامپین	28
ریفکین	28
ریل‌ها	28
ریمة	28
رینیر	28
ریوند	28
ریوکیو	28
ریوکیوز	28
ریکارد	28
ریکمن	28
ریگزار	28
زاج‌کاری	28
زادالمسافرین	28
زاربروکن	28
زازاکی	28
زاپوتک	28
زردالو	28
زرشکه	28
زسکا	28
زعفرانلو	28
زمهریر	28
زمینش	28
زمین‌شناس	28
زنجیروار	28
زندانبان	28
زنده‌باد	28
زنده‌یاد	28
زنیت	28
زهتابی	28
زورو	28
زوما	28
زیارات	28
زیبارو	28
زیباشناختی	28
زیربخش	28
زیرعنوان	28
زیرپا	28
زیسته‌است	28
زیستگاهشان	28
زیله	28
زینال	28
زینت‌بخش	28
زینوویف	28
زی‌تک	28
سابرينا	28
ساتون	28
ساخارین	28
ساربانان	28
ساردوئیه	28
ساروی	28
ساری‌قیه	28
ساسر	28
ساسون	28
ساسکس	28
ساكنین	28
سالارالدوله	28
سالي	28
سالیتونی	28
سالی‌کورنیا	28
سال‌گرد	28
ساما	28
سامارا	28
سامارانش	28
ساموا	28
سانتر	28
سانتيگراد	28
سانست	28
سانسوری	28
ساواك	28
ساپینس	28
ساکان	28
ساکورا	28
ساگارتی‌ها	28
سایات	28
سایدوایندر	28
ساییدگی	28
سبزه‌میدان	28
سبزپوشان	28
سبها	28
ستور	28
سخائی	28
سخنرانیش	28
سربریدن	28
سربلندی	28
سربه‌سر	28
سرب‌دار	28
سرتپوله	28
سرخوردن	28
سرخ‌رگ‌های	28
سردرگم	28
سرسبزترین	28
سرمایه‌ها	28
سرناد	28
سرویکس	28
سرکشیک	28
سرکنسول	28
سرگاه	28
سرگیوس	28
سرینگار	28
سزاریون	28
سزر	28
سعادتعلی	28
سعدالسلطنه	28
سفرکرد	28
سقی	28
سلانه	28
سلسله‌مراتبی	28
سلیمانلو	28
سماسی	28
سميرا	28
سمیع‌نژاد	28
سنبوسه	28
سنت‌گرایان	28
سنجاقکها	28
سندای	28
سندیکایی	28
سنين	28
سنکای	28
سنگ‌نوشته‌ها	28
سن‌گوکو	28
سه‌راه	28
سه‌سال	28
سه‌لتی	28
سوءمصرف	28
سوئيس	28
سوادآموزان	28
سواستیکا	28
سوانپان	28
سوراخها	28
سوررئالیست‌ها	28
سوزانید	28
سوزناک	28
سوفسطائیان	28
سولفونامید	28
سومریها	28
سونال	28
سوپرت	28
سوپرمارکت	28
سویف	28
سوین	28
سياست‌ها	28
سيراف	28
سپرده‌است	28
سپري	28
سپیددشت	28
سکندربگم	28
سکوم	28
سکونت‌گاه	28
سکونت‌گاه‌های	28
سککسیس‌ها	28
سگستان	28
سیاهرگی	28
سیاهپوستی	28
سیاه‌چاله‌ها	28
سیبل	28
سیترات	28
سیته	28
سیدابراهیم	28
سیدزاده	28
سیدلی	28
سیدها	28
سیدونیا	28
سیرکان	28
سیستر	28
سیستم‌عاملها	28
سیف‌الدوله	28
سیلم	28
سیلیکاتی	28
سیمجور	28
سیمونه	28
سینووکس	28
سینوویال	28
سیکس	28
سیکها	28
سی‌آرسی‌ها	28
سی‌اس‌اس	28
سی‌جی	28
سی‌پی‌یو	28
سی‌کوال	28
شائو	28
شاتو	28
شاخة	28
شاخت	28
شاخنات	28
شارکو	28
شاطران	28
شاقه	28
شالدهای	28
شالیزار	28
شاملوها	28
شاموت	28
شاموتی	28
شانزده‌سالگی	28
شانه‌هایش	28
شاهجرد	28
شاهدبازی	28
شاهزاده‌نشین	28
شاهسون‌ها	28
شاهنامه‌خوانی	28
شاهیندژ	28
شاه‌حسین‌گویان	28
شبر	28
شبرنگ	28
شبگیر	28
شترنگ	28
شجاعان	28
شجونی	28
شده‌باشند	28
شديم	28
شرايطی	28
شربتی	28
شربورگ	28
شرف‌آباد	28
شروینه	28
شرین	28
شست‌وشو	28
شطرنج‌بازان	28
شعبه‌ها	28
شعراي	28
شعیبیه	28
شغلشان	28
شغنان	28
شكاف	28
شلجمی	28
شلیط	28
شمارة	28
شماعی	28
شمخال	28
شمع‌ها	28
شناساگر	28
شناورند	28
شنبه‌زاده	28
شندغه	28
شنوایی‌نگاره	28
شنونده‌ها	28
شنیده‌ام	28
شهاب‌های	28
شهرجردی	28
شهرسازي	28
شهرناز	28
شهرهائی	28
شهرکها	28
شهسواران	28
شوایتزر	28
شورائی	28
شورد	28
شوشونی	28
شولان	28
شولتیتز	28
شوکهای	28
شيب	28
شکارش	28
شکافها	28
شکاکان	28
شکستگی‌ها	28
شکوئی	28
شکوف	28
شکوفنده	28
شکوهمندی	28
شگفت‌زده	28
شیءگرایی	28
شیخیا	28
شیخ‌درآباد	28
شیرخوارگان	28
شیرو	28
شیرپلا	28
شیزونت	28
شیما	28
شینا	28
شیپوری	28
صابی	28
صاحبقرانیه	28
صارم‌الدوله	28
صانع	28
صبحها	28
صبحگاهان	28
صریحی	28
صغر	28
صفي	28
صف‌ها	28
صل	28
صمدزی	28
صمصام‌السلطنه	28
صمیمانه‌ای	28
صناعات	28
صنعتی‌زاده	28
صنعت‌گر	28
صنیوت	28
صورت‌ها	28
صوفیانی	28
صیف	28
ضبط‌شده	28
ضخامتهای	28
ضخیم‌تر	28
ضدانقلاب	28
ضدهرزنامه	28
ضرابخانه‌های	28
ضرب‌الاجل	28
ضعیف‌ترین	28
ضلالت	28
ضلع‌های	28
ضمانتی	28
ضميمه	28
ضیابر	28
طابران	28
طارمی	28
طاقنما	28
طاقچه‌ها	28
طاهرآباد	28
طایفۀ	28
طایی	28
طبرستانی	28
طبقه‌ی	28
طبقۀ	28
طبل‌ها	28
طبيب	28
طرسوسی	28
طرفش	28
طرفهای	28
طره	28
طفیله	28
طلبه‌ها	28
طلبه‌های	28
طناز	28
طنزهای	28
طورکامل	28
طوفان‌ها	28
طولون	28
طوو	28
طوی	28
طویلترین	28
طیفشان	28
ظاهري	28
ظرفیت‌ها	28
ظهرنویسی	28
ظهیرنژاد	28
عاجل	28
عادت‌ها	28
عاشورایی	28
عاميانه	28
عایدی	28
عبدالاحد	28
عبدالعزی	28
عبدالقدیر	28
عبدالله‌آباد	28
عتبی	28
عجرم	28
عذرای	28
عربشاهی	28
عربیسم	28
عرب‌تبار	28
عروسش	28
عزیزآباد	28
عزیزلو	28
عزیزه	28
عسگران	28
عشریه	28
عصمت‌السطنه	28
عظیم‌الجثه	28
عفیفه	28
عفیفی	28
عقدنامه	28
علام	28
علامی	28
علیف	28
علی‌احمدی	28
علی‌اکبرخان	28
علی‌زمانی	28
عمانی‌ها	28
عمروخالد	28
عملياتی	28
عملکردهایی	28
عمل‌گرها	28
عنترة	28
عنکبوت‌ها	28
عهدۀ	28
عهدیه	28
عکاشه	28
عیسایی	28
عیلامیها	28
عین‌القضات	28
عین‌حال	28
غائب	28
غرابت	28
غران	28
غربالی	28
غربزدگی	28
غریبانه	28
غزلها	28
غسان	28
غفارزاده	28
غلامعباس	28
غلجائی	28
غلطکی	28
غمخوار	28
غمزه	28
غولی	28
غیب‌گویی	28
غیراسلامی	28
غیرعملی	28
غیرمدور	28
غیرمنتظره‌ای	28
غیریهودی	28
فادرز	28
فادو	28
فارا	28
فارسی‌ستیزی	28
فارس‌نامه	28
فارس‌های	28
فارل	28
فارنس	28
فامیلهای	28
فانتيک	28
فانوس‌ها	28
فاهمه	28
فاکتورها	28
فایدرا	28
فایروال‌ها	28
فایلز	28
فجایعی	28
فراروانشناختی	28
فراساخته	28
فراغی	28
فرانسس	28
فرانسوای	28
فراواقع‌گرا	28
فرحزادی	28
فرزها	28
فرستندگان	28
فرشتگانی	28
فرشوشتر	28
فرصت‌الدوله	28
فرضیاتی	28
فرض‌ها	28
فرعي	28
فرل	28
فرمالیست	28
فرمولبندی	28
فرمین	28
فرن	28
فرنام	28
فرنگی‌های	28
فرهنگ‌نویس	28
فرودی	28
فروشترین	28
فروشها	28
فروه	28
فروپاشیده	28
فریار	28
فریبکار	28
فریدون‌کنار	28
فریسی	28
فریم‌ورک	28
فرینج	28
فریپ	28
فریکسوس	28
فسفریلاسیون	28
فشن	28
فضه	28
فلت	28
فلتی	28
فلد	28
فلسطینی‌های	28
فلسفه‌اش	28
فلسفي	28
فلوکونازول	28
فمنیستی	28
فنایی	28
فندق‌لو	28
فندوق	28
فهیدی	28
فوارس	28
فوبیا	28
فورانی	28
فورث	28
فورزماید	28
فورسایت	28
فوقالعاده	28
فولادزره	28
فونافوتی	28
فوی	28
فين	28
فیاضی	28
فیال	28
فیبروبلاست	28
فیبرونکتین	28
فیدمیا	28
فیزیكی	28
فیزیو	28
فیزیوتراپیستها	28
فیسکر	28
فیفتی	28
فیلامان‌های	28
فیلترکردن	28
فیلو	28
فیوگو	28
قائمی	28
قادرآباد	28
قازاخ	28
قاسمعالی	28
قاسمعلی	28
قاسم‌خانی	28
قاشقی	28
قاضی‌جهان	28
قافیه‌ها	28
قامشلی	28
قایقها	28
قایی	28
قبله‌نما	28
قبولاندن	28
قتل‌هایی	28
قجری	28
قداح	28
قدام	28
قدسیه	28
قدیم‌الایام	28
قراقوینلو	28
قربانيان	28
قرصهایی	28
قشرها	28
قصه‌خوانی	28
قضیه‌ها	28
قطبیده	28
قطبین	28
قطره‌ها	28
قطعي	28
قلاب‌دوزی	28
قلقل‌رود	28
قلی‌خان	28
قنقرات	28
قنواتی	28
قوائد	28
قواره	28
قوبیلای	28
قوزی	28
قوص	28
قوطی‌های	28
قولش	28
قومیت‌ها	28
قيد	28
قینرجه	28
قیچک	28
كاربردی	28
كارخانجات	28
كران	28
كردستانی	28
كرمانشاهی	28
كریم	28
كشتن	28
كلان	28
كنكور	28
كوانتومی	28
كوشي	28
كی	28
لؤلؤ	28
لابان	28
لاتیوم	28
لارسن	28
لازاروس	28
لازانیا	28
لازمند	28
لاستیک‌ها	28
لاسون	28
لاشخورها	28
لاشز	28
لانگنزل	28
لانگ‌باتم	28
لاوا	28
لاوگود	28
لاپاراسکوپی	28
لاکانی	28
لاکوئیلا	28
لایارد	28
لایب	28
لایة	28
لایتموتیف	28
لایتناهی	28
لایم	28
لاینه	28
لایی	28
لبه‌ای	28
لته	28
لخم	28
لدخه	28
لزلی	28
لسی	28
لسیتین	28
لطف‌آبادی	28
لطمات	28
لقب‌ها	28
لقی	28
لمر	28
لمه	28
لمپارد	28
لنزی	28
لوآر	28
لوآندا	28
لوباچفسکی	28
لوبای	28
لوبلین	28
لوتنانت	28
لوتی	28
لوح‌ها	28
لودهیانا	28
لورتو	28
لوره	28
لورین	28
لوشو	28
لولاک	28
لولوبی	28
لوودوپا	28
لوول	28
لوکسور	28
لوکوورین	28
ليتوانی	28
لژیونر	28
لیاقتی	28
لیالستان	28
لیام	28
لیته	28
لیدوکائین	28
لیزرها	28
لیلیتو	28
لیمویی	28
لیناک	28
لینهوف	28
لینه‌ای	28
لینولئیک	28
لیوبی	28
لیپیدی	28
لیچ	28
لیگوریا	28
لی‌تک	28
مأنوس	28
مؤدب	28
مابين	28
ماتلی	28
ماتیک	28
ماجای	28
مادانگ	28
مادرا	28
مادلن	28
مارد	28
مارکا	28
مارکلوف	28
مارگو	28
ماریجا	28
مازارن	28
ماسیس	28
ماشکید	28
ماشین‌رو	28
مالاتیون	28
مالکم	28
مانایی	28
مانداب	28
مانسون	28
مانفردی	28
ماننده	28
مانکنی	28
مانیانی	28
مانیتورها	28
ماهرالنقش	28
ماهيت	28
ماول	28
ماپوچه	28
ماکروسیتیک	28
ماکرولیدها	28
ماکروهای	28
ماکسیما	28
ماکسیمال	28
مایرز	28
ماینتز	28
مباحثاتی	28
مباش	28
مبشری	28
مبندازول	28
متاسف	28
متافونت	28
متدهایی	28
متعامل	28
متعلقه	28
متعین	28
متمتیکا	28
متمولین	28
متنابهی	28
متناسبی	28
متوازی	28
متیونین	28
مثل‌ها	28
مثنویات	28
مجاشع	28
مجاورش	28
مجله‌ی	28
محاذات	28
محاکمه‌ای	28
محتلف	28
محتواهای	28
محدثه	28
محدوده‌ها	28
محرک‌ها	28
محلول‌های	28
محلی‌هایشان	28
محمداشرف	28
محمدزی	28
محمدسلجوق	28
محمدشیخ	28
محمدصالحلو	28
محمدکریم‌خان	28
محکمترین	28
محیطش	28
مخازنی	28
مخاطبانشان	28
مخترعی	28
مخدرهای	28
مخزوم	28
مخلصا	28
مخلوقی	28
مداخله‌ای	28
مدادشمعی	28
مدرسه‌اش	28
مدرنیست‌ها	28
مدریتی	28
مدلج	28
مدلینگ‌اش	28
مدنيت	28
مدهوش	28
مرآةالخیال	28
مرآت‌البلدان	28
مرادش	28
مرتبی	28
مرحلی	28
مرداب‌های	28
مرداب‌وار	28
مردانشان	28
مردانه‌اش	28
مردسالار	28
مردمانی	28
مرده‌اید	28
مرده‌هایشان	28
مرزپان	28
مرسدس	28
مرسوله‌های	28
مرغزیان	28
مرفق	28
مرهم	28
مرواید	28
مرکان	28
مرکزگریز	28
مرکزگریزها	28
مزاح	28
مزارها	28
مزرعه‌ی	28
مسالک	28
مستتر	28
مستعلویان	28
مستعلی‌ها	28
مسحور	28
مسعودبیزارگیتی	28
مسكونی	28
مسكویه	28
مسما	28
مسگرها	28
مسگری	28
مشاهده‌پذیر	28
مشتركی	28
مشتريان	28
مشت‌زنان	28
مشعشعی	28
مشعلی	28
مشكوكی	28
مصطفی‌چای	28
مصنوعیش	28
مصوری	28
مصیب	28
مضمحل	28
مطالبش	28
مطبوعاتیش	28
مطلوبتر	28
مطول	28
مظلومانه	28
معادله‌ها	28
معافیت‌های‌مالیاتی	28
معالوت	28
معاودت	28
معبرهای	28
معدآباد	28
معدنچیانی	28
معذالک	28
معرب	28
معمارزاده	28
معوج	28
مغیرت	28
مقدمه‌یی	28
مقراهی	28
مقرنس	28
مقیاس‌کننده	28
مكان‌های	28
ملاها	28
ملاهای	28
ملاکلایه	28
ملایم‌تری	28
ملتجی	28
ملخ‌های	28
ملوک‌الفرس	28
ملیرا	28
ممنون	28
ممیزاب	28
مناظره‌ای	28
مناقبیان	28
منبل	28
منب‌کاری‌شده	28
منتخبینی	28
منتشرشده‌است	28
مندربلاغی	28
مندلسن	28
منسجم‌ترين	28
منشوج	28
منطقه‌ها	28
منظورم	28
منهاج‌الدین	28
منوکروم	28
منگلا	28
منیجرها	28
مهابت	28
مهدی‌کروبی	28
مهرآتش	28
مهراها	28
مهرچین	28
مهینیه	28
موئینه	28
موتیف‌هایی	28
موجر	28
موجک‌هایی	28
مودبانه‌ای	28
مودولاری	28
موذن‌زاده‌ها	28
مورتنسون	28
مورخین	28
موريكال	28
موزها	28
موزیك	28
موستریان	28
موسيقی	28
موسیقی‌دانی	28
موقعیتها	28
مولبری	28
مولوتوف	28
مولوخ	28
مومنون	28
موهاتو	28
موهایشان	28
مویرا	28
ميلادي	28
مچاله	28
مکاری	28
مکایسم	28
مکسی	28
مکسیمیلان	28
مک‌مایکل	28
میانکاله	28
میان‌برداشتن	28
میان‌راهی	28
میخک‌ها	28
میداودی	28
میدرخشد	28
میدلام	28
میرابوالفضل	28
میرزاطاهر	28
میرزاعظیم	28
میرسند	28
میرما	28
میریان	28
میسی	28
میلا	28
مینائی	28
مینایی	28
مینرکا	28
مینیاتورهای	28
میهن‌پرستان	28
میوه‌جات	28
میکروب‌زدایی	28
میکروسافت	28
میکروسکپی	28
میکروگلیال	28
می‌آمیزند	28
می‌آورده‌است	28
می‌انجامند	28
می‌باشیم	28
می‌بلعند	28
می‌بلعید	28
می‌تراشند	28
می‌توانستید	28
می‌خرند	28
می‌خسبند	28
می‌خندند	28
می‌دزدید	28
می‌رسانید	28
می‌زنم	28
می‌ستودند	28
می‌سروده	28
می‌سوختند	28
می‌سوزانم	28
می‌شناخت	28
می‌شناخته‌است	28
می‌شناساند	28
می‌شناسم	28
می‌طلبید	28
می‌فشارند	28
می‌لغزد	28
می‌نوشند	28
می‌پرستند	28
می‌پرسیم	28
می‌گذارده	28
می‌گردیده‌است	28
می‌گنجد	28
می‌یافته‌است	28
نئورئال	28
نااستواری	28
ناباورمندان	28
نابرادری	28
ناتابیان	28
ناتریس	28
ناخوانده	28
نادیه	28
ناراینه	28
نارساناها	28
نارسیسو	28
نازل‌های	28
نازی‌آبادی‌ها	28
ناسیونالیست‌های	28
ناصرالدين	28
ناصرالدین‌شاه	28
نامحتمل	28
نامریی	28
نامطمئنی	28
نامیراشان	28
نامی‌اش	28
نانسی	28
نانوتیوب‌های	28
نانکینگ	28
ناهشیارانه	28
ناهمواریها	28
ناوتا	28
ناودیس	28
ناپيوستگی	28
ناکجاآبادی	28
نایب‌قهرمانی	28
نبأ	28
نتیجه‌گرفت	28
نجمی	28
نجم‌آبادی	28
نحسیب	28
نخاله‌ها	28
نخل‌هایشان	28
نخورده‌است	28
ندای	28
ندیمه	28
نرت	28
نرده‌ها	28
نرده‌وار	28
نرسانده‌است	28
نرسانيد	28
نرمتنی	28
نرم‌افزارھای	28
نرم‌خبرها	28
نرینه‌ای	28
نزدشان	28
نزدیک‌تر	28
نسبت‌داده‌شده	28
نسبت‌های	28
نسلش	28
نسوش	28
نشخوار	28
نشستگی‌های	28
نشنید	28
نصرةالفترة	28
نصفه	28
نظارات	28
نظامی‌ای	28
نظریه‌پردازی	28
نفیسه	28
نقاره‌زنان	28
نقش‌برجسته‌ای	28
نقطه‌نظر	28
نقیضی	28
نمایانی	28
نمایش‌نامه‌های	28
نمت	28
نمی‌خوایم	28
نمی‌خوریم	28
نمی‌داشته	28
نمی‌دیده	28
نمی‌پذیرفتیم	28
نمی‌کند	28
نمی‌گراید	28
نهاده‌هایی	28
نهاوی	28
نوآورانه	28
نوابی	28
نوافلاطونی	28
نوامیس	28
نوخه	28
نودسال	28
نوربل	28
نوردها	28
نورسته	28
نورسها	28
نورگیری	28
نورینوم	28
نوزادش	28
نوزدهمین	28
نوشتجات	28
نوشدارو	28
نوشگاه	28
نوغابچیک	28
نونه‌ای	28
نونورسک	28
نوه‌هایش	28
نويدها	28
نوکری	28
نوگرایانه	28
نویزی	28
نویس‌های	28
نيامده‌ايم	28
نيرومندتر	28
نيمکت	28
نژادهایی	28
نکته‌ها	28
نکرده‌ام	28
نکردی	28
نکروپلیس	28
نگابری	28
نگاه‌دارید	28
نگرانی‌اش	28
نگفتند	28
نگه‌دارنده‌ها	28
نگون	28
نیافتی	28
نیاکیوسا	28
نیایش‌های	28
نیتراد	28
نیرومندشان	28
نیستن	28
نیسیان	28
نیمان	28
نیمایی	28
نیم‌پرده‌ها	28
نیوب	28
نیومده	28
نیوویورک	28
نیکخواهی	28
نیکزاد	28
نیکفرجام	28
نیکوزیای	28
نیکولی	28
نیکونام	28
هارمونیومی	28
هاریت	28
هافلینگ	28
هافنر	28
هالت	28
هالپرین	28
هالیدزور	28
هامان	28
هاوکس	28
هايم	28
هاکلی	28
هاینان	28
هایپ	28
هتلها	28
هجابندی‌های	28
هذیانی	28
هراس‌هایی	28
هرتزوگن‌آوراخ	28
هرزگی	28
هرقدر	28
هرناندز	28
هرکاری	28
هرکولانیوم	28
هزارمنی	28
هزینه‌اش	28
هستدن	28
هستيم	28
هشتک	28
هشهلفت	28
هفت‌بندان	28
هفت‌سالگی	28
هلسینگبورگ	28
همبار	28
همتان	28
همجنسگرایان	28
همخوابه‌اش	28
همدانیها	28
همذاتی	28
همراستا	28
همصدایی	28
همكاری‌اش	28
همهمه‌های	28
هموراژی	28
هموستازی	28
هموطنانش	28
هموطنش	28
هموگرافت	28
همیلتنی	28
هم‌بازی‌اش	28
هم‌ذات	28
هندوهایش	28
هندوی	28
هنرشیراز	28
هنرورزی	28
هنزل	28
هنشیر	28
هوابه‌هوای	28
هواهیم	28
هودها	28
هورتیو	28
هورمس	28
هورنبلاند	28
هوشیارانه‌ای	28
هولوشینه	28
هولوگرافیک	28
هومئیتی	28
هومولوگ	28
هویتش	28
هویت‌یابی	28
هویلند	28
هيچگونه	28
هگل‌شناسی	28
هیاکیمارو	28
هیتر	28
هیتمی	28
هیدا	28
هیدروکربوری	28
هیدروکید	28
هیدنبورگ	28
هیپاتیت	28
هیپرپنه	28
واترهاوس	28
واتروس	28
واجدیت	28
وادارند	28
واردیست	28
وارشان	28
وارکا	28
واستریوشان‌سالار	28
واسط‌هایی	28
واسیلسکی	28
واعظاني	28
واقع‌شدن	28
والده	28
وامانده	28
وام‌دارد	28
وانتهف	28
وانواتویی	28
وانوواتو	28
واژینوز	28
واکن	28
واکنشهایی	28
واکه‌گشت	28
وبوته	28
وب‌سایت‌های	28
وجوهات	28
وحدانیت	28
وحیدالزمان	28
وخیم‌تر	28
وربرگ	28
وردهای	28
ورنوی	28
ورودیهای	28
ورکاپیچ	28
ورکش	28
وریتاس	28
وریسا	28
وزارتخانه‌ای	28
وزنه‌ای	28
وزیکولی	28
وسترا	28
وستربوتن	28
وضعیتهای	28
وعده‌ها	28
وفائی	28
وقایعنامة	28
وقتهای	28
وقتی‌که	28
وقت‌های	28
ولتاتیک	28
ولخرجی	28
ولکان	28
ولکوف	28
ومال	28
ومن	28
ونتو	28
ونتورا	28
وندالیسم	28
وندت	28
وهیزکی	28
ووجتک	28
وولد	28
ووپرتال	28
ويكتوريا	28
ويندوز	28
وکيل	28
وکیلان	28
وکیلش	28
ویازنیکی	28
ویتنامی‌ها	28
ویتی	28
ویدیوهای	28
ویرانه‌ها	28
ویرایش‌گر	28
ویستولا	28
ویلدرس	28
ویلفورد	28
ویلنا	28
ویم	28
وینتر	28
ویندوزی	28
وینوگراد	28
وینیپگ	28
ویهارا	28
ویکونیا	28
ویکی‌گزارش	28
ویکی‌گفتاورد	28
يعقوب	28
يغما	28
يغمايی	28
يوناني	28
يکبار	28
پاتاوه	28
پادتنها	28
پادمشتق	28
پاذوسپان	28
پاراچنار	28
پارتاک	28
پارزی	28
پارسوماش	28
پارسيان	28
پارچه‌بافی	28
پاریاب	28
پاسیولی	28
پاشلک	28
پالادیوم	28
پالان	28
پامچال	28
پاناسونیک	28
پاورکوردها	28
پاولوس	28
پاپاراتزی	28
پاپتس	28
پاکان	28
پاک‌سازی	28
پایشان	28
پاین	28
پایکوه	28
پایین‌دست	28
پبدنی	28
پتاح	28
پتانسیلهای	28
پترز	28
پترو	28
پترونی	28
پترگان	28
پتیت	28
پدرسالارانه	28
پدروسها	28
پدرکشی	28
پذیراست	28
پرا	28
پرادال	28
پراستفاده‌ترین	28
پربرکت	28
پرتره‌های	28
پرتلاطم	28
پرتوهایی	28
پرثمر	28
پرداخت‌ها	28
پردرآمدترین	28
پرستون	28
پرشمارترین	28
پرش‌های	28
پرندک	28
پرهيز	28
پروازهایی	28
پرورش‌دهندگان	28
پروسپه	28
پروسیجر	28
پرولوگ	28
پروکسید	28
پرکامبرین	28
پریانکا	28
پریدند	28
پریودیک	28
پزند	28
پسابندر	28
پسرفت	28
پسگرد	28
پس‌تر	28
پشتها	28
پشتوسازی	28
پشتک	28
پلاتس	28
پلاسبو	28
پلاگینها	28
پلسیوسور	28
پلنگ‌ها	28
پلنگ‌چال	28
پلوی	28
پلي	28
پلیت	28
پلیمراز	28
پلیموت	28
پلینیایی	28
پلیوسن	28
پنتا	28
پنجره‌هایی	28
پنجگور	28
پندارد	28
پنیرک	28
پنیرکیان	28
پهن‌برگ	28
پوئتز	28
پوئرتو	28
پوتینوس	28
پودینه	28
پوررضا	28
پوشش‌ها	28
پولادین	28
پولیا	28
پومرانی	28
پونتا	28
پوگاچوا	28
پيانو	28
پيخال	28
پيروی	28
پيشانی	28
پيشبرد	28
پيمانه	28
پيچيدگی	28
پپ	28
پپتیدازها	28
پپتیدهای	28
پیرا	28
پیرانا	28
پیسلی	28
پیشامدها	28
پیشاهنگان	28
پیش‌آمده	28
پیش‌رونده	28
پیش‌گیرانه	28
پیمانها	28
پینارس	28
پینچر	28
پیوره	28
پیچان	28
پیچینچا	28
پیکارد	28
پیکارها	28
پیکاپ‌های	28
پیکتال	28
پیکه	28
پی‌آمد	28
پی‌اس‌پی	28
پی‌ام‌ویکی	28
چادرملو	28
چاران	28
چاله‌میدان	28
چالک	28
چاووشی	28
چایلدیش	28
چراگاههای	28
چرخ‌دنده‌ها	28
چرده	28
چریک‌ها	28
چزاره	28
چسباند	28
چشمه‌علی	28
چلوکباب	28
چلیپاسنگ	28
چنارهای	28
چندآهنگه	28
چندلایه	28
چندین‌بار	28
چنگالی	28
چنینگ	28
چهاردهی	28
چهارستون	28
چهارسوی	28
چهره‌پرداز	28
چهریزه	28
چوئن	28
چوبر	28
چولیم	28
چوک	28
چپاولگران	28
چپق	28
چپی‌ها	28
چکمه‌های	28
چکه	28
چگالیده	28
چگونه‌است	28
چیتاب	28
چید	28
چینه‌های	28
ژئوماتیک	28
ژاکوبسون	28
ژوری	28
ژون	28
ژونگ	28
ژوکاستا	28
ژین	28
کائولن	28
کاتالاز	28
کاتالانی	28
کاتالونیای	28
کاتانیا	28
کاتر	28
کاختی	28
کادمیم	28
کادو	28
کارافتادگی	28
کارامان	28
کاراکالا	28
کاردیومگالی	28
کارسینومای	28
کارشناسانه	28
کاروالیو	28
کاروتید	28
کارکرده	28
کارگیل	28
کاریابی	28
کاریایی	28
کاریکاتوریست‌های	28
کاری‌اش	28
کاری‌یر	28
کازینوها	28
کاسپارف	28
کاسپاروف	28
کاسپی‌ها	28
کاظم‌زاده	28
کاغذها	28
کالاماتا	28
کالاهان	28
کالب	28
کالر	28
کالری‌سنجی	28
کالنجار	28
کالوس	28
کامبوزیا	28
کامجو	28
کامرانیه	28
کامل‌تری	28
کاميوني	28
کامپ	28
کامپوزیت‌های	28
کانازاوا	28
کانوایر	28
کاهیده	28
کاوالیرز	28
کاوش‌هایی	28
کاویانپور	28
کاپوت	28
کایوت	28
کتابخانۀ	28
کتابچه‌ای	28
کتابگزینی	28
کتابی‌ست	28
کتالم	28
کتری	28
کتله‌خور	28
کتيبه	28
کتیبه‌نویسان	28
کدبلو	28
کدواژه	28
کرافت‌ورک	28
کراماتی	28
کراوچ	28
کرتیه	28
کرختی	28
کرخی	28
کرسگان	28
کرمر	28
کرومودینامیک	28
کروموزومها	28
کرکبود	28
کریتور	28
کریستال‌ها	28
کریم‌مسیحی	28
کریه	28
کریول	28
کشانده‌است	28
کشته‌اند	28
کشم	28
کشو	28
کشور‌های	28
کشیش‌ها	28
کفاش	28
کفاشی	28
کفاشیان	28
کفتر	28
کفشی	28
کفپوش	28
کلانتران	28
کلانژیت	28
کلان‌شهرها	28
کلاهکی	28
کلتور	28
کلخوران	28
کلمباین	28
کلمنته	28
کلونیک	28
کلونی‌های	28
کليسا	28
کلیجه	28
کلیددار	28
کلیپ‌های	28
کمالیه	28
کمان‌های	28
کمبودی	28
کمروفو	28
کملوت	28
کمونیزم	28
کمپلمان	28
کمپوت	28
کمپ‌های	28
کم‌نظیری	28
کم‌یاب	28
کنتر	28
کنتون	28
کندز	28
کندلوس	28
کندوهای	28
کنسرواتور	28
کنش‌ها	28
کهن‌الگو	28
کوئنچ	28
کوئنیایی	28
کوئی	28
کوئیزون	28
کوالانسی	28
کوبو	28
کوتاه‌شده	28
کوتس	28
کوخ	28
کودیپه	28
کورتکس	28
کورنل	28
کورپ	28
کورگان	28
کورینه	28
کوفت	28
کولاکوفسکی	28
کولغان	28
کولونتای	28
کولونی	28
کومزاری	28
کونان	28
کوه‌نوردان	28
کوه‌نوردی	28
کوپک	28
کوچان	28
کوچ‌نشینی	28
کوکرها	28
کوکلوس‌کلان	28
کویه	28
کپی‌ها	28
کیتن	28
کیخای	28
کیزیل	28
کیسانیه	28
کیفرهای	28
کیلمر	28
کیلیس	28
کینه‌ای	28
کینکس	28
گائون	28
گابا	28
گاتلینگ	28
گارت	28
گارش	28
گاره	28
گاریچی	28
گازانبری	28
گازر	28
گازسوز	28
گازیتا	28
گالاردو	28
گالاگر	28
گالبا	28
گالوانی	28
گالیلئو	28
گالیمار	28
گالیپولی	28
گاموف	28
گاوران	28
گاویار	28
گتاو	28
گتو	28
گجستک	28
گدازه‌ای	28
گذاشتیم	28
گذراندم	28
گرازی	28
گرافها	28
گراف‌هایی	28
گراناز	28
گرانیک	28
گرانیکوس	28
گران‌بهای	28
گرایش‌هایی	28
گرجیهای	28
گردآوردن	28
گردایه	28
گردها	28
گرده‌افشانی	28
گردین	28
گرشا	28
گرفته‌ایم	28
گرفته‌بودند	28
گرمک	28
گرنادا	28
گروزن	28
گروش	28
گرونینگن	28
گروه‌هاي	28
گروگان‌گیرها	28
گريز	28
گرگها	28
گریام	28
گریتفول	28
گریفیت	28
گریووس	28
گزارند	28
گزروفتالمی	28
گزیدگی	28
گستردن	28
گفتمان‌های	28
گفتني	28
گفته‌شد	28
گفته‌هایش	28
گفته‌هایی	28
گفتۀ	28
گلان	28
گلر	28
گلوستون	28
گلویش	28
گلگون	28
گلیان	28
گلیداغ	28
گلیکولیز	28
گل‌آلود	28
گل‌دار	28
گل‌نوشته‌های	28
گمانه‌های	28
گنت	28
گنجها	28
گند	28
گنداره	28
گندیده	28
گنون	28
گهرو	28
گواش	28
گوتلیب	28
گوتوالد	28
گودال‌های	28
گودوین	28
گوراجوب	28
گوزنها	28
گوستاف	28
گوشتدار	28
گوشته	28
گوشت‌خواران	28
گوشوارک	28
گوشیهای	28
گولدواسر	28
گولک	28
گونزالو	28
گوپی	28
گیاهپزشکی	28
گیاه‌خواران	28
گیبون	28
گیلان‌شاه	28
گیلكی	28
گیلکان	28
گیمن	28
گیمپ	28
ھستند	28
یابم	28
یاجوج	28
یاداشت	28
یادکرده	28
یارانه‌ای	28
یارسانیان	28
یارمحمدخان	28
یانگون	28
یانگ‌تسه	28
یاکریم	28
یاکوتی	28
یدیعوت	28
یرکس	28
یزشن	28
یساول	28
یشمی	28
یشیوا	28
یكپارچه	28
یلان	28
یلو	28
یلوستون	28
یمگان	28
ینی‌سئی	28
یوئیل	28
یودا	28
یورویی	28
یوسیمیتی	28
یول	28
یولا	28
یومیوری	28
یوکابد	28
یویو	28
یکرنگی	28
یکسانند	28
یکطرف	28
یکمی	28
یک‌به‌یک	28
یک‌جانبه	28
یک‌سره	28
یک‌سری	28
یک‌ونیم	28
یگانه‌ای	28
یگان‌هایی	28
ییتس	28
ییلاق‌های	28
آئین‌ها	27
آبادتر	27
آبخوری	27
آبسنث	27
آبشناسان	27
آبنبات	27
آبياری	27
آب‌بندان‌ها	27
آب‌نگاري	27
آب‌وهوا	27
آب‌چکان	27
آت	27
آترواسکلروتیک	27
آتشسوزی	27
آتشکده‌ی	27
آتورپاتکان	27
آتوود	27
آتيه	27
آتیس	27
آجرهایی	27
آختامار	27
آخرالنهر	27
آخوندکی	27
آدمي	27
آذرباد	27
آرآی‌ای‌ای	27
آرائی	27
آراس‌اس	27
آرانچینو	27
آرانی	27
آراپ	27
آراکیس	27
آرتاکوانا	27
آرتزین	27
آرخه	27
آرمانشهر	27
آره	27
آرپانت	27
آرکادی	27
آرکادیا	27
آرکوپال	27
آرکین	27
آرگیشتی	27
آریائیها	27
آریاسپ	27
آریانی	27
آزادان	27
آزادترین	27
آزادماهی	27
آزادکننده	27
آزادیش	27
آزارخواهی	27
آزرمی	27
آزمایشهایی	27
آزمونها	27
آزوچی	27
آساهی	27
آسايش	27
آست	27
آستری	27
آسمان‌نمای	27
آسنا	27
آسورستان	27
آسوریک	27
آسپاس	27
آسیابان	27
آسیابها	27
آشکارترین	27
آشکارسازها	27
آشیکاگا	27
آش‌های	27
آفتی	27
آفست	27
آفندی	27
آقاحسینقلی	27
آقاسید	27
آقچه	27
آقچه‌کهل	27
آق‌دره	27
آلبومها	27
آلبوکرکی	27
آلبینونی	27
آلتونا	27
آلروزا	27
آلزیا	27
آلستون	27
آلفن	27
آلوده‌سازی	27
آلکیبیادس	27
آلیانز	27
آلیاژهایی	27
آلیست	27
آلیشا	27
آلین	27
آل‌عمران	27
آمادورا	27
آمازیغ‌ها	27
آمدترین	27
آمران	27
آمفیتروئون	27
آملیا	27
آمونیم	27
آمپیم	27
آمپی‌سیلین	27
آمیستاد	27
آمیلوپکتین	27
آمینه‌های	27
آنتاناناریوو	27
آنتونین	27
آنتیوپه	27
آنتی‌هیستامین‌ها	27
آنجلیکا	27
آنجه	27
آنرات	27
آنرو	27
آنزیمها	27
آنسفالوپاتی	27
آنژیوادم	27
آنگلوساکسون‌ها	27
آنیم	27
آن‌اند	27
آن‌روز	27
آهارانف	27
آهنکوب	27
آهنگ‌هایشان	27
آهودشت	27
آهیانه‌ای	27
آوازه‌ای	27
آون	27
آويز	27
آویلا	27
آي	27
آپارتمانهای	27
آپدایک	27
آپولوی	27
آک	27
آکوآریوم	27
آکواریوم‌ها	27
آکورا	27
آکیو	27
آگ	27
آگاراک	27
آگاهیهای	27
آگاه‌سازی	27
آگنیتوم	27
آیان	27
آیاکوچو	27
آیرو	27
آیرون	27
آینده‌نگر	27
آی‌ال	27
آی‌تی‌یو	27
أحسن	27
أخدود	27
أخیر	27
أسد	27
اباره	27
اباضی	27
ابديت	27
ابراهام	27
ابراهیم‌زاده	27
ابرتقارن	27
ابرهارد	27
ابرهایی	27
ابرپیوند	27
ابنیه‌های	27
ابن‌مقله	27
ابه	27
ابواسحق	27
ابوالمظفر	27
ابوایوب	27
ابوداود	27
ابول	27
ابویعقوب	27
ابیض	27
اتابكان	27
اتام	27
اتامبوتول	27
اتحادهای	27
اتروسکی	27
اتصال‌های	27
اتوبوس‌رانی	27
اتوتروف	27
اتوزومال	27
اتومبیلها	27
اثرگذارترین	27
اج	27
اجتمایی	27
اجرائي	27
احترامات	27
احتياجات	27
احدیت	27
احسان‌الله	27
احمدمحمودی	27
اخت	27
اختراعش	27
اخترشناختی	27
اخراجش	27
اخسیکتی	27
اخلود	27
اخوس	27
ادامه‌ای	27
ادلر	27
ادکا	27
ادیرنه	27
ارائه‌ی	27
ارابه‌رانی	27
اراتستن	27
ارادتی	27
اربع	27
اربوس	27
ارتباطشان	27
ارتباطند	27
ارته‌های	27
اردویسور	27
ارزان‌ترین	27
ارزشمندتر	27
ارزش‌ترین	27
ارزنگ	27
ارسال‌کنندگان	27
ارغونشاه	27
ارقم	27
ارمن	27
ارمنی‌تبار	27
ارنان	27
ارهاش	27
ارواحی	27
اروی	27
اروینگ	27
ارکواز	27
ارکید	27
ارگونومیک	27
اریتروسیت‌ها	27
اریون	27
ازظهر	27
اسب‌سوار	27
استئومالاسی	27
استادمحمد	27
استادهای	27
استادیو	27
استالاگمیت	27
استاندال	27
استانه	27
استایلز	27
استبصار	27
استثنائا	27
استراتون	27
استراتیومیموس	27
استرایدر	27
استرت‌کلاید	27
استروئیدهای	27
استروما	27
استروناخ	27
استسقاء	27
استعلاجی	27
استفاده‌ترین	27
استفانوس	27
استقرای	27
استقلال‌طلبانه	27
استمالت	27
استنادات	27
استوارتر	27
استيل	27
استپ‌ها	27
استیلز	27
استیل‌کولین	27
اسداللهی	27
اسرارآمیزی	27
اسفناک	27
اسكندري	27
اسكندریه	27
اسلوواک	27
اسمارت	27
اسمهای	27
اسموکینگ	27
اسمیث	27
اسناری	27
اسنایدر	27
اسهال‌های	27
اسپارک	27
اسپاس	27
اسپاین	27
اسپراوس	27
اسپنتمان	27
اسپو	27
اسپیلی	27
اسپین‌های	27
اسکارش	27
اسکاری	27
اسکندرفر	27
اسکندریان	27
اسکول	27
اسیاب	27
اسیدلاکتیک	27
اس‌پی‌وی	27
اشتاد	27
اشتراك	27
اشترایمل	27
اشتغالات	27
اشتمال	27
اشجار	27
اشعه‌ای	27
اشغالگری	27
اشغال‌شده	27
اشپربر	27
اشکذر	27
اشکل	27
اشک‌ها	27
اصغرخان	27
اصلاحیه‌ای	27
اصول‌گرا	27
اصول‌گرایان	27
اضافاتی	27
اطاعات	27
اطرف	27
اطعمه	27
اطهری	27
اعتباربخشی	27
اعتراض‌آمیز	27
اعتضاد	27
اعجمی	27
اعزل	27
اعظای	27
اغیار	27
افاضه	27
افت‌وخیزهای	27
افرازهایی	27
افزاینده‌های	27
افزونه‌های	27
افسردگی‌های	27
افواه	27
افکنند	27
اقالیم	27
اقامتگاهی	27
اقصا	27
اقلب	27
اكسيد	27
الأدب	27
الأمر	27
الاختیار	27
الارواح	27
الاستومر	27
الاهگان	27
الباجی	27
البرادعی	27
البیعه	27
التاریخ	27
التفاتی	27
التیزا	27
الجبیل	27
الجزاير	27
الحد	27
الحسنی	27
الحفظ	27
الحمراء	27
الحکما	27
الحکمة	27
الدلیمی	27
الرس	27
الرقاع	27
الزور	27
السرطان	27
السطنه	27
السیاحه	27
الشارجه	27
الشهداء	27
الشیبانی	27
الصنم	27
الطائی	27
العابدين	27
العربیة	27
العقول	27
العين	27
الغانم	27
الفجیرة	27
الفلاسفه	27
القائم	27
القائی	27
الماس‌ها	27
الملکی	27
المپیادها	27
المپیک‌های	27
النادرة	27
النعمان	27
الهاشمی	27
الواعظین	27
الوحده	27
الودگی	27
الودی	27
الوصل	27
الوفا	27
الوفی	27
الوک	27
الکساندریا	27
الکلامی	27
الیز	27
ال‌بی‌تی	27
ال‌پی	27
امارث	27
امام‌زادگان	27
امانتداری	27
امانیه	27
امحاء	27
امراللهی	27
امضاي	27
اميرخسرو	27
امپراطوران	27
امپریالیست	27
امیرمؤید	27
ام‌اچ‌دی	27
ام‌پی‌وی	27
ام‌کلثوم	27
انباق	27
انتری	27
انتظاراتی	27
انتقامش	27
انتقامی	27
انتقام‌جویی	27
انتگرال‌پذیر	27
اندام‌زایی	27
اندرزگو	27
اندرمان	27
اندودهای	27
انديمشك	27
اندیشد	27
اندیشمندی	27
اندیشۀ	27
انرجی	27
انزواطلبی	27
انسانهاست	27
انسان‌شناختی	27
انسلادوس	27
انشعاباتی	27
انطباقی	27
انظباطی	27
انفاق	27
انقلابی‌های	27
انه‌اید	27
انيميشن	27
انکتیل	27
انگد	27
انگشتانش	27
انگشتهای	27
انگلز	27
انگلستانی	27
انگلوساکسون	27
انگهران	27
انگورهای	27
انیمه‌ای	27
اه	27
اواردز	27
اوانسیان	27
اوبا	27
اوحله	27
اودلاجان	27
اودیسئوس	27
اوراسترند	27
اورانگوتان	27
اورای‌ها	27
اورتاکو	27
اورل	27
اورلئانز	27
اورمان	27
اورکنی	27
اوریکس	27
اوزارک	27
اوستنیت	27
اوسون	27
اولئاریوس	27
اولاند	27
اولتان	27
اولدمن	27
اولدهام	27
اولوالعزم	27
اولیگارشی	27
اولیگونوکلئوتیدهای	27
اوم	27
اومانیستی	27
اومبریل	27
اونسنس	27
اونه	27
اوهارا	27
اوپانیشاد	27
اوکئانوس	27
اوکالیپتوس	27
اوکاوا	27
اوکراینی‌ها	27
اوکمچی	27
اوگ	27
اوید	27
اویرات	27
ايرلندی	27
ايست	27
ايفای	27
ايمني	27
اپوزسیون	27
اپیتلیال	27
اچر	27
اچويمنت	27
اچ‌بی‌او	27
اژدهاکشان	27
اکام	27
اکتینیدها	27
اکدی‌ها	27
اکرت	27
اکریل	27
اکسون	27
اکسکاواتور	27
اکسیدان‌ها	27
اکلی	27
اکوادوری	27
اکوسوسیالیست‌ها	27
اکیدا	27
ایات	27
ایامدا	27
ایتراکونازول	27
ایحاد	27
ایدن	27
ایده‌هایش	27
ایدی	27
ایرانیش	27
ایرانی‌های	27
ایران‌باستان	27
ایزدبانویی	27
ایزوستاری	27
ایزوگزازولیل	27
ایزیدور	27
ایستمن	27
ایستند	27
ایسینبایوا	27
ایضاح	27
ایقاع	27
ایلای	27
ایلدگز	27
ایلسبوری	27
ایلها	27
ایلون	27
ایلوکوس	27
ایلیری	27
ایمانداران	27
ایمنوگلوبین	27
ایمونوگلوبولین	27
ایمونوگلوبولین‌ها	27
اینتلیجنس	27
ایندره	27
اینورترها	27
اینورترهای	27
اینگوشتیا	27
ایوا	27
ایوانز	27
ایوجیما	27
ایون	27
ایکتیوسور	27
ایگال	27
ای‌اف	27
ای‌ام	27
ای‌وی‌ان	27
ای‌پی‌آی	27
ای‍ن	27
بابائی	27
بابلیها	27
باتریهای	27
باتمام	27
باتن	27
باتولیت	27
باجلانی	27
باختن	27
باخته‌اند	27
بادقت	27
بادلیان	27
بادي	27
بادپناه	27
بادیان	27
بادی‌ها	27
باردون	27
بارس	27
بارقه	27
بارنت	27
بارنتز	27
بارندگیهای	27
بارندگی‌ها	27
بارندگی‌های	27
بارومتر	27
بارچاه	27
بارکدهای	27
بارکزایی	27
بازخرید	27
بازداشتن	27
بازداشت‌گاه	27
بازدیدهای	27
بازشناخته	27
بازماندگانش	27
بازنشته	27
بازویش	27
بازپسین	27
بازیان	27
باسابقه‌ترین	27
باستر	27
باشقیرها	27
باطلی	27
باغبانان	27
بافومت	27
باقراف	27
باقرزاده	27
باقلوا	27
بالأخره	27
بالابانوف	27
بالاراسته	27
بالارد	27
بالاشهر	27
بالبوا	27
بالنسیا	27
بامدادان	27
بامی	27
بانجی	27
بانوگشسب‌نامه	27
بان‌ها	27
باها	27
باهیا	27
باوان	27
باوردان	27
باکاردی	27
باکتریوم	27
بایا	27
بایات	27
بایجان	27
بایدوا	27
بایقوت	27
ببلعد	27
ببنید	27
بتان	27
بتوند	27
بجر	27
بجرم	27
بحث‌انگیز	27
بحد	27
بخشنامه‌های	27
بخشی‌ها	27
بخشی‌های	27
بدانيم	27
بدبیاری‌ها	27
بدجنس	27
بدرالملوک	27
بدرخشد	27
بدزدند	27
بدعوت	27
بدفورد	27
بدلایلی	27
بدنهای	27
بدهکاران	27
بدهکاری	27
بدوش	27
بديهی	27
بذرپاش	27
برآمده‌است	27
برابرنهاده‌های	27
براده‌های	27
براين	27
بربایند	27
برتوله	27
برخ	27
برخورددهنده	27
برخیا	27
بردارم	27
برداشتم	27
بردها	27
برر	27
برره‌ای	27
بررود	27
برزنت	27
برزنجه	27
برزنجی	27
برسخان	27
برسلاو	27
برق‌گرفتگی	27
برمی‌شمارند	27
برمی‌گزینند	27
برنام	27
برنامه‌ریزی‌ها	27
برنامه‌سازان	27
برنان	27
برنتانو	27
برنخواهد	27
برندون	27
برهمه	27
بروات	27
بروجردي	27
بروش	27
بري	27
برپاسازی	27
برپاشد	27
برپای	27
برچسب‌ها	27
برکاته	27
برکو	27
برگردانی	27
برگردانید	27
برگردانیم	27
برگردیم	27
برگرز	27
برگشته‌است	27
بریجپورت	27
بریزبن	27
بریمور	27
بری‌ها	27
بزرگمرد	27
بزرگ‌سال	27
بزنی	27
بزهای	27
بساخت	27
بساطی	27
بسامدی	27
بست‌نشینی	27
بسكتبال	27
بسیارش	27
بشاش	27
بشتر	27
بشردوست	27
بشناسید	27
بشو	27
بشکه‌ای	27
بشیکتاش	27
بصیری	27
بط	27
بغا	27
بفرستاد	27
بفرمایید	27
بقمچ	27
بكند	27
بلاست	27
بلاواسطه	27
بلاژویچ	27
بلبان	27
بلتی	27
بلخاب	27
بلدوزر	27
بلریاند	27
بلندمازو	27
بلندپروازی	27
بلوچ‌های	27
بلژيك	27
بلکینگه	27
بمالید	27
بمانیم	27
بمیان	27
بمیری	27
بناگوشی	27
بنشانند	27
بنیادگرایانه	27
بنیان‌گذاشته	27
بنیز	27
بنیسیو	27
بنی‌یعقوب	27
بن‌های	27
بن‌واژه	27
بهارات	27
بهارمست	27
بهبودهای	27
بهتان	27
بهداروند	27
بهرامجرد	27
بهرام‌شاه	27
بهرمان	27
بهرنگ	27
بهشتیان	27
بهمراهی	27
بهمنگان	27
بهمیی	27
بهنا	27
بهوش	27
بهین	27
بهینه‌ای	27
به‌بار	27
به‌تصرف	27
به‌رسمیت	27
به‌شخصه	27
به‌قلم	27
به‌میزان	27
به‌هم‌پیوسته	27
به‌هیچ‌وجه	27
بواری	27
بوبن	27
بوتا	27
بوتادین	27
بوتفلیقه	27
بوتیچلی	27
بوزد	27
بوستانهای	27
بوشکان	27
بوشی	27
بوطفلیکا	27
بوفور	27
بوقلمونی	27
بولدر	27
بولدوزرها	27
بومرنگ	27
بومیانی	27
بومی‌ها	27
بومی‌های	27
بوها	27
بيستون	27
بيننده	27
بپرند	27
بپرهیزد	27
بچه‌هایی	27
بککی	27
بگردیم	27
بگویی	27
بیابم	27
بیاموز	27
بیتوریا	27
بیده	27
بیذوی	27
بیرینگ	27
بیزانسی‌ها	27
بیزاکودیل	27
بیزون	27
بیسیت	27
بیس‌بال	27
بیشت	27
بیشه‌ها	27
بیلقانی	27
بیلند	27
بیل‌گردانی	27
بیماری‌زایی	27
بیمی	27
بین‌قاره‌ای	27
بیوتیک‌های	27
بیوگراف	27
بیچون	27
بیکاره	27
بیگلری	27
بی‌آلایش	27
بی‌ای‌ئی	27
بی‌خدا	27
بی‌دندان	27
بی‌زمان	27
بی‌شکل	27
بی‌قید	27
بی‌مزه	27
بی‌مهری	27
بی‌موتور	27
بی‌همتای	27
تأثیرش	27
تأمین‌کنندگان	27
تأییدی	27
تئوس	27
تائیس	27
تابوت‌های	27
تابید	27
تابیدن	27
تاثیرش	27
تاثیرگرفته	27
تازه‌واردان	27
تاسی	27
تافته	27
تالوگ	27
تاملات	27
تامپوناد	27
تامیزترل	27
تامینات	27
تامینی	27
تاناتوس	27
تاندر	27
تاندون‌ها	27
تانیاما	27
تاژک	27
تاکااوجی	27
تایتانها	27
تایرها	27
تایرهای	27
تایمر	27
تبارشان	27
تبعيض	27
تبی	27
تتمه	27
تجاوزهای	27
تجربگی	27
تجزیه‌ای	27
تجلیات	27
تجملاتی	27
تحريك	27
تحسين	27
تحصیلات‌اش	27
تحقیق‌های	27
تحكيم	27
تحمل‌ناپذیر	27
تخصيص	27
تخلفاتی	27
تخم‌مرغی	27
تذکرات	27
تذکره‌های	27
تراجنسیتی	27
ترازی	27
ترامها	27
ترانسفراز	27
تراورس	27
تربت‌جام	27
ترتر	27
ترجمه‌شده	27
ترجمه‌گر	27
ترس‌ها	27
ترمس	27
ترها	27
ترهالوز	27
تروبردها	27
ترپن‌ها	27
ترکیب‌بندی‌های	27
تریت	27
تریرها	27
ترینگ	27
تریگر	27
تزوکا	27
تزيين	27
تسان	27
تستمنت	27
تسونگ	27
تسوگارو	27
تشتو	27
تشنگان	27
تشویق‌های	27
تشکلیل	27
تشیگاهارا	27
تصویب‌نامه	27
تصویرنگار	27
تضییع	27
تطوان	27
تعارض‌های	27
تعرفه‌ای	27
تعصبی	27
تغزل	27
تغییرهای	27
تغییرپذیری	27
تفریحگاهی	27
تفریحگاه‌های	27
تفنگی	27
تقدسی	27
تقی‌آباد	27
تكاب	27
تكمیل	27
تلانیوس	27
تلماسه	27
تلمبه‌ای	27
تلوریوم	27
تلوفاز	27
تل‌های	27
تمايل	27
تمایزات	27
تمدن‌هایی	27
تمرکزگرایی	27
تمساح‌ها	27
تمنراست	27
تميز	27
تمپورال	27
تناظری	27
تنانت	27
تناور	27
تندروانه	27
تندیس‌وار	27
تنشها	27
تنکمان	27
تنگدست	27
تنگلی	27
تنیس‌باز	27
تهدیدکننده	27
تهمتی	27
تهیه‌شده	27
توابه	27
توالو	27
توالی‌ها	27
توانايی	27
تواناییها	27
توانستن	27
توانيم	27
توانیر	27
تودشکچویه	27
توراسیک	27
توربوپراپ	27
تورنتون	27
توریست‌های	27
توسک	27
توصیه‌ای	27
توفيق	27
توقفگاه	27
توكيو	27
تولارمی	27
تولدها	27
تولم	27
توماسو	27
تونج‌ایلی	27
تونل‌زنی	27
توهم‌زا	27
توهوکو	27
توپولوژی‌های	27
توکیوی	27
تپه‌ماهورهای	27
تکالیفی	27
تکثیرشوندگان	27
تکنوکرات	27
تکه‌تکه	27
تکیه‌ای	27
تک‌افتاده	27
تک‌حذفی	27
تک‌همسر	27
تیانچی	27
تیبا	27
تیبر	27
تیرکش	27
تیریپ	27
تیزابی	27
تیغه‌هایی	27
تیفانی	27
تیمهایی	27
تی‌تی‌ال	27
ثروتشان	27
ثغور	27
ثمری	27
ثمریت	27
ثمن	27
جابه‌جایی‌های	27
جاریه	27
جاما	27
جامعه‌ی	27
جامع‌تر	27
جانگفا	27
جايگشت	27
جاکشی	27
جایگاه‌ها	27
جبالیه	27
جبران‌ناپذیری	27
جتسیمانی	27
جدايی	27
جدیدالاحداث	27
جذاب‌تر	27
جذاب‌ترین	27
جذبه‌های	27
جربیل	27
جرحا	27
جغرافيای	27
جفت‌داران	27
جلدسازی	27
جلعاد	27
جلوه‌ها	27
جلین	27
جلینه	27
جنجال‌برانگیزترین	27
جنسی‌اش	27
جنود	27
جهان‌آرا	27
جهت‌گیری‌های	27
جوانمردان	27
جواهرفروشی	27
جورابچیان	27
جوزایا	27
جوسان	27
جوقین	27
جولیانی	27
جولیو	27
جوهانسون	27
جوهه	27
جويي	27
جوک	27
جویش	27
جوی‌ها	27
جين	27
جیانی	27
جیبلی	27
جیز	27
جیغ‌های	27
جیوه‌ای	27
جی‌فورس	27
حائری‌زاده	27
حائری‌نژاد	27
حاجی‌زاده	27
حاسدان	27
حاشیه‌نشینان	27
حاصل‌خیزی	27
حانوخ	27
حبشیان	27
حبیب‌الله‌خان	27
حجیم‌تر	27
حدیقةالحقیقه	27
حرفهایی	27
حرفه‌هایی	27
حرکتشان	27
حزب‌ها	27
حزقیل	27
حسابرسان	27
حسابگر	27
حساسترین	27
حسنقلی	27
حسنه‌ای	27
حسن‌کندی	27
حصولی	27
حضرتعالی	27
حظیره	27
حقوقش	27
حلم	27
حمدان	27
حمزیان	27
حمله‌ی	27
حميدی	27
حمیدالدین	27
حمیران	27
حنیف‌نژاد	27
حوضچه‌ای	27
حيوان	27
حکمش	27
حکومات	27
حیدربابایه	27
حیدرقلی	27
حیرت‌انگیزی	27
حیل	27
خاستگاه‌های	27
خاله‌اش	27
خانلو	27
خانها	27
خانه‌سازی	27
خانوک	27
خاچیک	27
خاکسترها	27
خاکسترهای	27
خاک‌شناسی	27
خداباور	27
خدایش	27
خدمات‌رسانی	27
خدمتکاری	27
خرابه‌هایی	27
خرتل	27
خرده‌فروشی	27
خردگرا	27
خرسون	27
خرم‌آبادی	27
خرها	27
خروسها	27
خروسوتمیس	27
خرونا	27
خرچنگ‌ها	27
خرگاه	27
خریده‌است	27
خزائی	27
خزه‌های	27
خشک‌ترین	27
خصائص	27
خصایل	27
خصلت‌های	27
خطابه‌ای	27
خطایابی	27
خطرساز	27
خطمی	27
خطها	27
خلافکاری	27
خلاقانه‌ای	27
خلبانانی	27
خلنو	27
خلیج‌های	27
خمری	27
خمودگی	27
خمپاره‌انداز	27
خمک	27
خمکن	27
خنثی‌سازی	27
خندیدن	27
خنك	27
خنک‌تر	27
خنیاگران	27
خه	27
خوابانیدن	27
خوابگردی	27
خواجه‌نوری	27
خوارزمیان	27
خواستیم	27
خوانين	27
خوبیم	27
خودسری	27
خوراسان	27
خورموئی	27
خوروین	27
خوشرنگ	27
خوشرویی	27
خوش‌ترتیب	27
خوش‌شانس	27
خونشان	27
خوک‌های	27
خیارشور	27
خیره‌کننده	27
خیرون	27
خیزهای	27
خیساندن	27
خیمه‌های	27
خین	27
دابی	27
داتا	27
داده‌می‌شود	27
داده‌کاوی	27
دادگاهها	27
دادیاری	27
دارالملک	27
دارتالاب	27
داروینیسم	27
داریوس	27
داستان‌خوانی	27
داستان‌سرایان	27
داستان‌سرایی	27
داستان‌نویسان	27
داسته	27
دافوس	27
دالان‌ها	27
دالبی	27
دالدری	27
دامادیان	27
دانبار	27
دانسنی	27
دانش‌آموزانی	27
دانش‌اندوزی	27
دانیلا	27
داها	27
دایره‌وار	27
دایرکت	27
دایسون	27
دایما	27
دبس	27
دبیرستانش	27
دخترخاله	27
دخترعموی	27
ددان	27
ددمنشانه	27
درآمیختند	27
درآوریم	27
درادامه	27
درام‌های	27
دربارش	27
دربالای	27
درجایی	27
درختستان	27
درخشیدن	27
درخواست‌هایی	27
درخواهد	27
درزهای	27
درزگیر	27
درزگیرها	27
درسیم	27
درش	27
درعمق	27
درمیانی	27
درهوا	27
دروازه‌بانان	27
دروزی	27
دروغ‌ها	27
دروید	27
درویش‌خان	27
درکش	27
درگیرند	27
دریافتم	27
دریان‌نو	27
دریاوارها	27
دریوسور	27
دریکله	27
دزدی‌های	27
دسای	27
دستانی	27
دسته‌بندی‌های	27
دستکش‌های	27
دست‌آورد	27
دست‌خط	27
دست‌سان	27
دست‌گیری	27
دسموند	27
دشواری‌هایی	27
دعوتش	27
دفتردار	27
دقيقا	27
دلارا	27
دلان	27
دلاواله	27
دلاپلاتا	27
دلخوشی	27
دلزده	27
دلنوازی	27
دنتور	27
دندانه‌ها	27
دندان‌هایش	27
دنیاییم	27
دنیپروپتروفسک	27
دهج	27
دهری	27
دهشاد	27
دهفیش	27
دهلی‌نو	27
دهنده‌ی	27
دهکون	27
ده‌سال	27
دوئم	27
دواب	27
دوال‌پا	27
دودمانش	27
دوردست‌ها	27
دورشته	27
دورگا	27
دوزاژ	27
دوزدوزان	27
دوزمانه	27
دوستي	27
دوشادوش	27
دوشنبه‌ها	27
دولوروسا	27
دولوز	27
دولول	27
دولچه	27
دولیو	27
دوموتوره	27
دوندگی	27
دونقطه	27
دونی	27
دوپاره	27
دوپازا	27
دوچرخ	27
دوچرخه‌سوار	27
دوچرخه‌ها	27
دویچه‌وله	27
ديلم	27
دژا	27
دژنکتور	27
دکترینال	27
دکستروز	27
دکل‌هایی	27
دکمه‌ای	27
دکوپاژ	27
دگرگشتی	27
دیاتسارون	27
دیتاتک	27
دیدومک	27
دیرکرد	27
دیرگاهی	27
دیرینش	27
دیرینه‌شناسی	27
دیرین‌شناسی	27
دیس‌لیپیدمی	27
دیصان	27
دیفندر	27
دیلمقان	27
دیمترودون	27
دینارآباد	27
دینه‌سر	27
دیهیمی	27
دیوا	27
دیوبند	27
دیودوتوس	27
دیولافوا	27
دیویسون	27
دیکسون	27
دیکلوفناک	27
دی‌اندریاس	27
دی‌بی‌تو	27
دی‌ساکارید	27
دی‌نوکلئوتید	27
دی‌ها	27
دی‌های	27
ذبیحی	27
ذغالی	27
ذوالقرنين	27
رئیس‌الوزرا	27
رابع	27
رابین‌هود	27
راتزل	27
راديوئي	27
راديويي	27
رادیال	27
رادیوفردا	27
رازقان	27
رامبراند	27
راملا	27
راندمانی	27
راهنمایان	27
راهگزین	27
راه‌حلی	27
راکعی	27
رایان‌ایر	27
راینیتزر	27
رایکونن	27
رباخواری	27
ربایش	27
رتیکولوسیت	27
رجه	27
رحیم‌زاده	27
ردانی‌پور	27
رزجرد	27
رزی	27
رزینی	27
رسالاتی	27
رسته‌ها	27
رستون	27
رسمی‌اش	27
رسوائی	27
رسوایی‌های	27
رسوب‌های	27
رسولانی	27
رسيدگی	27
رسیده‌ایم	27
رعیت‌ها	27
رفعتی	27
رفيع	27
رقط	27
رله‌های	27
رمانس	27
رمزبرداری	27
رنجرور	27
رنجید	27
رنسانسی	27
رهاند	27
رهايی	27
رهش	27
رهنمایی	27
ره‌بر	27
روئین	27
روانگردان	27
روایت‌گر	27
روبرویی	27
روبلی	27
روتورها	27
روت‌کیت	27
روجن	27
روح‌انگیز	27
رودبال	27
روزانه‌ای	27
روستائيان	27
روسیچکی	27
روشنايي	27
روشني	27
روشن‌سازی	27
روشن‌کردن	27
رولکس	27
روماتولوژی	27
رومانتیسیسم	27
روناک	27
رونسانس	27
رويكرد	27
روکار	27
رویید	27
روی‌کرد	27
ريتم	27
ريزد	27
رپیس	27
رگب	27
ریسرچ	27
ریسه‌بندی	27
رینالدو	27
ریکا	27
ریکشای	27
ریگولاس	27
زاخ	27
زاده‌ای	27
زاغل	27
زامنهوف	27
زانا	27
زانی	27
زانیه	27
زاپا	27
زاکروتی	27
زاکی	27
زایان	27
زایندگی	27
زبانشناختی	27
زتکین	27
زدیم	27
زرجوب	27
زردين	27
زرندی	27
زروآل	27
زرين	27
زریسف	27
زرینچه	27
زریوار	27
زلاتان	27
زمانهایی	27
زنجره	27
زنجیرهایی	27
زندام	27
زنگزور	27
زنگه	27
زنگ‌زده	27
زهاد	27
زهرایی	27
زهكش	27
زوارتنوتس	27
زوارک	27
زودپز	27
زورآباد	27
زورمندان	27
زوزنی	27
زولبیا	27
زيسته	27
زيستی	27
زينب	27
زیانگ	27
زیاگان	27
زیت	27
زیرانداز	27
زیرترین	27
زیردامنه	27
زیرسازه	27
زیرسازی	27
زیرلایه	27
زیستگاهش	27
زیست‌فیزیک	27
زینالی	27
سائیده	27
ساتراپ‌ها	27
ساتردی	27
ساتوشی	27
ساتیرها	27
ساحلي	27
ساخته‌بود	27
ساختگرایی	27
ساخت‌گرا	27
ساخت‌گرایی	27
ساخلو	27
سادیسم	27
ساراندون	27
سارجنت	27
سارون	27
سازماندهي	27
سازو	27
سازواره‌ها	27
ساسات	27
ساغند	27
سالانه‌ای	27
سالای	27
سالتو	27
سالشماری	27
سالو	27
سالواتوره	27
سالکی	27
سالۀ	27
سال‌شماری	27
سامرز	27
سامرزایل	27
سانتوس	27
سانتی‌متری	27
ساندینو	27
سانگر	27
ساوتهمپتون	27
ساوندگاردن	27
ساپروفیت	27
ساپونین	27
ساپونین‌ها	27
ساگرادا	27
سایه‌بان	27
سایوری	27
سایکوز	27
سبحانه	27
سبکترین	27
سبکش	27
سبکها	27
سبک‌ترین	27
ستوانیاران	27
سحرگاهان	27
سحنون	27
سدره‌پوشی	27
سراجی	27
سرانگشت	27
سرانگشتی	27
سربرنیتسا	27
سرتیتر	27
سرجو	27
سردارآباد	27
سردبيري	27
سردست	27
سردهایی	27
سرراه	27
سرسرا	27
سرسری	27
سرسوزن	27
سرسیاه	27
سرشیو	27
سرعته	27
سرمایشی	27
سرمتی‌ها	27
سروهای	27
سرپولک	27
سرپیچ	27
سرچشمه‌ای	27
سرکوب‌ها	27
سرگذشتی	27
سرگرمی‌ها	27
سرگیری	27
سرگین	27
سریشم	27
سریهای	27
سسیل	27
سعایت	27
سعدولی	27
سعودي	27
سغدیانوس	27
سفارت‌خانه	27
سفاک	27
سفرنامه‌اش	27
سفرکرده	27
سفلای	27
سفلیس	27
سفیدشهر	27
سفیرانی	27
سقرجوق	27
سقفش	27
سكني	27
سكه	27
سلامتی‌اش	27
سلبیه	27
سلدوز	27
سلسال	27
سلسله‌ها	27
سلطان‌های	27
سلطة	27
سلمانی‌ها	27
سلنه	27
سل‌ها	27
سمباده	27
سمبلهای	27
سمبه	27
سمری	27
سمسکنده	27
سمفونيك	27
سمینارهایی	27
سنته	27
سنجند	27
سندهایی	27
سندیكای	27
سنسوری	27
سنک	27
سنگتراشان	27
سنگنوشته‌ها	27
سهمیه‌بندی	27
سهو	27
سه‌رنگ	27
سه‌سو	27
سوئیفت	27
سوالها	27
سوبیبور	27
سوتومایور	27
سوج	27
سودمندترین	27
سودها	27
سوراخکاری	27
سوزانیده	27
سوزي	27
سوسيال	27
سوغاتی‌های	27
سوفوکلس	27
سولانین	27
سولوتزو	27
سولی	27
سوهو	27
سوپاپ‌ها	27
سوپره‌ماتیسم	27
سویچ	27
سياست‌هاي	27
سياق	27
سيستمي	27
سيمرغ	27
سينگونيوم	27
سپتامان	27
سپستان	27
سکام	27
سکاندار	27
سکانشاه	27
سکر	27
سکروه	27
سکن	27
سکنای	27
سکنجبین	27
سکوئی	27
سیاه‌رنگی	27
سیاه‌گوش‌ها	27
سیاووش	27
سیدتقی	27
سیدجمال‌الدین	27
سیدجواد	27
سیدکاظم	27
سیرل	27
سیسیان	27
سیسیلیا	27
سیصدهزار	27
سیلتی	27
سیلونه	27
سیلیکن	27
سیل‌ها	27
سینث	27
سینماتوگراف	27
سینه‌است	27
سیو	27
سیچوان	27
سیکا	27
سیکتیوکار	27
سیکورسکی	27
سی‌آرجی	27
سی‌تی‌اسکن	27
سی‌سال	27
سی‌پی‌ام	27
شابلون	27
شابیل	27
شادان	27
شادکامی	27
شادیشاه	27
شاس	27
شاستا	27
شالوت	27
شالیمار	27
شانه‌دار	27
شاها	27
شاهچراغی	27
شاه‌سوسماران	27
شاه‌ماهی	27
شاکوهاچی	27
شبانان	27
شبانروز	27
شباهتها	27
شبدرها	27
شبکه‌بندی	27
شتاب‌دهنده‌ها	27
شترداری	27
شحوح	27
شرباتسکی	27
شرت	27
شرق‌شناسان	27
شركت‌ها	27
شركت‌های	27
شرمسار	27
شرناق	27
ششهزار	27
شش‌ضلعی	27
شطیطه	27
شعباتی	27
شعرگونه	27
شعوبی	27
شعوری	27
شقی	27
شكر	27
شكم	27
شلدریک	27
شلر	27
شلسویگ	27
شلماش	27
شلیته	27
شمارشان	27
شماره‌هایی	27
شمس‌العماره	27
شمس‌الملوک	27
شمشال	27
شمعدانی	27
شناختم	27
شناخته‌شده‌ای	27
شناسه‌ای	27
شنيدم	27
شنگرف	27
شنگن	27
شنگول	27
شهاب‌سنگ	27
شهادتش	27
شهرت‌اش	27
شهرقدس	27
شهستان	27
شهوند	27
شهیدبهشتی	27
شهین	27
شوئن	27
شوئی	27
شوارتسکف	27
شوتر	27
شوخوف	27
شوخیهای	27
شورستان	27
شورلق	27
شورو	27
شورون	27
شوسا	27
شوشینسکی	27
شومینه	27
شوک‌های	27
شوگرلند	27
شوگی	27
شيء	27
شکارها	27
شکایاتی	27
شکفتن	27
شکلات‌های	27
شکنان	27
شکنجه‌گران	27
شگردی	27
شگفتیهای	27
شگفت‌آوری	27
شگ‌ماهیان	27
شیح	27
شیخه	27
شیخ‌میری	27
شیرازه	27
شیزوفرنی	27
شیمیای	27
شینودا	27
شیه	27
شیهان	27
شیوای	27
شی‌گرایی	27
صاحبدلان	27
صاحبنظر	27
صاحبه	27
صاحبی	27
صاحب‌الامر	27
صاد	27
صالحعلیشاه	27
صامت‌ها	27
صحی	27
صدرالدینی	27
صدرالسلطنه	27
صدرعاملی	27
صدف‌خواران	27
صدقی	27
صدیقین	27
صراحی	27
صربستانی	27
صرفه‌است	27
صفاخانه	27
صفت‌ها	27
صفحه‌ی	27
صفره	27
صفويان	27
صقلیه	27
صلح‌طلب	27
صمدخان	27
صندوقها	27
صنعتی‌شدن	27
صورتها	27
صوفیا	27
صوفی‌آباد	27
صولی	27
صیام	27
ضابطه‌ای	27
ضخيم	27
ضداستعماری	27
ضدانقلابی	27
ضدبدافزار	27
ضدجاسوس‌افزار	27
ضددرد	27
ضدویروسی	27
ضرب‌های	27
ضروریست	27
ضلعی‌های	27
ضمیرهای	27
ضمیمه‌های	27
ضوابطی	27
ضیاءالحق	27
طاحونه	27
طباطبايي	27
طبل‌های	27
طبیبان	27
طرابوزان	27
طريقت	27
طریقت‌های	27
طغری	27
طلاها	27
طلاهای	27
طلسم‌ها	27
طناب‌های	27
طنزنویسان	27
طنزها	27
طولشان	27
طیفور	27
ظاهرأ	27
عات	27
عادتهای	27
عاشور	27
عاشورپور	27
عالمیان	27
عالیجاه	27
عالیست	27
عاملیت	27
عایقکاری	27
عبارتهای	27
عبارت‌است	27
عباسیون	27
عبایی	27
عبدالاحمد	27
عبدالمهدی	27
عبدالمومن	27
عبری‌زبان	27
عبوس	27
عبيدالله	27
عجائب	27
عداد	27
عرب‌آباد	27
عرصه‌ها	27
عرضه‌کنندگان	27
عرعر	27
عرقوب	27
عرقچین	27
عروسکهای	27
عریانی	27
عریضه‌ای	27
عز	27
عزیزش	27
عزیزیه	27
عسقلانی	27
عسكر	27
عشقم	27
عشیرة	27
عصران	27
عصرش	27
عطارپور	27
عطای	27
عظمتی	27
عفار	27
عفریت	27
عقابیان	27
عقبة	27
عقبگرد	27
عقيل	27
عقیده‌های	27
عكاسی	27
علاقه‌مندند	27
علقمه	27
علم‌هولی	27
علیمحمدی	27
علیمه	27
عمانات	27
عمانیها	27
عمده‌ی	27
عمدۀ	27
عملوندهای	27
عملگرایی	27
عموهای	27
عموهایش	27
عمیقترین	27
عنبرین	27
عنصرالمعالی	27
عنف	27
عواقبی	27
عوعو	27
عيار	27
عکسش	27
عکس‌هایش	27
عیدید	27
عینک‌های	27
غازانی	27
غافلگیرکننده	27
غالی	27
غایتمندی	27
غذايي	27
غرر	27
غسالخانه	27
غضروف‌ها	27
غضنفر	27
غفر	27
غفوریان	27
غلام‌محمد	27
غلتان	27
غلط‌یاب	27
غمی	27
غنیمتی	27
غوطه‌وری	27
غولآخر	27
غول‌آسا	27
غيردولتي	27
غيرقانونی	27
غژگاو	27
غیبتی	27
غیراختصاصی	27
غیراستاندارد	27
غیرالکلی	27
غیرداستانی	27
غیرعامل	27
غیرمسیحی	27
غیرنفتی	27
فائز	27
فارسانی	27
فارسی‌است	27
فاصلۀ	27
فاضلاب‌ها	27
فاطر	27
فالگیر	27
فالیزوانیان	27
فامیلیا	27
فانوس‌های	27
فاولر	27
فايروال	27
فاکتی	27
فاگوسیتوز	27
فایرابند	27
فایف	27
فایول	27
فتعلی	27
فتل	27
فتوسایت	27
فحول	27
فخرعظمی	27
فدکس	27
فرارهای	27
فراروان‌شناسی	27
فرازهای	27
فراسو	27
فراقانونی	27
فرانسیم	27
فرانکهای	27
فراواقع	27
فرايندهای	27
فراکرد	27
فراگرد	27
فراگیرند	27
فرجام‌خواهی	27
فرحبخش	27
فرح‌بخش	27
فرخشهر	27
فردترین	27
فررو	27
فرست	27
فرستنده‌ها	27
فرسکوی	27
فرشبافی	27
فرشوادگر	27
فرش‌بافی	27
فرضهای	27
فركانس	27
فرمانبری	27
فرمتهای	27
فرم‌هایی	27
فرنکل	27
فرنگی‌ها	27
فرنی	27
فرهنگ‌شهر	27
فرورفت	27
فرورونده	27
فروزه‌های	27
فروس	27
فروشندگی	27
فروشی‌های	27
فروش‌ها	27
فروغ‌الملک	27
فرونتناک	27
فريب	27
فريم	27
فریتهوف	27
فریر	27
فریسلاند	27
فریفت	27
فریگ	27
فری‌هند	27
فسادهای	27
فشنگی	27
فضایلی	27
فضایی‌اش	27
فضل‌احمد	27
فقیرانه	27
فك	27
فلاهرتی	27
فلای	27
فلذا	27
فلزي	27
فلپ	27
فلینت	27
فمور	27
فمینا	27
فنجا	27
فندقه	27
فهوسفنج	27
فهیمی	27
فواکه	27
فوجی‌وارا	27
فوده	27
فورج	27
فوزیون	27
فولادکلا	27
فولمن	27
فومستان	27
فونتیک	27
فونون	27
فونوگراف	27
فوویسم	27
فوک	27
فوکویاما	27
فيبر	27
فيل	27
فيلمهاي	27
فيلمهای	27
فک‌های	27
فیبرهایی	27
فیبرو	27
فیتوپلانکتون	27
فیثاغورثی	27
فیشته	27
فیلترهایی	27
فیلتری	27
فیلدها	27
فیلموگرافی	27
فیله	27
فیلیس	27
فینچ	27
فیکس	27
قائم‌آباد	27
قائنی	27
قاب‌بالان	27
قاجاریه‌است	27
قارة	27
قاره‌پیما	27
قاعده‌است	27
قان	27
قانونگزاری	27
قبانی	27
قبای	27
قبوض	27
قدرش	27
قدیمیان	27
قرآن‌ها	27
قراردادي	27
قرارگرفتند	27
قرارگیرند	27
قراضه	27
قرضاوی	27
قرق‌لر	27
قره‌حصار	27
قره‌قشلاق	27
قره‌گل	27
قزلباشها	27
قسط	27
قشنگی	27
قصه‌گو	27
قصیم	27
قضايی	27
قطعه‌ی	27
قطع‌نامه	27
قطغن	27
قطوره	27
قفقازیه	27
قفلسازی	27
قلبي	27
قلزم	27
قناتغستان	27
قناتهایی	27
قهاب	27
قوام‌الدین	27
قوزلو	27
قوم‌ها	27
قوپوز	27
قوچک	27
قياس	27
قپق	27
قیات	27
قیدها	27
قیصرق	27
قیوان	27
قیچ	27
كاتوليك	27
كاسه	27
كاشانی	27
كاشه	27
كاملی	27
كانی	27
كاوي	27
كبيره	27
كتابها	27
كرال	27
كردها	27
كريمي	27
كرگانرود	27
كش	27
كمونيستی	27
كمک	27
كنسرواتوار	27
كنيه	27
كوتاهي	27
كوهدشت	27
كوهي	27
كوچانده	27
كوچكترين	27
كيلو	27
لئن	27
لائوسی	27
لاباک	27
لاتین‌نویسی	27
لاج	27
لاخ	27
لادون	27
لاریخا	27
لاریسا	27
لاستیکها	27
لاشتر	27
لاعلاج	27
لاله‌آباد	27
لانزاروته	27
لاوت	27
لاول	27
لاون	27
لاوه	27
لاچینی	27
لاکن	27
لایانل	27
لایحضره	27
لبینه	27
لتسیون	27
لجباز	27
لجوج	27
لدخی	27
لذت‌بخش	27
لذت‌های	27
لرزش‌های	27
لروی	27
لریک	27
لزبوس	27
لسکر	27
لشکرآباد	27
لطفعلی‌خان	27
لطف‌آباد	27
لطمه‌ای	27
لطيف	27
لغت‌نامه‌ای	27
لغز	27
لغزیدن	27
لمنوس	27
لمکین	27
لنبک	27
لنگستون	27
لواء	27
لوج	27
لوجلی	27
لودویش	27
لورنت	27
لوزادا	27
لوساکا	27
لوف	27
لولی	27
لومباردها	27
لومبروزو	27
لومر	27
لومه	27
لوچیا	27
لوژی	27
لوکولوس	27
لوگوتراپی	27
لکوموتیو	27
لک‌های	27
لیبرال‌های	27
لیتوسفر	27
لیتوفسک	27
لیفی	27
لیندان	27
لینوکسی	27
لیکور	27
لیگاندهای	27
مؤخر	27
مؤلفات	27
مابعدالطبیعی	27
ماترهورن	27
ماج	27
ماجراجویی‌های	27
ماخذی	27
مادرانه	27
مادره	27
مادلونگ	27
ماردی	27
مارنان	27
مارينا	27
مارگوت	27
ماستری	27
ماستنگ	27
ماسخادوف	27
ماسنه	27
ماسه‌ها	27
ماسیاس	27
ماشین‌کاری	27
مالتی‌پلکس	27
مالداری	27
مالدن	27
مالیخولیا	27
مالیخولیایی	27
مالید	27
مامش	27
ماملی	27
مانتی	27
ماندالا	27
ماندو	27
مانموهان	27
مانورپذیری	27
مانوری	27
مانگاس	27
مانگاهای	27
ماهيان	27
ماه‌نورد	27
ماوراء‌النهر	27
ماوریکس	27
ماپوچه‌ها	27
ماژین	27
ماکروسکوپیک	27
ماکلی	27
ماکی	27
ماگدالنا	27
مایدشت	27
مای‌سیمز	27
مبارك	27
مبارک‌آباد	27
مبدل‌پوش	27
مبرهن	27
متابولیسمی	27
متالورژیکی	27
متخصصين	27
متخلفان	27
متخلفین	27
مترلینگ	27
مترها	27
مترولوژی	27
مترونوم	27
متشرعین	27
متصرفه	27
متفکرانه	27
متناوبا	27
متوسلانی	27
متوصل	27
متوطن	27
متکلف	27
مثلت	27
مجاهدی	27
مجري	27
مجری‌گری	27
مجلس‌های	27
مجهزند	27
مجهولات	27
مجهولی	27
مجیب	27
مجیدآباد	27
محبوب‌تر	27
محترق	27
محترمی	27
محروسه	27
محرومیت‌های	27
محلها	27
محمدمعصوم‌اصفهانی	27
محمدیاشار	27
محملی	27
محموطه	27
محوسازی	27
مخاطره‌انگیز	27
مخالفتهایی	27
مختصاتی	27
مخروطی‌ها	27
مخفی‌سازی	27
مدادی	27
مدارش	27
مدالیته‌ها	27
مدت‌طولانی	27
مدرن‌سازی	27
مدلل	27
مدلینا	27
مذهبی‌ای	27
مراسم‌های	27
مربع‌های	27
مربیش	27
مرتبتی	27
مرحله‌ی	27
مردآهنی	27
مرده‌شان	27
مرزدانه	27
مرزه	27
مرسله	27
مرضیات	27
مرفهین	27
مرفه‌نشینی	27
مرفولوژیک	27
مرقدش	27
مرمتی	27
مرمرینی	27
مرواريدهای	27
مروونژی	27
مرکولف	27
مریخ‌نوردهای	27
مریلبون	27
مزداپرستی	27
مزداپور	27
مزدكيان	27
مزودرمی	27
مسئله‌ای	27
مسافربر	27
مستانی	27
مسترز	27
مستریچت	27
مستشرقی	27
مستعدترین	27
مستعمره‌ها	27
مستغفر	27
