ir	213
buvo	199
į	198
yra	196
iš	193
su	193
nuo	192
kad	184
o	184
iki	183
kaip	183
bei	182
apie	181
pat	180
savo	180
km	179
ar	178
jo	178
metų	178
prie	178
taip	178
arba	177
jų	177
metais	177
po	177
rajono	177
tik	177
lietuvos	176
metu	176
bet	175
jis	175
kai	175
pagal	175
per	175
dėl	174
gali	174
tai	174
tapo	174
jos	173
lietuvių	173
tačiau	173
dar	172
jav	172
narys	172
to	172
turi	172
už	172
būti	171
kuris	171
labai	171
miesto	171
tarp	171
šiaurės	171
baigė	170
dalis	170
savivaldybės	170
vėliau	170
daug	169
gyventojų	169
karo	169
kurie	169
mokykla	169
ne	169
pr	169
centras	168
kaimas	168
kalba	168
kurios	168
prieš	168
vienas	168
kultūros	167
kur	167
kuri	167
miestas	167
muzikos	167
nei	167
pradėjo	167
tarybos	167
žemės	167
ant	166
daugiau	166
ji	166
rajone	166
turėjo	166
dalyje	165
futbolo	165
jie	165
jį	165
kitų	165
kurių	165
todėl	165
viena	165
šeimos	165
dirbo	164
galima	164
jau	164
kartu	164
mokyklos	164
mėn	164
nes	164
sudaro	164
teisės	164
valstybės	164
balandžio	163
bažnyčia	163
birželio	163
dainų	163
dalyvavo	163
gegužės	163
grupės	163
kalbos	163
kovo	163
liepos	163
metai	163
mokslų	163
partijos	163
pasaulio	163
skyriaus	163
tiek	163
tuo	163
universiteto	163
ūkio	163
žmonių	163
cm	162
dažnai	162
du	162
giminės	162
metus	162
nėra	162
rugsėjo	162
sausio	162
spalio	162
vilniaus	162
gruodžio	161
kartą	161
kurio	161
lapkričio	161
nors	161
rugpjūčio	161
sąjungos	161
upės	161
veikėjas	161
visuomenės	161
čia	161
šalies	161
be	160
darbo	160
dažniausiai	160
formos	160
ją	160
jūros	160
kalendorių	160
kt	160
kurį	160
mokyklą	160
net	160
pavardė	160
pirmininkas	160
prasidedantys	160
priklauso	160
pvz	160
tam	160
vandens	160
vasario	160
šios	160
biografija	159
ežeras	159
grupė	159
gyveno	159
jam	159
klubas	159
mokykloje	159
rytus	159
tūkst	159
vakarus	159
vietą	159
ypač	159
aukščio	158
beveik	158
dvi	158
gyvenvietė	158
ilgio	158
jog	158
kaimo	158
kas	158
kuriame	158
lietuvoje	158
paprastai	158
pradžioje	158
rytų	158
vadovavo	158
vieną	158
vėl	158
įkurtas	158
būna	157
dabar	157
dalį	157
daugiausia	157
gavo	157
gyvena	157
instituto	157
kartais	157
kauno	157
kiti	157
kurioje	157
kurią	157
meno	157
mokslo	157
mokėsi	157
nebuvo	157
nekeliamieji	157
oro	157
pabaigoje	157
pastatyta	157
piliakalnis	157
pirmasis	157
sistema	157
teritorijoje	157
universitete	157
vakarų	157
vokiečių	157
augalų	156
dieną	156
direktorius	156
juos	156
laiko	156
narė	156
pasaulyje	156
pavadinimas	156
politinis	156
priklausė	156
studijavo	156
sudarė	156
upė	156
vadinamas	156
vadovas	156
veikla	156
visų	156
įkurta	156
žmonės	156
amžiaus	155
būtų	155
choro	155
dviejų	155
istorijos	155
laimėjo	155
mirties	155
mln	155
pasaulinio	155
pietus	155
pločio	155
rūšių	155
sistemos	155
užėmė	155
vaikų	155
vietoje	155
visą	155
ėmė	155
įkūrė	155
įvairių	155
šio	155
šis	155
šių	155
bažnyčios	154
daktaras	154
ežero	154
gentis	154
imperijos	154
kelio	154
komanda	154
krante	154
laiką	154
muziejus	154
naudojamas	154
pagrindinė	154
pusėje	154
rusų	154
rytuose	154
salos	154
seniūnijoje	154
sukūrė	154
sūnus	154
vadinama	154
vakaruose	154
veikė	154
virš	154
šalių	154
šiaurę	154
žmogaus	154
centro	153
dailės	153
draugijos	153
europos	153
gyvenimo	153
gyventojai	153
kariuomenės	153
kitos	153
kodas	153
laikais	153
liaudies	153
maisto	153
mieste	153
mm	153
moteris	153
netoli	153
pats	153
pavaduotojas	153
pavardės	153
skaičius	153
taryba	153
teatro	153
teka	153
valsčius	153
vardas	153
vieta	153
vietos	153
vis	153
visi	153
vyko	153
atsirado	152
dalies	152
gimė	152
istorija	152
išleido	152
išrinktas	152
jei	152
kaime	152
kartus	152
karą	152
kelių	152
krašto	152
kryptimi	152
medicinos	152
miestą	152
narių	152
pietuose	152
pietų	152
pirmą	152
prasidėjo	152
rūšis	152
spalvos	152
sporto	152
sritis	152
teritorijos	152
užsienio	152
valdymo	152
vardu	152
vedėjas	152
veikia	152
viso	152
šeima	152
šiaurėje	152
akademijos	151
albumas	151
anglų	151
apsaugos	151
apskrities	151
bus	151
būdavo	151
būdu	151
gana	151
graikų	151
ha	151
institute	151
išleistas	151
kadangi	151
kalbų	151
katedros	151
kilmės	151
kitais	151
komandos	151
kultūra	151
kuriuos	151
kūno	151
labiau	151
lenkų	151
lietuviška	151
maždaug	151
mirė	151
namų	151
pas	151
pasiekė	151
pradžios	151
pradžių	151
prekybos	151
profesorius	151
reiškia	151
seniūnija	151
ten	151
ties	151
toliau	151
tris	151
trys	151
universitetas	151
valdybos	151
valdė	151
valstybių	151
veiklos	151
veiklą	151
visos	151
vyksta	151
vyrų	151
įvyko	151
ši	151
žinomas	151
buvęs	150
dvaro	150
dydžio	150
dėstytojas	150
forma	150
galėjo	150
grįžo	150
institutą	150
ištekėjusi	150
kalnų	150
karalius	150
kelias	150
kino	150
kitas	150
klasės	150
klubo	150
kol	150
komiteto	150
laikomas	150
laikų	150
liko	150
mažiau	150
miestų	150
naudojami	150
pasirodė	150
paskelbė	150
paskirtas	150
pirmoji	150
plotas	150
pramonė	150
prancūzų	150
radijo	150
rusijos	150
teisė	150
valdžios	150
valstybė	150
visiškai	150
vyr	150
vyriškos	150
šalia	150
šiuo	150
žaidžia	150
žinoma	150
anksčiau	149
auga	149
dauguma	149
dienos	149
dienų	149
dėstė	149
gerai	149
ilgis	149
intakas	149
inžinierius	149
kalbą	149
karaliaus	149
keletą	149
kiek	149
kilo	149
kitą	149
kuriose	149
laikotarpiu	149
literatūros	149
mergautinė	149
miškų	149
moteriškosios	149
moterų	149
nariai	149
naudojama	149
naudoti	149
partija	149
pastatytas	149
pramonės	149
reikia	149
rūšys	149
sala	149
senovės	149
socialdemokratų	149
sostinė	149
srityje	149
statybos	149
tada	149
technikos	149
tipo	149
uab	149
ugdymo	149
universitetą	149
uostas	149
vaikai	149
valdžia	149
atliko	148
autorius	148
darbą	148
didžiausias	148
gamtos	148
geležinkelio	148
greitai	148
herbas	148
institutas	148
jai	148
katalikų	148
kilęs	148
kūrinių	148
lr	148
lygio	148
medžiagų	148
mokytojas	148
mėnesį	148
naują	148
organizacijos	148
pakeitė	148
pietryčius	148
pietvakarius	148
prezidentas	148
programas	148
provincijos	148
regione	148
regiono	148
reikalų	148
rinktinės	148
siekia	148
sienos	148
sistemą	148
stovi	148
teisę	148
teritorija	148
trijų	148
vadinami	148
vidurinę	148
viduryje	148
vieno	148
vienu	148
vietų	148
šalyse	148
šiaulių	148
šie	148
žmona	148
atveju	147
automobilių	147
biblioteka	147
daina	147
ekonomikos	147
elektros	147
energijos	147
fc	147
gamybos	147
gyvenvietės	147
jame	147
jaunimo	147
jiems	147
jūrų	147
kita	147
kitus	147
klaipėdos	147
knygų	147
labiausiai	147
medžiagos	147
miestai	147
minimas	147
ordino	147
parkas	147
pasitraukė	147
pastatė	147
persikėlė	147
pradėta	147
regionas	147
salų	147
skyrius	147
srities	147
straipsnių	147
sukurti	147
suteiktas	147
tampa	147
televizijos	147
tyrimų	147
upių	147
valdžią	147
vidurinė	147
vidurio	147
vilniuje	147
visas	147
visus	147
įgijo	147
šalyje	147
žaidė	147
žmogus	147
albumo	146
bažnyčią	146
bendrojo	146
bendruomenės	146
dainos	146
darbų	146
dinastijos	146
dirbti	146
duomenų	146
filmas	146
genties	146
grigaliaus	146
jas	146
karas	146
kelis	146
kg	146
krepšinio	146
kuria	146
kurias	146
kuriuose	146
lavinimo	146
negu	146
nemažai	146
neturi	146
pagrindinio	146
pagrindinis	146
parašė	146
pareigas	146
parengė	146
pavadintas	146
pavyzdžiui	146
politinė	146
pusės	146
rajonas	146
rūmų	146
sezone	146
skiriasi	146
studentų	146
sukurtas	146
sutartį	146
tarpu	146
temperatūra	146
tokių	146
užima	146
vandenyno	146
verslo	146
vokietijos	146
vėliava	146
įmonės	146
įsteigta	146
įstojo	146
įtaką	146
šią	146
švietimo	146
albumą	145
amžius	145
apylinkės	145
architektūros	145
augalas	145
centre	145
dalyvauja	145
daugiausiai	145
diena	145
dirba	145
eina	145
fakulteto	145
istoriją	145
išliko	145
išskyrus	145
joje	145
komisijos	145
kovos	145
kuriai	145
kuriuo	145
laikoma	145
leido	145
lygoje	145
ministerijos	145
ministras	145
mokymosi	145
mūsų	145
naudoja	145
organizacija	145
pabaigos	145
paminklų	145
pateko	145
paties	145
paukščių	145
pavadinta	145
pilis	145
pirmininko	145
pirmųjų	145
pradinio	145
prasideda	145
rytinėje	145
saloje	145
skaičių	145
statyti	145
sudaryta	145
sukurta	145
tautos	145
technologijos	145
teises	145
toks	145
tėvas	145
vadas	145
vasarą	145
vidurinės	145
vienos	145
čempionate	145
šiol	145
žydų	145
aplink	144
armijos	144
asociacijos	144
atiteko	144
aukso	144
centrinėje	144
chorui	144
dalimi	144
daugelis	144
departamento	144
dešimtmetyje	144
dirigentas	144
dviem	144
grupę	144
gydytojas	144
gyvenimą	144
gyvūnų	144
itin	144
jonas	144
kariuomenė	144
kartų	144
keletas	144
knygą	144
leidžia	144
mitologijoje	144
moksleivių	144
mokytojų	144
motina	144
muzika	144
muziką	144
nacionalinis	144
naudojo	144
nauja	144
negali	144
nepriklausomybę	144
nuolat	144
oficialiai	144
padėjo	144
pakrantėje	144
pan	144
paveldo	144
pietinėje	144
pirmąjį	144
plotis	144
pradžia	144
pro	144
provincija	144
rasta	144
rinkimų	144
sekretorius	144
skirtas	144
studijas	144
svarbus	144
sąjunga	144
tautų	144
teismo	144
teritoriją	144
vakarinėje	144
valstiečių	144
vietas	144
vietose	144
viršininkas	144
visa	144
vykdanti	144
įsikūręs	144
įtakos	144
šalis	144
šeimoje	144
šiek	144
žuvo	144
žuvų	144
amerikos	143
amžiuje	143
apskritis	143
apylinkė	143
atsisakė	143
britų	143
chorų	143
darbai	143
daugelio	143
dešimtmečio	143
dešiniajame	143
didelis	143
didelės	143
didelę	143
dieninė	143
dramos	143
dvaras	143
dydį	143
esantis	143
fakultetą	143
grupių	143
imperija	143
informacijos	143
išleista	143
išvyko	143
juo	143
jūra	143
kairiajame	143
kalnas	143
karalystės	143
kaune	143
keliamieji	143
kilmė	143
kitose	143
kurti	143
lenkijos	143
link	143
manoma	143
mažai	143
metalo	143
miestelis	143
miškai	143
miško	143
namai	143
naujas	143
nepriklausomybės	143
pagrindinės	143
paminklas	143
papildomo	143
pasirašė	143
pavadinimu	143
pačiais	143
pačiu	143
pelnė	143
pirmąją	143
plačiai	143
politechnikos	143
politikos	143
pradėti	143
prancūzijos	143
prezidento	143
programos	143
rinkimuose	143
rinktinė	143
romos	143
rūmai	143
savarankiško	143
savivaldybėje	143
sezono	143
siekė	143
skersmens	143
skirta	143
spaudos	143
stotis	143
studijų	143
teigia	143
tiesiog	143
tokie	143
tokios	143
transporto	143
tą	143
vanduo	143
vasaros	143
vedė	143
versija	143
vidaus	143
įrengtas	143
įsteigė	143
šiaurinėje	143
abu	142
administracinis	142
akademiją	142
apylinkėse	142
atlikti	142
atvyko	142
chemijos	142
didelė	142
didžiausia	142
didžiausių	142
elementų	142
esant	142
filosofijos	142
fk	142
futbolininkas	142
galvos	142
galėtų	142
gamyba	142
gauti	142
gimnazijos	142
ispanų	142
istorijoje	142
kada	142
kalboje	142
kalnuose	142
karių	142
karjerą	142
keli	142
kito	142
knyga	142
knygos	142
komandoje	142
kompanija	142
kompanijos	142
konkurse	142
kunigaikščio	142
kuomet	142
kuriam	142
ką	142
laivų	142
lauko	142
lsdp	142
lygos	142
medinė	142
medžiaga	142
miestelio	142
minima	142
miškuose	142
mokslinių	142
mokyklų	142
naftos	142
naudojamos	142
objekto	142
padarė	142
pagrindinių	142
paliko	142
parapijos	142
pastatų	142
pati	142
pedagogas	142
pietryčių	142
pietvakarių	142
pirmieji	142
pradėtas	142
pusė	142
rašytojas	142
rašė	142
roko	142
save	142
spalva	142
stiliaus	142
sudarytas	142
surengė	142
susidaro	142
susiformavo	142
tas	142
teisių	142
tokia	142
tol	142
tos	142
turėti	142
vadinamos	142
vardą	142
visada	142
visoje	142
vyriausybės	142
įrašų	142
įskaitant	142
šviesos	142
žemė	142
žiočių	142
ab	141
aktyviai	141
amerikiečių	141
antrasis	141
aplinkos	141
armija	141
atstovai	141
augalai	141
aukštis	141
autoriaus	141
bandė	141
bendrovės	141
būdinga	141
chorą	141
direktoriaus	141
dirigavimo	141
disertaciją	141
draugija	141
duomenimis	141
eilės	141
esanti	141
europoje	141
ežerų	141
fakultete	141
filmų	141
formų	141
gale	141
garbei	141
garso	141
genčių	141
gimnazija	141
gimnazijoje	141
gimnaziją	141
grybų	141
indėnų	141
iniciatyva	141
irgi	141
kalbomis	141
kapinėse	141
karinis	141
kelios	141
keramikos	141
kitaip	141
knygoje	141
koncertavo	141
kranto	141
krašte	141
kunigas	141
laikotarpis	141
laipsnis	141
latvių	141
ldk	141
leidimas	141
linija	141
linijos	141
medžių	141
metrų	141
mokinių	141
mokymo	141
mokytoja	141
naujų	141
neretai	141
netgi	141
nusprendė	141
objektų	141
organizacijų	141
pagrindu	141
palaidotas	141
pavadinimą	141
paštas	141
perėjo	141
piliakalnio	141
pirmosios	141
politinių	141
pradeda	141
programa	141
pusę	141
pylimas	141
rasti	141
redaktorius	141
ribojasi	141
rodo	141
romėnų	141
rudenį	141
siekiant	141
smarkiai	141
spalvų	141
statusą	141
sudaryti	141
sutartis	141
sveikatos	141
sąrašą	141
sėkmingai	141
tad	141
taikos	141
tarnavo	141
teorija	141
tikslas	141
tuomet	141
tėvo	141
tų	141
vaidmenį	141
veikėja	141
vidutinio	141
vien	141
visai	141
visame	141
vos	141
įmonių	141
įsikūrė	141
įvykiai	141
šventės	141
žemių	141
žodis	141
žodžio	141
žodžių	141
akmens	140
akmenų	140
aktorius	140
apgynė	140
apima	140
architektas	140
aukštyje	140
baigėsi	140
bent	140
buvusi	140
būdingas	140
centru	140
dalys	140
darbas	140
darbininkų	140
darbus	140
daugelyje	140
dinastija	140
docentas	140
dolerių	140
dujų	140
fizikos	140
gaminamas	140
gaminti	140
garbės	140
gausu	140
gautas	140
geležies	140
gentys	140
grupei	140
gyventi	140
institucija	140
judėjimo	140
kalnai	140
kalno	140
kare	140
karui	140
keturių	140
kiekis	140
kitomis	140
klasė	140
krikščionių	140
kunigaikštis	140
kunigaikštystės	140
laikomi	140
ledo	140
lieka	140
mašinų	140
medžio	140
modelis	140
namuose	140
naujai	140
naujos	140
netrukus	140
pagalba	140
panevėžio	140
pasaulinį	140
pastatas	140
pastatyti	140
patys	140
pavadinimo	140
pačios	140
pinigų	140
pirmojo	140
plano	140
provincijoje	140
reikšmės	140
respublikos	140
retai	140
salą	140
savivaldybė	140
seniūnijos	140
sistemoje	140
skirtingų	140
susilaukė	140
suteikė	140
svarbiausi	140
svarbiausių	140
tapti	140
tarnybos	140
taurės	140
taškų	140
teatras	140
teorijos	140
terminas	140
tokio	140
tyrimo	140
vadinosi	140
vadovė	140
valstybę	140
varžybose	140
veikloje	140
veikti	140
vidurinėje	140
vienetas	140
vienintelis	140
vyrauja	140
vyriausybė	140
įteka	140
įvairios	140
šokių	140
švenčių	140
žemes	140
žemiau	140
žmones	140
administracijos	139
akmuo	139
angl	139
antras	139
apsigyveno	139
atlieka	139
atsiranda	139
atstovas	139
automobilis	139
balta	139
baltų	139
brolis	139
būdas	139
dabartinės	139
dailininkas	139
daktaro	139
dalių	139
dalyvauti	139
darbuotojų	139
debiutavo	139
demokratų	139
departamentas	139
dešinysis	139
didelio	139
didysis	139
dėka	139
ežerą	139
filme	139
galo	139
generolas	139
gylio	139
gyvenimas	139
habilituotas	139
imperatoriaus	139
imperatorius	139
jėga	139
kandidatas	139
karinės	139
kariuomenę	139
kasmet	139
keliu	139
kinų	139
klasių	139
klausimais	139
ko	139
konservatorijoje	139
kunigų	139
kuriais	139
laipsnį	139
latvijos	139
lengvai	139
lietuvą	139
lotynų	139
ląstelės	139
metams	139
meto	139
miestuose	139
mokesčių	139
muziejaus	139
mūšyje	139
naudojant	139
neturėjo	139
nugalėjo	139
operos	139
padeda	139
pajėgos	139
pajėgų	139
pakraštyje	139
pasiekti	139
pasižymi	139
pavadino	139
paviršiaus	139
pačių	139
perėmė	139
pilies	139
pirmuoju	139
plotą	139
procesas	139
proceso	139
projektas	139
pėstininkų	139
režisierius	139
ryšius	139
savivaldybių	139
sekmadienį	139
simbolis	139
sistemų	139
skiria	139
skirti	139
socialinių	139
sostine	139
specialybę	139
srityse	139
sukelia	139
sukilimo	139
sąraše	139
teatre	139
turėtų	139
tęsė	139
tūkstantmečio	139
užsienyje	139
valstijoje	139
valstybinės	139
vardo	139
vienintelė	139
vilnius	139
čempionato	139
ėjo	139
įlankos	139
įsikūrusi	139
įstatymų	139
įvairūs	139
šalį	139
šioje	139
šventei	139
žiemos	139
žurnalo	139
afrikos	138
aikštelės	138
antanas	138
apdovanotas	138
apygardos	138
arabų	138
asmens	138
asmuo	138
atžvilgiu	138
bajorų	138
bangos	138
bažnyčioje	138
buvusios	138
būrio	138
ck	138
didelį	138
dievas	138
dėmesio	138
egzistuoja	138
enciklopedinis	138
es	138
esmės	138
finansų	138
galutinai	138
galva	138
gerokai	138
gyvenviečių	138
ilgai	138
ilgą	138
italų	138
išaugo	138
ja	138
juozas	138
kaimą	138
kairysis	138
karalystė	138
katedra	138
kiekvienas	138
kilusi	138
kituose	138
koncertų	138
konservatorijos	138
koplyčia	138
kraujo	138
kraštas	138
kuo	138
kūriniai	138
laikas	138
laikotarpio	138
laikyti	138
lankė	138
matematikos	138
miestelyje	138
milijonų	138
mokiniai	138
mokyklose	138
mėnesių	138
nariu	138
niekada	138
nustatyti	138
pakankamai	138
pakeisti	138
paplitusi	138
partijų	138
pasaulį	138
patvirtino	138
paukštis	138
pavasarį	138
pavyko	138
pietryčiuose	138
pietvakariuose	138
pirmas	138
pirmininku	138
poetas	138
policijos	138
pradinė	138
premija	138
priemonių	138
priimtas	138
prisidėjo	138
prisijungė	138
prof	138
programą	138
projektą	138
reikšmę	138
salose	138
santykius	138
santykių	138
saugo	138
saugumo	138
statūs	138
stipriai	138
sudėtį	138
suimtas	138
sukėlė	138
tais	138
taurė	138
teritorijas	138
tiesiogiai	138
titulą	138
turintis	138
unikalus	138
upę	138
vaikams	138
valdyti	138
vietinių	138
vokietijoje	138
vu	138
įrengta	138
šaka	138
šaltinis	138
šaltiniuose	138
šias	138
ūkis	138
žaidynėse	138
žaidėjas	138
žemę	138
žiemą	138
žinynas	138
žmonėms	138
žvaigždės	138
žvaigždžių	138
akademijoje	137
anglies	137
asmenų	137
atitinka	137
atrado	137
atvejais	137
aviacijos	137
balsų	137
baltijos	137
bendrovė	137
būdamas	137
choras	137
chorvedžiai	137
dainas	137
dalyvių	137
darbuotojas	137
datuojamas	137
daugybė	137
davė	137
demokratinės	137
dideli	137
didelių	137
didesnis	137
didžiojo	137
dienas	137
duktė	137
duomenys	137
dėst	137
energija	137
galiausiai	137
galios	137
gamyklos	137
geležinkelis	137
greitis	137
greta	137
grupes	137
išrinkta	137
jeigu	137
jokių	137
judėjimas	137
jėgos	137
jūrą	137
kaimai	137
kalbas	137
kapinės	137
karalių	137
kelią	137
kitiems	137
kitur	137
klimato	137
klube	137
kompozitorius	137
kursus	137
kūrė	137
laiku	137
laikė	137
lauke	137
leisti	137
lietuviai	137
ligos	137
lygus	137
mano	137
masė	137
mc	137
medienos	137
ministro	137
miškas	137
moterys	137
naktį	137
naujo	137
odos	137
okupacijos	137
parke	137
parlamento	137
paslaugų	137
pastatai	137
pasukus	137
patenka	137
penktadienį	137
pirmininkė	137
priėmė	137
problemų	137
produktų	137
programų	137
publikavimui	137
revoliucijos	137
rinkos	137
rinktine	137
rungtynes	137
saulės	137
slavų	137
slėnyje	137
sostą	137
sparčiai	137
sritys	137
struktūra	137
studijos	137
sunkiai	137
svarbi	137
sąrašo	137
sūnų	137
tamsiai	137
tarpusavyje	137
tauta	137
teko	137
tekstilės	137
tiltas	137
tsr	137
turto	137
tvarka	137
tyrimai	137
tyrimus	137
vadinti	137
vadovauja	137
vaikus	137
vaizdo	137
valdovas	137
valstija	137
valstijos	137
valsčiaus	137
varžybos	137
veterinarijos	137
vyskupas	137
vytautas	137
įmonė	137
įstatymas	137
įsteigtas	137
įvairiose	137
įvairius	137
šakos	137
šalys	137
šeštadienį	137
šiame	137
šiuos	137
šou	137
štabo	137
žaidimo	137
žinių	137
žinomi	137
žodinis	137
žvaigždė	137
žymiai	137
aktorė	136
antradienį	136
apskrityje	136
apylinkių	136
archeologijos	136
asmenys	136
asociacija	136
atgal	136
aukščiausias	136
baleto	136
bruožų	136
būtent	136
dainą	136
dangaus	136
evangelikų	136
filmo	136
fondo	136
funkcijas	136
geriau	136
ginklų	136
grupėje	136
informaciją	136
intakai	136
išlaikė	136
išleisti	136
jūroje	136
karaliumi	136
karinių	136
karto	136
ketvirtadienį	136
kodeksas	136
komandą	136
komunistų	136
kovojo	136
kovą	136
kritulių	136
kultūrą	136
kuriems	136
kūnas	136
laikraščio	136
ligoninės	136
ligų	136
ltsr	136
ląstelių	136
maskvos	136
masės	136
moters	136
mėnesio	136
mūšis	136
nba	136
norėjo	136
nė	136
organizavo	136
padaryti	136
pagrindas	136
parko	136
pasienyje	136
pasiūlė	136
paskutinis	136
paukščiai	136
pavidalo	136
pilį	136
pirmadienį	136
ploto	136
politika	136
politinės	136
požiūriu	136
praktiškai	136
prekyba	136
prezidentu	136
priežasčių	136
pusiau	136
raudona	136
registro	136
reikšmė	136
respublika	136
rečiau	136
rusijoje	136
rūmuose	136
seniausių	136
siena	136
skyrių	136
skyrė	136
sostinės	136
sričių	136
ssrs	136
susideda	136
suteikia	136
ta	136
tarptautinis	136
tarptautinės	136
taškas	136
teigė	136
teismas	136
tikrą	136
tokiu	136
trečiadienį	136
upelio	136
vadino	136
vaidino	136
valstybėse	136
vandeniu	136
vandenyje	136
viduje	136
vidurinio	136
vietoj	136
vykdyti	136
vyras	136
vytauto	136
čempionatas	136
įsikūrę	136
įtaka	136
įvairiuose	136
šaltinių	136
šeimai	136
širdies	136
šventė	136
žaidimas	136
žaisti	136
žinios	136
abi	135
abiejų	135
akademija	135
alytaus	135
antrą	135
atidaryta	135
augo	135
baigęs	135
banko	135
bendras	135
bendruomenė	135
chorams	135
dainavo	135
dalyvis	135
daugelį	135
daugybę	135
dešinę	135
didžioji	135
dievų	135
dydis	135
dėmesį	135
esančios	135
federacijos	135
galimybę	135
gaminami	135
geriausiai	135
greičiausiai	135
gynybos	135
informacija	135
iso	135
iškovojo	135
išlaikyti	135
išlikę	135
japonijos	135
japonų	135
juose	135
juosta	135
kapinynas	135
kariuomenėje	135
kartos	135
klebonas	135
klubą	135
knygas	135
kraštą	135
laikotarpį	135
laisvės	135
laivyno	135
lietuva	135
lyga	135
mažas	135
miestus	135
min	135
mokyklai	135
mėgėjų	135
mėnesius	135
mūšio	135
negalėjo	135
nieko	135
olimpinėse	135
padėti	135
padėtį	135
pagalbos	135
pakrantės	135
panašus	135
parapija	135
partizanų	135
paskelbta	135
paskui	135
patvirtintas	135
patyrė	135
patį	135
pašto	135
pieno	135
pirma	135
politiką	135
popiežiaus	135
pralaimėjo	135
prarado	135
prasme	135
prekių	135
priimta	135
produktai	135
projekto	135
projektų	135
prūsų	135
reformos	135
regioną	135
regionų	135
ribos	135
ribų	135
ryšių	135
rėmė	135
salas	135
santykiai	135
savivaldos	135
senosios	135
serijos	135
sidabro	135
sluoksnis	135
socialinės	135
spaudoje	135
stilius	135
storio	135
sudegė	135
sudėtyje	135
susiję	135
susikūrė	135
sąlygas	135
sąlygomis	135
sąlygos	135
sąvoka	135
tarptautinių	135
teisininkas	135
tokius	135
tv	135
tūkstančių	135
upelis	135
vadina	135
valdant	135
valdymas	135
valstybinio	135
variantas	135
vertė	135
viduramžių	135
vidutiniškai	135
viename	135
visiems	135
vyriausiasis	135
įeina	135
įrengti	135
įvairiais	135
šaltiniai	135
žemyno	135
ženklas	135
žuvis	135
albumų	134
amerikoje	134
antroje	134
apaugęs	134
apdirbimo	134
apsk	134
armiją	134
atrodo	134
atstovų	134
baltas	134
buvusio	134
būdingi	134
centrą	134
dabartinė	134
dažniau	134
deputatas	134
didesnė	134
didžiąją	134
dienomis	134
draudimo	134
duomenis	134
dvare	134
egzistavo	134
elementai	134
energetikos	134
esančių	134
festivalyje	134
formą	134
funkcija	134
funkcijos	134
galia	134
gamina	134
gauna	134
generalinis	134
geriausių	134
gylis	134
gyvenime	134
gyvūnai	134
ima	134
indijos	134
ispanijos	134
italijos	134
išėjo	134
jais	134
kaimų	134
kariai	134
kerta	134
keturis	134
kinijos	134
klimatas	134
kolūkio	134
komandų	134
krepšininkas	134
kryžius	134
kėdainių	134
kūrinius	134
la	134
laipsnio	134
laivai	134
laivas	134
lapai	134
liga	134
lygis	134
marijampolės	134
mirus	134
miške	134
mokslas	134
mokslinis	134
mokytis	134
mokytojai	134
mokytojavo	134
muziejuje	134
nacionalinės	134
namus	134
nedaug	134
nedidelis	134
nustatyta	134
objektas	134
padalinta	134
padėtis	134
pagrindiniai	134
pailga	134
pakrantėse	134
palaikė	134
palei	134
pamatyti	134
paplito	134
paplitę	134
papėdėje	134
paramos	134
pareigų	134
pasitaiko	134
paskelbtas	134
paskyrė	134
paviršius	134
piliakalnį	134
pirmiausia	134
popiežius	134
populiarus	134
priešmokyklinio	134
priimti	134
priklausanti	134
priklausomai	134
primena	134
pripažino	134
pusiasalio	134
rašyti	134
rašytojų	134
remiantis	134
remiasi	134
rengė	134
riba	134
ruda	134
rungtynėse	134
rūpinosi	134
savininkas	134
savybių	134
savybės	134
sezoną	134
sieną	134
sienų	134
skaičiaus	134
smegenų	134
statusas	134
stoties	134
sumažėjo	134
sunku	134
suorganizavo	134
supa	134
supiltas	134
susidarė	134
sutarties	134
sutiko	134
taigi	134
tarpusavio	134
technologijų	134
tema	134
temperatūros	134
tikras	134
tinklo	134
treneris	134
užimti	134
vad	134
vandenį	134
vedėja	134
vienetų	134
vienoje	134
viršininko	134
vyrai	134
vėliavos	134
zonos	134
čempionatą	134
įlanka	134
įranga	134
įrangos	134
šilumos	134
žaidimų	134
žr	134
antroji	133
aprašė	133
artilerijos	133
aukštų	133
aukščiau	133
aukščiausia	133
automobilio	133
bangų	133
bendrą	133
broliai	133
caro	133
cerkvė	133
dainavimo	133
daktarė	133
deivė	133
demokratijos	133
departamente	133
dešinėje	133
dievo	133
draustinis	133
ekonomika	133
elementas	133
esančią	133
fondas	133
garsus	133
gimimo	133
gitara	133
grupe	133
herbo	133
herbą	133
humanitarinių	133
imperijai	133
imperiją	133
interneto	133
istorikas	133
išteka	133
ištremtas	133
kairę	133
kalvos	133
keliai	133
keturi	133
kiekvieną	133
kiekį	133
klubai	133
kokybės	133
kolegijos	133
komisija	133
kompozitorių	133
koordinačių	133
kryžiaus	133
kyla	133
kūrybos	133
laikui	133
laivo	133
lapų	133
lddp	133
lenktynių	133
lenktynėse	133
lietuviškai	133
literatūrą	133
liuteronų	133
medžiagą	133
menų	133
miestu	133
mini	133
mokslininkų	133
mokė	133
muziejų	133
mūrinė	133
nacionalinė	133
namo	133
nato	133
nepriklausoma	133
ordinas	133
panaši	133
panašiai	133
paplitęs	133
parodė	133
partiją	133
paslaugas	133
paviršių	133
pedagoginio	133
perkelta	133
pirmuosius	133
politikas	133
pradžią	133
praleido	133
premijos	133
priežastis	133
prijungta	133
pulkininkas	133
rajonų	133
rašto	133
redagavo	133
religijos	133
rengti	133
rinkinys	133
rūmus	133
rūšies	133
seniūnaitijos	133
seno	133
simbolizuoja	133
skirstomi	133
slėnio	133
slėnis	133
sovietų	133
srovės	133
stačiakampio	133
stovėjo	133
struktūros	133
sudėtis	133
sugebėjo	133
sukelti	133
susijusi	133
susijęs	133
suteikta	133
svarbiausia	133
sąjungą	133
sąlygų	133
sūnaus	133
tauragės	133
teisėjas	133
telšių	133
teoriją	133
teritorijų	133
tinka	133
tokį	133
turinti	133
turintys	133
turizmo	133
tvenkinys	133
tvora	133
tėvai	133
tūkstantmetis	133
utenos	133
vadovaujama	133
vadovauti	133
valdo	133
valstybinis	133
vartojamas	133
veiksmų	133
versijos	133
vieni	133
vienuolynas	133
viršuje	133
vokiečiai	133
vyro	133
įkurti	133
įtrauktas	133
įvairias	133
šlaite	133
šventėse	133
žaidėjai	133
žemėje	133
žmogui	133
žodžiai	133
advokatų	132
ag	132
amžių	132
antrojo	132
antrąją	132
atitinkamai	132
atskiras	132
atstovavo	132
atėjo	132
aukšto	132
aukštumos	132
autorių	132
azijos	132
balti	132
baltos	132
bibliotekos	132
biomedicinos	132
bokštas	132
bronzos	132
buvusių	132
buvę	132
civilizacijos	132
dainininkė	132
dalelių	132
daryti	132
daugumą	132
dengia	132
didikų	132
dirbinių	132
direktorė	132
dukra	132
dvarą	132
dėlto	132
dėstytoja	132
elektrinės	132
energiją	132
federacija	132
filosofija	132
finale	132
fizinių	132
galią	132
gamino	132
gamykla	132
gatvės	132
greičiau	132
grojo	132
gydytoja	132
gyvenančių	132
gyventojus	132
gyvulių	132
ilgas	132
imta	132
jonavos	132
jungia	132
kairėje	132
kanalas	132
karininkų	132
karų	132
kilometrų	132
klasę	132
klausimus	132
klubų	132
kolonijos	132
kompiuterių	132
konkurso	132
kontrolės	132
kryptis	132
kūrinys	132
laikinai	132
laikomos	132
laisvai	132
laisvę	132
lenktynės	132
liberalų	132
liekanų	132
lietuviškos	132
litų	132
lkp	132
lyderis	132
magistro	132
matyti	132
mažesnis	132
meilės	132
menas	132
mero	132
metro	132
ministerija	132
mokslininkai	132
mokslinės	132
motinos	132
musulmonų	132
mėnesiais	132
mėsos	132
nacionalinio	132
nauji	132
nedidelė	132
nepriklausomos	132
neteko	132
nužudė	132
organizmo	132
pabėgo	132
palyginti	132
panašūs	132
parodose	132
pasaulis	132
pasiekia	132
patarėjas	132
pavaduotoja	132
pavyzdys	132
pačią	132
pedagoginį	132
petras	132
planetos	132
plėtros	132
pobūdžio	132
poezijos	132
pop	132
populiacijos	132
pradėtos	132
priemonė	132
priemonės	132
privertė	132
problemas	132
prūsijos	132
pulko	132
pusių	132
reikėjo	132
religija	132
rengia	132
rinkimai	132
rinkimus	132
rusija	132
rūpesčiu	132
savaitę	132
savybes	132
seniūnas	132
sezonas	132
skirtingai	132
skydo	132
smėlio	132
socialistų	132
sodybos	132
solo	132
sostinę	132
sosto	132
specialiai	132
sritį	132
stalo	132
statyba	132
stilių	132
studijoje	132
sujungti	132
suteikti	132
svarbiausias	132
taurę	132
technika	132
teikia	132
telkšo	132
tikriausiai	132
tikrųjų	132
tiksliai	132
tinklas	132
titulas	132
tradicijos	132
trečias	132
trukmė	132
tskp	132
turnyras	132
ukmergės	132
universitetuose	132
uosto	132
vadintas	132
vadovu	132
vaizduojamas	132
val	132
valdovo	132
valstybei	132
vartojama	132
veiksmus	132
vidutinis	132
vienam	132
visose	132
vokietija	132
vėjo	132
įstaigos	132
įėjo	132
šakų	132
šeimų	132
šia	132
šiam	132
šlaitas	132
švedų	132
žmonos	132
žvejyba	132
administracija	131
akcijų	131
aleksandras	131
anglijos	131
ansamblio	131
antrosios	131
apaugę	131
apskr	131
atskirų	131
atstovauja	131
atstovaujamoji	131
baigiasi	131
bankas	131
bažnyčiai	131
bažnyčių	131
bendradarbiavo	131
berniukų	131
biuro	131
britanijos	131
būtina	131
centrinė	131
centrinės	131
centrų	131
dabartinio	131
dabartinis	131
daro	131
didžiausią	131
direktoriumi	131
dr	131
drauge	131
driekiasi	131
eiti	131
elektrinė	131
enciklopedija	131
esantys	131
ežerai	131
faktiškai	131
filmuose	131
filmą	131
filosofas	131
galimybes	131
generolo	131
griovys	131
grįžti	131
himnas	131
idėja	131
idėjos	131
ilgainiui	131
imperijoje	131
indų	131
institucijos	131
institucijų	131
istorinių	131
iškilo	131
išsidėstęs	131
išsiskiria	131
išvengti	131
juoda	131
juostos	131
jėzuitų	131
kalbama	131
karalystę	131
karinio	131
kaulų	131
kaunas	131
keisti	131
keliais	131
kiekvieno	131
kojų	131
kolonija	131
kompleksas	131
koncertus	131
kopijų	131
kraštotyros	131
kultūrinis	131
kultūrų	131
kunigaikštystė	131
kunigaikščių	131
kūną	131
kūrimo	131
laboratorijos	131
lemia	131
lietuvišką	131
lietuviškų	131
linijų	131
lėktuvų	131
lėmė	131
lėšų	131
marijos	131
maža	131
meras	131
merginų	131
minimi	131
mišriojo	131
mlrd	131
mokslus	131
moteriškos	131
mūro	131
nario	131
naudotas	131
naujus	131
negalima	131
nemuno	131
nepavyko	131
norint	131
nustato	131
nustatė	131
nuteistas	131
ordinu	131
pajamų	131
pakeistas	131
pakraščiu	131
palikti	131
panaudoti	131
parapijoje	131
parduota	131
pasak	131
pasienio	131
pasipriešinimo	131
pasirodo	131
pasižymėjo	131
pastato	131
pavaduotoju	131
pedagogė	131
penkių	131
perkeltas	131
piliečių	131
pirmoje	131
plento	131
popieriaus	131
portugalų	131
pozicijoje	131
požymiai	131
pradininkas	131
prancūzijoje	131
priežiūros	131
priskiriama	131
privalo	131
problemos	131
projektavimo	131
provincijų	131
puikiai	131
pusiasalyje	131
randama	131
rastas	131
rašoma	131
reikšti	131
reiškinys	131
rinktinę	131
rudens	131
rungtynių	131
santakos	131
sau	131
sausumos	131
seminariją	131
siekiama	131
skersmuo	131
skonio	131
stiklo	131
straipsnis	131
stūkso	131
sulaukė	131
surinko	131
sąrašas	131
sėkmės	131
taisyklės	131
tapęs	131
tarnyba	131
tarpe	131
tarsi	131
teigiama	131
teisingumo	131
teritorijose	131
tie	131
tiesų	131
tikra	131
tipų	131
toje	131
tokias	131
tradicijas	131
trunka	131
truputį	131
turistų	131
turkų	131
tvarką	131
tyrė	131
tūkstantmečiu	131
vado	131
vadybos	131
vaidmenų	131
vaisių	131
vakariniame	131
valstybinė	131
valstybinėje	131
valstybėje	131
vargonininkas	131
varžybas	131
varžybų	131
veikėjų	131
vertės	131
vienuolyno	131
vykdė	131
vyskupo	131
ypatingai	131
įkūrėjas	131
įrašyta	131
įrašė	131
įsakymu	131
įstaigų	131
įstatymo	131
įstatymu	131
įstatymą	131
įvykių	131
šachmatų	131
šiauriniame	131
šilutės	131
šviesa	131
šviesiai	131
žemyn	131
žemėlapį	131
žinias	131
žurnalas	131
žurnalistas	131
administracinių	130
agronomas	130
aikštelė	130
akis	130
alaus	130
ansamblis	130
antra	130
anykščių	130
apačioje	130
apdovanojimą	130
architektūra	130
armijoje	130
atlanto	130
atminties	130
atmosferos	130
atskirti	130
australijos	130
automobiliai	130
aš	130
baldų	130
baltymų	130
baseinas	130
bazė	130
bendra	130
bendradarbis	130
būrys	130
chorvedys	130
cukraus	130
dainininkas	130
dekretu	130
demokratai	130
didžiųjų	130
dirigentė	130
divizijos	130
eilėraščių	130
ekonominės	130
ekonomistas	130
eros	130
galbūt	130
galimybė	130
galimybės	130
galvą	130
gamybai	130
gatvėje	130
gausiai	130
ginklas	130
greičiu	130
istorinis	130
iškart	130
išlikęs	130
išsiskyrė	130
jaunųjų	130
jk	130
jose	130
judėjimą	130
jungiasi	130
juodas	130
jėgų	130
kapitonas	130
kareivių	130
karinė	130
karinę	130
kelionės	130
keturias	130
kiekio	130
kiekviena	130
kilę	130
kitoms	130
kitu	130
kodo	130
kojos	130
komitetas	130
kompozicijos	130
koncentracijos	130
konkursuose	130
kova	130
kovoti	130
krypties	130
kvalifikaciją	130
laida	130
laukas	130
leidinių	130
leista	130
lenkijoje	130
liekanos	130
lietuviškas	130
lygi	130
lygą	130
magistras	130
majų	130
mažiausiai	130
medis	130
medžiai	130
mes	130
metodas	130
mirusiųjų	130
modelio	130
modelį	130
mokslinio	130
molėtų	130
monetų	130
narius	130
naudojimo	130
nepaisant	130
nervų	130
nurodo	130
objektai	130
okupavus	130
organizuoja	130
organizuoti	130
organų	130
padėties	130
pagrindą	130
palaiko	130
palaipsniui	130
pamažu	130
paminklai	130
papėdės	130
parašyta	130
partneriai	130
pasikeitė	130
paskatino	130
paskelbimo	130
paskirties	130
pateikti	130
pateikė	130
pavadinimai	130
pavažiavus	130
pačioje	130
perduoti	130
pereina	130
plote	130
pora	130
prasidėjus	130
priešais	130
priklausantis	130
principas	130
pripažintas	130
priskiriami	130
pristatytas	130
procesų	130
rado	130
rajonuose	130
raseinių	130
raudonos	130
reiškė	130
renginiuose	130
renkami	130
rezultatai	130
rezultatas	130
rinkinį	130
rinkoje	130
rudos	130
rytiniame	130
ryšio	130
seka	130
seminarijoje	130
senųjų	130
serbų	130
siejamas	130
siekti	130
skirtos	130
skirtumas	130
skyriai	130
skyriuje	130
spręsti	130
stengėsi	130
str	130
struktūrą	130
studiją	130
sukilimą	130
susirinkimas	130
suskirstymas	130
svarbūs	130
sūnūs	130
tapybos	130
taškus	130
tenka	130
tikrų	130
tikėjimo	130
toli	130
tonų	130
trečiasis	130
tuos	130
tėvų	130
tęsiasi	130
uodega	130
upe	130
vadu	130
vaikas	130
vaisiai	130
valandų	130
valdovai	130
valdovų	130
valdymą	130
valdžiai	130
vargonininkavo	130
versiją	130
vietiniai	130
vilkaviškio	130
visuomenėje	130
vyresnysis	130
vyskupijos	130
zonoje	130
čempionu	130
čempionų	130
ėmėsi	130
įkūrimo	130
įsigijo	130
įsiveržė	130
įstatymai	130
šaulių	130
šiais	130
šiandien	130
šilalės	130
šlaituose	130
švedijos	130
šventėje	130
šventėms	130
žaidėjų	130
žalia	130
žemaičių	130
žinomos	130
žmogų	130
žmonėmis	130
žurnalą	130
žvalgė	130
žymiausių	130
žymus	130
advokatas	129
aiškiai	129
akių	129
aktų	129
aprašytų	129
apėmė	129
argentinos	129
asmenims	129
atidarytas	129
atkūrimo	129
atrankos	129
atskira	129
atskirai	129
aukštos	129
austrijos	129
azijoje	129
ciklas	129
daiktų	129
daliniai	129
dalyviai	129
darė	129
data	129
didesnės	129
dokumentų	129
druskos	129
dujos	129
dvd	129
ekipa	129
erdvės	129
festivalis	129
fronto	129
funkcijų	129
gaunamas	129
geriausiu	129
groti	129
gyvenviete	129
gyvybės	129
imperatoriumi	129
inžinieriaus	129
italijoje	129
išlieka	129
išorinis	129
išteklių	129
ištyrė	129
jurbarko	129
kaina	129
kalvoje	129
karaliui	129
karininkas	129
karjera	129
keleto	129
keliamaisiais	129
keltų	129
keturios	129
kilmę	129
klases	129
koks	129
komandai	129
konferencijos	129
konstrukcijos	129
kontroliuoja	129
krikščionys	129
kryptys	129
krūtinės	129
kultūrai	129
kuriomis	129
kūrėjų	129
laidos	129
laidų	129
laikraštį	129
laipsnių	129
laureatas	129
leidimo	129
liaudininkų	129
lyguma	129
lygį	129
lėktuvas	129
manė	129
maskvoje	129
matavimo	129
mažeikių	129
mergaičių	129
metodai	129
minta	129
minučių	129
mokytojo	129
monetos	129
namas	129
nariais	129
naudotis	129
nepriklausomai	129
niekas	129
nugaros	129
nukentėjo	129
nuopelnus	129
nutarė	129
nutraukė	129
oficialus	129
organai	129
organizatorius	129
pabaiga	129
padidinti	129
padėjėjas	129
pagalbą	129
pagaminti	129
pakviestas	129
paleistas	129
palydovas	129
paminėtas	129
panaikinta	129
panašios	129
parapinė	129
pareigos	129
pareiškė	129
parlamentas	129
parodos	129
pasireiškia	129
pasirinko	129
patelės	129
pavadinti	129
paviršiuje	129
perdavė	129
pergalę	129
pietiniame	129
pievose	129
pilkapynas	129
pinigus	129
pirmąkart	129
pirmąsias	129
planą	129
plyti	129
politinę	129
poros	129
poveikio	129
poveikį	129
poziciją	129
prancūzija	129
prateka	129
prefektūra	129
priverstas	129
problema	129
proga	129
projektus	129
raidės	129
raudonąją	129
regionuose	129
religinių	129
religinės	129
respublikinei	129
rinko	129
rokiškio	129
romanas	129
ryšiai	129
rūgšties	129
salė	129
savaites	129
senų	129
sesuo	129
skaičiavimo	129
skatina	129
skiriama	129
skirstoma	129
skirtingas	129
smulkūs	129
spindulių	129
stačiatikių	129
steigėjų	129
studijuoti	129
suaugusiųjų	129
sugrįžo	129
sukilėlių	129
sukurtos	129
sumažinti	129
tarnybą	129
tarptautinė	129
tarybą	129
tarybų	129
taško	129
teologijos	129
tikro	129
tikros	129
tipas	129
tokią	129
tope	129
tremtinių	129
trumpai	129
turnyre	129
universitetų	129
uolienų	129
užkariavo	129
užtikrinti	129
vadovai	129
vadovaujami	129
vadovų	129
vaivadija	129
vaivadijos	129
valdytojas	129
valsčiuje	129
vandenyne	129
variklis	129
varpinė	129
vartotojų	129
veda	129
vietinės	129
vietomis	129
vietovėse	129
viešai	129
virsta	129
visuma	129
visuose	129
vykdo	129
vyno	129
vyriausybę	129
zarasų	129
zona	129
čempionatuose	129
įgyvendinti	129
įlanką	129
įmanoma	129
įrašytas	129
įstaiga	129
įvairaus	129
įvedė	129
šešių	129
šiai	129
žurnale	129
žydai	129
žymimas	129
afrikoje	128
aikštėje	128
airių	128
aktas	128
aktyvus	128
albume	128
antrąjį	128
apardytas	128
apdovanojimų	128
aplinka	128
aplinkoje	128
apsauga	128
apsaugoti	128
apygardoje	128
arklių	128
atkurti	128
atskiros	128
atskirą	128
audinių	128
augalo	128
augimo	128
augti	128
aukštas	128
autoriai	128
balsas	128
banga	128
baroko	128
biologijos	128
brolio	128
būdingos	128
būdą	128
būdų	128
būstinė	128
dabartinėje	128
dailininkų	128
dalelės	128
dangų	128
darbui	128
dekanas	128
deputatų	128
dešimt	128
dideliu	128
didelius	128
doc	128
dvejus	128
dykumos	128
džiazo	128
ekipos	128
ekonomiką	128
elgesio	128
emigravo	128
etape	128
fantastikos	128
filosofiją	128
formas	128
frakcijos	128
funkciją	128
gatvių	128
gelsvai	128
geltona	128
geografijos	128
germanų	128
ginklai	128
grafas	128
griežtai	128
gubernijos	128
gyventojams	128
gėrimas	128
idėjas	128
ieškoti	128
ikoną	128
instrumentų	128
islamo	128
išsaugoti	128
išsidėstę	128
japonijoje	128
juda	128
juodos	128
kadencijai	128
kalintas	128
kanados	128
karalienė	128
karjeros	128
katedroje	128
kiaušinius	128
kitoje	128
klestėjo	128
kokia	128
kompiuterio	128
koncertuose	128
krantų	128
kraštovaizdžio	128
kretingos	128
krikšto	128
kryžiuočių	128
kupiškio	128
kuriant	128
kuro	128
kvapo	128
kūryba	128
kūrėjas	128
laikraštis	128
lankėsi	128
lapais	128
lapuočių	128
latvijoje	128
leidžiama	128
leidžiasi	128
lengviau	128
liepą	128
lietuvai	128
literatūra	128
literatūroje	128
lygumos	128
lėtai	128
mazgas	128
mažos	128
mechanikas	128
medaliu	128
medžiagas	128
meistras	128
miestui	128
ministru	128
mirtį	128
mokėti	128
molio	128
mėgsta	128
naudojimas	128
nelaisvę	128
neįmanoma	128
nežinoma	128
nori	128
normų	128
numatyta	128
numeris	128
nutarimu	128
nutiestas	128
nužudytas	128
nužudyti	128
orkestro	128
ovali	128
padalintas	128
pagrindinę	128
pagrindinį	128
pajėgas	128
pakopos	128
pasakoja	128
pasakojama	128
pasauliniam	128
pasirašyta	128
paskutinį	128
pastangomis	128
patekti	128
penkis	128
periodas	128
perkelti	128
pilkai	128
populiari	128
populiariausių	128
poveikis	128
pradedant	128
praktika	128
pranešė	128
prekės	128
premiją	128
priežasties	128
principu	128
pripažinti	128
priskiriamas	128
pristatė	128
psl	128
punktas	128
raumenų	128
raštas	128
reikalavimus	128
rinktinėje	128
romaną	128
rusai	128
ryškiai	128
sausį	128
savarankiškai	128
scenos	128
sektoriaus	128
sen	128
senoji	128
serija	128
skatino	128
skulptūros	128
sluoksnio	128
smulkių	128
spaudą	128
specialistas	128
sprendimu	128
sprendimus	128
spygliuočių	128
srovė	128
straipsnius	128
straipsnyje	128
subūrė	128
sudarytos	128
suformavo	128
sukilimas	128
susijungė	128
susijusių	128
susipažino	128
suvažiavime	128
svarbu	128
svoris	128
taisykles	128
tarptautiniame	128
tikrasis	128
tinklą	128
tradiciškai	128
trasa	128
trasoje	128
trimis	128
truko	128
trumpas	128
turtą	128
turėdavo	128
tvirtovė	128
tęsėsi	128
ukrainos	128
uostą	128
vaidmuo	128
vaivada	128
valdoma	128
valstybe	128
valstybes	128
vario	128
vartoti	128
vartus	128
veiksmai	128
veikėjai	128
veislės	128
vergų	128
vertėjas	128
vertėsi	128
vietovės	128
viršutinė	128
viršūnė	128
viršūnės	128
viską	128
vystymosi	128
įkurtos	128
įmušė	128
įstatymus	128
įvairiomis	128
šeimą	128
šiose	128
žemėse	128
ženklai	128
žiedai	128
žiedų	128
žinduolių	128
žodžius	128
žymi	128
administravimo	127
akto	127
amatų	127
apskritys	127
apskričių	127
archeologinius	127
arti	127
atlikėjas	127
atstovaujanti	127
atvejų	127
auginama	127
auginami	127
aukštį	127
bandymų	127
baseine	127
bazės	127
bendradarbiavimo	127
bruožai	127
būdai	127
būdais	127
cd	127
centrai	127
civilinės	127
dabartinę	127
dalyse	127
darbuotojai	127
daugumos	127
daugybės	127
didžiosios	127
dievai	127
dnr	127
dvejų	127
dykuma	127
egipto	127
ekspedicija	127
ekspedicijos	127
esančio	127
esą	127
etapas	127
fakultetas	127
fifa	127
filmai	127
filologijos	127
gaminama	127
gamyboje	127
gamybą	127
gamykloje	127
gan	127
gaudavo	127
gegužę	127
globos	127
greitį	127
greičio	127
gruodį	127
grupėmis	127
grūdų	127
gydymo	127
gynyba	127
gyvavo	127
idėją	127
ignalinos	127
ilgiau	127
ilgos	127
imperatorių	127
inžinerijos	127
isbn	127
istorinė	127
iškastas	127
iškėlė	127
išnyko	127
išsilavinimą	127
ištekėjo	127
išvystyta	127
jokio	127
jokios	127
joms	127
jungiantis	127
jurgis	127
kalbėjo	127
kalcio	127
kalinių	127
kalnus	127
kalėjimo	127
kanalo	127
kandidato	127
kandidatų	127
kapitalo	127
kapų	127
karai	127
kariuomenei	127
kazimieras	127
keleivių	127
keliavo	127
kelmės	127
klaipėdoje	127
klipas	127
klubu	127
kodėl	127
kolegija	127
konkursas	127
konkursų	127
konservatoriją	127
konstitucija	127
konsultantas	127
kontraktą	127
kontroliavo	127
kraštuose	127
krikščionybės	127
kritikų	127
kunigu	127
kurioms	127
kvalifikacijos	127
kw	127
legendos	127
lietaus	127
ligoninė	127
likę	127
liniją	127
lėšomis	127
maistas	127
maistą	127
mandato	127
marija	127
marių	127
mažėja	127
mažų	127
medžiais	127
metalų	127
metodus	127
metodų	127
milijono	127
mirtis	127
mišku	127
mišriajam	127
modeliai	127
mokslininkas	127
mokyklas	127
mokymas	127
mokytoju	127
mokėjo	127
mūšį	127
nacionaliniame	127
nare	127
nedideli	127
nemaža	127
olandų	127
pagaminta	127
pakeista	127
pakilo	127
pakruojo	127
palaikyti	127
palyginus	127
paminklu	127
panaudojo	127
paramą	127
parką	127
paryžiuje	127
pasirinkti	127
paslaugos	127
paspauskite	127
pastatą	127
pastebėjo	127
pateikiami	127
pavasario	127
paviršiumi	127
pavyzdžiu	127
pačiame	127
pelno	127
penki	127
perdirbimo	127
perduota	127
pergalės	127
persų	127
peru	127
pilka	127
pilnai	127
pirmajame	127
pirmos	127
pirmąja	127
plytų	127
poilsio	127
pradinės	127
pradėjus	127
praėjus	127
prekybą	127
priemones	127
priešo	127
prijungtas	127
pripažinimo	127
priskirti	127
priversti	127
procesą	127
produkcijos	127
programavimo	127
radviliškio	127
rajonui	127
ranka	127
rankas	127
rankų	127
rašytojo	127
reakcijos	127
reikalams	127
reikalavo	127
renkamas	127
respublikinės	127
reta	127
rezultatus	127
režisieriaus	127
rinkti	127
ritulio	127
rugsėjį	127
rygos	127
salyno	127
sankt	127
santykis	127
saugoma	127
saugoti	127
savaičių	127
simboliu	127
sistemas	127
skiriamas	127
skiriami	127
skirtingos	127
skirtą	127
skulptorius	127
sluoksnių	127
sodyba	127
sprendimo	127
ss	127
statinių	127
stiprus	127
studentai	127
sukuria	127
sunaikino	127
sunaikinti	127
suprasti	127
surašymo	127
susijusios	127
susitelkę	127
sutampa	127
sutartimi	127
sveria	127
svorio	127
taisyklių	127
tame	127
tankų	127
tarptautinio	127
taškais	127
technikumą	127
teisingumas	127
teismų	127
telkinių	127
tikrai	127
tilto	127
tipai	127
tirti	127
tradicija	127
transportas	127
tsrs	127
turinčių	127
turtas	127
tyrinėjo	127
ugnies	127
ugnikalnis	127
uždaryta	127
uždrausta	127
vabzdžių	127
vaidina	127
vaizduojama	127
valdyba	127
vandenilio	127
varėnos	127
veikianti	127
veikimo	127
veiklai	127
veiksmas	127
veikusi	127
vertybių	127
vienuolyną	127
visais	127
visuomenei	127
vynas	127
vyriausias	127
vėliavą	127
čempionas	127
įgavo	127
įsitvirtino	127
įtampos	127
įtraukti	127
įvestas	127
šiauliuose	127
šlaitai	127
šventykla	127
švenčionių	127
žaidžiantis	127
ženklu	127
ženklų	127
žodžiu	127
žolės	127
žuvies	127
žuvys	127
abiturientų	126
aikštė	126
al	126
algirdas	126
alkoholio	126
apatinė	126
aplinką	126
apskritai	126
archeologinių	126
asistentas	126
asmenybės	126
ateities	126
atlikėjų	126
atsakingas	126
atsidūrė	126
atsisakyti	126
atskiroje	126
atspindi	126
atstatyta	126
audinio	126
auginamos	126
aukštesniosios	126
aukšti	126
autobusų	126
automobilį	126
baltųjų	126
baseino	126
bažnyčiose	126
bendrijos	126
bendro	126
birželį	126
biudžeto	126
bėgant	126
choru	126
civilizacija	126
dabartinių	126
dalykų	126
debiutas	126
deivės	126
dešinieji	126
didesnę	126
didėja	126
didžiausios	126
dirigavimą	126
disko	126
draugas	126
draugiją	126
ekonominių	126
elementus	126
erdvėje	126
esantį	126
europiečių	126
eurų	126
festivaliuose	126
folkloro	126
formaliai	126
fortepijono	126
fotografijos	126
galimybių	126
gamtinių	126
garsėjo	126
gaunama	126
geografija	126
geriausias	126
ginklus	126
ginti	126
glaudžiai	126
grįžęs	126
gynėjas	126
gyvenamųjų	126
gyvenantys	126
gyvenvietę	126
heraldikos	126
idėjų	126
indoeuropiečių	126
inspektorius	126
istorinės	126
iškrenta	126
išpopuliarėjo	126
išvaizda	126
jaunių	126
junginių	126
juosia	126
kainos	126
kalbose	126
kalėjime	126
kapai	126
kareiviai	126
keitėsi	126
keramika	126
kiekvienos	126
kinta	126
kitam	126
konferencijoje	126
konstituciją	126
kontroliuoti	126
korpuso	126
kovoje	126
kovų	126
kraštų	126
kritikos	126
kultūrinių	126
kėlė	126
laikosi	126
laimėjęs	126
laivus	126
lapkritį	126
lazdijų	126
lengvosios	126
lt	126
lyg	126
mašinos	126
mažesnė	126
maži	126
metrikų	126
mišrųjį	126
moterims	126
muziejai	126
muzikinio	126
mykolas	126
nacių	126
nedidelės	126
netikėtai	126
normos	126
nuomone	126
oda	126
organas	126
organizaciją	126
organizme	126
orkestrui	126
padidėjo	126
pagrindines	126
pagrindiniu	126
pajūrio	126
pakrančių	126
paminėti	126
paplitusios	126
pardavė	126
parodoje	126
parodų	126
pasakė	126
pasibaigus	126
paskaitas	126
paskelbti	126
paskirta	126
pastate	126
pasuka	126
pasvalio	126
patalpose	126
paveldėjo	126
pavidalu	126
pavyzdžiai	126
pažymėti	126
perdavimo	126
pernelyg	126
perversmo	126
pietvakarinėje	126
plieno	126
plungės	126
politinio	126
populiarumo	126
praktikos	126
prancūzai	126
prefektūros	126
priekį	126
priemonėmis	126
prienų	126
priežastys	126
pripažinta	126
procesai	126
produktas	126
profesinės	126
programinės	126
puolė	126
pusiasalis	126
pučiamųjų	126
pylimo	126
rango	126
rankos	126
reakcija	126
reformų	126
reikalingas	126
rengiamos	126
renginių	126
renka	126
riebalų	126
romėnai	126
rudas	126
rungtynės	126
ruožtu	126
rus	126
ryšys	126
rūgštis	126
saugomi	126
senas	126
seniau	126
senojo	126
serialo	126
siejama	126
sistemai	126
situacija	126
skaitė	126
skirstomos	126
skyrėsi	126
sniego	126
socialinio	126
sodas	126
spalvą	126
spalį	126
sparnai	126
specialistų	126
sprendimas	126
statė	126
stebėti	126
sudėtinga	126
sumušė	126
suomijos	126
suomių	126
surinkti	126
susitiko	126
sužaidė	126
svyruoja	126
sąjūdžio	126
sąsiauris	126
taika	126
taiką	126
tapytojas	126
tautosakos	126
terasa	126
tikėjimą	126
tiria	126
totorių	126
tradicijų	126
trečią	126
turizmas	126
turnyro	126
tyrimas	126
užpuolė	126
vadinamą	126
vadinta	126
vadovo	126
valdas	126
valiuta	126
valstiečiai	126
valstybinių	126
vandenyną	126
vandenyse	126
variklio	126
variklį	126
vartai	126
vartojami	126
vartojimo	126
veiksmo	126
veislių	126
vengrijos	126
vertus	126
vertę	126
viduramžiais	126
vidutinė	126
vienai	126
vietovių	126
virto	126
viršūnėje	126
visuomeninių	126
vok	126
vokietiją	126
vykti	126
įrenginių	126
įsigalėjo	126
įsigyti	126
įtraukta	126
įvairovė	126
įvartį	126
įveikė	126
įvykius	126
įšventintas	126
šakių	126
šiaurinės	126
šventyklos	126
šviesą	126
ūkininkų	126
ūkyje	126
ūkį	126
žaidynių	126
žalios	126
žanro	126
žeme	126
žemuma	126
žemupyje	126
žinduolis	126
žiūrovų	126
žlugimo	126
abipus	125
aikštės	125
airijos	125
albumus	125
anglijoje	125
anksti	125
antrojoje	125
aparatas	125
apgyvendinta	125
apibūdinti	125
aptikti	125
apygarda	125
atidavė	125
atkurta	125
atleistas	125
atsiskyrė	125
atsiveria	125
atsižvelgiant	125
aukų	125
bakalauro	125
balandį	125
baltarusijos	125
baltieji	125
bando	125
bendrovių	125
bendruomenių	125
boleslovas	125
bolševikų	125
britai	125
brolį	125
budizmo	125
bvp	125
daiktai	125
dalinių	125
dalykas	125
darbams	125
darbuose	125
daugeliui	125
deguonies	125
dešimtmetis	125
dešimtmetį	125
dešiniojo	125
dideles	125
didesni	125
didesnių	125
didesnį	125
dirbiniai	125
dirigavo	125
dokumentus	125
dukterį	125
dvarų	125
dvasia	125
dvasios	125
dėmėmis	125
dėsnis	125
ekonominė	125
eksporto	125
elektronikos	125
enciklopedijos	125
etninės	125
ežere	125
fabrikas	125
fabriko	125
filialo	125
firmos	125
fizikas	125
fone	125
formuotis	125
galas	125
galerija	125
galimas	125
galime	125
galvijų	125
gamta	125
garo	125
garsas	125
garsėja	125
gavyba	125
gavęs	125
gedimino	125
geltoni	125
geras	125
geriausią	125
giesmių	125
gitaristas	125
grafikos	125
graikai	125
graikijos	125
grįžta	125
gydytojo	125
gyvavimo	125
gyvenanti	125
individualios	125
indėnai	125
intensyviai	125
interesų	125
investicijų	125
istorikų	125
išauga	125
išgarsėjo	125
išilgai	125
išmoko	125
išradimų	125
išrinkti	125
išsivystė	125
išskiria	125
išvertė	125
joniškio	125
juodųjų	125
kairieji	125
kairiojo	125
kaišiadorių	125
kalbai	125
kalboms	125
kalva	125
keičiasi	125
kelyje	125
kiekvienam	125
kinijoje	125
kitokių	125
klasėje	125
kokios	125
kokį	125
kolonijų	125
kovai	125
kovose	125
krizė	125
kultūrinio	125
kun	125
kursuose	125
laivynas	125
leidimą	125
leidybos	125
leidžiamas	125
leitenantas	125
lenkai	125
lenkija	125
lenktynes	125
lyties	125
lėktuvai	125
matomas	125
mediena	125
medinis	125
medinių	125
medinę	125
medžioklės	125
meksikos	125
metodą	125
miestelį	125
milijonai	125
milijonus	125
mintis	125
misijos	125
mitologija	125
modelių	125
mongolų	125
musulmonai	125
mėlyna	125
mėsa	125
naudota	125
nauju	125
nebūtų	125
nedalyvavo	125
nkvd	125
nuosavybės	125
nupirko	125
nuspręsta	125
nutarimas	125
oficiali	125
oras	125
ore	125
os	125
paaiškinti	125
pabėgėlių	125
padalinys	125
padidėja	125
pagamintas	125
pagrindine	125
pagrindo	125
pagrindus	125
pakraščiuose	125
pakvietė	125
palaikai	125
palieka	125
palikuonys	125
panaikintas	125
panaikinti	125
parodo	125
paskirtis	125
pateikia	125
paveikslas	125
paveikslų	125
pavertė	125
pašalintas	125
pelkių	125
pervadintas	125
petro	125
pietrytinėje	125
piečiau	125
piliečiai	125
pilyje	125
pirmojoje	125
planas	125
plaukų	125
pokario	125
popierių	125
poza	125
pramonėje	125
prezidiumo	125
priešingai	125
priima	125
principai	125
principus	125
prodiuseris	125
profsąjungų	125
provinciją	125
psichologijos	125
raidos	125
randamas	125
raudonas	125
rašo	125
realybės	125
reformatų	125
regionai	125
regionus	125
reguliuoja	125
reikalus	125
reiškinių	125
rektorius	125
reorganizuota	125
respublikinių	125
rezultatu	125
rezultatų	125
rugpjūtį	125
rytinė	125
ryšį	125
rėmėsi	125
sako	125
sakė	125
sandara	125
santa	125
savanorių	125
sekė	125
seminarijos	125
seriale	125
sieros	125
simbolių	125
sistemose	125
skaityti	125
skirtingi	125
skirtų	125
skulptūra	125
skydas	125
slapta	125
slėnį	125
socialinė	125
sostinėje	125
sprendimą	125
stadionas	125
stambūs	125
statybai	125
steigėjas	125
stiliumi	125
stočių	125
straipsniai	125
studijinis	125
sudėties	125
suformuota	125
suma	125
susisiekimo	125
suteiktos	125
suvaidino	125
svarbių	125
svarbą	125
svarbų	125
taikoma	125
taikomas	125
taikomosios	125
tankis	125
tautinių	125
tautinės	125
taškai	125
teikti	125
teksto	125
tekstų	125
temos	125
temperatūroje	125
tiesa	125
tiki	125
tikslų	125
tokiais	125
trejus	125
trečiojo	125
trumpam	125
trumpą	125
turinčios	125
tvirtovės	125
tūkstančiai	125
uodegos	125
užduotis	125
vadinasi	125
vadovaujant	125
vaiko	125
vaisius	125
vaizdas	125
vakarinė	125
valstybinį	125
variantai	125
vartų	125
vdu	125
vedęs	125
veislė	125
verslininkas	125
video	125
vietovė	125
viešojo	125
viršų	125
vykdavo	125
vykęs	125
vyresniųjų	125
vystosi	125
vėjas	125
zoologijos	125
įrašyti	125
įrengtos	125
įrodymų	125
įsitraukė	125
įveikti	125
šaltinio	125
šiaurinė	125
šiuolaikinių	125
šveicarijos	125
ūkiai	125
žaidime	125
žemdirbystės	125
žinomų	125
žmonijos	125
žvejybos	125
aišku	124
akmenimis	124
akmenys	124
akmenės	124
aktorių	124
altoriai	124
ansamblių	124
aplankė	124
apskaitos	124
aptikta	124
aptinkama	124
apylinkes	124
apytiksliai	124
arbatos	124
archeologas	124
arimų	124
armijai	124
artima	124
arčiau	124
atletikos	124
atliekami	124
atlikta	124
atomų	124
atrodė	124
atsiradimo	124
atsirasti	124
atstatyti	124
atstumu	124
atvirkščiai	124
atšaka	124
aukštosios	124
aukštuma	124
aukštyn	124
aukštųjų	124
australijoje	124
azoto	124
balso	124
bataliono	124
bausmė	124
bendrai	124
bendros	124
botanikos	124
brazilijos	124
brigados	124
broliu	124
brolių	124
būrį	124
būta	124
chormeisteris	124
ciklo	124
daiktus	124
dainuoti	124
danga	124
danijos	124
dantų	124
daroma	124
daržovių	124
dažna	124
dažnas	124
debiutinis	124
dešimties	124
didele	124
didesnio	124
diplomatas	124
dirvonuoja	124
domėjosi	124
draudžiama	124
dvarui	124
dviračių	124
eilė	124
elektronų	124
esančiame	124
et	124
etninių	124
festivalio	124
figūra	124
filmus	124
formulė	124
galioja	124
galų	124
garsų	124
geltonos	124
geriausia	124
gerą	124
gruzijos	124
gyvenvietes	124
ilga	124
ilgų	124
indijoje	124
intako	124
interesus	124
interviu	124
išleistos	124
išlikusi	124
išmokė	124
išrinko	124
išskirti	124
ištakos	124
jomis	124
junginiai	124
junginys	124
juodi	124
jėgą	124
kaimuose	124
kainų	124
kaklo	124
kalbėti	124
kanadoje	124
kapinių	124
karolis	124
karta	124
karus	124
kategorija	124
kava	124
kgb	124
klausimas	124
klubui	124
kombinato	124
kompanijų	124
kompiuteris	124
konkursą	124
konstrukcijų	124
kontoros	124
kovėsi	124
kryptį	124
kunigo	124
kursą	124
kursų	124
kurtis	124
kvėpavimo	124
kūnų	124
kūryboje	124
kūrybą	124
laidojimo	124
laikraštyje	124
laimėti	124
laivą	124
lankyti	124
lapus	124
laukuose	124
leidiniuose	124
leidinys	124
leidykla	124
lengvoji	124
lentelės	124
liaukos	124
liet	124
ligoninėje	124
lyderių	124
lyginant	124
lygiu	124
lėktuvo	124
malūnas	124
mastu	124
mechanikos	124
meru	124
ministrų	124
misija	124
mitologijos	124
mišinys	124
mišką	124
mokesčius	124
mokslą	124
moneta	124
nafta	124
nakties	124
name	124
naujasis	124
neseniai	124
nesugebėjo	124
nesėkmingai	124
nusiaubė	124
nutolęs	124
nutraukti	124
objektus	124
okupavo	124
organizmų	124
orą	124
padovanojo	124
pagrindinius	124
panaudota	124
paprašė	124
parašytas	124
parašyti	124
parduoti	124
paroda	124
pasauliniame	124
pasaulinis	124
pasiuntė	124
paskirti	124
pastatus	124
pastatytos	124
patalpas	124
patalpos	124
patirties	124
pavaizduotas	124
pavieniui	124
pavyzdžių	124
paėmė	124
pažiūrų	124
pedagogikos	124
pedagoginiame	124
periodo	124
peterburgo	124
pietinė	124
pilnas	124
pilvo	124
pirmo	124
platformos	124
plaukeliais	124
plaučių	124
poeto	124
policija	124
populiacija	124
postą	124
pozicijas	124
pradinę	124
priekyje	124
priešinosi	124
priskiriamos	124
produktus	124
provincijas	124
puolėjas	124
radinių	124
raida	124
rajonai	124
rajoną	124
randami	124
rausvai	124
raštu	124
raštų	124
reikalauja	124
reikalinga	124
rengiami	124
rengimo	124
retas	124
revoliucija	124
romanų	124
ryžiai	124
ryžių	124
salėje	124
saugomas	124
savęs	124
sekretoriumi	124
seniausias	124
senovėje	124
septynių	124
sienas	124
siūlo	124
skaičiumi	124
skelbė	124
skulptūrų	124
sparnų	124
sričiai	124
stasys	124
statybinių	124
stengiasi	124
studentams	124
studija	124
sugriovė	124
suklestėjo	124
surasti	124
susivienijimo	124
sustabdyti	124
svarbiausios	124
svarbios	124
svarbiu	124
sąrašus	124
sūnui	124
tabako	124
tankumas	124
tarybinio	124
teise	124
telkinys	124
tematika	124
terminą	124
tiekimo	124
tiesiai	124
tikrus	124
tikslus	124
tinklų	124
tvirtina	124
tėvais	124
tėvu	124
tūkstančius	124
ukrainiečių	124
uolų	124
uostai	124
uždarytas	124
vabzdžiais	124
vadai	124
vadovaujantis	124
vadybininkas	124
vadų	124
vaga	124
valandas	124
valdovu	124
vandenys	124
vasarį	124
vedėju	124
veikėjo	124
vengrų	124
vietovėje	124
viešosios	124
virtuvė	124
viršaus	124
viskas	124
visuomenė	124
visuomenę	124
vystėsi	124
vėlyvojo	124
čempiono	124
įgulos	124
įsakė	124
įstaigose	124
įsteigti	124
įsteigtos	124
įtampa	124
įvesta	124
įvesti	124
šimtus	124
šiuolaikinės	124
šunų	124
šuo	124
žaidimai	124
žaidimą	124
žaidėju	124
žemi	124
žiedo	124
žiniasklaidos	124
žm	124
žmoną	124
žodį	124
žvalgomuosius	124
aktai	123
akys	123
anksto	123
ansambliams	123
antros	123
apaštalų	123
apdovanojimus	123
apdovanota	123
aprašo	123
apskričiai	123
aptarnavimo	123
arbata	123
archeologinė	123
architekto	123
armėnų	123
astrinių	123
ateityje	123
atlasas	123
atlikėjai	123
atminti	123
atnaujinta	123
atributų	123
atsiradimą	123
atskiri	123
atskirta	123
atspalvio	123
atstatytas	123
atstumas	123
augalija	123
auginti	123
aukščiausioje	123
autorė	123
baigti	123
bakterijų	123
bankų	123
biblioteką	123
bizantijos	123
bokšto	123
branduolio	123
buenos	123
buities	123
būdo	123
būsenos	123
chore	123
dalinai	123
dalykus	123
danų	123
daugeliu	123
deda	123
dešimtmečius	123
dideliais	123
didikas	123
didžiausi	123
diplomą	123
disciplinų	123
dizaino	123
dokumentai	123
dokumentas	123
dominuoja	123
drugys	123
dukrą	123
duoda	123
durų	123
dvidešimt	123
dėmesys	123
ekonominę	123
elektroninės	123
elgesį	123
esančioje	123
estijos	123
etapą	123
etikos	123
figūros	123
filialas	123
finalą	123
finansinių	123
ford	123
frankų	123
galvijai	123
gaminamos	123
gamtoje	123
geležinkelių	123
geltonas	123
giminė	123
gimęs	123
ginklo	123
grafystė	123
grandinės	123
griovį	123
grąžinti	123
gubernatorius	123
gydytojų	123
gyvenamosios	123
gyvūnas	123
gėrimų	123
herbe	123
ilgi	123
ilgį	123
informatikos	123
ispanai	123
ispanijoje	123
istorinio	123
išplito	123
išsidėsčiusi	123
jaunikliai	123
jto	123
judėti	123
kalbininkas	123
kalvarijos	123
kalvų	123
kampe	123
karalienės	123
kariavo	123
katalikai	123
kategorijos	123
kazokų	123
kelia	123
keliauja	123
kelionių	123
kelionę	123
keliuose	123
kelius	123
klasikinės	123
kodai	123
kokio	123
koncepcija	123
konfederacijos	123
konfliktas	123
konservatorių	123
konstitucijos	123
kontrolę	123
koplyčią	123
korespondentas	123
kortų	123
korėjos	123
kraujas	123
kraują	123
krikščionybę	123
krizės	123
kryžių	123
krūmų	123
kulto	123
kyšulyje	123
kūrinio	123
kūrinį	123
kūrėsi	123
laidą	123
laikėsi	123
lanko	123
lauką	123
laukų	123
legenda	123
likusios	123
litrų	123
liudija	123
livonijos	123
londone	123
lygiai	123
lytinių	123
maistu	123
maistui	123
mat	123
matematikas	123
mašina	123
mažesnės	123
mažo	123
mažą	123
medalį	123
medicinoje	123
meilė	123
meną	123
metodais	123
ministerijoje	123
miškus	123
molekulės	123
motyvai	123
muzikai	123
muzikoje	123
nacionalinį	123
namą	123
narkotikų	123
naujojo	123
naujosios	123
navų	123
neakivaizdiniu	123
nebus	123
nebūtinai	123
nedidelių	123
neolito	123
netoliese	123
nobelio	123
norėdamas	123
numeriu	123
nuostolių	123
nustojo	123
nutarta	123
operacijų	123
ordiną	123
orkestras	123
pabaigą	123
padaryta	123
pagyrimu	123
paieškos	123
pajamos	123
pakrantę	123
pakyla	123
palaidoti	123
paleisti	123
panaudotas	123
panašaus	123
paprastas	123
pareigūnai	123
paremtas	123
parengtas	123
parlamente	123
parodyti	123
paryžiaus	123
pasirodymo	123
paskutinė	123
pateikiama	123
patinai	123
patvirtinta	123
paveikė	123
paversti	123
pačiam	123
pašalinti	123
pažinimo	123
pelkės	123
perkėlė	123
pervadinta	123
pietinės	123
pilkapių	123
pinigai	123
planuojama	123
planus	123
plunksnos	123
portugalijos	123
pranas	123
prefektūroje	123
priešų	123
priskirtas	123
pritaikyti	123
procesus	123
profesionalus	123
profesoriaus	123
profesorė	123
puse	123
radiniai	123
radvila	123
raidė	123
rajonus	123
ramiojo	123
rankomis	123
rankose	123
rato	123
raudonai	123
rašytiniuose	123
reformą	123
regioninis	123
religiją	123
religijų	123
remonto	123
rezidencija	123
rinkėjų	123
romoje	123
rudi	123
rūgščių	123
sakoma	123
salyne	123
santuokos	123
saugas	123
savaime	123
savaitės	123
savivaldybes	123
savybėmis	123
scenoje	123
seimo	123
sekso	123
sektorius	123
simboliai	123
siūlė	123
skaičiai	123
skirtingose	123
skirtumai	123
skuodo	123
solistas	123
sprendimų	123
sritimi	123
statybų	123
stažavo	123
steigti	123
stipri	123
stotį	123
stovyklos	123
sudegino	123
sumažėja	123
suprato	123
surengti	123
suskirstyta	123
suskirstytos	123
suteikiamas	123
suvažiavimas	123
sėklos	123
sėkmingas	123
tapus	123
tarptautiniuose	123
tarptautinėse	123
teatrų	123
technikume	123
technologija	123
teisinės	123
tekstas	123
televizija	123
temomis	123
tikimybė	123
tikru	123
tikslais	123
tikėjosi	123
tiškevičius	123
tradicinių	123
tradicinės	123
trasos	123
treneriu	123
trukmės	123
trumpos	123
turas	123
turinio	123
turo	123
turą	123
turėjęs	123
tvenkinio	123
tėvą	123
tęsti	123
unijos	123
užsiima	123
užėmus	123
vabalų	123
vadovybė	123
vaistų	123
vaivadijoje	123
valstijų	123
valsčiui	123
vardai	123
variklių	123
veikalų	123
vertinamas	123
vertinimo	123
vidutinių	123
vienetai	123
vingiuota	123
viršija	123
viršininku	123
viršūnę	123
visam	123
visuomeninės	123
visur	123
vokalistas	123
vykdoma	123
vykusiame	123
ąžuolas	123
įprasta	123
įrangą	123
įrankiai	123
įrankių	123
įrengė	123
įvykis	123
šaknis	123
šaknys	123
šalininkai	123
šešis	123
šiaurinę	123
šiems	123
šokio	123
šonuose	123
šunys	123
šventes	123
ūkių	123
žaidynės	123
žali	123
žanras	123
žemdirbyste	123
žiedas	123
žlugo	123
žodžiais	123
žolinis	123
žolių	123
žurnalistų	123
žvalgybos	123
žygio	123
žygį	123
žymių	123
actekų	122
akcijos	122
albanų	122
albumu	122
aleksandro	122
aliuminio	122
alus	122
ambasadorius	122
amžiais	122
analizė	122
analizės	122
angliškai	122
anglių	122
antano	122
aplinkinių	122
aprašyti	122
apside	122
apsuptas	122
archeologai	122
argentinoje	122
artimas	122
asmenis	122
atliekama	122
atliekų	122
atlikdavo	122
atliktas	122
atlikėja	122
atnešė	122
atp	122
atrastas	122
atsiradimas	122
atsisakyta	122
atvykęs	122
augimas	122
auksinis	122
aukštai	122
aukštojoje	122
aukštumoje	122
aukštupyje	122
automobilius	122
bajoras	122
bakterijos	122
batalionas	122
bausmės	122
bendrosios	122
bene	122
bibliotekoje	122
bokštai	122
buvusį	122
bylų	122
būsena	122
cirko	122
civilinis	122
daliai	122
dalykai	122
darbe	122
daržovės	122
dažnio	122
didžiuoju	122
dinastiją	122
dominavo	122
dovanojo	122
drabužių	122
drama	122
dugno	122
dukart	122
dukters	122
duonos	122
duris	122
dėsto	122
efektas	122
egzaminus	122
ekonominis	122
ekspertas	122
el	122
elgesys	122
epochos	122
esančius	122
etninė	122
europą	122
eurovizijos	122
ežeru	122
ferrari	122
fondų	122
formavosi	122
fortepijonui	122
galaktikos	122
gatvė	122
geologijos	122
gero	122
giedojo	122
giliai	122
grafo	122
grandinė	122
griuvėsiai	122
groja	122
grožio	122
gubernija	122
gydyti	122
gynė	122
gyvenama	122
gyvenęs	122
gyvos	122
imigrantų	122
instrumentas	122
italija	122
išbuvo	122
išlaidų	122
išorės	122
išsilaikė	122
jaunas	122
javų	122
juodai	122
juodieji	122
juostų	122
jėgas	122
kadaise	122
kainą	122
kalendorius	122
kalną	122
kariniai	122
kariuomene	122
kaulo	122
kavalerijos	122
kazimiero	122
keičia	122
keliauti	122
keliuku	122
kelti	122
ketvirtasis	122
kiekvienoje	122
kildinamas	122
kilti	122
klaida	122
klausimai	122
kojas	122
kokią	122
komandas	122
kompaniją	122
kompozicijų	122
komunikacijos	122
koncertas	122
koncertą	122
konferencija	122
konstrukcija	122
korpusas	122
kovoja	122
krantai	122
krantą	122
kraujagyslių	122
kreipėsi	122
kryžiumi	122
kryžiuočiai	122
kukurūzai	122
kultūrinį	122
kultūroje	122
kunigaikščiai	122
kuopos	122
kurso	122
kūrimas	122
kūrėjai	122
laidoje	122
laidoti	122
laikai	122
lapuočiais	122
laukai	122
laukus	122
leidinius	122
lietuviams	122
likusi	122
lkl	122
lygmens	122
matoma	122
mažesni	122
meilę	122
migracijos	122
mineralas	122
mineralinių	122
moka	122
mokinys	122
mokslinė	122
molekulių	122
mąstymo	122
mėgo	122
mūrinę	122
nariams	122
narės	122
nelabai	122
neleido	122
nenorėjo	122
nereikia	122
niujorke	122
normas	122
nugalėti	122
nuolatinis	122
nusako	122
nusileido	122
operacija	122
operacijos	122
orbitos	122
organizavimo	122
organus	122
padalijimo	122
pagrindų	122
paimti	122
pakeičia	122
paminėta	122
panaikino	122
panašių	122
papildomų	122
parapijai	122
parduotuvės	122
pareigūnas	122
pareigūnų	122
paremta	122
parengti	122
parkuose	122
pasirodymas	122
pasivadino	122
pastangų	122
pateikiamas	122
patelė	122
patraukė	122
patvirtinti	122
pavadintą	122
pačius	122
penkias	122
pergalė	122
periodu	122
pertvarkyta	122
pietinę	122
pilietinio	122
pilių	122
piramidės	122
pirmaisiais	122
planetų	122
platforma	122
plati	122
platino	122
plačiau	122
plentas	122
plotai	122
pokyčiai	122
populiarūs	122
poreikius	122
portugalai	122
pozicijos	122
požiūris	122
pradinėje	122
prasidėjęs	122
prasmę	122
prekes	122
prekyboje	122
premjera	122
prietaisų	122
prijungti	122
prisijungti	122
prizinių	122
procentų	122
progimnazija	122
programoje	122
projektai	122
protėviai	122
pulkas	122
rate	122
reformas	122
remia	122
renesanso	122
respublikinėms	122
režimas	122
režimo	122
ribą	122
rock	122
rublių	122
rygoje	122
rūdos	122
rūpintis	122
saugojo	122
savybė	122
scenarijų	122
seniausia	122
serbijos	122
skirtingais	122
skirtingus	122
slėgio	122
slėgis	122
slėniu	122
sodybų	122
spauda	122
spaudai	122
specialios	122
sportininkai	122
sprogimo	122
spėjama	122
staiga	122
stambių	122
stanislovas	122
statistikos	122
statomi	122
stipriausių	122
stotys	122
stovykloje	122
stovyklą	122
sujungtas	122
sukilo	122
sunkumų	122
surengtos	122
susidomėjo	122
susidūrė	122
susiformuoja	122
suskirstyti	122
sutrikimų	122
sužeistas	122
sąjungininkų	122
sėklomis	122
sėklų	122
taikyti	122
takas	122
tapusi	122
techninės	122
technologijas	122
teigimu	122
teismai	122
teisėjų	122
tekstai	122
telkiniai	122
teorijų	122
tikinčiųjų	122
tikroji	122
tikslai	122
tiksliau	122
titulo	122
topuose	122
tradiciją	122
tremties	122
trečiąją	122
trikampio	122
tu	122
tuoj	122
turinys	122
turkijos	122
turnyrą	122
tūris	122
ugnikalnio	122
ugnikalnių	122
ugnis	122
universitetai	122
urėdijos	122
uždraudė	122
vadovaujamas	122
vaikystėje	122
vaikystės	122
vaisiais	122
vakarinę	122
valda	122
valdomas	122
valdžioje	122
valiutos	122
valstybiniame	122
valstybėmis	122
vandenynų	122
vandenų	122
vartotojo	122
varšuvos	122
veiksnių	122
viceprezidentas	122
vidurine	122
vidurį	122
virtuvės	122
visuomeninė	122
visuomet	122
vladas	122
vokalinių	122
vykstant	122
vyravo	122
vyriausiojo	122
vyriausybei	122
vyru	122
čekų	122
čikagoje	122
įgyti	122
įmonę	122
įpėdinis	122
įrenginiai	122
įrenginys	122
įrodyti	122
įvairiems	122
įvyksta	122
šaliai	122
žvaigždes	122
žvaigždyne	122
administratorius	121
akies	121
akmeninių	121
aktą	121
algimantas	121
aliejaus	121
andrius	121
aparato	121
apaštalo	121
apdirbimas	121
apdovanojimas	121
apibūdina	121
aprašyta	121
apsaugą	121
architektų	121
archyvas	121
asmeniui	121
astronomijos	121
atgavo	121
atidarė	121
atliekamas	121
atmetė	121
atnaujino	121
atrasti	121
atsakinga	121
atsako	121
atsargos	121
atsikėlė	121
atsistatydino	121
atskirus	121
atstovauti	121
augalais	121
augimą	121
auginimas	121
aukos	121
aukščiausią	121
austrų	121
automatiškai	121
baigta	121
bajorai	121
bandoma	121
baseinui	121
bazę	121
bbc	121
bendradarbiauja	121
branduolys	121
bruožas	121
bulgarų	121
burnos	121
buvimo	121
cemento	121
cheminis	121
cheminių	121
cheminės	121
dabartinį	121
dailininko	121
dailininkė	121
didžiulę	121
dirvožemio	121
divizione	121
dokumentuose	121
draudimas	121
draugų	121
druska	121
druskininkų	121
drėkinimui	121
dugne	121
dulkių	121
duoti	121
dykumoje	121
dėstyti	121
egiptiečių	121
egzistavusi	121
einantis	121
ekonomiškai	121
eksponatų	121
ekspozicija	121
erdvė	121
estų	121
esąs	121
etnografijos	121
evoliucijos	121
failų	121
fia	121
formuoti	121
galėdavo	121
gaminiai	121
gaminių	121
gamintojai	121
gamintojų	121
gamtą	121
garsiausių	121
garsą	121
ginklais	121
ginkluotųjų	121
ginčų	121
grafystės	121
grybai	121
grėsmę	121
gylyje	121
gyvenimui	121
gyvenvietėje	121
gyvenę	121
ieško	121
imperatoriui	121
indeksas	121
individų	121
inventoriuje	121
inžinierių	121
išeina	121
iškyla	121
išlaisvinimo	121
išleidimo	121
išlikusių	121
išsaugojo	121
išstūmė	121
ištisus	121
išvaizdos	121
jaunesnysis	121
jauni	121
jaunų	121
jungtis	121
juostoje	121
juozapas	121
juozo	121
kaimu	121
kaimus	121
kalio	121
kampas	121
kanalu	121
kanalą	121
kanalų	121
kapas	121
karaliai	121
karalystėje	121
karinius	121
karius	121
kazys	121
keliautojas	121
keliolika	121
keliose	121
ketvirtas	121
kitai	121
kitame	121
kitimas	121
klajoklių	121
klasei	121
klasicizmo	121
klausimą	121
klubuose	121
knygose	121
kodekso	121
kojomis	121
kokybę	121
kolekcija	121
kolonijas	121
kompozicija	121
konflikto	121
krantas	121
krantus	121
kredito	121
krovinių	121
kultas	121
kunigai	121
kunigaikščiu	121
kuriama	121
kuriamas	121
laikraščių	121
laikytis	121
laisvė	121
lengva	121
lenktynininkas	121
liberalai	121
liepė	121
lietuvis	121
ligas	121
ligomis	121
likimas	121
lobis	121
lygios	121
lytinis	121
mados	121
mainų	121
maldos	121
mama	121
mažesnių	121
medinės	121
medžiokle	121
menininkų	121
metinis	121
miškais	121
mokosi	121
mokslai	121
mokslinius	121
mokyti	121
mokytojos	121
motyvais	121
muziejui	121
muzikantas	121
muzikantų	121
muzikinių	121
mykolo	121
nacionalinėje	121
natūraliai	121
naudojasi	121
naudos	121
naujoji	121
nepaprastai	121
nepriklausomą	121
neva	121
niujorko	121
nominuotas	121
norvegijos	121
nukrito	121
nuomonės	121
nurodoma	121
nurodyta	121
nustatytas	121
nutolusi	121
nuvertė	121
olimpinių	121
organizatorių	121
orkestru	121
padengtas	121
padidino	121
pagamino	121
pagrįsta	121
pagrįstas	121
pajamas	121
palangos	121
papildomai	121
papildomas	121
paprasta	121
papročius	121
parama	121
parduodamas	121
parduotas	121
pareikalavo	121
partijai	121
partijas	121
partnerystės	121
parą	121
pasidavė	121
pastarasis	121
patalpų	121
pavadinimus	121
pavaizduoti	121
pavieniai	121
pačia	121
pelkėti	121
pergalių	121
pilkos	121
pilotas	121
planavimo	121
platumų	121
platus	121
plaukai	121
plito	121
politikai	121
politiniai	121
portretas	121
portretų	121
porą	121
pradėjęs	121
praeities	121
pramogų	121
priestatas	121
priklausomybę	121
privačių	121
priėmimo	121
prižiūrėjo	121
proto	121
pusrutulio	121
pusrutulyje	121
rajonu	121
raketų	121
rasės	121
ratais	121
ratas	121
ratą	121
ratų	121
reforma	121
regioniniame	121
reguliariai	121
reikalavimų	121
reiškiniai	121
reiškinius	121
religinė	121
respublikų	121
rezervatas	121
režisavo	121
ribas	121
rinką	121
riterių	121
rūpinasi	121
saugos	121
schema	121
senasis	121
serijoje	121
signataras	121
sin	121
skamba	121
skandinavų	121
skatinti	121
skirtumų	121
skonį	121
sluoksniai	121
sluoksniu	121
sluoksnį	121
socialinę	121
soduose	121
specialų	121
spektaklių	121
sportas	121
statybą	121
stebėjimo	121
stiebo	121
stotyje	121
straipsnį	121
suformuoja	121
sujungta	121
sujungtos	121
sujungus	121
suka	121
sunaikinta	121
surengtas	121
susikūrusi	121
sustiprėjo	121
sveikatai	121
sąmonės	121
tankus	121
tarptautinį	121
tarybinis	121
taurėje	121
tautininkų	121
tautinio	121
tašką	121
teatrą	121
tebėra	121
techniką	121
techninių	121
teisinių	121
teisme	121
televizijoje	121
tikrais	121
tikslams	121
tiktai	121
tikėjimas	121
tiurkų	121
tomų	121
trečioji	121
trumpa	121
turnyruose	121
tvirtovę	121
tyrimams	121
tėra	121
tūrio	121
uostų	121
urėdija	121
užimta	121
užrašyti	121
užsiėmė	121
vadinamasis	121
vadinamų	121
vaidmenis	121
vaikais	121
vaizduojami	121
valandą	121
valdos	121
valdų	121
valstybinę	121
vamzdžio	121
vardais	121
vargonų	121
varikliu	121
vartoja	121
vartojimas	121
veido	121
vesti	121
vicepirmininkas	121
vidinės	121
viduriu	121
vidutinės	121
vidų	121
vienetus	121
vietinė	121
vilnių	121
visoms	121
vitamino	121
vokaliniams	121
vokiškai	121
vykdant	121
vyriausiuoju	121
vėjai	121
všį	121
ėjęs	121
įgauna	121
įgyvendinimą	121
įkūrėjų	121
įrašai	121
įsikūrusios	121
įvairiai	121
įvarčius	121
įvertinti	121
įvykdyti	121
įvykio	121
šaltinius	121
šalčininkų	121
šaudymo	121
šeši	121
šiauriau	121
šimtai	121
škotijos	121
šventyklų	121
šventę	121
švenčiama	121
šviesmečių	121
ūkiu	121
ūkiui	121
žalsvai	121
žemėlapyje	121
ženklą	121
žirgų	121
žvejų	121
žymima	121
abiem	120
abėcėlės	120
agentūros	120
aikštelėje	120
altorius	120
am	120
ansambliui	120
ansamblį	120
antruoju	120
apaugusi	120
apdovanoti	120
apimties	120
aprangos	120
aprašymas	120
aprašytas	120
apsakymų	120
aptiko	120
arenoje	120
arkliai	120
asmenį	120
atitiko	120
atkūrė	120
atogrąžų	120
atsitiktinai	120
atskleidė	120
atstatymo	120
atstovus	120
atviro	120
atvyksta	120
audinys	120
auginamas	120
auksas	120
auksinė	120
aukštesniojoje	120
aukštesnis	120
aukštą	120
aukštąją	120
aukščiausios	120
aštuonių	120
baigtas	120
baltai	120
baltarusių	120
bandymai	120
bandymas	120
bažnytinės	120
belgijos	120
bitų	120
biuras	120
branduolį	120
byla	120
bylos	120
bėgti	120
būdus	120
būseną	120
ceremonija	120
ciklą	120
civilinio	120
dalyvaudavo	120
dantys	120
daugiametis	120
daugumoje	120
debesys	120
degimo	120
departamentais	120
derybų	120
didėjo	120
dievą	120
dinastijai	120
dingo	120
dirbtuvės	120
docentė	120
draugijų	120
drėgnas	120
dukros	120
duoklę	120
dvigubai	120
efektyviai	120
egz	120
egzempliorių	120
egzistuoti	120
eilę	120
elementais	120
erą	120
esama	120
esmė	120
etapo	120
figūrų	120
filmui	120
fizinio	120
formuoja	120
fronte	120
gal	120
galaktikų	120
galių	120
gavybos	120
geležinkelį	120
geltonai	120
generalinio	120
genčiai	120
gera	120
geriausio	120
gimimų	120
giria	120
gvinėjos	120
gyvas	120
gyvenusių	120
gyvulininkyste	120
gyvybę	120
habilituota	120
henrikas	120
ilgo	120
indai	120
internete	120
istorikai	120
istoriškai	120
izraelio	120
išgyveno	120
iširo	120
išlaidos	120
išplėtė	120
išreikšti	120
išsidėsčiusios	120
išspausdino	120
išspręsti	120
japonija	120
jauna	120
jėzaus	120
kaimais	120
kainavo	120
kairės	120
kalibro	120
kaliningrado	120
kamieno	120
kampu	120
kancleris	120
kapitono	120
karininkai	120
karinį	120
karūna	120
kasdien	120
kavos	120
kaštelionas	120
keturkampė	120
kijevo	120
kilometro	120
klaidų	120
knygnešys	120
koloniją	120
komedija	120
kompanijai	120
kompiuterinių	120
koncentracija	120
koncertai	120
konfederacija	120
kongreso	120
koplyčios	120
korporacijos	120
kraštai	120
kristaus	120
krūmai	120
kultūrinės	120
kurortas	120
kuršių	120
kęstutis	120
kūriniuose	120
labdaros	120
laidas	120
laikotarpiui	120
laikraščiuose	120
laipsniai	120
laisvas	120
latvija	120
ledynų	120
leidyklos	120
leidėjas	120
lenta	120
lervos	120
linkę	120
lokys	120
londono	120
lot	120
lyderiu	120
lygtis	120
lėktuvus	120
man	120
maro	120
maršalka	120
mažina	120
mažoji	120
medvilnės	120
melioracijos	120
mergina	120
merginos	120
metalurgijos	120
metodu	120
mg	120
miesteliai	120
miestiečių	120
mineralų	120
minutes	120
miršta	120
mokestis	120
mokslinį	120
muzikų	120
mėgino	120
mėlynos	120
nacionalinių	120
nacionalinę	120
nagrinėja	120
nasa	120
naudojamų	120
naudojantis	120
naudojosi	120
nedidelę	120
neišliko	120
nemažą	120
nemokamai	120
nepriklausomas	120
nesutarimų	120
nugalėtoja	120
nulėmė	120
nuolatos	120
nuolydis	120
nuotraukos	120
nusipirko	120
nutrūko	120
nėštumo	120
objektą	120
odą	120
opera	120
operacinės	120
operoje	120
organinių	120
organizacijas	120
organizmas	120
oru	120
paaiškėjo	120
pagaliau	120
pagerinti	120
pagrindai	120
pagėgių	120
pakeliui	120
paleolito	120
panaudojimas	120
panaudojimo	120
paplitusių	120
papuošalų	120
parapiją	120
parodas	120
partizanai	120
pasidarė	120
pasiekęs	120
pasirodęs	120
pasiskelbė	120
pasitraukti	120
paskutinio	120
pastebėti	120
patelių	120
pavadinimų	120
pavojų	120
pelkė	120
penkios	120
perduotas	120
pereiti	120
perstatyta	120
pertraukomis	120
pianistas	120
pievos	120
piliakalniai	120
pilietybę	120
planeta	120
plisti	120
plokščių	120
plona	120
pluošto	120
pobūdį	120
politikoje	120
politiškai	120
povilas	120
pozicija	120
pošeimio	120
požiūrį	120
požymių	120
prieina	120
pristatyta	120
pristatyti	120
pritaikyta	120
protestantų	120
protėvių	120
puolimą	120
pusiasalį	120
raidą	120
raidžių	120
raudoni	120
raumenys	120
raštą	120
rašytoja	120
redakcijos	120
regionui	120
reguliavimo	120
reikmėms	120
reiškiantis	120
respublikoje	120
restauravimo	120
revoliuciją	120
režimą	120
rietavo	120
rinkinius	120
rizikos	120
romano	120
rungtyniaujantis	120
ruože	120
rytinę	120
ryškis	120
ryškus	120
salės	120
sandaros	120
saulė	120
sausas	120
savanoris	120
savarankiška	120
savininkai	120
seinų	120
sektos	120
seminarija	120
sena	120
seniai	120
senieji	120
senos	120
septynmetė	120
serialas	120
seriją	120
sezonui	120
siaura	120
sieja	120
sielos	120
situaciją	120
skaičiui	120
skalauja	120
skrandžio	120
skrydžio	120
skystis	120
slapyvardžiu	120
slėniuose	120
smulkiais	120
sociologijos	120
sovietinės	120
specialistai	120
specialus	120
spinduliai	120
standartas	120
status	120
stažavosi	120
stiprūs	120
storis	120
stovykla	120
strėlių	120
sudarančių	120
sudėtingas	120
suformuotas	120
sugriauta	120
sukimosi	120
surengta	120
susijusius	120
susiliejus	120
susituokė	120
svarbią	120
sąjungai	120
sąveikos	120
sąvokos	120
sąvoką	120
tankiai	120
taps	120
tarnauti	120
tarptautinėje	120
tarptautinę	120
tarpukario	120
tautybės	120
tautą	120
teatruose	120
teikė	120
teisininko	120
teismą	120
tekstus	120
temperatūrą	120
teorijoje	120
tibetiečių	120
tikri	120
tikėjo	120
tikėtina	120
tinkamai	120
tradicinis	120
trejų	120
trenerio	120
trečia	120
trūkumas	120
turinį	120
turkai	120
turės	120
tvarkymo	120
tyrinėtojas	120
tėvui	120
ukrainoje	120
uolos	120
upelių	120
upėse	120
uždarė	120
užimtas	120
užtikrina	120
užtvanka	120
vadovybės	120
vadovėlių	120
vaizdai	120
vaizduoja	120
vaizdą	120
vakarinės	120
valdęs	120
valstijose	120
valstybėms	120
valsčiai	120
variantų	120
variklius	120
varpos	120
vartininkas	120
vartojamos	120
veikalas	120
veiksniai	120
vertybes	120
vienodai	120
vienodo	120
vienuolių	120
vienuolynų	120
vietinius	120
vikaras	120
vincas	120
viršukalnė	120
vokalas	120
vykdomosios	120
vykdymo	120
vyskupu	120
čempionais	120
čiurlionio	120
įgyja	120
įlankoje	120
įrašas	120
įsakymas	120
įsijungė	120
įvairi	120
įvairioms	120
įvykdė	120
įžengė	120
šaknų	120
šalims	120
šalininkų	120
šešerių	120
šimtų	120
škotų	120
šlapimo	120
šonai	120
šonų	120
švino	120
žaidėjo	120
žalias	120
žalos	120
žemupio	120
žemėlapis	120
ženklus	120
žmogumi	120
žurnaluose	120
žurnalų	120
žvaigždynas	120
advokato	119
agentūra	119
akmenį	119
aktoriai	119
albumai	119
algoritmas	119
andų	119
anglis	119
anime	119
ankstesnių	119
anot	119
antrajame	119
antro	119
apačių	119
apdovanojimai	119
apibrėžti	119
apimanti	119
apsaugo	119
apskaičiuoti	119
aptiktas	119
aptinkami	119
apygardų	119
arabai	119
archeologiniai	119
atiduoti	119
atkurtas	119
atliekant	119
atlikėjos	119
atminimo	119
atmosferoje	119
atmosferą	119
atnaujintas	119
atnaujinti	119
atominės	119
atomo	119
atrasta	119
atsakomybės	119
atvejis	119
atviras	119
atvėrė	119
audiniai	119
augalus	119
aukšta	119
aukštoji	119
austrija	119
bado	119
baltais	119
baltarusijoje	119
baltymai	119
baudžiamasis	119
bazėje	119
bendrauti	119
bendrija	119
bendrovę	119
berlyne	119
berlyno	119
bibliotekų	119
blaivybės	119
bokšteliu	119
branduolių	119
britanijoje	119
budistų	119
bulvių	119
buvusioje	119
buvusią	119
bylas	119
bylą	119
būdama	119
būties	119
būtinas	119
būtybės	119
caras	119
centrinio	119
centrinis	119
centrinę	119
chorus	119
chorvedė	119
chorvedžių	119
dainuoja	119
dalimis	119
dalyvavimą	119
darbais	119
darbininkai	119
darbu	119
daugybe	119
debiutinį	119
deltos	119
demokratija	119
detalių	119
dievu	119
diskas	119
drabužius	119
draugais	119
draugijai	119
duona	119
dydžiu	119
dėstoma	119
dėžutė	119
eiga	119
ekonomikai	119
ekonominio	119
elektrotechnikos	119
erdvę	119
erelis	119
fakultetų	119
filharmonijos	119
finišavo	119
firma	119
formuojasi	119
fortepijonu	119
fotografas	119
galimų	119
galūnės	119
gamtinės	119
garsai	119
geros	119
gimdos	119
gintaro	119
girios	119
gnu	119
grafikas	119
graužikų	119
greit	119
gretimų	119
griovio	119
grupėms	119
grupėse	119
gubernatoriaus	119
gyvatės	119
gyvenamas	119
gyvenamieji	119
gyvenamos	119
gyventojais	119
gyventojas	119
gyvenvietėse	119
gyvūnus	119
herojus	119
hidroelektrinė	119
ieškojo	119
ilgus	119
imtis	119
iniciatorius	119
inkų	119
instrumentai	119
ispanija	119
išdėstyti	119
išlaidas	119
išraiška	119
išsiplėtė	119
ištekliai	119
išvaizdą	119
išėjimo	119
jotvingių	119
jt	119
jugoslavijos	119
jungtinėje	119
jurgio	119
kadencijos	119
kalbant	119
kalnagūbris	119
kalėjimą	119
kalėjo	119
kandidatė	119
kanonų	119
karines	119
karuose	119
kategorijoje	119
kazlų	119
kiaušinių	119
kitokios	119
klano	119
klestėjimo	119
klientų	119
kokybė	119
kolektyvas	119
kolektyvo	119
kolonistų	119
kompozitoriaus	119
koncerno	119
koncerte	119
konfliktų	119
kongresas	119
kongrese	119
konstanta	119
konstantinas	119
kosminis	119
kovas	119
kraujyje	119
krioklys	119
kriterijus	119
kritikas	119
kritikavo	119
kryptimis	119
krūmais	119
kunigaikštystę	119
kursai	119
kūrimą	119
laikantis	119
laikus	119
laipsniu	119
laisvi	119
laivais	119
laivyne	119
laivyną	119
leidiniai	119
leidinio	119
leidinį	119
leitenanto	119
leonas	119
likimo	119
liudvikas	119
lizdą	119
lyderiai	119
lygmenyje	119
lygumų	119
lėlių	119
magijos	119
magistralės	119
magnolijūnų	119
maitinimo	119
majoras	119
makšties	119
masyvas	119
mato	119
matyt	119
medvilnė	119
medžiagomis	119
medžiuose	119
mene	119
meninis	119
metalas	119
metodinės	119
mečetė	119
miestais	119
miestelių	119
milijardų	119
minimos	119
mirti	119
mirtimi	119
mobilizuotas	119
modeliu	119
mokoma	119
moksleiviai	119
motyvų	119
mums	119
muzikantai	119
muzikinis	119
muzikinės	119
mėlynas	119
mėnulio	119
naikinti	119
natrio	119
natūralus	119
naujienų	119
naujokų	119
naujuoju	119
neleidžia	119
nepriklauso	119
neries	119
nežinomas	119
nežymiai	119
norma	119
norvegų	119
nosies	119
numeriai	119
nuomonę	119
nurodyti	119
nurodė	119
nusikaltimų	119
nustatoma	119
nutraukta	119
olimpinės	119
ona	119
operacinė	119
organizacijai	119
orientuota	119
orkestre	119
pabėgti	119
paimtas	119
pajūryje	119
palaidota	119
palaikymo	119
pamaldos	119
pamato	119
pamiškėse	119
panevėžyje	119
papildė	119
paplokščia	119
parapijų	119
pardavimo	119
parkų	119
parlamentą	119
paros	119
pasiekiamas	119
pasisekimo	119
pasiūlyta	119
paskelbus	119
paskutinius	119
pastaruoju	119
pastatuose	119
patenkinti	119
patirtį	119
pavaldi	119
pavardę	119
pažadėjo	119
penkerių	119
penktasis	119
perduoda	119
pietinis	119
pilietinis	119
pilietis	119
piliečio	119
pilkapiai	119
pilkas	119
pirklių	119
pjesių	119
plg	119
plokštelių	119
plėtra	119
popiežiumi	119
populiarios	119
populiarumas	119
porų	119
posėdžiuose	119
pradininkų	119
praleidžia	119
praranda	119
prietaisas	119
priklausančių	119
priklausomybės	119
priskiria	119
pritarė	119
privalėjo	119
privačiai	119
problemą	119
procese	119
produkcija	119
produkto	119
programose	119
projekte	119
psichikos	119
publicistas	119
pusiaujo	119
radijas	119
randamos	119
raudoną	119
realiai	119
redakcijoje	119
reikalavimai	119
reiškiančio	119
reklamos	119
remti	119
rengiant	119
renginiai	119
renginius	119
renkama	119
respubliką	119
reti	119
retkarčiais	119
rinkiniai	119
rotušė	119
rudai	119
ruožas	119
rusva	119
rusvai	119
rytinės	119
salynas	119
samių	119
sandūroje	119
sankryžoje	119
santakoje	119
savimi	119
savitą	119
senato	119
seniūnijai	119
seniūno	119
seserys	119
seserį	119
siauras	119
sibiro	119
situacijos	119
skambinti	119
skelbia	119
skiriamos	119
skirstomas	119
skirstymas	119
skraido	119
slidinėjimo	119
socialinis	119
socializmo	119
sodai	119
spalvas	119
spaustuvė	119
sprendimai	119
stadione	119
statinys	119
statula	119
statumo	119
statuso	119
statutas	119
statyta	119
steigimo	119
stiprios	119
stogas	119
stogo	119
stojo	119
struktūrų	119
subręsta	119
suformuoti	119
sugeba	119
sugriautas	119
suimti	119
sukurtų	119
sukūrimo	119
sukūręs	119
sultonas	119
sultys	119
sumokėti	119
sumą	119
sunaikintas	119
sunkiau	119
sunyko	119
supranta	119
suprojektavo	119
suremontuota	119
susilieja	119
susirinkimo	119
susitarimą	119
suskirstytas	119
sustabdė	119
sustiprinti	119
sutarčių	119
sutinka	119
sąjungų	119
sąlyga	119
sąsiaurio	119
sėkmė	119
sūnumi	119
taikymo	119
taisyklė	119
tapdavo	119
tapyba	119
tarnautojas	119
tarpukariu	119
tautinei	119
tebuvo	119
teisinė	119
teisėje	119
tekstą	119
telefono	119
teniso	119
teologiją	119
tikslu	119
tiltą	119
tiltų	119
tinkamas	119
tiražu	119
titulus	119
tokiomis	119
trumpi	119
tvarkos	119
tvarkyti	119
tvirtino	119
tyrinėjimų	119
tūkstantmetyje	119
uolienos	119
uoste	119
užauga	119
užaugo	119
užjūrio	119
užmušė	119
užėmusios	119
valandos	119
valgyti	119
valsčių	119
vandenynas	119
vardus	119
vardų	119
vargonininkų	119
vargonuoti	119
variantą	119
varikliai	119
varpai	119
veikalą	119
versijoje	119
versijų	119
verslą	119
vertybinių	119
vertybės	119
vestuvių	119
vidinių	119
vienuoliai	119
viktoras	119
viršutinėje	119
visomis	119
visu	119
visuotiniuose	119
vykdomas	119
vykdomi	119
vynuogių	119
vyrams	119
vėžio	119
zoną	119
ąžuolo	119
įmonėse	119
įrankius	119
įtrauktos	119
šakas	119
šaudyti	119
šiaurinio	119
šiaurinis	119
šilko	119
šiomis	119
širvintų	119
švedija	119
švedijoje	119
šveicarijoje	119
šventoriuje	119
šventųjų	119
ūkininkas	119
žarnos	119
žemaitijos	119
žemdirbystė	119
žiedais	119
žiotyse	119
žirgo	119
žiuri	119
žodynas	119
žurnalistikos	119
žvėrių	119
žygių	119
žymiausias	119
administracinio	118
administracinės	118
aktoriaus	118
aktyvūs	118
albumui	118
aliejus	118
ang	118
anglai	118
ankstesnės	118
ankstyvojo	118
ankstyvųjų	118
apdorojimo	118
apgyvendintas	118
apibūdinamas	118
apimtis	118
apkaltintas	118
aplenkė	118
apranga	118
apsistojo	118
apskritimo	118
areštuotas	118
arklio	118
artimai	118
artimi	118
ateitį	118
atgimimo	118
atidaryti	118
atmaina	118
atsispindi	118
atvejai	118
atėmė	118
auginimo	118
augustas	118
auklėjimo	118
auksiniu	118
aukšte	118
aukštojo	118
aukščiausių	118
ašį	118
balsavo	118
balsus	118
baltą	118
banginių	118
baudžiamosios	118
belaisvių	118
bendradarbiauti	118
bendruomenę	118
biržoje	118
bombos	118
brandos	118
brazilijoje	118
bulgarijos	118
bulvės	118
būdingų	118
būgnininkas	118
būriai	118
chirurgas	118
chirurgijos	118
civilizacijų	118
dainavimą	118
danguje	118
darbuotoja	118
dariniai	118
darinys	118
datos	118
dažni	118
debesų	118
debitas	118
derybas	118
detalės	118
dešinės	118
didelėmis	118
didina	118
didžiausiu	118
dievams	118
dirbęs	118
divizija	118
do	118
dramaturgas	118
draugai	118
dvarai	118
dvylika	118
dėmės	118
dėvi	118
egzistavimo	118
egzistavimą	118
eilėraščius	118
einant	118
ekspediciją	118
etalono	118
europiečiai	118
ešeriai	118
ežeruose	118
ežerus	118
fizika	118
fondą	118
gaisro	118
galais	118
galuose	118
gamintojas	118
gaunami	118
gediminas	118
gelsva	118
gerų	118
gimsta	118
ginklą	118
graikijoje	118
gruzinų	118
gubernijoje	118
gydytoju	118
gynybą	118
gėlių	118
gėrimai	118
he	118
hebrajų	118
hetitų	118
hipotezė	118
ibm	118
ilgiausiai	118
imti	118
individo	118
individualių	118
informacinių	118
inkstų	118
intelekto	118
inžinerinio	118
inžinerinį	118
islamą	118
išgarsino	118
išgauti	118
iškilmingai	118
išlaiko	118
išsiuntė	118
išsiųstas	118
jauniklius	118
jaunimui	118
judesio	118
judėjimui	118
juostą	118
kailis	118
kaita	118
kalbančių	118
kalėti	118
kam	118
kapo	118
kapuose	118
karaliaučiaus	118
karalyste	118
karys	118
katedrą	118
kaulai	118
kautynėse	118
kelionė	118
kepenų	118
ketverių	118
kiekiais	118
kiekviename	118
kinija	118
klaidingai	118
klasifikacija	118
klasėse	118
klausimų	118
klebono	118
klebonu	118
koalicijos	118
kokie	118
kokiu	118
koledže	118
kolonizacijos	118
komercijos	118
komercinės	118
komitetai	118
komitetą	118
komplekso	118
kompoziciją	118
koncernas	118
konferencijose	118
konkurencijos	118
konsekravo	118
konstruktorius	118
kontrolė	118
kosminių	118
kosmoso	118
kpi	118
kraštais	118
kraštu	118
krito	118
kronika	118
kunigaikščiui	118
kuriami	118
kviečiai	118
kūnai	118
laboratorijoje	118
laidose	118
laimi	118
laimės	118
laivu	118
laivuojama	118
lavos	118
legendų	118
leningrado	118
liaukų	118
lietuviško	118
likučiai	118
lipdytos	118
liūtas	118
lnk	118
lygiagrečiai	118
lygių	118
lygumoje	118
lytinio	118
lyčių	118
ląsteles	118
lėktuvą	118
magnetinio	118
masiškai	118
masę	118
mažiausias	118
mažumų	118
mechanizmas	118
medalius	118
mediniai	118
medžioklė	118
meksikoje	118
menkai	118
metinė	118
miltų	118
ministerijai	118
mitų	118
modelius	118
mokykloms	118
mokymą	118
momentu	118
monarchija	118
monetas	118
moterį	118
muitinės	118
mw	118
mūšiuose	118
naktis	118
napoleono	118
natūralios	118
naudojimą	118
naująjį	118
nedaugelio	118
nedidelį	118
nepateko	118
nesunkiai	118
nhl	118
norėdami	118
nugalėtojas	118
nuomonė	118
nuosavybė	118
nuostatas	118
nuostatos	118
nuostatų	118
nuotrauka	118
nuotraukų	118
nurodymu	118
nustatomas	118
nustatytos	118
observatorija	118
olandai	118
operacijas	118
operatorius	118
operą	118
operų	118
ordinui	118
organizmui	118
osmanų	118
pagimdė	118
pajėgose	118
pakartotinai	118
pakelti	118
pakilimo	118
paleido	118
palydovų	118
pamatė	118
paminklo	118
panaikinimo	118
panaudojant	118
panašius	118
papildomą	118
paprasti	118
paprastų	118
papročių	118
parašęs	118
parduotuvė	118
parkai	118
paruošė	118
parėmė	118
pasakyti	118
pasaulinės	118
pasiektas	118
pasinaudojo	118
pasirašyti	118
pasisakė	118
pastarojo	118
pastatydino	118
pastoviai	118
patiekalai	118
patiekalų	118
patvirtina	118
paukščius	118
pavaizduota	118
pavaldus	118
pavieto	118
pažodžiui	118
pažymėta	118
pelkėse	118
pensiją	118
perimti	118
personažai	118
personažas	118
pertrauka	118
pertraukos	118
perversmą	118
piešinių	118
piešinys	118
pirkliai	118
pirmame	118
planai	118
plataus	118
platinti	118
plokštelės	118
plokštės	118
plėtoti	118
plėtrą	118
pokyčių	118
politines	118
politinius	118
politinį	118
popierius	118
populiarumą	118
poreikių	118
praeitį	118
pralaimėjimo	118
pranašumą	118
pranciškonų	118
pranešimus	118
prezidentą	118
prigimties	118
prijungė	118
priklausančios	118
priklausomybė	118
princas	118
principais	118
principą	118
principų	118
pripažįsta	118
pritaikytas	118
prizą	118
profesionalų	118
profesoriumi	118
programinė	118
propagavo	118
psichologija	118
puikus	118
pusėse	118
pylimu	118
pėsčiųjų	118
raidėmis	118
raketos	118
rastos	118
raudoname	118
reaguoja	118
redaktorė	118
regionu	118
reikalais	118
reikalingi	118
reikėtų	118
rekonstrukcijos	118
rekordą	118
resursų	118
rinka	118
rinkinių	118
rodiklis	118
rodomas	118
rodyti	118
rumunijos	118
rytinis	118
ryto	118
rūda	118
santykį	118
saugumą	118
sekos	118
sekretorė	118
sektoriuje	118
senate	118
senąją	118
septyni	118
septynis	118
sezonus	118
siaubo	118
siauri	118
siekdamas	118
siela	118
siuvimo	118
sk	118
skalę	118
skysčio	118
sluoksnyje	118
smėlis	118
smūgio	118
socialines	118
spausdinti	118
specialioji	118
specialybės	118
srautas	118
srovę	118
stambus	118
standarto	118
statiniai	118
stepės	118
stiprų	118
stygų	118
sujungė	118
sukasi	118
sukilime	118
sulaukęs	118
suprantama	118
surašymas	118
surinkęs	118
susiformavusi	118
susirenka	118
susirinkime	118
susirinko	118
sustiprino	118
sutrikimas	118
suvienijo	118
sužinojo	118
svarbiausiu	118
sąsiauriu	118
sąveika	118
tabakas	118
taikomi	118
talkino	118
tapdamas	118
taurių	118
taške	118
technikas	118
technikumo	118
teisininkų	118
teisinę	118
tematikos	118
termino	118
terminų	118
tikslą	118
tiltai	118
tinklai	118
tobulinosi	118
topo	118
traukos	118
tremtyje	118
trečios	118
trečiosios	118
tuometinis	118
ture	118
tvenkiniai	118
tyrinėtojų	118
tęsinys	118
ui	118
užbaigė	118
uždaryti	118
užtvankos	118
užvaldė	118
užšąla	118
vabalai	118
vabalas	118
vabzdžiai	118
vadinamoji	118
vadovaujamos	118
vadovaujamą	118
vaidmens	118
vakarinis	118
valdomos	118
vargonai	118
veikiant	118
veikiantis	118
vertimas	118
vfr	118
vidinis	118
vidinė	118
vidurupio	118
vieneto	118
vienų	118
viešoji	118
vikingų	118
vincentas	118
virtuvėje	118
vitaminų	118
vokiečiams	118
vykdomojo	118
vyrą	118
vystytis	118
windows	118
čekijos	118
įgaliojimai	118
įgaliojimus	118
įgula	118
įmones	118
įrankis	118
įrodė	118
įskaitoje	118
įspūdį	118
įtraukė	118
įvairus	118
įvykdyta	118
šalimis	118
šešias	118
šiauliai	118
šimto	118
širdis	118
šitaip	118
šiuolaikinio	118
šiuose	118
štabas	118
šventyklą	118
žanrų	118
žemas	118
žemyne	118
ženklais	118
žinomiausių	118
žinomą	118
žiūrėti	118
žvaigžde	118
administraciniai	117
agentas	117
aiški	117
akcinės	117
akimis	117
aktyvumas	117
alfonsas	117
amatai	117
ankščiau	117
antikos	117
antrame	117
apatinėje	117
apačia	117
apdovanojimuose	117
apeigas	117
apeigų	117
apibrėžia	117
aplinkybių	117
apsupta	117
aptinkamas	117
architektūrą	117
arkivyskupas	117
artistas	117
asistentu	117
asmeninių	117
asmenybė	117
aspirantūroje	117
astronomas	117
atakos	117
ateitininkų	117
atgauti	117
atitikmuo	117
atkeliavo	117
atliekamos	117
atminimui	117
atmosfera	117
atsakė	117
atsargą	117
atskirtas	117
atvaizdas	117
atėjus	117
atšakos	117
audito	117
augina	117
augino	117
aukštaičių	117
aukštupio	117
austrijoje	117
automobiliu	117
autonomiją	117
avalynės	117
avių	117
ašies	117
aštuonmetė	117
baigusi	117
balsai	117
balsą	117
bangas	117
baudžiamojo	117
bausmę	117
bazių	117
bendraautoris	117
bendradarbiavimą	117
bendravimo	117
bendru	117
bendruomenei	117
bendrų	117
bokštą	117
bosnijos	117
britanija	117
broliui	117
bronius	117
budizmas	117
buv	117
byloja	117
chemikas	117
cheminė	117
chorai	117
chorais	117
cinko	117
dainininkų	117
dalinius	117
dažnis	117
dekoratyvinių	117
demokratinė	117
dešimtmečiais	117
didikai	117
didvyris	117
didžiulis	117
didžiulį	117
dievus	117
dievybės	117
dinozaurų	117
diskusijų	117
drebėjimas	117
duetas	117
dujas	117
dviejuose	117
dėmių	117
eilutės	117
ekonomijos	117
elgtis	117
emigrantų	117
estijoje	117
etiopijos	117
faraonas	117
farmacijos	117
festivalių	117
finalo	117
finansinės	117
formatu	117
formulę	117
fragmentai	117
frontas	117
gaisras	117
galaktika	117
galiojo	117
galu	117
garsi	117
gauta	117
gelbėjimo	117
gelsvi	117
genų	117
gerbėjų	117
giesmės	117
ginkluoti	117
gitaros	117
globėjas	117
granito	117
grublėtos	117
grybas	117
grąžintas	117
gyvi	117
gyvulininkystė	117
gyvulininkystės	117
gyvulius	117
gyvūnams	117
gyvūno	117
hercogas	117
html	117
ideologija	117
ilgiausia	117
individai	117
inžinieriumi	117
ip	117
islamas	117
istoriko	117
istoriniai	117
it	117
iškasenų	117
iškelta	117
išleidžia	117
išorinio	117
išplėsti	117
išrado	117
išskiriami	117
išskiriamos	117
ištakų	117
išvakarėse	117
išvežtas	117
jaunučių	117
judėjimų	117
juodaodžių	117
juodosios	117
jūrose	117
kalifornijos	117
kalnagūbrio	117
kanalai	117
kantonas	117
kapinaitės	117
karalystei	117
karalysčių	117
karininko	117
karpinių	117
katės	117
kautis	117
keliasdešimt	117
keliems	117
ketverius	117
kiaulės	117
kietas	117
kitokia	117
klanas	117
klebonija	117
kodą	117
koeficientas	117
kokių	117
kolegijoje	117
kolekciją	117
kolonijose	117
kolonistai	117
komisaras	117
kompiuteriai	117
kompleksą	117
komponentų	117
komunos	117
koncerto	117
konstravimo	117
konstruktorių	117
kontekste	117
kotas	117
krikščionybė	117
kritikai	117
kroatų	117
kronikoje	117
kronikos	117
krūvį	117
kuopa	117
kuriamos	117
kvapą	117
kvartalas	117
kūgio	117
laikotarpiais	117
laimėjusi	117
laisvos	117
laisvosios	117
laiškas	117
laišką	117
laiškų	117
laureatai	117
lenk	117
lentelėje	117
lietuvius	117
likti	117
likusių	117
lokiai	117
lyderio	117
lygumose	117
lytinės	117
maitinasi	117
maksimalus	117
manymu	117
manyti	117
maroko	117
masto	117
matomos	117
mažumos	117
medalių	117
melsvai	117
membranos	117
metė	117
mikalojus	117
minties	117
minutę	117
misiją	117
mokestį	117
mokesčiai	117
mokesčio	117
moralės	117
muzikiniame	117
muzikinę	117
muzikinį	117
mėlyname	117
naudai	117
naudodavo	117
naudotos	117
naujam	117
naujųjų	117
nebebuvo	117
nebūna	117
nedidelio	117
neilgai	117
nominuota	117
nugriauta	117
nukreipti	117
numatytas	117
numatė	117
nuosekliai	117
nusikaltimus	117
nusprendžia	117
nuvyko	117
objektu	117
oficialios	117
orbita	117
organizacijomis	117
organizacijose	117
organizmai	117
organizmą	117
orkestrą	117
padaliniai	117
padarytas	117
padedamas	117
padedant	117
pajėgoms	117
pakrantes	117
pakrantė	117
pakraščiai	117
palivarkas	117
palmių	117
pamaldas	117
paminklus	117
panašų	117
paprotys	117
papročiai	117
paragvajaus	117
pardavimų	117
parduotuvių	117
pareigybė	117
paremti	117
partneris	117
pasakų	117
pasibaigė	117
pasiekimai	117
pasiekta	117
pasipriešinimą	117
pasirodyti	117
pasitraukus	117
pasiūlymą	117
paskutinę	117
pastačius	117
pateiktus	117
patinas	117
paulius	117
pavadinimais	117
pavadintos	117
paveikslai	117
paveikti	117
pašventinta	117
pažeidimų	117
pergales	117
peri	117
peterburge	117
piešimo	117
pilki	117
pilotai	117
pilotų	117
pirkti	117
pirmiausiai	117
planavo	117
planų	117
plaukais	117
plėtėsi	117
poetų	117
pokyčius	117
politikų	117
popiežių	117
poras	117
posėdis	117
potvynių	117
pradinių	117
praeina	117
praeityje	117
praktiką	117
prašymu	117
prašė	117
prijungtos	117
principo	117
priskirta	117
privati	117
priversta	117
prižiūri	117
profesinių	117
profsąjungos	117
projektuose	117
prorektorius	117
provincijose	117
pulti	117
pupinių	117
puslapių	117
raitelių	117
rangą	117
raštai	117
raštingumas	117
raštuose	117
reguliuoti	117
reikalingos	117
reikšmių	117
religinis	117
remdamasis	117
rengiamas	117
respublikinėse	117
riboja	117
ribojosi	117
rimtai	117
rusiją	117
rytą	117
ryšiais	117
samprata	117
sandarą	117
santykinai	117
savininko	117
sc	117
sekundžių	117
seminarus	117
seniūnijų	117
sentikių	117
serbai	117
sidabrinis	117
silpnai	117
sistemoms	117
siūloma	117
skelbti	117
skonis	117
skrydžių	117
skydą	117
slavai	117
slėniai	117
slėnių	117
smegenys	117
sparnais	117
spausdino	117
speciali	117
specialiosios	117
sportininkas	117
stambios	117
standartus	117
starto	117
stengiamasi	117
straipsnio	117
styginių	117
suaugę	117
sudaroma	117
sudarydavo	117
sudarymo	117
sueities	117
sukurtą	117
sulčių	117
sumažintas	117
suomijoje	117
surinkta	117
susidaryti	117
susijungus	117
sutartys	117
sutelkti	117
sutinkamas	117
sutinkami	117
sutrikimai	117
svarų	117
sveikata	117
sąjungininkai	117
sąlygoja	117
taikymas	117
takų	117
taptų	117
tariant	117
tarmės	117
tarnybų	117
tarptautiniai	117
tarptautinius	117
taryboje	117
tautinė	117
tašku	117
teatrai	117
techninio	117
teisingumą	117
teisėmis	117
televiziją	117
temperatūrai	117
tikima	117
tikroje	117
tikrovės	117
tokiose	117
tokiuose	117
tose	117
traukia	117
treniruočių	117
trims	117
trūko	117
trūksta	117
tuometinės	117
turbūt	117
turgaus	117
tvarkė	117
tvirtai	117
tyrimais	117
tyrinėjimai	117
tyrinėti	117
tyrinėtojai	117
ugnį	117
uogų	117
upelį	117
upes	117
upėje	117
upėms	117
utc	117
užgrobė	117
užkariauti	117
užrašytas	117
užrašė	117
užsienį	117
užėmusi	117
vaidinti	117
vaisiakūniai	117
vaistai	117
valdžiusi	117
valios	117
varžėsi	117
vasara	117
veikęs	117
vertinami	117
vidurkis	117
vienetą	117
vienija	117
vienuolyne	117
viešųjų	117
virškinimo	117
viršus	117
viršūnių	117
vokietis	117
vyriausioji	117
vystymo	117
vystymąsi	117
įsigaliojo	117
įteisinta	117
įtvirtinimų	117
įtvirtino	117
įtvirtinta	117
įvairiausių	117
įvykęs	117
įėjimo	117
šlovės	117
ūkas	117
žaidimuose	117
žaidžiamas	117
žarnyno	117
žemesnis	117
ženklo	117
žinojo	117
žlugus	117
žvaigždę	117
žvyro	117
žygius	117
ac	116
administratoriumi	116
adomas	116
adresas	116
aibės	116
aidas	116
aids	116
airijoje	116
aklųjų	116
aktorės	116
albanijos	116
albertas	116
amžiumi	116
ankstyvosios	116
apačią	116
apgyvendino	116
apibrėžimas	116
apibūdino	116
aplinkai	116
aplinkybės	116
apskritį	116
aptarnauja	116
aptinkamos	116
apvali	116
apvalus	116
apyvarta	116
archeologų	116
arealas	116
arklius	116
armėnijos	116
asmeniškai	116
aspirantūrą	116
at	116
ateina	116
atgavus	116
atlikimo	116
atlikėjo	116
atmintis	116
atradimo	116
atsakingasis	116
atsiradus	116
atstovais	116
atstumo	116
atstumą	116
atvirai	116
atvykę	116
audimo	116
audros	116
augalams	116
aukštesnė	116
aukštumų	116
autonomijos	116
avys	116
azerbaidžano	116
baltarusija	116
baltomis	116
bankai	116
bendravo	116
billboard	116
birštono	116
biržos	116
biure	116
bk	116
blogio	116
brolius	116
bruožus	116
butų	116
cecho	116
chormeisterė	116
civilių	116
cukranendrės	116
dabartiniame	116
daikto	116
dainomis	116
dalelė	116
dantis	116
daromi	116
dauginimosi	116
daugumai	116
dekoratyvinis	116
dekoratyvinės	116
delegacijos	116
demografija	116
derliaus	116
didieji	116
didinti	116
didžiausio	116
dienraščio	116
dievybė	116
dirbtinis	116
diską	116
dizainas	116
domėtis	116
drabužiai	116
drabužiais	116
dramblio	116
drugių	116
druskų	116
drėgnose	116
dukterys	116
dvaruose	116
dvasininkų	116
dykumų	116
dėdė	116
dėmelėmis	116
dėstytojų	116
egipte	116
egzaminų	116
eigoje	116
eismo	116
ekonominį	116
elektrėnų	116
elemento	116
elementą	116
esančias	116
esė	116
etmonas	116
faktas	116
fakultetuose	116
fazės	116
filmams	116
fizinis	116
fizinės	116
fm	116
formatas	116
fortas	116
futbolą	116
galai	116
galias	116
galimi	116
galą	116
galės	116
galūnių	116
gamintas	116
gardino	116
gautų	116
geležinių	116
geležtės	116
geriausi	116
gerti	116
giesmė	116
globojo	116
gotikos	116
gravitacijos	116
grožinės	116
grąžino	116
grūdai	116
gydymas	116
gynimo	116
gynėjo	116
gyvatė	116
gyventa	116
gyvenusi	116
gyvūnais	116
hidroelektrinės	116
hitu	116
ilgais	116
imperatoriai	116
infrastruktūra	116
inicijavo	116
inspekcijos	116
instruktorius	116
internetu	116
istorinę	116
išeivijos	116
išgaunama	116
išgaunamas	116
išgirsti	116
išgyventi	116
iškelti	116
iškilęs	116
iškrinta	116
išnyksta	116
išorinių	116
išplaukė	116
išsilaipino	116
išsiveržimas	116
išskyrė	116
išspausdinta	116
išteklius	116
ištremti	116
išvertus	116
išvijo	116
išvykti	116
jausmus	116
juodais	116
jėgomis	116
jūrinių	116
kabinetas	116
kailio	116
kaimyninių	116
kainas	116
kairiųjų	116
kalne	116
kalnu	116
kampanijos	116
kampą	116
kapelionas	116
karališkosios	116
karolio	116
karūnos	116
kaukolės	116
kaulinių	116
keitė	116
keliomis	116
kepurėlės	116
kiekvienai	116
kiekvienais	116
kinai	116
kine	116
kirvių	116
kirčio	116
klasikinio	116
klasikinių	116
klausimu	116
klebonavo	116
kokius	116
kolegiją	116
kolonijomis	116
kolumbijos	116
komitete	116
konferencijas	116
konfliktai	116
konfliktą	116
konvencija	116
kortos	116
korėjiečių	116
kovotojų	116
kreivė	116
krizę	116
kroatijos	116
krūmuose	116
krūvio	116
kultūriniu	116
kultūrinę	116
kviečių	116
kyšulys	116
kūrybai	116
laboratorija	116
laikina	116
laikinas	116
laikotarpyje	116
laikrodžio	116
laimėtojas	116
laisvųjų	116
laivams	116
langų	116
laukinių	116
ledynai	116
ledynas	116
ledyno	116
leidžiami	116
leistas	116
lentelė	116
lentos	116
licenciją	116
lietus	116
ligoninę	116
linijas	116
linų	116
liūtai	116
logikos	116
los	116
lygiuose	116
lygties	116
lygyje	116
lygų	116
ląstelėse	116
lėšas	116
maitina	116
marso	116
matomi	116
matė	116
mažųjų	116
medalis	116
mediciną	116
medžiotojų	116
mergaitės	116
metrai	116
metropolitenas	116
miego	116
migravo	116
milžiniškas	116
mindaugas	116
mirčių	116
mitas	116
mitybos	116
mišriuose	116
moksliniai	116
mokslui	116
momentas	116
monarchijos	116
motiną	116
mėnuo	116
mūšių	116
nacionaliniu	116
natūralių	116
nebe	116
neigiamai	116
nekilnojamojo	116
nepakankamai	116
nepasiekė	116
nepriklausomybė	116
nešioti	116
norą	116
nugalėtojai	116
nugara	116
nukreipta	116
nukreiptas	116
numatyti	116
nuolatinių	116
nuolatinės	116
nuotykių	116
nusipelniusio	116
nusižudė	116
nužudyta	116
opozicijos	116
organizuojamos	116
padalinio	116
padengti	116
padidina	116
pagrindinėje	116
pakanka	116
pakelėse	116
paleidimo	116
palikimas	116
palikuonių	116
panaikintos	116
papildomos	116
parodyta	116
partijoje	116
paruošti	116
pasekmė	116
pasekmės	116
pasidaro	116
pasiekiama	116
pasinaudoti	116
pasirinktas	116
pasirodydavo	116
pasirodymą	116
paskirtį	116
paskutinės	116
pastangos	116
pastarosios	116
pateikta	116
patiekalas	116
patinų	116
patirtis	116
patranka	116
patrankos	116
patvenkta	116
pav	116
pavaldumo	116
paveldas	116
pavesta	116
pavojus	116
paėjus	116
pašauktas	116
pažinti	116
pažymėtas	116
peilių	116
periodinės	116
persijos	116
pietinio	116
pietinių	116
piliakalnių	116
piramidė	116
pirminės	116
pirštų	116
plaukus	116
plunksnų	116
plynaukštėje	116
poetė	116
poreikis	116
posėdyje	116
posėdį	116
povandeninių	116
pozicijų	116
požymis	116
požymius	116
pradininku	116
praktikoje	116
pramonę	116
priemiestis	116
priežiūra	116
prigimtį	116
priimami	116
priimtu	116
prijungus	116
priklausęs	116
pritaikė	116
prižiūrėti	116
procentas	116
projektui	116
publikacijų	116
puerto	116
puolimo	116
puošia	116
puses	116
pušis	116
pušų	116
radiją	116
rago	116
raketa	116
ralio	116
ranką	116
rasė	116
ratu	116
rašymo	116
rašytojai	116
redaktoriumi	116
regioninio	116
registruotų	116
reikšmes	116
reiškėsi	116
reljefas	116
renkasi	116
retais	116
retų	116
režisierė	116
ribose	116
riešutai	116
rifų	116
rimantas	116
rinkai	116
rinkinio	116
rinktinei	116
rinktis	116
rio	116
rodė	116
romantizmo	116
rungtyniavo	116
ryškių	116
sakyti	116
santuoka	116
saugomu	116
saugomų	116
savininkų	116
savita	116
sekcijos	116
senamiestis	116
seni	116
senovinis	116
senumo	116
serga	116
siekdami	116
skautų	116
skirtis	116
skrieja	116
skyriui	116
slapyvardis	116
sluoksniuose	116
smuiko	116
smulkios	116
socialiniai	116
sodo	116
sodų	116
solistė	116
spalvomis	116
sparno	116
spaudimo	116
specialių	116
specialūs	116
spektakliuose	116
spektro	116
spinduliavimo	116
spindulys	116
stadijoje	116
statant	116
statomos	116
stipendiją	116
stipraus	116
stiprinti	116
stiprią	116
storas	116
strategija	116
strategijos	116
struktūras	116
studentas	116
studijoms	116
studijuoja	116
stygos	116
subjektas	116
subjektų	116
sudėtingų	116
sugalvojo	116
sultono	116
sumažino	116
sunkiojo	116
sunkus	116
surado	116
susidaręs	116
susiduria	116
susijungia	116
susiklostė	116
susirgo	116
susitarimas	116
susitinka	116
susivienijimas	116
suskilo	116
sutrumpintai	116
suvažiavimo	116
suvienyti	116
svetainėje	116
svečių	116
sėkmę	116
tankūs	116
tariamai	116
tarnauja	116
tarnyboje	116
tarptautiniu	116
tarybinės	116
tautas	116
tautoms	116
tautybių	116
technologiją	116
teisingas	116
teisinis	116
teisiškai	116
teismui	116
teisėjai	116
temperatūrų	116
teoriškai	116
tf	116
tiems	116
tikslo	116
tinkle	116
tirianti	116
titnago	116
tradiciniai	116
tradicinė	116
traukinių	116
trečiąjį	116
trikampis	116
trikampė	116
trumpų	116
trūkumo	116
tuometinio	116
turgus	116
turint	116
tvenkinių	116
tęsia	116
ugdymas	116
unija	116
uostu	116
urm	116
užrašas	116
užėmę	116
vadinamo	116
vadą	116
vaistinė	116
vaizdų	116
vakarinio	116
valia	116
valstybinius	116
vandeniui	116
vandenynu	116
vandenynuose	116
vartais	116
veikale	116
veikiančių	116
veikimas	116
vergai	116
verslas	116
vertina	116
vertinama	116
vertino	116
viceministras	116
vienerių	116
vienijanti	116
vieningos	116
vienybės	116
vietoves	116
vilnos	116
visagino	116
vulkaninės	116
vykdomoji	116
vykdomos	116
vyks	116
vyresnių	116
vyrus	116
vyskupų	116
vystyti	116
vėliavoje	116
čikagos	116
čilės	116
ėjimas	116
įgyvendina	116
įgūdžių	116
įkvėpė	116
įmonėje	116
įpėdiniu	116
įrašus	116
įrenginius	116
įtampą	116
įtvirtinti	116
įvarčių	116
šeimas	116
šimtmečius	116
šlaito	116
švėkšnos	116
ūgis	116
žemėmis	116
židinio	116
žiestos	116
žievės	116
žingsnis	116
žino	116
žolė	116
abiejose	115
administracinė	115
aiškina	115
akademikas	115
akademinio	115
akcijas	115
akmeninis	115
aktus	115
aktyvi	115
aktyvumo	115
akį	115
alfa	115
amatininkų	115
amerikiečiai	115
angliavandenių	115
antrąja	115
anūkas	115
apatinis	115
apatinės	115
apaugusios	115
apeigos	115
aprašoma	115
aprašomas	115
apsaugai	115
apygardas	115
apžiūrose	115
arkangelo	115
artimos	115
artėjant	115
arvydas	115
asmeninės	115
asmenvardžio	115
ataka	115
atgaivinti	115
atidarymo	115
atmintį	115
atsakomybė	115
atsiminimų	115
atsiradęs	115
atskleisti	115
atstatė	115
atvira	115
augalijos	115
augant	115
auka	115
aukas	115
auksą	115
aukščiausio	115
autobusai	115
baigiant	115
baltu	115
baltus	115
bandymus	115
baudžiamoji	115
baudžiavos	115
bausme	115
blogai	115
bmw	115
broliais	115
brūkšniuotos	115
būklės	115
būsenoje	115
būsimasis	115
būtybė	115
charakteristikos	115
dainininkės	115
daleles	115
daliniais	115
daliniuose	115
dalinys	115
dalyvaujant	115
dangos	115
dangus	115
darbininkas	115
darželis	115
datuojami	115
dauginasi	115
debesis	115
dedama	115
dekanatas	115
deltą	115
devynių	115
didžiulės	115
dievybių	115
dioksido	115
dirbdamas	115
dirbtinai	115
diriguoti	115
dirvos	115
dominikonų	115
draugu	115
drėgmės	115
duobės	115
durpių	115
dvarus	115
dvasininkai	115
dvasinės	115
dydžių	115
dėmė	115
dūmų	115
efektą	115
eglė	115
eglės	115
eiles	115
eilėmis	115
ekonomistė	115
ekspertų	115
eksportas	115
elektrinių	115
elektrinę	115
elektronai	115
elena	115
elniai	115
fabrike	115
faktai	115
fazė	115
filosofijoje	115
fortą	115
fosforo	115
frontą	115
gama	115
gamyklą	115
garsių	115
garsūs	115
gastroliavo	115
gatvėse	115
giliau	115
gilumą	115
girininkijos	115
gotų	115
grafystėje	115
greitas	115
grupuotės	115
grėsmė	115
guberniją	115
gvardijos	115
gynybai	115
gyvai	115
gyvavusi	115
gyvuliai	115
gyvų	115
gėrimo	115
haris	115
hercogo	115
himno	115
idėjomis	115
ilgametis	115
ilgesnis	115
instrumentais	115
intakų	115
invazijos	115
irena	115
istorijai	115
išeivių	115
išgelbėjo	115
išlikusios	115
išmokti	115
išraiškos	115
išrinktos	115
išsilavinimo	115
išsivadavimo	115
išsivysto	115
išspausdintas	115
išugdė	115
išvados	115
išvežti	115
japonai	115
jauniausias	115
jaunuolių	115
jaučiamas	115
judėjimai	115
jungianti	115
juodoji	115
juostas	115
juostomis	115
jūs	115
kabineto	115
kaimelis	115
kalendoriaus	115
kaliniai	115
kalėjimas	115
kamuolį	115
kanauninkas	115
kapines	115
kapitalas	115
kariams	115
katedrai	115
kaukazo	115
kažkas	115
kiaulių	115
kiekiai	115
kilus	115
kirto	115
kitokio	115
klaipėda	115
klinikos	115
klipe	115
koaliciją	115
koledžą	115
kolekcijos	115
komedijos	115
komercinis	115
komiksų	115
kompiuterį	115
koncertuoja	115
kontaktų	115
kontinentinis	115
koplyčioje	115
kritika	115
krypčių	115
kultūrose	115
kunigavo	115
kursas	115
kūriniais	115
lageriuose	115
lagūna	115
laikraščius	115
laikytas	115
laipsnius	115
laisva	115
laisvalaikio	115
laisvuose	115
laisvą	115
laivybos	115
lektorius	115
lenkiškai	115
ligonių	115
likus	115
likęs	115
linijomis	115
linux	115
lydėjo	115
lygūs	115
ląstelė	115
makedonijos	115
malajų	115
mane	115
manyta	115
maršalas	115
masių	115
matematiką	115
matosi	115
matuoti	115
mažiausia	115
mažėjo	115
medžius	115
meistriškumo	115
menininkas	115
meninės	115
metodo	115
minsko	115
minų	115
mirtingumas	115
mokiniams	115
momento	115
mus	115
nagrinėti	115
naudinga	115
nebėra	115
neigiamas	115
neigiamą	115
nepasitenkinimą	115
nesutiko	115
nešiojo	115
niekad	115
nk	115
nm	115
novelių	115
nugalėjęs	115
nugriauti	115
numato	115
numerį	115
nuotaikos	115
nuotolis	115
obuolių	115
oficialių	115
okupuotos	115
operaciją	115
orbitą	115
organizacijoms	115
pabrėžė	115
padaugėjo	115
padengta	115
padėjėju	115
pakeistos	115
palūkanų	115
pamokas	115
panaikinus	115
panašią	115
papildoma	115
papuošalai	115
parapijose	115
parašytos	115
pareigose	115
partnerių	115
pasakojimas	115
pasauliu	115
pasiekimas	115
pasikvietė	115
pasiliko	115
pasirašytas	115
pasireiškė	115
pasirinkimas	115
pasirodymų	115
pasistatė	115
pasiųstas	115
paskutiniai	115
pastaruosius	115
pastebimas	115
pastovus	115
pataisos	115
pateiktas	115
patikrinti	115
patiria	115
patrankų	115
pavasaris	115
pavedė	115
paveldėjimo	115
paversta	115
pavyzdį	115
peilis	115
periodiškai	115
perleido	115
personalo	115
personažų	115
pienas	115
pievų	115
pilna	115
pilną	115
pilvas	115
pinigais	115
pirmenybėse	115
pirminis	115
pirmtakas	115
platumos	115
platūs	115
platų	115
plačios	115
plokščia	115
plonas	115
pluoštas	115
plynaukštė	115
plėsti	115
poema	115
poklasio	115
poromis	115
posto	115
požiūrio	115
pradedama	115
pradedamas	115
praleisti	115
pranciškus	115
prancūziškai	115
pranešta	115
prastai	115
prašymą	115
prekybinis	115
prezidentui	115
pridedant	115
priedas	115
prielaida	115
prieskonių	115
priešininkų	115
priešus	115
priešą	115
priežastimi	115
pripažinimą	115
privatinės	115
privačios	115
prodiusavo	115
progimnazijoje	115
prokuroras	115
protokolas	115
prozos	115
pulkininko	115
punsko	115
pėdų	115
raide	115
rankena	115
rankoje	115
raštus	115
reakcijų	115
registrą	115
reino	115
reiškinio	115
rekomenduojama	115
rekonstrukcija	115
rekordas	115
reliatyvumo	115
religinio	115
religinę	115
reljefo	115
remiamas	115
renginys	115
rezultatą	115
režimui	115
rinktinių	115
robert	115
robertas	115
roplių	115
rp	115
ryški	115
rūšį	115
salomis	115
santvarkos	115
saugomos	115
saulius	115
sausa	115
savivaldą	115
seimas	115
sekundės	115
sekėsi	115
senovinių	115
septynmetę	115
sergant	115
sidabrinė	115
sienelės	115
silpna	115
skaičiuojant	115
skaičiuoti	115
skambėjo	115
skirdavo	115
skirtus	115
skleidžia	115
slaptuose	115
slaptą	115
smiltainio	115
sode	115
sovietmečiu	115
sparnus	115
specialius	115
sprendžiant	115
spėjo	115
staklių	115
standartų	115
statistika	115
statoma	115
stebėjo	115
stovyklas	115
stovyklose	115
sudarytą	115
sudeginti	115
sudėtingos	115
sudėtinė	115
sukaupta	115
sukilėliai	115
sukrauti	115
sultonatas	115
sunkios	115
suremontavo	115
surinkimo	115
susidarymo	115
susirinkimą	115
susitarė	115
sustabdyta	115
sutapo	115
sutartyje	115
suteikiama	115
sutikti	115
sutrinka	115
sutriuškino	115
suvokti	115
svarba	115
svarbos	115
svetainės	115
sąmoningai	115
sąsiaurį	115
sėklas	115
taikomos	115
talpos	115
tamilų	115
tamsios	115
tankio	115
tarme	115
tarmių	115
tarybinėje	115
taurėse	115
tautai	115
teigti	115
teikiama	115
teisinga	115
teisingai	115
teisynas	115
teorijas	115
terasos	115
terminai	115
terminu	115
tiesos	115
tinkama	115
tinkamos	115
traumos	115
trečdalį	115
trąšų	115
turime	115
turintį	115
turistinis	115
turtus	115
turtų	115
turėjusi	115
tvirtas	115
universitetu	115
unix	115
uodegą	115
upeliai	115
uždavinių	115
uždavinys	115
uždegimas	115
uždirbo	115
uždrausti	115
užkariavimo	115
užrašyta	115
užsiimti	115
vadinamieji	115
vadinamosios	115
vadovėlį	115
valdovės	115
valdybą	115
valgykla	115
valstiečiams	115
valstybine	115
valymo	115
vartotojams	115
varšuvoje	115
vedėjo	115
veikalus	115
vertikaliai	115
vertimo	115
viensėdis	115
vietinis	115
vietovę	115
viešbutis	115
vikaru	115
vikipedijoje	115
viršutiniame	115
visgi	115
vladimiras	115
vyskupija	115
vyskupui	115
vystoma	115
vėlesnių	115
vį	115
ypatumai	115
ąžuolų	115
čiuožimo	115
įgyvendinimo	115
įkūrus	115
įvertintas	115
įvykdytas	115
šaknies	115
šakotas	115
šaltiniais	115
šaltiniu	115
šaltinį	115
šioms	115
šokis	115
šoko	115
švedai	115
švelnus	115
švietimas	115
ūkinės	115
žaidynes	115
žaidęs	115
žaliava	115
žaliavos	115
žaliavų	115
žalą	115
žemdirbių	115
žemumoje	115
žiedu	115
žinoti	115
žmonai	115
žodyną	115
žoliniai	115
žydus	115
žygis	115
žymūs	115
žūties	115
aborigenų	114
absoliučiai	114
abėcėlė	114
administracinį	114
aerodromas	114
afc	114
aikštę	114
air	114
akmenis	114
aktyvių	114
alrk	114
ambasados	114
anga	114
angos	114
apginti	114
apgulties	114
apgyvendinti	114
apgyvendintos	114
apjuosta	114
aplanko	114
aplankyti	114
aprūpinti	114
apžvalga	114
archyvo	114
arena	114
aristokratų	114
arkivyskupijos	114
aspektus	114
astronomų	114
atgaivino	114
atitinkamos	114
atitinkamų	114
atkarpa	114
atkūrus	114
atolas	114
atrankoje	114
atsakomybę	114
atsargas	114
atsiradusi	114
atstovybės	114
atstovė	114
atvejus	114
atvirose	114
atėnų	114
audinius	114
auganti	114
auksinės	114
aukštosiose	114
aukštumose	114
aukštus	114
automobiliams	114
ašis	114
aštuonmetę	114
baigimo	114
baldai	114
balsavimo	114
baterijos	114
bažnyčias	114
belgijoje	114
bendrovėje	114
berberų	114
betono	114
beždžionių	114
bičių	114
bloko	114
bokštų	114
branduolinės	114
būdingą	114
būgnai	114
carinės	114
centriniame	114
centruose	114
centų	114
cerkvės	114
ciklai	114
daiktas	114
dainai	114
dainelės	114
dalinio	114
dalyvavimas	114
dalyvavimo	114
darbuotojams	114
darinių	114
darželiuose	114
dažų	114
deklaracija	114
demokratiją	114
derybos	114
dešimtmečių	114
dgs	114
didžiulė	114
dinastijų	114
dirbtuvių	114
direktorių	114
disciplina	114
dk	114
dunojaus	114
duobė	114
durys	114
dvarininkų	114
dvylikos	114
dūmai	114
džonas	114
efektyvus	114
eidavo	114
ekonomikoje	114
elnių	114
en	114
era	114
esančiu	114
etapus	114
fa	114
faktų	114
fermentų	114
filmu	114
filosofų	114
finansavimo	114
fizikoje	114
fiziologijos	114
fiziškai	114
flotilė	114
formavimosi	114
formomis	114
frakcija	114
frydrichas	114
futbolas	114
gabenti	114
galingas	114
gaminant	114
gamybinio	114
gaunamos	114
gausa	114
gavusi	114
gelsvos	114
geografinės	114
geri	114
geriausios	114
gerus	114
giminių	114
gimnazijose	114
gimę	114
gina	114
griežė	114
grobį	114
grynai	114
grąžinta	114
gto	114
gubernijai	114
guli	114
gyvenamasis	114
gyvenančios	114
herojų	114
hormonų	114
imtas	114
institucijas	114
istoriniuose	114
italiją	114
išgelbėti	114
išimtis	114
iškeltas	114
iškrito	114
išleidęs	114
išorinės	114
išsiaiškinti	114
išsiveržimo	114
išskiriama	114
išstumti	114
ištirti	114
išvadą	114
išversta	114
išvesti	114
išvystytas	114
išvystė	114
išvyti	114
iždo	114
jauniklių	114
javai	114
jonų	114
judesiai	114
judėjime	114
julius	114
junginio	114
jungtinėse	114
jungė	114
juodomis	114
jėgainė	114
jūrinis	114
kairioji	114
kalnagūbryje	114
kalnais	114
kalnuotas	114
kambario	114
kantatą	114
kantonai	114
kapitulos	114
kariauti	114
kariškių	114
karjeroje	114
kartas	114
karu	114
karvedys	114
karvės	114
karštas	114
karštos	114
kasos	114
kategorijas	114
kauną	114
kažkada	114
keistis	114
keletu	114
keturiais	114
kieta	114
kilusios	114
kirsti	114
kirtimo	114
klaidos	114
knygnešių	114
koalicija	114
kolonizacija	114
kompanijoje	114
komunistai	114
koncepciją	114
kone	114
konferencijų	114
korporacija	114
kortas	114
kortą	114
koto	114
krantuose	114
krauju	114
kraštus	114
kreidos	114
krymo	114
kukurūzų	114
kulkosvaidis	114
kultūriniai	114
kultūrinė	114
kultūriškai	114
kuras	114
kuršo	114
kvantinės	114
laiptai	114
laiškai	114
laiške	114
langai	114
laukia	114
ledas	114
legendą	114
leidinyje	114
lenkiją	114
lietuviškus	114
ligą	114
likimą	114
lokių	114
lotyniškai	114
lotyniško	114
lygiosiomis	114
lėčiau	114
mafijos	114
magnio	114
malonaus	114
manga	114
masinės	114
maskva	114
matas	114
mašinas	114
mažinti	114
mažosios	114
medaus	114
medicina	114
medį	114
meistrų	114
metas	114
metines	114
miglinių	114
milijoną	114
minkštas	114
minčių	114
minėtų	114
mokslinę	114
molis	114
moliuskų	114
moterimi	114
mūrinis	114
nacionaliniai	114
nagrinėjo	114
naktimis	114
natūrali	114
naujais	114
nelegaliai	114
nepriklausomų	114
nepripažino	114
nesutarimai	114
neturėtų	114
niekur	114
norima	114
nr	114
nukrenta	114
nuodingas	114
nuolatinė	114
nuotolio	114
nusileidžia	114
nusiuntė	114
okupacija	114
okupaciją	114
organizacijoje	114
ožkos	114
pabrėžia	114
padaro	114
padėdavo	114
pagarsėjo	114
pagrindais	114
pakilti	114
pakraipos	114
pakraščio	114
pakuočių	114
palikta	114
paliktas	114
palmės	114
pamatų	114
pamokos	114
panaudotos	114
panašias	114
paplitimas	114
parapijiečių	114
parduodami	114
parku	114
parodą	114
pasakos	114
pasauliui	114
pasekmių	114
pasiekimų	114
pasipriešinimas	114
pasirodymai	114
pasitraukęs	114
paskaitų	114
pastangas	114
pastaroji	114
pasuko	114
pateikiamos	114
pavojaus	114
pavojinga	114
pačias	114
pažastyse	114
pažymėjo	114
pedagoginės	114
pedagogų	114
peizažų	114
pelenų	114
pelės	114
penkerius	114
perduotos	114
periode	114
periodą	114
perrinktas	114
personifikacija	114
pervadino	114
ph	114
piliakalnyje	114
piratų	114
platinimo	114
platininiu	114
plačią	114
plokšteles	114
plokštumoje	114
plokštė	114
plotus	114
plėtė	114
poemos	114
poemą	114
poezija	114
populiariausia	114
porūšis	114
potvyniai	114
potvynio	114
pragyvenimo	114
pralaimėjus	114
prancūziją	114
pranešimą	114
pranešimų	114
prarasti	114
prasmės	114
premjeras	114
prieaugis	114
priekinės	114
priemiestyje	114
priešas	114
priešininko	114
prigijo	114
priklausantys	114
prisideda	114
prisidėti	114
privalomas	114
privatus	114
privilegija	114
privilegiją	114
produkciją	114
progimnaziją	114
protas	114
protonų	114
puola	114
pusiausvyros	114
pėdsakų	114
pėstininkai	114
ragų	114
raidai	114
raiškos	114
randa	114
raudonų	114
raštijos	114
redaktoriaus	114
regioninių	114
reglamentuoja	114
renkamos	114
rinkinyje	114
ritmas	114
rizika	114
rodikliai	114
rojaus	114
roma	114
romualdas	114
rusiškai	114
rytinių	114
rąstų	114
samanų	114
sanskrito	114
santykiams	114
santykiu	114
sausose	114
sausumoje	114
savivaldybei	114
scena	114
seime	114
sekretoriaus	114
sekundę	114
senesnių	114
senovinė	114
sent	114
seną	114
septynias	114
sesers	114
seserų	114
sibirą	114
siejami	114
siejasi	114
signalo	114
simbolį	114
simfoninio	114
simptomai	114
sintezės	114
siųsti	114
skaito	114
skaitykite	114
skausmą	114
skirtingo	114
skirtingomis	114
skliausteliuose	114
sklypą	114
skyla	114
sluoksnius	114
smuikininkas	114
sodybą	114
sodą	114
specialistė	114
specialią	114
specialiųjų	114
sprendžia	114
srauto	114
staigiai	114
statytas	114
stačias	114
stebimas	114
stoti	114
strategiją	114
subjektai	114
sudarant	114
sugrįžti	114
sumažina	114
sumos	114
sunkiųjų	114
suprantamas	114
susipažinti	114
suvalkų	114
suvokimo	114
sužinoti	114
svarbius	114
sveikatą	114
sąjungoje	114
sąlygojo	114
sąlygoms	114
sąsaja	114
sąsajos	114
sąvokų	114
sūris	114
takai	114
tapę	114
tariama	114
tarnautojų	114
tartu	114
tarybinių	114
technologas	114
teiginys	114
teisininkė	114
teisinio	114
teisėjo	114
teisėsaugos	114
teleskopas	114
teritorinis	114
tiekti	114
tiesti	114
tikslui	114
tiltu	114
tipus	114
tokiems	114
topų	114
tradicijomis	114
trauktis	114
trečdalis	114
trečiajame	114
trukdo	114
trukdė	114
turtingiausių	114
tvenkinį	114
tyrimą	114
ukraina	114
uogos	114
uždraustas	114
užduotį	114
užmegzti	114
užrašu	114
vabzdžius	114
vagos	114
vaidybos	114
vaiką	114
vaisiaus	114
vakare	114
valakų	114
valdininkų	114
valdovui	114
valdytojo	114
valgomi	114
valią	114
vandenis	114
vargonininkauti	114
varpas	114
varpą	114
vartotojai	114
vartotojas	114
varžosi	114
vdr	114
veiksmą	114
veisiasi	114
vengrijoje	114
vertingų	114
vertinti	114
verčia	114
vidus	114
vienetais	114
vieninteliai	114
vienintelį	114
vienodas	114
vienuolis	114
vietinio	114
vietnamo	114
vilhelmas	114
viršutinės	114
viršūnes	114
visišką	114
visuomene	114
vykstantis	114
vyną	114
vyresnioji	114
vyriausybėje	114
vyrui	114
vystymasis	114
vėjų	114
william	114
ypatingas	114
ypatingą	114
zonose	114
čempionatus	114
čempionatų	114
čigonų	114
įgaliotasis	114
įkapėmis	114
įlankų	114
įprastai	114
įrašytos	114
įsaku	114
įsitvirtinti	114
įteikė	114
įtikino	114
šiltas	114
šiluma	114
šilumą	114
šimtą	114
šokiai	114
šono	114
šovinių	114
šveicarija	114
šveicarų	114
šventasis	114
ūkiniai	114
žaidėjui	114
žaidžiama	114
žalgirio	114
žalvarinių	114
žalvario	114
žemumos	114
žemyninis	114
žemyną	114
žemėlapių	114
ženkliai	114
žiauriai	114
žiedus	114
žiedą	114
žinomo	114
žuvimis	114
žvirblinių	114
žydi	114
žygiai	114
žymaus	114
žymimi	114
administraciniu	113
adolfas	113
ai	113
aibė	113
aikštelėse	113
aikštelę	113
aiškino	113
aktyvios	113
aldona	113
alkoholinių	113
alėja	113
ameriką	113
amplitudė	113
anglija	113
antropologijos	113
apatinio	113
apibrėžtos	113
apimantis	113
aplinkybėmis	113
apsigynė	113
apskaičiavimai	113
apsupo	113
apvalios	113
arabijos	113
archeologija	113
architektai	113
archyvų	113
arealo	113
armijų	113
asmeninis	113
atakavo	113
atimti	113
atleido	113
atleisti	113
atomai	113
atominė	113
atpažinti	113
atr	113
atradimas	113
atranka	113
atsakas	113
atsakyti	113
atsiduria	113
atskirtos	113
atskirtų	113
atvykti	113
audra	113
auksinių	113
aukštesnės	113
automagistralės	113
automobiliais	113
autonominė	113
aviacija	113
aštuonias	113
aštuonmetėje	113
balto	113
balų	113
bananai	113
bandyta	113
bazilikos	113
berniukai	113
berniukas	113
biliardo	113
biologija	113
birutė	113
bokštu	113
bolivijos	113
bosistas	113
branduolinio	113
branduolinių	113
brazilas	113
buveinė	113
buvusias	113
buvusius	113
byloje	113
būriui	113
būrius	113
būtinai	113
charles	113
chemija	113
chrysler	113
cilindro	113
civilinė	113
com	113
cukrus	113
dailininkai	113
daromos	113
debiutinio	113
debiutų	113
deimantų	113
dekoratyviniai	113
delta	113
demokratinio	113
departamentų	113
derlių	113
dešimtis	113
dialektas	113
dialektu	113
didesniu	113
didumo	113
didėjant	113
didžiojoje	113
dienai	113
dievais	113
dirbtinio	113
dirigentų	113
dizainą	113
doktrina	113
dokumento	113
draugystės	113
drebėjimo	113
dugnas	113
dukterinė	113
duotas	113
dvigubą	113
dėsniai	113
dėsnius	113
dėstytojai	113
efektyvumas	113
eglių	113
egzistavimas	113
eilučių	113
eilėraščiai	113
eksploatuoti	113
elektra	113
elektrikas	113
elektrinio	113
elektrinis	113
emblema	113
energetikas	113
epochoje	113
erozijos	113
ertmės	113
esmę	113
etc	113
europa	113
fanų	113
finansinę	113
fiziką	113
formato	113
fotografija	113
fragmentas	113
fragmentų	113
galimą	113
galingą	113
galintis	113
galvijus	113
gambitas	113
gamyklų	113
ganėtinai	113
geba	113
geležinkeliai	113
gelsvas	113
gelžbetonio	113
generolų	113
gentims	113
gimdymo	113
gimtoji	113
ginklu	113
ginkluotas	113
ginkluotę	113
girininkija	113
gliukozės	113
gražiai	113
gražus	113
grindžiama	113
grunto	113
gt	113
gumos	113
gynybinės	113
gyvačių	113
gyvenimu	113
gyvo	113
gyvybei	113
gyvybė	113
helio	113
heraldikoje	113
hercegovinos	113
hercogystė	113
ideologijos	113
ietis	113
ilgam	113
ilgesnės	113
imtynių	113
indija	113
iniciatorių	113
institucijose	113
interesai	113
interesams	113
io	113
irano	113
istorinius	113
išgyvena	113
išlikti	113
išoriniu	113
išorėje	113
išpopuliarino	113
išreiškia	113
išryškėjo	113
išsikėlė	113
ištiko	113
ištremta	113
ištrėmė	113
išvesta	113
išvis	113
iždininkas	113
jaunimas	113
junginius	113
juodą	113
juozapo	113
kaklas	113
kaktusinių	113
kalavijas	113
kalbantys	113
kalnakasybos	113
kamaz	113
kambarys	113
kambarį	113
kamera	113
kampanija	113
kampaniją	113
kampo	113
kanada	113
kanalus	113
kantono	113
karine	113
kariškiai	113
kart	113
kaupiasi	113
kekėse	113
keliones	113
ketino	113
keturiomis	113
ketvirtį	113
kiaušiniški	113
kilometrai	113
kirvis	113
kitoks	113
klanų	113
klasifikaciją	113
klasikinė	113
kliento	113
klinikinės	113
klubus	113
koja	113
koledžo	113
kolektyvą	113
kolonos	113
kombinatas	113
komisiją	113
komisijų	113
komjaunimo	113
kompetencijos	113
kompiuteriams	113
kompiuterinis	113
kompiuteriuose	113
komponentai	113
konkrečios	113
konstitucinė	113
konsulas	113
kontora	113
koordinuoja	113
kopija	113
kopos	113
korpuse	113
korpusą	113
kovojant	113
krateris	113
kreiptis	113
kristalų	113
kryžminio	113
krūtinė	113
krūvis	113
kubos	113
kunigus	113
kupė	113
kyšulio	113
kūrybinės	113
laike	113
laikraščiai	113
laikrodis	113
laikytos	113
laive	113
lakūnas	113
lankytojų	113
lapo	113
latviai	113
ledynmečio	113
liauka	113
licencija	113
liepa	113
lietuviais	113
lietuvininkų	113
ligi	113
likusius	113
lrt	113
lytiniai	113
lytinius	113
ma	113
magnetinis	113
mainais	113
maištą	113
mangano	113
marijampolėje	113
markės	113
martynas	113
masyvo	113
matematika	113
matuojamas	113
mažus	113
mažėti	113
medžiagoms	113
medžioti	113
medžiotojai	113
melodijos	113
membrana	113
memorialinis	113
menininkai	113
metalinis	113
metinių	113
metodika	113
metodiką	113
microsoft	113
miesteliu	113
migracija	113
milžinišką	113
minint	113
minkšta	113
mirusieji	113
mirusiojo	113
miręs	113
misijų	113
modeliavimo	113
moderni	113
mokinius	113
mokslininko	113
mokėjimo	113
montavimo	113
moteriai	113
motociklų	113
muzikinius	113
muzikinė	113
mylių	113
mėgėjai	113
mūšiai	113
na	113
naikintuvas	113
naudojimui	113
naudą	113
naująją	113
neaišku	113
nebeliko	113
nedideliais	113
nedidelėmis	113
neliko	113
nepatiko	113
nesiskiria	113
nesulaukė	113
netiesiogiai	113
netinka	113
nevėžio	113
neša	113
nešioja	113
nikolajus	113
noras	113
nufilmuotas	113
nulemia	113
nuostolius	113
nusipelnęs	113
nustatymo	113
nutarimą	113
nutiesta	113
nuversti	113
nužudymo	113
oficialia	113
okupacinės	113
ordinų	113
organizuojamas	113
organizuotas	113
pabandė	113
padalinti	113
padidinta	113
pagamintos	113
pagrobė	113
paieška	113
pakeitus	113
pakraštys	113
palikuonis	113
palydovai	113
palydovo	113
pamatus	113
paminklą	113
panašiu	113
papildo	113
papildomi	113
papildyti	113
paprastos	113
paprastą	113
parako	113
pardavimai	113
pasakojimų	113
pasekėjų	113
pasidalino	113
pasiekimus	113
pasipriešino	113
pasirinkimo	113
pasiuntinys	113
paskutinių	113
paslaptis	113
pastarieji	113
pastarųjų	113
pastebėta	113
patirtimi	113
paukščiais	113
pauliaus	113
pavaldūs	113
pavidalą	113
pavienių	113
pavojingas	113
pavyksta	113
pačiuose	113
pašlaitėje	113
pažeidimus	113
pažiūros	113
pc	113
pedagogai	113
pelnas	113
perduodama	113
persikelti	113
pietrytiniame	113
pilietinį	113
pilietybės	113
piliečiams	113
pilys	113
pirmajam	113
pirštais	113
pistoletas	113
planetą	113
planuoja	113
plastiko	113
platina	113
plačiu	113
plentu	113
plika	113
plokštelė	113
plokščias	113
plotų	113
plynaukštės	113
pogrindžio	113
pokalbių	113
politine	113
populiariausias	113
populiarių	113
posėdžio	113
prekiauti	113
prekiavo	113
prekybai	113
prezidentė	113
priemonę	113
prietaisai	113
prievarta	113
priešai	113
prieštarauja	113
priimtos	113
privatūs	113
privilegijas	113
priėmus	113
problemomis	113
procento	113
procesoriaus	113
procesorius	113
produktais	113
profesionalių	113
profesorių	113
profilio	113
programai	113
prokuratūros	113
protestantai	113
provincijomis	113
prozininkas	113
prūsai	113
pulką	113
puolimas	113
puolėjo	113
pėda	113
radijui	113
ragai	113
ragino	113
rankenos	113
raudonųjų	113
realaus	113
redakcija	113
redaktorių	113
regimasis	113
regioninės	113
reikalingą	113
reikalui	113
reiškinį	113
rentgeno	113
režisierių	113
rgb	113
rinkimas	113
rinkimo	113
riteriai	113
rodoma	113
ruošėsi	113
rutulio	113
ryte	113
rėmimo	113
rėmėjas	113
salelių	113
santykiuose	113
savaitraščio	113
savanoriu	113
savarankiškas	113
sekta	113
sekti	113
sektorių	113
senamiesčio	113
senelis	113
senelių	113
seniūnaitija	113
seniūnų	113
senąjį	113
serbentų	113
sezonų	113
sferos	113
signalas	113
signalus	113
signalą	113
signalų	113
silpnas	113
sintezė	113
siužetas	113
skaidulų	113
skausmas	113
skersai	113
skilimo	113
skirtinga	113
skirtingą	113
skleisti	113
skrenda	113
skrydis	113
skrydžiai	113
skrydžius	113
skysčių	113
slovakijos	113
smegenis	113
smuiku	113
smulkiai	113
sniegas	113
socialdemokratai	113
socialistinės	113
sodyboje	113
solistams	113
sostas	113
sovietinio	113
sparta	113
spausdinimo	113
specialiu	113
spektaklis	113
spektaklius	113
spinduliavimas	113
sportininkų	113
ssr	113
standarte	113
startavo	113
statistiniai	113
statomas	113
statybininkas	113
stebėtojų	113
stepių	113
stiebas	113
stiprių	113
stiprumo	113
subjekto	113
sudarantys	113
suderinti	113
suformulavo	113
sugebėjimus	113
sugrąžinti	113
sujungtų	113
sukonstravo	113
surašymą	113
susibūrė	113
susieti	113
susijusias	113
susitikti	113
sustojo	113
sutrukdė	113
suvokimas	113
suėmė	113
sušaudytas	113
svarbiausius	113
svetainė	113
svečiai	113
svėrė	113
sėkmingo	113
sėkmingą	113
taikant	113
tarkim	113
tarptautines	113
tarpą	113
tarybai	113
tautiniuose	113
tautomis	113
tautosaką	113
teikiamos	113
tekanti	113
tekstuose	113
tekėti	113
telekomunikacijų	113
temų	113
tendencijos	113
teoretikas	113
tešlos	113
tiesioginio	113
tiesioginis	113
tikimasi	113
tikromis	113
tinkamą	113
tipą	113
tobulinimo	113
tobulinti	113
tolygiai	113
totoriai	113
tradicinio	113
tradicinę	113
tramvajaus	113
transliuoti	113
treniravo	113
treniruotės	113
tresto	113
tropikuose	113
tropinis	113
trukmę	113
trumpais	113
trūkumų	113
tulžies	113
turnyrų	113
turtinga	113
turėdamas	113
turėję	113
tvirta	113
ugdyti	113
universitetui	113
uola	113
uoliena	113
urvuose	113
urvų	113
uždavinius	113
užduočių	113
vaclovas	113
vadinamąją	113
vadintis	113
vadovavimo	113
vadovavęs	113
vainikas	113
vaizdavo	113
vaizduojamos	113
vakarinių	113
valdovą	113
valdyboje	113
valdytoju	113
valgomas	113
valstybiniai	113
vamzdis	113
varikliais	113
vartotojui	113
važiuoti	113
veikiančios	113
veiksmažodžio	113
verslininkų	113
vertinimas	113
vidinę	113
vidurinių	113
vienerius	113
vieningą	113
vieninteliu	113
vienus	113
vienybę	113
vietiniais	113
viešbučių	113
vilkas	113
virtuvėse	113
viršelis	113
viršutinis	113
visatos	113
visuomeninio	113
vokalo	113
vykdytojas	113
vyskupijai	113
www	113
ypatingo	113
ypatingų	113
zonų	113
ąžuolai	113
čempionai	113
įjungta	113
įkalintas	113
įkūrėjo	113
įmonėms	113
įprastas	113
įregistruota	113
įrengimų	113
įsakymą	113
įsidarbino	113
įstatymais	113
įtaisas	113
įtakingiausių	113
įtvirtinimai	113
įtvirtintas	113
įvairove	113
įvairovę	113
įvedimo	113
įvertino	113
šalmas	113
šaltas	113
šalčio	113
šeimininkas	113
šešios	113
šeštasis	113
šiaurinių	113
širdį	113
šlaitu	113
šlaitų	113
šlovę	113
šriftu	113
šuns	113
šviesai	113
židinys	113
žievė	113
žirgas	113
žiūrovai	113
žodyno	113
žurnalisto	113
žurnalistė	113
žydams	113
žymėti	113
abiejuose	112
acto	112
akmeniniai	112
akte	112
aktore	112
aliejų	112
aneksavo	112
antpuolių	112
aparatai	112
aparatą	112
aparatų	112
apačios	112
apdovanojami	112
apdovanojimui	112
apibrėžiamas	112
apibrėžta	112
apkaltino	112
aplinkosaugos	112
aprašomi	112
apribotas	112
apsisaugoti	112
apylinkei	112
apylinkėje	112
architektūroje	112
artūras	112
arūnas	112
asmenybių	112
asociacijų	112
aspektai	112
asteroidas	112
asteroidų	112
atitinkamas	112
atkreipti	112
atostogų	112
atsisako	112
atsitraukė	112
atskleidžia	112
atspalvį	112
atstovu	112
augančių	112
auginimu	112
augusto	112
auksiniai	112
auką	112
aukštesnio	112
aukštesniąją	112
aukštumas	112
autonominės	112
baimė	112
baimės	112
balsavimu	112
balsva	112
baltasis	112
bangomis	112
banke	112
bazilika	112
bendradarbiavimas	112
beržų	112
bolivijoje	112
bomba	112
brolija	112
burną	112
buvimas	112
buvus	112
bėgimo	112
būklę	112
būriais	112
būtybių	112
charakterio	112
chromosomų	112
dabartiniai	112
dainininko	112
dainose	112
darželio	112
dažnių	112
degalų	112
degtinės	112
deguonis	112
departamentui	112
depresija	112
derinys	112
dialektų	112
didįjį	112
didžiąja	112
dirbant	112
disciplinas	112
divizionas	112
diviziono	112
doleris	112
draudimą	112
draudžiamos	112
draugo	112
drėgnuose	112
dugną	112
dvasininkas	112
dvasinio	112
dvasinę	112
dvasią	112
dviejose	112
dvigubas	112
dėsnį	112
dėti	112
efekto	112
egzaminą	112
eilių	112
ekipai	112
ekipoje	112
ekipą	112
ekonominiai	112
elektroninė	112
elektrono	112
epsa	112
erozija	112
estija	112
esu	112
etapai	112
etapų	112
faraono	112
festivalį	112
figūras	112
filmavimo	112
filosofai	112
finikiečių	112
finougrų	112
fondai	112
fotografijų	112
frontui	112
ftb	112
galerijoje	112
galerijos	112
galimos	112
galutinis	112
galvoje	112
gaminimo	112
gamintojo	112
garsaus	112
garų	112
gatve	112
gaudo	112
gauname	112
gausi	112
gavę	112
gebėjimas	112
geležis	112
geležtė	112
generaliniu	112
generolą	112
gentimis	112
gentį	112
geografinių	112
geologas	112
george	112
gerinti	112
gerovės	112
gieda	112
gilino	112
gilus	112
ginkluotų	112
girioje	112
gotikinė	112
graikiškai	112
gramatika	112
grandinę	112
greitkelis	112
gresia	112
gretas	112
griežti	112
griežtos	112
grožį	112
grupelėmis	112
gubernatoriumi	112
gydytojai	112
gyvenamojo	112
gyvenantis	112
gyvūnija	112
gėlės	112
herbu	112
hidroelektrinių	112
higienos	112
hitų	112
humoro	112
ieškoma	112
ilgesni	112
ilgu	112
iliustracijų	112
indas	112
indėlį	112
informacinės	112
iniciatyvinės	112
iniciatyvos	112
instancijos	112
institucijoms	112
institutai	112
institutų	112
intensyvumo	112
interesais	112
interpretacija	112
inžinierė	112
istorinį	112
italas	112
išradėjas	112
jaunystės	112
jausmas	112
jausmų	112
jaučia	112
jemeno	112
judėjimu	112
juodu	112
kaklą	112
kalbotyros	112
kalifornijoje	112
kalnuota	112
kalnyno	112
kambaryje	112
kanalais	112
kandidatūrą	112
kariniame	112
karinėje	112
kariuomenių	112
karvių	112
karšto	112
karūnuotas	112
karūną	112
katalikybę	112
katastrofos	112
kaulas	112
kažką	112
kelerius	112
kelioms	112
keltai	112
kepurė	112
kepurėlė	112
ketvirta	112
ketvirtojo	112
kiaušiniai	112
kiemas	112
kietos	112
klajokliai	112
klasifikacijos	112
klausytojų	112
kleboniją	112
klipo	112
kokias	112
kolonų	112
kolūkiui	112
komerciškai	112
komisijai	112
komunizmo	112
koncepcijos	112
koncertuoti	112
konferenciją	112
konkuruoti	112
konstitucinės	112
konvencijos	112
koordinatės	112
kop	112
koplytėlė	112
kopų	112
koralų	112
korupcija	112
kosovo	112
kraštovaizdis	112
krenta	112
krioklių	112
kristupas	112
kritimo	112
kronikose	112
kruopščiai	112
ktu	112
kudirkos	112
kultūriniame	112
kultūrinius	112
kunigaikštysčių	112
kunigaikštį	112
kunigą	112
kvartale	112
kėlimo	112
kėlėsi	112
kūnu	112
kūnus	112
lageryje	112
laidotuvių	112
laikmečio	112
laikomasi	112
laiptais	112
laivuose	112
legendinis	112
leidyba	112
leidėjų	112
leidžiantis	112
lenktynėms	112
lentelę	112
lietuvybės	112
ligoms	112
ligonis	112
likusią	112
likusį	112
literatūrinės	112
liuksemburgo	112
liūtų	112
ltv	112
luomo	112
lydekos	112
lygumą	112
lytinį	112
lytiškai	112
lėktuvu	112
lėšos	112
lūžio	112
maištas	112
marka	112
marmuro	112
mažais	112
mažuma	112
mechanizmai	112
medalio	112
melodija	112
metalai	112
metalurgija	112
miestams	112
miesteliuose	112
migrantų	112
mindaugo	112
ministrai	112
mintį	112
mokslu	112
mąstymas	112
mėgstamas	112
mėnesiams	112
mūrinės	112
nagais	112
naikintuvų	112
namie	112
naujovių	112
neabejotinai	112
neaiški	112
neatitinka	112
nebent	112
nebuvimas	112
negalėtų	112
nemokamas	112
neogotikos	112
nepriklausomi	112
neteisingai	112
neutronų	112
niekuo	112
nijolė	112
norvegijoje	112
nuliui	112
nuostata	112
nuostatomis	112
nuostatus	112
nusileidimo	112
nusipirkti	112
nustatytą	112
nuteisti	112
nutrauktas	112
nužudo	112
oficialų	112
okupacijai	112
okupacinė	112
okupuota	112
okupuotas	112
opozicija	112
orlaivių	112
ornamentais	112
pabrėžti	112
padalintos	112
padėjėja	112
padėtų	112
pagarbą	112
pagrįsti	112
pakeitimų	112
paketas	112
paklausa	112
pakviesti	112
paleista	112
pamatai	112
panašumų	112
paprastasis	112
paprasčiausiai	112
papėdėse	112
paradoksas	112
pardavinėti	112
pareiga	112
parengta	112
parodytas	112
paruoštas	112
pasiduoti	112
pasireikšti	112
pasirenka	112
pasirinkta	112
pasirodymus	112
pasitikėjimą	112
pasiūlytas	112
paskutiniame	112
pasmerkė	112
pastatais	112
pastebima	112
patiko	112
patirti	112
paukščio	112
pavarde	112
pavietas	112
pašarų	112
pažangos	112
pažeidžia	112
pedagoginis	112
pelną	112
penktas	112
perdavimą	112
perdirbimas	112
perduodamas	112
pergale	112
perorganizuota	112
persekiojimo	112
persekioti	112
perversmas	112
pečių	112
pietvakariniame	112
piešiniai	112
pirmenybių	112
pirmininką	112
pirštai	112
pjesės	112
planetoje	112
planuota	112
platinimą	112
plaukti	112
plačiausiai	112
plečiasi	112
plokštelę	112
plunksnomis	112
plėtojo	112
plėtrai	112
pogrupio	112
popiežiui	112
populiarinimo	112
poreikiams	112
portretai	112
poste	112
postus	112
povilo	112
pošeimiui	112
pralaimėjimą	112
pramonei	112
pramoninis	112
pramoninės	112
prasmė	112
pratęsė	112
pretenzijas	112
priedai	112
prielaidas	112
prielaidą	112
priešinga	112
priklausoma	112
priklausyti	112
priminė	112
princo	112
prireikus	112
prireikė	112
pristato	112
privataus	112
procesorių	112
prodiuseriu	112
profesinio	112
profesinė	112
profesionalaus	112
profesoriai	112
protesto	112
pulke	112
puošti	112
pupelės	112
pusfinalyje	112
pusiausvyrą	112
pušimis	112
pušys	112
pėdos	112
pūslės	112
radinius	112
rajoninių	112
ramybės	112
rasių	112
ratai	112
raudonu	112
rašmenimis	112
reakciją	112
redakcinės	112
reikalai	112
reikalingų	112
reikšmingas	112
reitinge	112
rekonstruoti	112
religiniai	112
remontas	112
represijų	112
reputaciją	112
respublikinio	112
respublikinėje	112
respublikonų	112
rnr	112
romane	112
rumunų	112
ruošti	112
rusvas	112
rusvos	112
ryga	112
rytinio	112
ryškūs	112
rėmėjų	112
salę	112
santrumpa	112
santvarka	112
santykio	112
saugojimo	112
sav	112
savitas	112
savivalda	112
scenarijus	112
sceną	112
schemą	112
seką	112
senovinės	112
septynios	112
serijų	112
serverio	112
sferoje	112
siauru	112
sibire	112
siekdama	112
siekianti	112
simbolizavo	112
simonas	112
sindromas	112
siuntė	112
siunčia	112
siūlomas	112
skaidulos	112
skaitykla	112
skausmo	112
skelbiama	112
skirstyti	112
skirtingu	112
skirtumus	112
sklinda	112
skraidyti	112
smuikui	112
smuko	112
smūgis	112
smūgį	112
snapas	112
socialinius	112
socialinį	112
sodininkystės	112
spaustuvėje	112
spaustuvės	112
spaustuvę	112
spd	112
specialaus	112
specialias	112
specifinis	112
spiečius	112
spindulio	112
spinduliuotės	112
spirito	112
sportinių	112
sprogimas	112
srautų	112
sritimis	112
stadija	112
stadijos	112
standartinis	112
standartą	112
steigė	112
steponas	112
stiliai	112
stipendija	112
stora	112
stotelė	112
stotyse	112
stovyklų	112
studentus	112
suaugusių	112
subtropinis	112
sudaromos	112
sudegintas	112
sudėtingą	112
sugeria	112
sukilimui	112
sukuriamas	112
sukūrimas	112
sunkių	112
suomija	112
susietas	112
susigrąžino	112
susisiekia	112
susitarimo	112
suskirstymo	112
sutinkama	112
sušaudyti	112
sužeisti	112
svarbia	112
sykį	112
sąjūdis	112
sąskaita	112
sąvadas	112
sėkmingiausių	112
takelis	112
teigiamai	112
teiginiai	112
teisinius	112
teritorijai	112
tiko	112
tikybos	112
tilžės	112
tinklus	112
tirpsta	112
titulai	112
titulų	112
tomai	112
tomas	112
trasą	112
traukiniai	112
treniruotėse	112
trečio	112
trijuose	112
trojos	112
tropinio	112
tropiniuose	112
trumpo	112
trupės	112
turtingas	112
tėvams	112
tėvus	112
tėvynės	112
tėvynę	112
ugnikalniai	112
ugnimi	112
urano	112
urbonas	112
us	112
užbaigti	112
uždarius	112
užfiksuota	112
užfiksuotas	112
užmezgė	112
užrašai	112
užėmęs	112
vadintos	112
vadovaujamų	112
vadovėlius	112
vaisingumo	112
vaistinių	112
vaivadijai	112
vaizduoti	112
vakarai	112
vakarais	112
vakarą	112
valdymui	112
valdytojai	112
valstiečius	112
vandentiekio	112
vargonininko	112
vargonininką	112
varis	112
varomas	112
vartojimą	112
vartojo	112
varža	112
važiuojant	112
vedybų	112
veidas	112
veiksnys	112
veikusios	112
versijas	112
verčiasi	112
vestuvės	112
vidurupyje	112
vieninga	112
vienodos	112
vientisą	112
vienuolynai	112
vietinę	112
vietovardžių	112
vietovėms	112
viršutinio	112
viršūnėse	112
visumą	112
visuotinai	112
visuotinio	112
visuotinį	112
vokalinio	112
vokietijai	112
vorų	112
vynuogės	112
vyresniojo	112
vyriausybių	112
vėlesni	112
vėliavų	112
ypatybės	112
zonas	112
įduba	112
įkūręs	112
įrenginio	112
įsipareigojo	112
įvaizdį	112
šakelių	112
šakose	112
šalininkas	112
šeimininko	112
šelpti	112
šiaurėn	112
šiltnamio	112
šiluminė	112
šoka	112
šoninės	112
šonus	112
šturmo	112
šumerų	112
šventykloje	112
švyturys	112
šūkis	112
žema	112
žemaitijoje	112
žemesnė	112
žemo	112
žemynų	112
žiema	112
žiemoja	112
žieve	112
žinia	112
žymūno	112
akcinė	111
akimi	111
akivaizdžiai	111
aktoriumi	111
aktu	111
aktyvistų	111
aktyvų	111
akvariumuose	111
alternatyva	111
alų	111
alžyro	111
amerikietis	111
aminorūgščių	111
antenos	111
antgaliai	111
antgalių	111
antstolių	111
apibrėžiami	111
apibrėžtas	111
apibūdinama	111
apklausos	111
apleista	111
apleistas	111
apriboti	111
aprūpinimo	111
apsiginti	111
apsilankė	111
apskritimi	111
apygardą	111
apykaitos	111
apyrankių	111
architektė	111
argumentas	111
arka	111
arkivyskupo	111
atiduota	111
atitiktų	111
atitinkamą	111
atitinkantis	111
atitirpsta	111
atlikęs	111
atneša	111
atramos	111
atsakingi	111
atsakymas	111
atsikratyti	111
atskirais	111
atstovams	111
augančios	111
auksu	111
aukščiausioji	111
australija	111
avarijos	111
aštuoni	111
aštuonis	111
balsu	111
baltosios	111
bandant	111
bankininkystės	111
baptistų	111
bendrovei	111
bendruomenes	111
bendruomenėje	111
bijojo	111
bitės	111
black	111
blokas	111
bosas	111
bute	111
būklė	111
centrus	111
cerkvę	111
charakteristika	111
dainoje	111
dalijasi	111
dalyvė	111
danija	111
danijoje	111
darbdavių	111
darbuotojus	111
darius	111
daromas	111
daugiametės	111
daugiamečiai	111
dažai	111
dažnos	111
dedami	111
deltoje	111
demografiją	111
departamentą	111
derlingos	111
derlius	111
detales	111
dešimtys	111
didesnius	111
didžiajam	111
dioksidas	111
dirbinius	111
direkcija	111
dirvoje	111
dirvožemiai	111
dirvožemyje	111
dirvą	111
draugijoje	111
dukteris	111
duobių	111
dvarininkas	111
dvasinė	111
dvasių	111
dvejas	111
dėstytoju	111
dėvėjo	111
džiunglių	111
efektyvumą	111
ekologijos	111
ekonomines	111
ekspedicijas	111
eksperimentinės	111
eksperimentų	111
eksportuojama	111
ekspozicijos	111
elektroninių	111
enciklopedijų	111
epocha	111
erelio	111
ertmė	111
estuariją	111
evoliucija	111
fabriką	111
faktorių	111
fasado	111
federaciją	111
festivaliai	111
filosofinės	111
gaisrą	111
galinga	111
garsiai	111
garsios	111
gatvę	111
gausios	111
gavus	111
geležinkeliu	111
gelmėse	111
generolai	111
genocido	111
gentyje	111
geografas	111
geografinė	111
giminystės	111
gimtojo	111
gimtosios	111
gimtąja	111
globėja	111
gpl	111
grafika	111
gramatikos	111
gylį	111
gyva	111
gyvenamosioms	111
gėrimus	111
habilituoto	111
harmonijos	111
hegemoniją	111
hercogystės	111
himnu	111
himną	111
hipotezę	111
imperijų	111
importo	111
indonezijos	111
industrijos	111
infliacija	111
infrastruktūros	111
inteligentų	111
intensyvumas	111
investicijos	111
islandijos	111
išbandyti	111
išdėstytos	111
išimtinai	111
iškeliavo	111
išleidusi	111
išminties	111
išnykusi	111
išpažįsta	111
išreiškė	111
išsirita	111
išspausdinti	111
išvadas	111
išvažiavo	111
jaunuolis	111
jausmą	111
judesių	111
jungiamojo	111
juostelė	111
jėzuitai	111
jūsų	111
kaimynai	111
kaitos	111
kalnynas	111
kalnyne	111
kameros	111
kanclerio	111
kandidatu	111
kantonų	111
kapus	111
karališkoji	111
kardinolas	111
kario	111
kasyklose	111
katalikams	111
kateriai	111
kaupia	111
kautynių	111
kautynės	111
keitimo	111
keičiant	111
keleivius	111
keliolikos	111
ketveriems	111
ketvirtą	111
kiaušinio	111
kiekiu	111
kinas	111
kitimo	111
kitokius	111
kitokią	111
klaidą	111
klasikinis	111
klausos	111
klebonavęs	111
klebonijos	111
knygomis	111
kodų	111
kolektyvų	111
komandoms	111
komercinė	111
komisijoje	111
kompiuterinės	111
kompiuteriu	111
kompiuterius	111
kompozitoriai	111
koncertinis	111
koncertinį	111
konkrečiai	111
konkurencija	111
kontroliuojama	111
kontroliuojanti	111
koordinatorius	111
kopijos	111
kortelės	111
korupcijos	111
korėjoje	111
kosminio	111
krauna	111
kraštinės	111
kreivės	111
krikščioniškos	111
kryžiai	111
kultūras	111
kvalifikacija	111
kūrimui	111
kūrinyje	111
laikotarpiai	111
laimėjimų	111
laimėtojai	111
laisvo	111
laivuojamas	111
laivynui	111
laiškus	111
lankas	111
lanku	111
lapas	111
laukė	111
leidžiamoji	111
lengvas	111
lenino	111
lenkijai	111
lentelių	111
lff	111
liekanas	111
liepojos	111
lietuviški	111
lietuviškoje	111
likusieji	111
liudviko	111
liūto	111
liūčių	111
logika	111
lydi	111
lygose	111
lygybės	111
lūpos	111
magdeburgo	111
magija	111
majoro	111
maskvą	111
matmenys	111
mašiną	111
mažens	111
mažomis	111
mechanizmo	111
medaliais	111
medžioja	111
meistrai	111
meistro	111
mesjė	111
metalinių	111
metalą	111
metodikos	111
metodinių	111
metrus	111
mečetės	111
michailas	111
miestiečiai	111
milicijos	111
mineralai	111
mintys	111
mitai	111
mito	111
mityba	111
mišinio	111
mišinį	111
modeliavimas	111
mokomi	111
mokomųjų	111
moksliniu	111
mokytojams	111
mokytoją	111
molinių	111
motiejus	111
motyvas	111
muilo	111
nacionalizmo	111
namais	111
napoleonas	111
nebegali	111
nebegalėjo	111
nedidelius	111
negavo	111
nelaisvėje	111
nenori	111
neramumai	111
nervas	111
neskaitant	111
netenka	111
neturintis	111
neuronų	111
nežinojo	111
niekam	111
noru	111
norėdama	111
nubaustas	111
nugalėtas	111
nugalėtoju	111
nukariavo	111
nukentėjusiems	111
numerių	111
nuolatinio	111
nuolatinę	111
nuosavybę	111
nuostatai	111
nuotraukas	111
nustatymas	111
nutapė	111
nutiesti	111
nyderlandai	111
nyderlanduose	111
organizatorė	111
organizavimą	111
organizuota	111
ovalo	111
paauglių	111
pabaigė	111
padaręs	111
pagaminama	111
pagerino	111
pagerėjo	111
pagrindė	111
pailgas	111
pakeitęs	111
pakeltas	111
paketų	111
pakopų	111
pakraštį	111
palaikymas	111
palaikymą	111
palankiai	111
palikimą	111
panaudojimą	111
panevėžys	111
paprasto	111
parametrų	111
parduoda	111
parduodama	111
partinis	111
partnerystė	111
pasakojimo	111
pasekmes	111
pasibaigia	111
pasikeičia	111
paskaitos	111
paskutiniu	111
paskyrimą	111
pastatytą	111
pastovi	111
patekę	111
patekęs	111
patiems	111
patvinsta	111
paukščiams	111
pavadinime	111
pavaldžios	111
pavarų	111
pavedimu	111
paveldą	111
pačiai	111
pažiūras	111
pelenai	111
penkiems	111
perteklius	111
pianistė	111
pilkšvai	111
pilvelio	111
pirminė	111
pirmyn	111
playstation	111
plazmos	111
plinta	111
plokštumos	111
poligrafijos	111
politiniu	111
postas	111
požemio	111
pradinis	111
pratęsti	111
praėjo	111
prekybinius	111
prelatas	111
preparatai	111
pridedama	111
pridėti	111
priebalsių	111
prieglauda	111
prieinama	111
priekinių	111
priekinė	111
prielaidos	111
priemaišų	111
priesaga	111
priešiniai	111
priešininkai	111
priešininkas	111
priešininką	111
priežiūrą	111
pripažįstama	111
prisijungia	111
priskaičiuojama	111
pritaikytos	111
pritraukia	111
privaloma	111
privačią	111
privilegijų	111
procedūros	111
procedūrų	111
procesams	111
prodiuseriai	111
progimnazijos	111
prototipas	111
provincijai	111
publikavo	111
publikuoti	111
puodų	111
pusei	111
pusfinalį	111
pušynuose	111
pylimai	111
pėdsakai	111
radijuje	111
radvilos	111
ragas	111
rakto	111
rankinio	111
rankraščių	111
raumenis	111
rausvas	111
rausvi	111
rašomas	111
realizmo	111
redakcijose	111
regina	111
regionais	111
reglamentas	111
reikalaujama	111
reikiamą	111
rekonstruotas	111
restauruota	111
ribotas	111
rinkodaros	111
ritmo	111
ričardas	111
rodomi	111
ruduo	111
rungtyje	111
rusiškas	111
rytas	111
ryškios	111
saksų	111
salyną	111
santvarką	111
saulę	111
sausi	111
sausuma	111
savanoriai	111
savarankišką	111
savininkams	111
savyje	111
schemos	111
segmentų	111
sek	111
sekundes	111
senamiestyje	111
senąsias	111
sidabriniai	111
siejo	111
siekis	111
siekta	111
sienomis	111
simboliais	111
simbolius	111
simfoniniu	111
situacijų	111
siunčiami	111
siūlų	111
skandinavijos	111
skirtumo	111
sklidimo	111
skraidymo	111
skubiai	111
skyde	111
slaptai	111
slopina	111
slovakų	111
smulkius	111
smurto	111
soboras	111
sojų	111
spaudimą	111
specialiais	111
specialistus	111
spinduliu	111
spindulius	111
sr	111
srautai	111
srovių	111
stabilumą	111
stebėtojo	111
stepėse	111
sterlingų	111
stogu	111
stokos	111
stovėjusi	111
stuburo	111
suaugusiems	111
sudaranti	111
sudėti	111
suformuotos	111
sugrįžta	111
sukūrimą	111
sulaikyti	111
sumontuoti	111
supratimas	111
susidarymas	111
susidarymą	111
susidedantis	111
susidomėjimą	111
susijungimo	111
susitikimai	111
susivienijo	111
sustabdytas	111
sužino	111
sveikas	111
sąrašuose	111
sąsają	111
sąveiką	111
sėkminga	111
sėkmingi	111
tako	111
tankai	111
tankiais	111
tapatybę	111
tapybą	111
tariamas	111
tarpas	111
tarybinė	111
tautinę	111
teiginių	111
teisiniai	111
teisininkai	111
teisinį	111
teismuose	111
telkiniuose	111
telpa	111
tiesioginių	111
tiesioginės	111
tiksli	111
tiriant	111
tirpalas	111
tonas	111
tradicinius	111
tremtiniai	111
tribunolo	111
trijose	111
trisdešimt	111
trisiene	111
triukšmo	111
tropikų	111
trukęs	111
tuberkuliozės	111
tuometinėje	111
turinčio	111
turkija	111
turkijoje	111
tvenkiniu	111
tyrinėjimus	111
tūkstančiais	111
tūrį	111
ugdymui	111
uleb	111
uolienose	111
uostamiestis	111
upėmis	111
urugvajaus	111
uss	111
uždara	111
uždaras	111
užmušti	111
užsakymu	111
užtikrino	111
vadinamus	111
vadinamąjį	111
vadindavo	111
vadovavimą	111
vadovą	111
vadyba	111
vaikui	111
vaikščioti	111
vaivados	111
vakaro	111
valstiją	111
varliagyvių	111
varpa	111
važiuoja	111
veidą	111
veikalai	111
veikimą	111
venecijos	111
vengrija	111
ventos	111
vergais	111
versti	111
veteranų	111
vgtu	111
vidinį	111
vidurys	111
vietines	111
vietininkas	111
vikingai	111
vilties	111
visuomeninis	111
visuomeninę	111
visuotinis	111
vladislovas	111
vokaliniam	111
vokalinį	111
volgos	111
vykdymą	111
vykusi	111
vykusios	111
vyresniuoju	111
vyskupai	111
vėlai	111
vėlyvosios	111
vėžlių	111
vėžys	111
ypatingos	111
ypatumus	111
zelandijos	111
čekijoje	111
įdubusi	111
įjungtas	111
įmonei	111
įprastų	111
įrašinėti	111
įvairovės	111
įvykti	111
šaknimis	111
šakomis	111
šalimi	111
šalmai	111
šaltos	111
šeimininkai	111
šildymo	111
šimtmečio	111
šiuolaikinė	111
šovinius	111
švenčiamos	111
ūkininkai	111
žaidimus	111
žaidėjams	111
žaidėjus	111
žalią	111
žandikaulio	111
žanrai	111
žemaičiai	111
žemei	111
žemiausias	111
žemyninės	111
žemėlapiai	111
ženkleliu	111
žiniasklaida	111
žiniomis	111
žiotis	111
žiūrėkite	111
žudynės	111
žuvininkystės	111
žuvusių	111
žvalgyba	111
žymiausi	111
abc	110
administracinius	110
administravimą	110
advokatė	110
aktyvumą	110
altoriaus	110
altorių	110
alytuje	110
amatininkai	110
ambulatorija	110
amžinai	110
anglosaksų	110
animacinis	110
ansambliai	110
ansamblyje	110
antonio	110
apardyti	110
apdorojimas	110
apdovanojimo	110
apibrėžimo	110
aprašas	110
apvalūs	110
apžvalgos	110
archeologinės	110
archyve	110
argentina	110
artimų	110
asmeninio	110
aspirantas	110
atakuoti	110
atakų	110
ateivių	110
atgavimo	110
atitikti	110
atkarpos	110
atlaidai	110
atliktų	110
atlikėjais	110
atlyginimą	110
atmeta	110
atrodyti	110
atsargų	110
atsigavo	110
atsistatydinti	110
atsitiko	110
atskiro	110
atskiru	110
atskiruose	110
atspalviu	110
atstovo	110
atviros	110
atviru	110
atvirą	110
augantys	110
auksine	110
auksiniais	110
aukštesniųjų	110
aukštu	110
aukštąjį	110
aukščiausiąją	110
australų	110
baigia	110
baigus	110
baigę	110
balsavimas	110
bandymo	110
bangą	110
banknotai	110
bankroto	110
banką	110
bavarijos	110
bbl	110
belgija	110
bendrauja	110
bendri	110
biosferos	110
biudžetas	110
biurą	110
bokštais	110
bokšteliais	110
bolševikai	110
bolševikais	110
bosinė	110
branduoliai	110
brazilija	110
britams	110
britas	110
brolijos	110
burtų	110
buvimą	110
buvusiame	110
buvusiose	110
bėgių	110
būrelio	110
būsimą	110
celiuliozės	110
centrinių	110
cf	110
chromosomos	110
concacaf	110
dabarties	110
daiktą	110
dailę	110
dalyviams	110
darbuotojo	110
darosi	110
daugiaspalvių	110
daugėjo	110
dažais	110
dažniu	110
debiuto	110
dedamas	110
deja	110
depresijos	110
deputatai	110
devintojo	110
devynmetė	110
dešimčių	110
didesnes	110
didžiulio	110
dienraštis	110
dievui	110
dinozaurai	110
dirbamos	110
dirvožemiuose	110
dirvožemių	110
disciplinos	110
diskų	110
divizioną	110
dizaineris	110
dokumentais	110
dokumentą	110
domisi	110
drebėjimai	110
dubens	110
dugnu	110
dujomis	110
dukterų	110
dvarininkai	110
dvasinis	110
dveji	110
dydžiai	110
dykumose	110
dykumą	110
dėdės	110
dėvėti	110
eduardas	110
edvardas	110
efektai	110
eilėje	110
ekrane	110
ekspedicijų	110
elgiasi	110
emigravusių	110
enciklopedijoje	110
epizodų	110
ertmę	110
erškėtinių	110
esančiais	110
etimologija	110
eugenijus	110
ešerių	110
faktorius	110
filologiją	110
finansiškai	110
galvų	110
gaminius	110
gamintoja	110
gamtinis	110
gandai	110
garbino	110
garsiausias	110
gausūs	110
generatorius	110
genetikos	110
geografiškai	110
geriausius	110
gi	110
giesmes	110
gijų	110
ginkluotės	110
gintautas	110
gintis	110
ginčus	110
gleivinės	110
grafiką	110
grafų	110
graikija	110
grandis	110
graži	110
gražiausių	110
greito	110
greičiausias	110
grojama	110
grublėtu	110
grėsmės	110
grėsė	110
gydymui	110
gyvavęs	110
gyvenančius	110
gyventojui	110
havajų	110
hiphopo	110
horizontaliai	110
ietigalių	110
if	110
ignas	110
imigrantai	110
indiją	110
institucijomis	110
instrumentinių	110
instrumentus	110
integracijos	110
invazija	110
ispaniją	110
istorijų	110
istoriniame	110
ivanas	110
išbandė	110
išdėstė	110
išdžiūsta	110
išeiti	110
iškiliu	110
iškilusi	110
iškilę	110
iškovoti	110
išlaisvinti	110
išleistame	110
išnaudoti	110
išnykimo	110
išorinė	110
išorę	110
išradimas	110
išrastas	110
išrenkamas	110
išskiriamas	110
ištirta	110
išvada	110
išėjęs	110
išžudė	110
jaunesni	110
jaunimą	110
jaučiasi	110
jokūbo	110
juodasis	110
jupiterio	110
juridinis	110
justinas	110
kabinetai	110
kabinetą	110
kadencija	110
kaimynų	110
kairiosios	110
kaldinti	110
kalnagūbriai	110
kambariai	110
kamienų	110
kamuolys	110
kantone	110
kapą	110
karaimų	110
karinei	110
kariniu	110
karinėms	110
karlas	110
karšta	110
kasinėjo	110
kasmetinis	110
kasyklos	110
kaupti	110
kaučiuko	110
kavalerija	110
kazachstane	110
kačių	110
keltis	110
kentėjo	110
ketina	110
kečujų	110
kilimo	110
kilimų	110
kilmingųjų	110
kipro	110
kirviai	110
kitokie	110
klipą	110
koją	110
kolonijinės	110
kolonizaciją	110
kolumbijoje	110
kolūkis	110
komedijoje	110
komercinio	110
komercinių	110
komitetų	110
kompetencijai	110
komuna	110
koncertmeisteris	110
konfederaciją	110
konkretaus	110
konkrečių	110
konkursus	110
konservatoriai	110
konsultantė	110
konsulu	110
kooperacijos	110
kosminės	110
kovotojas	110
krakmolo	110
krasnojarsko	110
kraštotyrininkas	110
kraštui	110
krikščionis	110
kriterijų	110
krokuvos	110
krūmas	110
kultą	110
kvadratinių	110
kvartalo	110
kvietė	110
kvėpavimas	110
kwh	110
kylantis	110
kėdainiai	110
kūgiška	110
kūriniu	110
laf	110
laidojami	110
laikotarpius	110
laimėjus	110
laimę	110
laisvių	110
laisvojo	110
lapės	110
latgalių	110
laukais	110
lazda	110
lazerio	110
le	110
ledu	110
leidžiant	110
leistų	110
lenkais	110
liepsna	110
linijoje	110
linkęs	110
lygumomis	110
lytis	110
lėkšti	110
makštį	110
marias	110
marios	110
matavimų	110
materijos	110
matmenų	110
matome	110
mauzoliejus	110
mazgų	110
mažasis	110
mažesnio	110
mažu	110
mechanizmą	110
melodijų	110
meninio	110
menotyros	110
menu	110
mesti	110
metropoliteno	110
mezolito	110
migruoja	110
milijardo	110
milijonas	110
mirtinai	110
mitologiją	110
mišias	110
mišių	110
mišrusis	110
modelyje	110
moderniosios	110
moksle	110
moksleiviams	110
mokymus	110
monarchiją	110
muziejumi	110
mėlynai	110
mėlyną	110
nacionaline	110
nagai	110
naikinimo	110
naminių	110
naudingas	110
naudingi	110
naudingų	110
naudodami	110
naudojanti	110
naudotų	110
naujienos	110
naujomis	110
našlė	110
našumo	110
nebaigė	110
nebūdavo	110
nedarbo	110
nedideliu	110
neegzistuoja	110
neigiamų	110
neigė	110
neogotikinė	110
nepaprastasis	110
nereiškia	110
neringos	110
netapo	110
neįgaliųjų	110
nežino	110
nikelio	110
nimfos	110
normanų	110
nubausti	110
numerio	110
nuodingų	110
nuodų	110
nuolatiniai	110
nuosavybe	110
nuosėdų	110
nuotaika	110
nurodomas	110
nusikaltėlių	110
nusileisti	110
nuskendo	110
nutiesus	110
nuverstas	110
nyksta	110
observatorijos	110
onos	110
operacinių	110
optikos	110
oranžinė	110
organizuojami	110
organizuojanti	110
orientacijos	110
originalių	110
originalus	110
paaiškina	110
paaukojo	110
padalinių	110
padalino	110
padidintas	110
padėtimi	110
paeiliui	110
pagalbinė	110
pagerbti	110
pagonių	110
pakeitimo	110
pakinta	110
palenkės	110
palikdamas	110
palikimo	110
papildomus	110
papildytas	110
paplitimo	110
parkui	110
pasakojo	110
pasaulietinės	110
pasauliniu	110
pasaulinę	110
pasekėjai	110
pasibaigęs	110
pasisekimą	110
pasiskirstymas	110
pasiėmė	110
pasiūlyti	110
paskelbtos	110
paskelbęs	110
pasklido	110
paskolų	110
paskutiniųjų	110
paskutinysis	110
paslaugomis	110
pastaraisiais	110
pastebimi	110
pastebėtas	110
patalpa	110
patinka	110
paveikslo	110
paveikslą	110
peiliai	110
penkiakampė	110
persekiojo	110
persikraustė	110
perspektyvos	110
perėjimo	110
pianinu	110
pienu	110
pietiniu	110
piloto	110
piniginis	110
pionierių	110
pirmosiose	110
pirmus	110
pirmūno	110
pirmų	110
plaukimo	110
plaukuotas	110
plaukuoti	110
plokštuma	110
plokščiakalnio	110
plokščiakalnyje	110
plokščios	110
ploni	110
plutos	110
plėstis	110
pobūdis	110
poetai	110
poeziją	110
politiniais	110
povandeninis	110
pradėjusi	110
pralaimėjimas	110
prastos	110
prašyti	110
prefektūrų	110
premijų	110
pretenzijų	110
priedų	110
primatas	110
primenantis	110
pripažįstamas	110
prisiekė	110
prisipažino	110
privilegijos	110
priėmimas	110
profesijos	110
profesinę	110
progomis	110
programinę	110
projektavo	110
prokuroro	110
propagandos	110
proporcinę	110
psichologas	110
puldinėjo	110
pusbrolis	110
puslapyje	110
pučia	110
pušinių	110
pėstininką	110
radvilų	110
raides	110
raketas	110
ramiai	110
ramiajame	110
ratus	110
raudonais	110
rašomi	110
raštais	110
raštininkas	110
reabilitacijos	110
realizuoti	110
regos	110
reikalauti	110
rekonstruota	110
rekordų	110
religijas	110
religines	110
religinius	110
remontuota	110
respublikiniuose	110
retos	110
revoliucijai	110
richard	110
riešutų	110
rifas	110
rinkdavo	110
rodyklę	110
rokas	110
romėnams	110
rudomis	110
ruonių	110
ruožo	110
rusams	110
rusijai	110
rusios	110
rusvi	110
ryšiams	110
ryškio	110
rūgštys	110
rūsyje	110
rūšimis	110
rūšims	110
salėse	110
sampratą	110
sargas	110
saudo	110
sausos	110
savarankiškos	110
scenarijaus	110
sedanas	110
segių	110
senatorius	110
senkapis	110
septintasis	110
septintojo	110
seserimi	110
sfera	110
siauros	110
sicilijos	110
sidabras	110
sidabrinės	110
siejamos	110
sielą	110
silicio	110
simbolika	110
sistemomis	110
situacijose	110
skaitymo	110
skaitytojų	110
skaičiais	110
skaičiuojamas	110
skelbiami	110
skilo	110
skirtumą	110
skulptoriaus	110
skulptūras	110
skydu	110
skyriumi	110
slapstėsi	110
slenkstėta	110
slenksčių	110
slepiasi	110
slėgį	110
smegenyse	110
smolensko	110
spec	110
specializacija	110
specifinių	110
spektaklio	110
sporos	110
sprogstamoji	110
standartai	110
stasio	110
statutą	110
statybose	110
stebi	110
stipriausia	110
stiprumas	110
stiprumą	110
studijose	110
sudaromi	110
sudarydami	110
sudarytų	110
sudedamoji	110
sudeginta	110
sugriauti	110
sukilimų	110
sukuriama	110
sukuriant	110
sukūrę	110
sultis	110
sumetimais	110
sunaikintos	110
sunki	110
supertaurė	110
supo	110
supratimą	110
surenka	110
susidariusi	110
susidėjo	110
susidūrimo	110
susigrąžinti	110
susirinkimų	110
susitarimu	110
susitikimo	110
sustiprintas	110
suteka	110
sutikimo	110
sutrikimus	110
suvokiama	110
sušaukė	110
svarbias	110
svarbiausią	110
svorį	110
sąmonę	110
sąveikauja	110
sėdi	110
taikinius	110
takus	110
talpa	110
tamsiomis	110
tankas	110
tapatinamas	110
tarimas	110
tarmė	110
tavo	110
teatrui	110
teigiamas	110
televizijai	110
televizorių	110
temas	110
temą	110
tenisininkas	110
tenoras	110
teologas	110
teorijai	110
teritorinio	110
teritorinių	110
terpės	110
tiesą	110
tiesė	110
tikimybę	110
tikintieji	110
tikrosios	110
tikėjimų	110
tipui	110
tiriantis	110
tobulinimosi	110
tokioms	110
tolyn	110
tradicinį	110
tragedija	110
trečiuoju	110
trio	110
trispalvė	110
tropiniai	110
tropinių	110
trylikos	110
tunelis	110
turintiems	110
turinčius	110
turistai	110
turistams	110
tvarko	110
tyrimuose	110
tūkstančio	110
ukrainiečiai	110
uniją	110
unikali	110
uolienas	110
uostus	110
užbaigtas	110
uždaviniai	110
užkariauta	110
užmezgęs	110
užregistruota	110
vadui	110
vaikinas	110
vairuotojo	110
vaizdus	110
vakariniu	110
valdanti	110
valdininkai	110
valdomi	110
valdomą	110
valdomų	110
valdymu	110
valgo	110
vamzdžių	110
varnių	110
varžyboms	110
vatikano	110
veidrodis	110
veikiamas	110
veiksmams	110
veiksmuose	110
vektorius	110
vengti	110
verta	110
verčiamas	110
vestuves	110
vidinio	110
vidurinėse	110
vienodi	110
viešas	110
viešbučio	110
vilkai	110
viltį	110
virimo	110
virusas	110
viršelio	110
viršijo	110
vladimiro	110
vorai	110
vyresnis	110
williams	110
xml	110
čempionatai	110
įgūdžius	110
įjungti	110
įkūrimą	110
įrengimai	110
įrenginį	110
įstaigas	110
įsteigimo	110
įsteigus	110
įvaizdis	110
įvertinta	110
įvykį	110
šalmus	110
šalta	110
šalto	110
šarvus	110
šarvų	110
šešiolikos	110
šiaip	110
šiluminės	110
šokti	110
šokėja	110
šunis	110
šventas	110
šventojo	110
šventoriaus	110
švietimą	110
ūgio	110
ūkininko	110
ūkinių	110
žaibas	110
žaidžiant	110
žaliųjų	110
žemesnio	110
žemesnės	110
žemiausia	110
žemos	110
židinių	110
žiniasklaidoje	110
žiurkės	110
žiūrint	110
žiūrėjo	110
žlugimas	110
žurnalui	110
žurnalus	110
žvaigždėmis	110
žydintys	110
žygimantas	110
žygyje	110
žymėjimas	110
žyniai	110
žūva	110
aborigenai	109
administracines	109
aiškios	109
akcija	109
akcininkų	109
akmeniu	109
alantos	109
alavo	109
albinas	109
alfredas	109
algis	109
alkoholinis	109
alternatyvaus	109
amerika	109
analogas	109
analogiškas	109
angliją	109
angą	109
animacijos	109
ankstesnio	109
ansambliais	109
ansambliu	109
antspaudas	109
apdoroti	109
apdovanojo	109
apibrėžiama	109
apibrėžimą	109
apibrėžė	109
aplinkines	109
aplinkybes	109
apribota	109
apskrityse	109
apygardose	109
apyvartą	109
apžiūrų	109
archyvai	109
arešto	109
artisto	109
arčiausiai	109
asamblėja	109
asociaciją	109
aspektų	109
atkreipė	109
atliktos	109
atodanga	109
atomas	109
atranką	109
atsiliepimų	109
atsisakius	109
atsitiktinių	109
atsitraukti	109
atsišakoja	109
atskiria	109
atskirose	109
atspalvių	109
atsparus	109
atsparūs	109
atstovaujamosios	109
atvedė	109
atvežta	109
atvykus	109
atšakų	109
augustinas	109
auksinį	109
aukštesni	109
aukščiausiu	109
ausų	109
autonomija	109
autoritetą	109
avariją	109
aštuonmetės	109
badas	109
baigiantis	109
baigtis	109
baimę	109
balsių	109
bantų	109
baseiną	109
bažnytinių	109
beisbolo	109
bendradarbė	109
bendroji	109
bendruomenėse	109
bendrus	109
bin	109
biologinės	109
birža	109
bokso	109
bolido	109
bombų	109
brazilų	109
budizmą	109
bulgarijoje	109
buvusiu	109
bylose	109
būdami	109
būrelis	109
ccd	109
ceremonijos	109
chemiškai	109
ciklų	109
cilindrų	109
civilinių	109
dailiojo	109
dainoms	109
dalinį	109
dalyvavęs	109
dangumi	109
danutė	109
darėsi	109
daržininkystės	109
datą	109
daugybėje	109
dažniausia	109
dega	109
deguonimi	109
deive	109
deivę	109
deklaraciją	109
departamentai	109
derybose	109
devynis	109
dešiniųjų	109
dialektai	109
didvyrio	109
dienoms	109
diktatūros	109
dirbantis	109
dirbančių	109
dirbtuvėse	109
diskai	109
divizijų	109
docento	109
dodge	109
dokumentinių	109
dominuoti	109
dovana	109
dramą	109
draudė	109
draugus	109
draugą	109
draustinio	109
draustinyje	109
draustinį	109
drėgnieji	109
dubuo	109
dubysos	109
dukras	109
durpės	109
dzeusas	109
dzeuso	109
dėstytojo	109
džeimsas	109
edmundas	109
efektyvumo	109
efektų	109
egiptą	109
eigą	109
ekonominius	109
ekspansija	109
eksperimentai	109
eksponatai	109
eksponuojami	109
elektrinėje	109
elektrinį	109
elnias	109
emocijų	109
esančiose	109
esperanto	109
estetikos	109
etapais	109
eteryje	109
etika	109
etnografinis	109
etruskų	109
europinės	109
faktus	109
faktą	109
fazėje	109
federacinė	109
fermentacijos	109
filialai	109
filosofo	109
finansavo	109
firmų	109
fiziniai	109
fleita	109
formulės	109
fosilijų	109
galingumo	109
galvas	109
galvutės	109
galėjęs	109
ganyklos	109
garai	109
gatvėmis	109
gaujos	109
gausus	109
gautos	109
gautą	109
gavimo	109
gebėjimą	109
generalinė	109
generolui	109
genetiškai	109
geografinis	109
gerbėjai	109
gerina	109
gerklės	109
geru	109
gimimas	109
giminaitis	109
giminei	109
ginkluotosios	109
globėju	109
griežtas	109
grindų	109
grioviu	109
griuvėsių	109
gydant	109
gynybinė	109
gyvsidabrio	109
gyvuliams	109
gyvą	109
gyvūnijos	109
hario	109
harmonija	109
henriko	109
herbų	109
hipotezės	109
hitas	109
ieties	109
ikimokyklinio	109
ilgiausias	109
ilgomis	109
imigravusių	109
indonez	109
indėlis	109
inspektoriumi	109
interjeras	109
internetą	109
intervalas	109
inžinerija	109
irako	109
ispanas	109
ispaniškai	109
istoriniu	109
iškasenos	109
iškili	109
išleisto	109
išleistų	109
išmatuoti	109
išmestas	109
išplėsta	109
išplėtojo	109
išreikštas	109
išreiškiamas	109
išsilaiko	109
išsivysčiusi	109
ištikimybę	109
išvaryti	109
išvedimo	109
išvengė	109
išvykus	109
išvysti	109
jaunasis	109
jaunos	109
jaunystėje	109
jauną	109
jaučiama	109
javus	109
jokiu	109
joks	109
jokūbas	109
jubiliejų	109
judaizmo	109
judesius	109
judėjų	109
juodaodžiai	109
juodo	109
juodų	109
juostelės	109
juosė	109
juridinių	109
juros	109
jutimo	109
kailių	109
kaimyninės	109
kaitą	109
kaklelio	109
kalinys	109
kalnagūbrių	109
kaltės	109
kalykla	109
kamerinio	109
kamerą	109
kanceliarijos	109
kandidatai	109
kapinyno	109
karališkasis	109
karalystes	109
kareivis	109
kariniam	109
kariniuose	109
karmelitų	109
karolių	109
kartai	109
kasinėjimai	109
katilas	109
katė	109
kazokai	109
keliskart	109
kenkia	109
ketvirtoji	109
kiekiui	109
kiekius	109
kilusių	109
kiniją	109
kl	109
klanai	109
klasikinę	109
klasikų	109
klimatą	109
kliūtis	109
kliūčių	109
kodeksą	109
komandomis	109
kombinacija	109
komendantas	109
komercinę	109
komisariato	109
komitetui	109
kompiuteryje	109
komponentas	109
konfliktus	109
konstrukciją	109
kontracepcijos	109
konvenciją	109
kooperatyvų	109
koplytstulpis	109
koralinių	109
korporacijų	109
korėja	109
kosminiai	109
kovotojai	109
kraujotakos	109
kreolų	109
kriaušės	109
kristalai	109
kristina	109
kritikuojamas	109
kulkos	109
kulkosvaidžių	109
kunigaikštyste	109
kunigaikštystei	109
kvalifikacinis	109
kvarco	109
kviečiamas	109
kėbulo	109
kūne	109
lagūnos	109
laikotarpių	109
laikyta	109
laisvų	109
lancetiški	109
lapelių	109
lauku	109
lava	109
lašišų	109
legendinio	109
legiono	109
lengvųjų	109
lenktynininkai	109
lenktynininkų	109
licencijos	109
liekana	109
liekanomis	109
liepų	109
lietuviškosios	109
liežuvio	109
literatūrai	109
litro	109
lizdus	109
lokio	109
luomų	109
lyginamosios	109
lygtį	109
lygčių	109
lėktuvais	109
magistralė	109
markė	109
maršalo	109
masinio	109
masyve	109
matinė	109
mače	109
mažesnius	109
mechanika	109
mechaniko	109
medieną	109
medynų	109
medžioklę	109
meninių	109
mergaitė	109
merkinės	109
miežiai	109
mikalojaus	109
mikroorganizmų	109
milijardus	109
miltai	109
milteliai	109
mineralogijos	109
mirusio	109
misijas	109
miškininkas	109
miškininkystės	109
mokiniais	109
moko	109
mokslininkams	109
mokslininkus	109
mokslinėje	109
mokslinėse	109
mokytojus	109
mongolijos	109
monografijų	109
motinai	109
motyvus	109
mėnesinis	109
mėsą	109
nascar	109
natūralaus	109
natų	109
nauda	109
naudodamas	109
naujausias	109
negyvenama	109
neigia	109
nelaimių	109
nelaimės	109
nepastebėta	109
nerado	109
neramumų	109
nerijos	109
nesunku	109
netaisyklingo	109
netaisyklingos	109
neįvyko	109
niekaip	109
nigerijos	109
nilo	109
nkl	109
notarų	109
nulio	109
numatoma	109
nuomonių	109
nuomos	109
nuostoliai	109
nuotykiai	109
nurodymus	109
nurodytas	109
nusakyti	109
nusifilmavo	109
nusikaltimo	109
nustatant	109
nykti	109
objektais	109
observatorijoje	109
oficialaus	109
olimpiadoje	109
olimpinis	109
omenyje	109
oranžinės	109
ordos	109
organinės	109
organizacinio	109
organo	109
orų	109
pabūklų	109
padangų	109
padarytos	109
padarytų	109
padėtyje	109
pagarbos	109
pagrinde	109
pagrindiniais	109
paimta	109
pajėgumą	109
pakeitimai	109
paketą	109
pakilęs	109
palengvinti	109
paliekant	109
pamaldų	109
pamatęs	109
paminklinis	109
paminėjo	109
pamokslus	109
paplūdimiai	109
paragvajuje	109
parašytų	109
pardavinėjo	109
paremtą	109
parinkti	109
parlamentinė	109
pasakęs	109
pasauliečių	109
pasidalijo	109
pasiekdavo	109
pasiekusi	109
paskiriamas	109
paskutiniojo	109
paslauga	109
patarėju	109
patarėjų	109
patentų	109
patvirtintą	109
patyrę	109
pavaduotojai	109
paveikslus	109
pašalino	109
pažeidimas	109
pažeidimo	109
pažymi	109
pažymėtos	109
pedagogiką	109
pelkėta	109
pelkėtas	109
penkiolikos	109
perduodami	109
periodinėje	109
perkeltos	109
perneša	109
pertvarkytas	109
pervežti	109
piratai	109
pirminių	109
planavimas	109
platinama	109
platumose	109
plaukia	109
plaukioja	109
plaušuotas	109
plokščiakalnis	109
podiumo	109
pokytis	109
polinkis	109
politechnikumą	109
politiko	109
populiaciją	109
pozicijose	109
pradėtą	109
pramintas	109
pranešimai	109
pranešti	109
praėjusio	109
prezidentus	109
pridėjo	109
prieglobstį	109
priemiesčiais	109
prieplauka	109
prievolės	109
priešdėlis	109
priešingos	109
priešingybė	109
priimant	109
priklausiusi	109
pripažinimas	109
priskirtos	109
pritraukti	109
priverčia	109
prizas	109
priėjimą	109
profesija	109
programoms	109
prokalbės	109
protokolo	109
prūsija	109
psichologiją	109
puiki	109
pusiausvyra	109
puslapis	109
pvm	109
raitelis	109
rankraštis	109
rausvos	109
rašte	109
recenzijų	109
referentas	109
reformacijos	109
registrų	109
reguliuojančių	109
regėjimo	109
reikalavimas	109
reikmenų	109
reikšme	109
rengdavo	109
repo	109
restauruoti	109
resursus	109
rezervato	109
rezistencijos	109
režisūrą	109
rikiuotės	109
ritualai	109
ritualus	109
riziką	109
romanai	109
romanus	109
rungtyniauja	109
ruoštis	109
rusiška	109
rytiniu	109
ryškiausių	109
rūbų	109
rūmais	109
sakinio	109
sale	109
salelės	109
sandauga	109
sankryžos	109
sausuose	109
savaitraštis	109
savivaldybę	109
savybę	109
scenaristas	109
seksas	109
senatorių	109
senegalo	109
senuosius	109
senąja	109
septynerių	109
serbija	109
serverių	109
seseris	109
sidabrinių	109
sieti	109
signalai	109
silpnos	109
simbolio	109
sinagoga	109
sintezę	109
sirgo	109
siužeto	109
skaidrus	109
skaičiavimas	109
skalė	109
skaudvilės	109
skiemenų	109
skirtinguose	109
sklaidos	109
skolos	109
skulptūrą	109
skylės	109
slovėnijos	109
slovėnų	109
smūgių	109
snapo	109
socialliberalų	109
sofija	109
sopranas	109
soste	109
sovietinėje	109
sparnas	109
spektakliams	109
spinduliais	109
sraigtasparnių	109
srovei	109
stalino	109
statinio	109
statybas	109
stačiatikiai	109
stebėjimų	109
stiebai	109
stiebų	109
stiliui	109
stipriausias	109
stipriausios	109
stiprina	109
strėlės	109
studijinio	109
studijinį	109
sudarančios	109
sudaromas	109
sudegintų	109
sudėtingesnių	109
sugebėjimas	109
sujungia	109
sukilimai	109
sukonstruotas	109
sunkaus	109
sunkiosios	109
supratimo	109
suprojektuotas	109
surašyti	109
susidedanti	109
susidomėjimo	109
susieta	109
susijungti	109
susisiekimas	109
susitikimą	109
suskaldyti	109
susprogdino	109
suteikdami	109
suteikdavo	109
suteikimo	109
suvokia	109
suėmimo	109
sviesto	109
sąnarių	109
sąsajų	109
sąvokas	109
sėkmingos	109
sūrio	109
tabu	109
tadas	109
taikinį	109
tajų	109
taksi	109
taktika	109
talentų	109
tanko	109
tarnautojai	109
teigiamą	109
teikianti	109
teikimo	109
teisei	109
teisines	109
telefonų	109
telkinius	109
tendencijas	109
teorinės	109
teritorinės	109
tiekia	109
tiekė	109
tiekėjas	109
tikrieji	109
tikrose	109
tinkamų	109
tinklu	109
tipiškas	109
titano	109
tragedijos	109
transmisija	109
traukinys	109
traumų	109
triskart	109
trumpesnis	109
trumpiau	109
turkus	109
tyrinėja	109
tyrinėta	109
tūkstantį	109
ukmergė	109
uniformos	109
uralo	109
urvas	109
uždaro	109
uždarytos	109
uždegimo	109
užimtumo	109
užkariavimus	109
užmokesčio	109
užpakalinių	109
užpildo	109
užrašoma	109
užsieniečiai	109
užsieniečių	109
užtruko	109
vabzdys	109
vadinamųjų	109
vadovams	109
vaikinų	109
vaizduojantis	109
vakarinį	109
valakai	109
valdyme	109
valgoma	109
vandenilis	109
variantus	109
varijuoja	109
vartotas	109
vasaromis	109
važinėjo	109
veidu	109
veikiausiai	109
veikėjais	109
veisles	109
vektoriaus	109
vertingas	109
vertėja	109
vidurinei	109
vienintele	109
vienodą	109
vientisas	109
vietiniame	109
vietiniams	109
viešasis	109
viktorijos	109
viltis	109
viršutinių	109
visiško	109
visuomeninėje	109
visuomeninį	109
vitebsko	109
vulkaninių	109
vykusio	109
vykusių	109
vyresni	109
vyčio	109
ypatybių	109
ėjimo	109
įdiegta	109
įdiegti	109
įdiegė	109
įgaliotinis	109
įgyvendino	109
įkopė	109
įkurto	109
įkurtą	109
įmanomas	109
įpėdinio	109
įrašo	109
įrašą	109
įrodymas	109
įsakymų	109
įsikuria	109
įsiveržimo	109
įstatai	109
įteiktas	109
įtikinti	109
įtraukia	109
įtvirtinimus	109
įvedus	109
įvestos	109
įvykusio	109
šarvai	109
šautuvas	109
šiauriniu	109
šiltos	109
šiuolaikinis	109
šiuolaikinėje	109
šiuolaikinę	109
šlaitais	109
šokius	109
šoviniai	109
ūkinė	109
ūkiuose	109
ūsuočių	109
žandarų	109
žemynuose	109
žemėlapius	109
žemėtvarkos	109
žemų	109
žiemomis	109
žinduoliai	109
žinion	109
žinomu	109
žiotimis	109
žirgai	109
žolinių	109
žurnalistiką	109
žuvus	109
žvejai	109
žymimos	109
adjutantas	108
administraciją	108
admirolas	108
admirolo	108
advokatu	108
afrika	108
agresijos	108
aiškinimas	108
aiškus	108
akademinis	108
akordeono	108
aktyvaus	108
alberto	108
algoritmai	108
alice	108
alkoholis	108
amc	108
analizuoti	108
anatomijos	108
andžele	108
angolos	108
antarktidos	108
antis	108
aparatūros	108
apatiniame	108
apačiai	108
apibūdinimas	108
apkaltinti	108
aprašymų	108
apribojimai	108
apribojimų	108
apsigyventi	108
apskaitą	108
apskaičiavimų	108
apskaičiuojamas	108
apsupti	108
aptarnavo	108
aptiktos	108
apykaita	108
apyrankės	108
apytikriai	108
arbitražo	108
archeologinis	108
argumentacijos	108
ariant	108
arklys	108
artilerija	108
artistė	108
asmeninį	108
astronomija	108
atgimimas	108
atidarymas	108
atidengta	108
atidengtas	108
atiduotas	108
atkurtos	108
atliekantis	108
atnaujinimo	108
atnešti	108
atradimai	108
atradimų	108
atsakymo	108
atsiskirti	108
atskaitos	108
atskyrė	108
atspindėjo	108
atstovaujantis	108
atstovą	108
atvežti	108
atvykimo	108
atėmimo	108
atšauktas	108
audiniuose	108
augantis	108
augimui	108
augintojų	108
ausies	108
ausis	108
aštuntajame	108
aštuntojo	108
aštuonerių	108
bajorijos	108
balanso	108
balsuoti	108
balsvi	108
baltymas	108
baltymo	108
baltymus	108
baseinuose	108
basic	108
baudinių	108
bazilikoje	108
bažnytinę	108
belgų	108
bendradarbiaujant	108
benediktas	108
bermontininkais	108
beržo	108
bestuburiais	108
beta	108
biudžetą	108
blogas	108
bokšte	108
brigada	108
bruožais	108
buick	108
buitinės	108
burmistras	108
buvusiam	108
būreliai	108
centrinį	108
centrui	108
chorinio	108
citrinos	108
cukrų	108
dabartiniu	108
dail	108
dainavos	108
dainuodavo	108
daktarai	108
dalinasi	108
dalinosi	108
dalyko	108
danai	108
dantimis	108
darant	108
darbininkus	108
darydavo	108
daugintis	108
daugiskaitos	108
dauguvos	108
dc	108
debesies	108
debiutą	108
demokratinių	108
deputatu	108
derinti	108
detaliai	108
dialektais	108
dideliam	108
dideliame	108
didelėje	108
didžiulius	108
diktatūra	108
diplomatijos	108
diplomatinius	108
direktore	108
dirigento	108
diskografija	108
doktrinos	108
dovanotas	108
dovanų	108
dramų	108
draudžia	108
draudžiamą	108
draugystė	108
draustiniai	108
dubeniu	108
duburyje	108
dvasinių	108
dvidešimties	108
dviguba	108
dvyniai	108
dėstymo	108
džiunglės	108
egidijus	108
egiptiečiai	108
eilutė	108
einanti	108
eksperimentas	108
elektronika	108
elnio	108
emyratas	108
energijai	108
epidemijos	108
esančia	108
esančiuose	108
esminių	108
ežerais	108
fakultetai	108
feliksas	108
feodalų	108
ferdinandas	108
fernando	108
finansinė	108
finų	108
fizikų	108
fizinį	108
formavimasis	108
formule	108
forto	108
frazė	108
fsb	108
futbolininko	108
futbolininku	108
galimo	108
galimybe	108
galingiausių	108
gamyklose	108
ganyklose	108
garantavo	108
garbinamas	108
gausybė	108
geležinis	108
geltoną	108
generalgubernatorius	108
generalinės	108
generolu	108
geografiją	108
geresnis	108
geto	108
gilios	108
gilių	108
gimininga	108
giminingi	108
gimnastikos	108
ginčai	108
ginčo	108
girdėti	108
gotikinio	108
gramatiką	108
grandine	108
grandinių	108
gretose	108
grioviai	108
grupuočių	108
gynėjai	108
gynėjų	108
gyvendamas	108
gyvuoja	108
gėlo	108
gėluose	108
gėrio	108
harmonizavo	108
hektarų	108
herbus	108
horizonto	108
hormonai	108
hormonas	108
ilgesnė	108
ilgesnį	108
ilgumos	108
ilsisi	108
imamas	108
individas	108
indonezijoje	108
indus	108
indėnus	108
infliacijos	108
informavimo	108
integruoti	108
interjero	108
investavimo	108
inžinieriai	108
istorines	108
istoriniais	108
italai	108
išaugino	108
išdavė	108
išduoti	108
išeities	108
išleidžiamas	108
išmirė	108
išnykimas	108
išnykęs	108
išoriniai	108
išplėtota	108
išryškėja	108
išsamiai	108
išsiveržimai	108
išsiųsti	108
išskirtinai	108
ištirtas	108
išvedė	108
išverstas	108
išvydo	108
išvykoje	108
išvyksta	108
jaunuoliai	108
jogailos	108
jokia	108
josé	108
jungtinės	108
juodkalnijos	108
jūrininkas	108
jūrinės	108
kabinete	108
kainuoja	108
kakava	108
kalavijo	108
kalnuotose	108
kaltinamas	108
kaltinėnų	108
kalvotas	108
kalėjimuose	108
kambarių	108
kampuose	108
kampų	108
kamuoliuką	108
kanale	108
kanapių	108
kandidatams	108
kanjonas	108
kapitalizmo	108
kardas	108
kareiviams	108
kareivius	108
karelijos	108
kariniams	108
karinėse	108
karšiai	108
karščio	108
kasa	108
kaspijos	108
kasti	108
kasyklų	108
katastrofa	108
kategorijai	108
kde	108
keičiantis	108
keleiviai	108
kelerių	108
keturiolika	108
kiaušinėlius	108
kiaušinėlių	108
kibernetikos	108
kieme	108
kiemą	108
klimatui	108
klubams	108
kolektyvai	108
kolonomis	108
kombinate	108
komplektų	108
komtūras	108
konkursui	108
konservatorija	108
konservavimo	108
konservų	108
konsultavimo	108
korta	108
kortelių	108
kosmosą	108
kraterių	108
kraujagyslės	108
krepšininkų	108
kriterijai	108
kritikuojama	108
kroatai	108
krovinius	108
krypčiai	108
kryžiuočiais	108
krūmynuose	108
krūtinę	108
kultūroms	108
kunigaikštystėje	108
kuojos	108
kuršėnų	108
kvapas	108
kvarkų	108
kūjis	108
kūriniams	108
kūrėjo	108
lagerio	108
laikinoji	108
laikinosios	108
laima	108
laivyba	108
lakūnų	108
lankytis	108
lapuose	108
lapė	108
laukinės	108
laukti	108
laureatu	108
laureatė	108
lašišos	108
lee	108
legaliai	108
leidybą	108
leidykloje	108
leidžianti	108
leisdavo	108
lesa	108
lgs	108
lietuvininkai	108
liežuvis	108
likučius	108
lp	108
lygiui	108
lygmuo	108
lytį	108
lūpų	108
magistrantūros	108
magistru	108
maišto	108
majai	108
malūnai	108
marijonų	108
markių	108
marškinėlius	108
maršrutas	108
masyvai	108
materialinės	108
mažame	108
mažesnę	108
mažiausių	108
mechaninės	108
medinį	108
melstis	108
membraną	108
menininko	108
menui	108
merginą	108
meta	108
metaliniai	108
metalinės	108
metodinė	108
metraštis	108
mianmaro	108
miega	108
mielių	108
migraciją	108
milano	108
milžiniška	108
minijos	108
minimalus	108
ministerijų	108
ministrui	108
ministrė	108
minutės	108
minėti	108
mit	108
mišrieji	108
mišriuoju	108
mobiliojo	108
modernios	108
modernių	108
modernus	108
modifikacija	108
modifikacijos	108
modulis	108
molekulinės	108
moliu	108
momentą	108
mongolai	108
morfologija	108
moterimis	108
mugių	108
muitų	108
mylėjo	108
mėlyni	108
mėnesiai	108
mėsinga	108
naftą	108
nagrinėjimo	108
naikina	108
naudingųjų	108
naudojamą	108
naujalio	108
naujiems	108
nedelsiant	108
neoficialiai	108
nepasitenkinimas	108
nepritarė	108
nervinių	108
nesant	108
nesugeba	108
nesvarbu	108
nesėkmių	108
netyčia	108
neviršija	108
nežinomų	108
nimfa	108
norvegija	108
norėta	108
notaras	108
numalšino	108
numalšinti	108
nuniokojo	108
nuodingos	108
nuolatinį	108
nuosavą	108
nuosmukis	108
nuėjo	108
nušovė	108
nužudymą	108
nvs	108
oksidas	108
oksidų	108
olimpines	108
olimpinio	108
oranžiškai	108
oratoriją	108
ordinais	108
org	108
organizatoriai	108
organizavimas	108
orgazmą	108
originalios	108
orkestrų	108
paaiškėja	108
pabėga	108
pademonstravo	108
padidėjimas	108
pagamina	108
pajėgomis	108
pakeis	108
pakelia	108
pakenkti	108
pakilimas	108
paklausos	108
pakliuvo	108
paklusti	108
pakopa	108
pakviesta	108
palaikoma	108
palaikų	108
palangoje	108
palengvina	108
paliaubas	108
palietė	108
palikęs	108
pamatas	108
papilys	108
paplitimą	108
parametrai	108
parduotuvėse	108
pareiškimą	108
parengtą	108
partizanams	108
partneriais	108
paryžių	108
pasako	108
pasakojimai	108
pasipriešinti	108
pasirašius	108
pasirašymo	108
pasiskirstymo	108
pasiūlymus	108
paskatinti	108
paskirstymo	108
paskutiniais	108
paspaudus	108
pastebi	108
pastovios	108
patalpoje	108
patarėja	108
patekdavo	108
patiekalus	108
patobulino	108
patogu	108
patraukti	108
paverčia	108
paštu	108
pelinių	108
pelkėtose	108
pelnęs	108
peraugo	108
perdavimas	108
perima	108
perlų	108
persekiojami	108
persikelia	108
persikėlęs	108
pertvarkyti	108
peties	108
pietinį	108
pilietinių	108
pilietinės	108
pilimi	108
pilkapius	108
pirmajai	108
pirmumo	108
pjesę	108
platesnė	108
platinamas	108
platintojas	108
plaukė	108
plaušuota	108
plokšti	108
plotuose	108
plunksnas	108
plunksniškai	108
poezijoje	108
policijai	108
politinėje	108
polių	108
poreikiai	108
poreikį	108
portugalija	108
posėdžiams	108
pozos	108
prahos	108
pralaimėjimų	108
pramogos	108
pranciškaus	108
prancūzams	108
prancūzas	108
prancūziškas	108
prancūzus	108
praneša	108
prasidedant	108
pražanginiai	108
prekybinių	108
premjero	108
priebalsiai	108
prieinamas	108
priekio	108
prieskonis	108
prievartos	108
prievolių	108
priešingas	108
prieštaravo	108
prigimtis	108
priklausomas	108
pripažintos	108
prisitaikyti	108
prisitaikę	108
pristatomi	108
pristatymo	108
privalumas	108
prizininkas	108
procentai	108
prodiuserių	108
produktą	108
profesiją	108
profesionalūs	108
projektams	108
proporcingas	108
protektoratu	108
prūsijoje	108
psichologinės	108
pulkai	108
purvo	108
pusantro	108
pusiaukelėje	108
puslaidininkių	108
ragus	108
raidę	108
ramus	108
rangas	108
rauginių	108
rausva	108
rašmenys	108
rašytojos	108
realios	108
regioninėje	108
registracijos	108
registruoti	108
reklama	108
remdamiesi	108
remontuoti	108
renginyje	108
reorganizavus	108
respublikai	108
respublikiniame	108
restoranų	108
režimu	108
režisieriumi	108
rinkdavosi	108
rinkiniuose	108
ritualų	108
rolandas	108
rolę	108
rsddp	108
rudais	108
ruošiasi	108
ruožą	108
ryšiu	108
rūbai	108
rūmams	108
sacharos	108
sakydamas	108
samurajų	108
sanatorijos	108
santykiais	108
sapnų	108
sargybos	108
saugumas	108
saugykla	108
savaitraštį	108
savininkė	108
savotiška	108
savus	108
savų	108
scenų	108
senelio	108
seniausi	108
seniūniją	108
seniūnė	108
senovinio	108
sentikiai	108
serialuose	108
siekius	108
silikatų	108
simfonija	108
simono	108
sinonimas	108
sirijos	108
situacijoje	108
siūlyti	108
skambesio	108
skambesys	108
sklaida	108
sklypas	108
skolas	108
skristi	108
skrydį	108
skystį	108
slaptas	108
slapyvardžiais	108
slypi	108
smulkesnių	108
smėliu	108
socialistinio	108
sociologija	108
solinį	108
spausdinami	108
specializuoti	108
specifinės	108
spektrą	108
sportinis	108
sportą	108
sprendė	108
sprendžiama	108
stambaus	108
statinius	108
statistiką	108
statmenai	108
statyboms	108
stačiais	108
stačiakampis	108
stačiakampė	108
steigiant	108
stiebą	108
stiprėjo	108
stori	108
struktūrinis	108
struktūrinių	108
stulpų	108
suaugęs	108
subprefektūra	108
subtropinio	108
sudarantis	108
sudarytame	108
sudėtingus	108
sugebėjimų	108
suimta	108
sukeltas	108
sukilimus	108
sukimo	108
sukūrus	108
sumenko	108
sunaikinimo	108
surinktų	108
susidariusios	108
susidarę	108
susiformavęs	108
susiliejo	108
susipažįsta	108
susitarti	108
susitikimas	108
susitikimus	108
susivienijimai	108
sustiprina	108
suteikiant	108
sutelkė	108
suvienijimo	108
sužeista	108
sužinojęs	108
sąmonė	108
sąnario	108
sąnaudos	108
sėkmingų	108
sėlių	108
sūnums	108
sūnėnas	108
sūrių	108
taikiai	108
taiko	108
tamsi	108
tamsus	108
tapatinama	108
tapė	108
tariami	108
tarnybai	108
tarpinė	108
tarpukalnių	108
tarša	108
taršos	108
tau	108
tautinis	108
tautinį	108
taškuose	108
techninis	108
techninė	108
technologijomis	108
teikimu	108
teisingą	108
tekdavo	108
tekste	108
teodoras	108
teorema	108
terapijos	108
teritorijomis	108
teroro	108
tiesimo	108
tiesus	108
tikimybių	108
tikrojo	108
tikrovę	108
tikslumu	108
tikėjimu	108
tiražas	108
tirpsmo	108
titnaginių	108
titulu	108
tobulino	108
tokiam	108
tokioje	108
traktorių	108
tramvajus	108
tramvajų	108
trasų	108
trečioje	108
trikotažo	108
trukus	108
trumpesni	108
trumpus	108
tundra	108
tuojau	108
tuometinių	108
turizmu	108
turizmui	108
turtingi	108
turtingą	108
tvirtovių	108
tyrinėjimo	108
tyrinėtas	108
upytės	108
urbanistikos	108
užfiksuoti	108
užimantis	108
užkariavimų	108
užpakalinės	108
užpulti	108
užpuola	108
užsiiminėjo	108
užtenka	108
vadovaudavo	108
vadovui	108
vadovus	108
vagą	108
vaikystę	108
vainikais	108
vairo	108
vaistas	108
vakariniai	108
valdančiosios	108
valdose	108
valdovus	108
valdę	108
valiutų	108
valstybingumo	108
vamzdį	108
vamzdžiai	108
vargonus	108
varpų	108
veikalo	108
veikiama	108
veikos	108
veikėjus	108
veikėją	108
vektorių	108
vengia	108
vergus	108
verslu	108
versmių	108
verčiami	108
veto	108
vežti	108
vidiniai	108
vienerias	108
vienkiemis	108
vienoda	108
vienuolika	108
viešpatavimo	108
viešą	108
viršutiniai	108
viršūne	108
visuotinės	108
vokalistė	108
vokiečius	108
voverės	108
vykdyta	108
vykusioje	108
vystomas	108
vėžliai	108
wwe	108
ypatinga	108
zakristija	108
zelandijoje	108
ėjimai	108
ėmus	108
įgarsino	108
įgauti	108
įgyvendinant	108
įkūrimas	108
įprastos	108
įrodyta	108
įsipareigojimus	108
įstaigoje	108
įstatus	108
įstoti	108
įtakoje	108
įtakoti	108
įteisintas	108
įtraukiami	108
įvertinimo	108
šakelės	108
šautuvų	108
šeimoms	108
šiaudų	108
šikšnosparnių	108
šimtmečių	108
šiuolaikiniai	108
škotijoje	108
šri	108
štabe	108
šukių	108
švelnios	108
žagarės	108
žaliai	108
žarna	108
žemai	108
žemesniosios	108
žemumą	108
žemynas	108
žemėlapio	108
žemėlapiuose	108
žiedynuose	108
žinomiausias	108
žirgą	108
žiūri	108
žiūrovams	108
žmonijai	108
žudynių	108
žurnalai	108
žurnalistai	108
žuvusiems	108
žuvį	108
žvėris	108
administraciniais	107
administracinę	107
adrijos	107
advokatai	107
afriką	107
aiškinama	107
akademinių	107
akompanavo	107
aktais	107
aktuose	107
aktyvią	107
albanai	107
alkaloidų	107
angių	107
anglys	107
ankstesnis	107
antropologija	107
apgriauta	107
apgulė	107
api	107
apibūdinantis	107
apimti	107
apimtį	107
aprašymai	107
aprašytos	107
aps	107
aptarnauti	107
apysakų	107
apšvietimo	107
architektūrai	107
archyvą	107
armėnai	107
artimųjų	107
asamblėjos	107
asmeninius	107
asmeninę	107
asmenybę	107
aspektas	107
ataką	107
ateitis	107
atitinkama	107
atitinkamo	107
atlaikyti	107
atliekanti	107
atlikimą	107
atmesti	107
atmintyje	107
atrastos	107
atrodytų	107
atsargiai	107
atsiimti	107
atsiradę	107
atsižvelgti	107
atskiromis	107
atstovavimo	107
atvežė	107
atvirų	107
atšaukti	107
auksinų	107
aukštesnioji	107
aukštesnių	107
aukštesnį	107
aukščiausi	107
ausys	107
automobiliui	107
autonominis	107
autorinių	107
aziją	107
aštriais	107
bajorams	107
balys	107
bandydamas	107
bandyti	107
bankrutavo	107
baskų	107
bauda	107
belaisviai	107
bendrinės	107
bendroves	107
beržai	107
beždžionės	107
biologinių	107
bičiulių	107
bmx	107
botaninis	107
branduolyje	107
brūkšniuotu	107
buityje	107
bulgarija	107
būgnais	107
būrių	107
būsimo	107
būsto	107
būtini	107
būtis	107
carui	107
centrais	107
ceremonijoje	107
charakterį	107
cheminiai	107
cheminę	107
choreografijos	107
chorinės	107
chromo	107
cirkas	107
civilinę	107
civilizaciją	107
cska	107
cukranendrių	107
dabartines	107
dailė	107
dainininkai	107
daliniams	107
dalyką	107
dalyvavusių	107
dalyvius	107
dangoraižis	107
dantyti	107
daržuose	107
daubos	107
degtukų	107
degė	107
dengti	107
dengė	107
departamentu	107
devynias	107
dešimtmečiuose	107
diagnostikos	107
diagrama	107
didžiuosiuose	107
diplomatinės	107
dirbantys	107
dirbdavo	107
dirbtinių	107
dirbtinės	107
dirbtuves	107
diske	107
diskusijas	107
doktorantūros	107
dokumente	107
dolerio	107
domino	107
donelaičio	107
dovanoti	107
dozė	107
dozės	107
dubingių	107
dublerių	107
duoną	107
dvigubo	107
dėsnių	107
dėžės	107
džiunglėse	107
efektyviau	107
egzistavęs	107
eilutę	107
ekonomisto	107
ekspansiją	107
ekspedicijoje	107
eksperimento	107
elektriniai	107
elektronas	107
elektroninio	107
elžbieta	107
emigracijos	107
epidemija	107
epochų	107
eskadrilės	107
esminis	107
estrados	107
euro	107
ešelone	107
fabrikai	107
fantastinių	107
federalinė	107
federalinės	107
fenomenas	107
fermentai	107
figūrą	107
filiale	107
finansavimą	107
fizinius	107
fonas	107
fondus	107
formatą	107
formavo	107
forumas	107
fotografuoti	107
fotomenininkų	107
frazės	107
funkcijomis	107
gaisrų	107
galimybėmis	107
galintys	107
galūnes	107
garsusis	107
gatves	107
gatvinis	107
gaubia	107
gen	107
genai	107
geriamas	107
gerovę	107
giedoti	107
giedraičių	107
gijos	107
gilyn	107
gimimą	107
giminaičių	107
glaudžius	107
gleivių	107
google	107
gramų	107
greitą	107
gretimos	107
griežta	107
grožis	107
grįžus	107
grūdus	107
gubernijų	107
gvardija	107
gydymą	107
gynybinių	107
gyvenamąjį	107
gyvenamų	107
gyvenusios	107
gėlė	107
herbai	107
herbuose	107
hierarchija	107
hunų	107
idealus	107
identitetas	107
ieškant	107
ieškodamas	107
impulsų	107
individuali	107
infrastruktūrą	107
intakais	107
intelektualų	107
investuoti	107
irklavimo	107
islandų	107
ispanams	107
istorijas	107
išdėstymas	107
išimčių	107
iškeistas	107
iškeltų	107
iškovota	107
išleistą	107
išmeta	107
išplėstas	107
išsiveržė	107
išsivystymo	107
ištakas	107
ištikimas	107
išvarė	107
išversti	107
išvystyti	107
jauno	107
jaunus	107
jautrus	107
jean	107
juosmens	107
juostelėmis	107
jėgainės	107
jėzuitas	107
jūratė	107
kadenciją	107
kaimelyje	107
kalbančiųjų	107
kančios	107
kapitonu	107
karate	107
karjeras	107
kartojasi	107
karūnavimo	107
kasant	107
kasybos	107
kategoriją	107
kategorijų	107
kaukolė	107
kažkur	107
keičiama	107
keičiamas	107
keičiami	107
keliautojo	107
kenčia	107
kepurės	107
keršto	107
keturiasdešimt	107
ketvirtajame	107
ketvirtąją	107
kieto	107
kildinama	107
kilusio	107
kintamųjų	107
kitapus	107
klaidas	107
klausimo	107
klebonui	107
klientams	107
klientas	107
klinties	107
klinčių	107
kokiam	107
koledžas	107
kolegialiai	107
kolonijinių	107
kolonijinė	107
kolonizuoti	107
kompaktinės	107
kompiuterinė	107
konkuravo	107
konstitucijoje	107
konsulo	107
kooperatyvo	107
kortelė	107
kosminė	107
kostiumų	107
krakių	107
krinta	107
krioklio	107
kritiką	107
kuriantis	107
kurą	107
kuršiai	107
kvartetas	107
kylant	107
kėdainiuose	107
kūdikis	107
laidojo	107
laidotuves	107
laikams	107
laikinasis	107
laikymo	107
laimė	107
laimėję	107
laisvasis	107
laisves	107
laisvieji	107
laivybai	107
lankosi	107
laužo	107
lazdelės	107
leistis	107
lemiamą	107
lenkams	107
lenktyniavo	107
lentų	107
leono	107
liepsnos	107
liks	107
likusias	107
linkme	107
literatūrinė	107
literatų	107
lps	107
lygiosios	107
lygius	107
lygumas	107
lygybė	107
lyja	107
lyrikos	107
magnetinį	107
magnolijainių	107
mainai	107
maksimaliai	107
malda	107
malūno	107
mantijos	107
maria	107
martyno	107
maršrutai	107
maršrutu	107
masinis	107
masinių	107
masyvus	107
maurų	107
mažesnį	107
mažoritarinę	107
mechaninių	107
mechanizmus	107
medienoje	107
medžiagoje	107
meistru	107
meksika	107
memorialinė	107
menai	107
metodininkė	107
mikrorajone	107
miltelių	107
milžiniškos	107
ministrą	107
minkšti	107
misionierių	107
mituose	107
miuncheno	107
mišriųjų	107
ml	107
mokslines	107
moksliškai	107
molekulė	107
molėtai	107
monarchas	107
moteriškas	107
muziejuose	107
naciai	107
narį	107
natiurmortų	107
natos	107
naujame	107
naujoje	107
naumiesčio	107
našlaičių	107
neatsiejama	107
nedidelėje	107
neigiamo	107
neigiamos	107
nekarti	107
neleisti	107
nematomas	107
nemunas	107
nenaudojami	107
nepatenkinti	107
nepavyksta	107
nerasta	107
nesusilaukė	107
neturinti	107
neturintys	107
nevienodai	107
nevienodo	107
nigerio	107
normaliai	107
noro	107
norėtų	107
novelės	107
nugriautas	107
nukovė	107
nukreiptos	107
numatytos	107
numerius	107
nuotykius	107
nurodomi	107
nusikaltimai	107
nusikaltimą	107
nuspręsti	107
nustoja	107
odoje	107
oficialiame	107
oksido	107
operas	107
operetes	107
operetę	107
operečių	107
optika	107
oranžiniai	107
organizuojama	107
originalo	107
orkestrais	107
orkestrams	107
ortodoksų	107
ožkų	107
paaukoti	107
padalijimas	107
padalinius	107
padalyta	107
padės	107
pagamintų	107
pagarba	107
pagrindinėmis	107
pailgos	107
pakaitomis	107
pakankamas	107
pakartoti	107
pakitimai	107
pakraščiais	107
palankios	107
pamatą	107
paminklais	107
panaikinto	107
panašiais	107
pankroko	107
panorama	107
paprastoji	107
parapijiečiais	107
parapijinė	107
paras	107
parašo	107
pareigybės	107
paribyje	107
partinę	107
partneriu	107
pasaulinių	107
pasiekus	107
pasikeitimas	107
pasikeitus	107
pasilikti	107
pasirinkimą	107
pasirodžius	107
pasisako	107
pasiskirstymą	107
pasitikėjimo	107
pastarąjį	107
patartina	107
patarėjo	107
patiekiami	107
patino	107
patyręs	107
pavartojo	107
paviete	107
pačiose	107
pašalinta	107
pašlaitėse	107
pažeidimai	107
pažeisti	107
pelekai	107
penktadienio	107
perskaityti	107
personalas	107
perstatytas	107
perteikti	107
pertvarkė	107
pervažiavus	107
perėja	107
perėjimas	107
petrašiūnų	107
pieną	107
pietūs	107
piešinio	107
piešti	107
pilietiniame	107
piramidžių	107
pirkimo	107
pirklys	107
pirmavo	107
pirmenybės	107
pirmenybę	107
pirmose	107
pirmu	107
pirtis	107
pjesė	107
pl	107
plane	107
plaukioti	107
plačia	107
plikas	107
plonos	107
plunksniški	107
plėtojama	107
pole	107
politiniame	107
polius	107
polocko	107
posėdžių	107
potencialą	107
potvynis	107
pradėję	107
pramoninių	107
pranašas	107
pranešimas	107
prasidėti	107
pravardę	107
prekybiniai	107
preparatų	107
pretendavo	107
prevencijos	107
priartėjo	107
pridėjus	107
prieglaudą	107
prieinami	107
priekiniais	107
priemone	107
prieskoniai	107
priešintis	107
priešu	107
priklausančia	107
primatų	107
princesė	107
prisikėlimo	107
priskyrė	107
pritraukė	107
privatizavimo	107
privedė	107
priėjo	107
problemoms	107
procedūra	107
procesui	107
prodekanas	107
profesijų	107
programavimas	107
programomis	107
proporcijos	107
protą	107
puikūs	107
punktai	107
punkto	107
punktų	107
pusmėnulio	107
pušynai	107
pylimais	107
pėstininkas	107
radiacijos	107
ragais	107
raganos	107
ragasnapis	107
raktas	107
raudonasis	107
raudonomis	107
regbio	107
regioninį	107
reikšminga	107
reikštų	107
reiškianti	107
religijoje	107
rengiama	107
rengimas	107
renginio	107
reorganizuotas	107
restauracijos	107
restauruotas	107
rezervate	107
rezidenciją	107
rimtų	107
rinktines	107
rumunijoje	107
rungtyse	107
ruošė	107
rūdų	107
rūgštį	107
sa	107
sakant	107
saldus	107
sandorių	107
sandėliai	107
sargyba	107
savaitgalį	107
savarankiškumą	107
savivaldybėse	107
savotiškas	107
seilių	107
sektų	107
senatas	107
senatoriai	107
septynmetėje	107
sergantiems	107
serveris	107
sesijos	107
sferą	107
sidabriniame	107
sienoje	107
sigitas	107
simfoninis	107
skaičiavimus	107
skambesį	107
skiriantis	107
skitų	107
skurdo	107
skyriuose	107
slaptos	107
sm	107
smulkias	107
snukio	107
socialistinė	107
sociologas	107
sojos	107
solinio	107
sovietinė	107
sparčiau	107
spaudimas	107
spaudinių	107
specializuotos	107
sporte	107
sportinio	107
spėti	107
stabdo	107
stabili	107
stalas	107
stanislovo	107
statulos	107
statybinės	107
stebima	107
stebuklų	107
stebėjimai	107
stepono	107
stiprinimo	107
stiprino	107
storos	107
stovintis	107
straipsniuose	107
strategiškai	107
stuburinių	107
styga	107
sudarydamas	107
sudarymas	107
sudėtingumo	107
suginčių	107
sultimis	107
sultonato	107
sumažinta	107
sumokėjo	107
sumontuotas	107
sunaikina	107
sunkūs	107
supažindino	107
surinkusi	107
susikirtimo	107
susikūrimo	107
sutarė	107
suteikiamos	107
suvokimą	107
sušauktas	107
svarbaus	107
sąjungas	107
sąskaitų	107
sąsmauka	107
sėkla	107
taikinio	107
taisyklėmis	107
takelių	107
takelį	107
taktiką	107
talentą	107
tamsoje	107
tamsos	107
tankiausiai	107
tarpinis	107
tarybiniais	107
tautodailės	107
tautosaka	107
techniškai	107
teigiamų	107
teiginį	107
tekstais	107
teleskopo	107
telšiuose	107
tendencija	107
teorinių	107
testas	107
tiekiamas	107
tikisi	107
tikrame	107
tikrąjį	107
tikėdamasis	107
tiltus	107
tinkami	107
tinklinio	107
tinko	107
tokiai	107
topus	107
tradicines	107
trakto	107
transliuojama	107
trapecijos	107
traukinio	107
traukė	107
traumą	107
treniruoti	107
trečdaliai	107
triukšmas	107
trumpu	107
trupė	107
tunelio	107
tuometinė	107
turistus	107
turnyrai	107
turnyrus	107
turtingų	107
turtu	107
tuščias	107
tvirtinama	107
tvirtos	107
tvoros	107
tėvynė	107
unikalių	107
universalus	107
universitetus	107
upeliu	107
urvus	107
urėdas	107
užbaigta	107
uždraustos	107
užkariavus	107
užmokestis	107
užpildyti	107
vadinamu	107
vaidmenys	107
vainiku	107
vaistais	107
vaistinės	107
vaizdavimas	107
valdovė	107
valstijas	107
valstybingumą	107
valstybiniu	107
varianto	107
varomi	107
vartota	107
veikiantys	107
veiksmais	107
velnias	107
vergiją	107
versle	107
verslui	107
vertinga	107
viceprezidentu	107
vidurinį	107
vidury	107
vidutiniai	107
vienetu	107
vienijo	107
vietovėmis	107
vilkų	107
vinco	107
virsti	107
viruso	107
viršutinę	107
viršyti	107
visko	107
visuomeninius	107
visuotinė	107
vykdomasis	107
vykdymas	107
vykstančių	107
vykusiose	107
vykusiuose	107
vyresnio	107
vyriausybe	107
vyriškas	107
vystymuisi	107
vėlesniais	107
vėliavas	107
vėžiagyviais	107
vėžiu	107
ylų	107
ypatybes	107
zootechnikas	107
čempione	107
česlovas	107
ėjimu	107
ėjimų	107
įamžinti	107
įgaliojimų	107
įgyvendinimas	107
įkvėptas	107
įkūrėju	107
įkūrę	107
įpėdinystės	107
įrašymo	107
įsipareigojimų	107
įsirengia	107
įsivaizduoti	107
įsivyravo	107
įstatyme	107
įstojęs	107
įteisino	107
įvairiu	107
įvardinti	107
įvykiuose	107
įvykus	107
šaką	107
šalmo	107
šiauriniai	107
šiaurinį	107
šiaurė	107
šlako	107
šneka	107
šoną	107
švelniai	107
šventa	107
šviesoje	107
šįkart	107
žadėjo	107
žemdirbiai	107
žemdirbystei	107
žemesnę	107
žiburio	107
žiniose	107
žinomus	107
žiotys	107
žmonija	107
žodyje	107
žudyti	107
žvėrys	107
žygiuose	107
žūsta	107
abejo	106
abejonių	106
actekai	106
administravimas	106
aglomeracijoje	106
aistra	106
aiškinamas	106
aiškinti	106
akivaizdoje	106
akmeninius	106
aktino	106
algirdo	106
algoritmų	106
aljanso	106
alytus	106
alėjos	106
amatais	106
amino	106
amžininkų	106
animacinių	106
ankstesnius	106
ankstyvoji	106
ansamblius	106
antkapinių	106
antru	106
apdovanojimams	106
apkasų	106
aplinkinius	106
aplinkinės	106
aplinkui	106
apple	106
apribojo	106
apskaita	106
apskaičiuota	106
apskrita	106
apskritimas	106
aptarti	106
apybraižų	106
apygardai	106
apykaitą	106
apyvartoje	106
apyvartos	106
arterijos	106
artimiausias	106
asmeniniai	106
asmeninė	106
astronomai	106
atakas	106
atašė	106
atgimė	106
atitinkamus	106
atkakliai	106
atkeršyti	106
atkūrimą	106
atliekos	106
atlikus	106
atlyginimo	106
atmainos	106
atradus	106
atremti	106
atsiliepė	106
atsiskiria	106
atsiskyrimo	106
atsitinka	106
atsiuntė	106
atsiėmė	106
atsparumą	106
atstovybė	106
atstumus	106
atvykdavo	106
atėjęs	106
atšakas	106
audrius	106
augmenija	106
aukojimo	106
aukomis	106
aukoms	106
aukštais	106
aukštaitijos	106
austriją	106
avis	106
aštrūs	106
aštuonios	106
bakterijas	106
balansas	106
balsvas	106
baltoji	106
barzda	106
baseinų	106
batalioną	106
baudos	106
baudžiamąją	106
baze	106
bazes	106
bekočiai	106
bendrabutis	106
bendraminčiais	106
bendravimas	106
bernardinų	106
bibliotekai	106
blogų	106
bokštus	106
bolidas	106
bolidą	106
bombonešių	106
bosine	106
bostone	106
budizme	106
bulgarai	106
burna	106
butą	106
bėga	106
būnant	106
būrų	106
būsenų	106
būsimojo	106
būstinės	106
carlos	106
centimetrų	106
charakteristikas	106
charakteristikų	106
chorvedybos	106
dalijosi	106
dalinama	106
dalyvaus	106
dalyvavę	106
dariaus	106
daugpilio	106
deivei	106
deivių	106
delegacija	106
demonstracijos	106
dera	106
deriniai	106
derino	106
derėtis	106
devyni	106
diana	106
dideliuose	106
didelėse	106
didino	106
didžiuliai	106
diktatorius	106
diplomatinių	106
dirbama	106
dirvose	106
diržo	106
diskusijos	106
diviziją	106
dniepro	106
donatas	106
dos	106
dotnuvos	106
dovaną	106
dragūnų	106
dramoje	106
draugams	106
driekėsi	106
drėgnumo	106
drėkinimo	106
dumbliai	106
duodavo	106
dziudo	106
dėsnio	106
dėžė	106
džiovinti	106
efektyvi	106
ekologija	106
ekonominei	106
ekonominiu	106
ekslibrisų	106
ekspedicijose	106
eksternu	106
elgesiu	106
elgsenos	106
emi	106
emocijas	106
eterinio	106
etnografas	106
etnografinių	106
europietis	106
europiečiams	106
evangelikai	106
evoliuciją	106
ežerėlis	106
faktais	106
fantazijos	106
faraonų	106
fasadas	106
faunos	106
fazių	106
fbk	106
fergie	106
fidžio	106
filmuoti	106
filosofinių	106
finišo	106
fizinę	106
fondui	106
formavimo	106
formavimąsi	106
fortepijoną	106
forumo	106
francisco	106
frankai	106
frydricho	106
funkcijoms	106
gabeno	106
galingi	106
galingos	106
galingų	106
galinių	106
galinės	106
galus	106
galutinį	106
gaminanti	106
gamtai	106
gamybinės	106
garbinimas	106
garbinti	106
garbę	106
garnys	106
garsais	106
gaus	106
gebėjimus	106
gebėjimų	106
geležiniai	106
gelmių	106
geografų	106
geomorfologinis	106
geriama	106
gervė	106
giminaičiai	106
giminingos	106
gimtąją	106
ginkluota	106
girdimas	106
globėjo	106
glūdi	106
gotai	106
griežtą	106
grindžiamas	106
grobio	106
grupuotė	106
gruzija	106
grybo	106
grynas	106
gudų	106
gvinėjoje	106
gydoma	106
gydomųjų	106
gyvenamoji	106
gyvenamąją	106
gyvųjų	106
gėlų	106
gėrybių	106
henry	106
herojai	106
humanitarinio	106
humanitarinės	106
ideologiją	106
idėjoms	106
ietimi	106
ilinojaus	106
imigracijos	106
induizmo	106
infekcija	106
infekcijos	106
informacinis	106
instancija	106
institutui	106
instrumentams	106
inteligentijos	106
intensyvi	106
internetinis	106
invaziją	106
inž	106
inžinerinės	106
iranėnų	106
ironija	106
izoliuota	106
išduoda	106
išduodamas	106
išgarsėjęs	106
išilginėmis	106
iškasti	106
iškelia	106
iškilimas	106
iškilus	106
išlaikoma	106
išlaisvino	106
išleistoje	106
išlikimo	106
išmarginta	106
išmesti	106
išnaikinti	106
išnykę	106
išplatino	106
išraišką	106
išsidėsto	106
išsilaikyti	106
išsilavinimas	106
ištakomis	106
ištikimi	106
išvaduoti	106
išvadų	106
išvežta	106
išvykęs	106
jadvyga	106
janina	106
japoniją	106
jauniausiu	106
jausmai	106
jautrumas	106
jautėsi	106
jeronimas	106
jeruzalės	106
jonai	106
jonušas	106
jorubų	106
jungiamasis	106
junginiais	106
juostose	106
jėzus	106
jūras	106
kabo	106
kaktos	106
kaldino	106
kalibras	106
kancleriu	106
kandidatus	106
kape	106
kapitoną	106
karatė	106
kardą	106
kariais	106
karininkus	106
karjero	106
katalikybės	106
katerių	106
kaulus	106
kazachstano	106
keletui	106
keliami	106
keliautojai	106
kelionėje	106
kernavės	106
ketera	106
keturkampio	106
kiekvienu	106
kintamosios	106
kirilica	106
kitokį	106
klaidingas	106
klausimams	106
klebonijoje	106
klesti	106
klinikoje	106
klipų	106
knygnešio	106
kolega	106
kolegijų	106
kolekcijų	106
kolektyvinės	106
kolonizavo	106
komandose	106
kombinacijos	106
komisaro	106
komisarų	106
kompetenciją	106
kompiuteriui	106
komponentus	106
komunikacijų	106
komunistinės	106
konkistadoras	106
konkurentų	106
konstantino	106
konstantinopolio	106
kontakto	106
kordobos	106
kovinių	106
kovoms	106
kp	106
kraterio	106
kraštinių	106
kražių	106
kremzlės	106
krepšininkai	106
krikštą	106
krikščioniškų	106
kritikuoja	106
krituliai	106
kryžiuočius	106
krūmynai	106
krūtų	106
kultūrinėje	106
kurdų	106
kurse	106
kursuoja	106
kvalifikacijoje	106
kęstučio	106
labanoro	106
laboratoriją	106
laidumas	106
laikydavo	106
laimėta	106
laiško	106
langus	106
lapeliai	106
lapių	106
laukiniai	106
lauro	106
lb	106
ledyninės	106
leidimai	106
leidžiamos	106
lempos	106
lemputės	106
leonardas	106
lesabre	106
liemens	106
liežuviu	106
lizdo	106
ll	106
llc	106
luomas	106
lydinio	106
lydymo	106
lygas	106
lygia	106
lyginti	106
lyvių	106
ląstelėms	106
mada	106
maitintis	106
makštis	106
maldų	106
malonės	106
mamos	106
mandžiūrų	106
maras	106
marškinėliai	106
matematikų	106
mažesnes	106
mechanizacijos	106
medikų	106
medinio	106
medumi	106
medžiu	106
meksikiečių	106
metalinė	106
meteorologijos	106
metodininkas	106
metraščio	106
mikrorajonas	106
mikrorajono	106
milžinas	106
mineralinės	106
minos	106
minėjo	106
miokardo	106
misionieriai	106
misionierius	106
mitologinis	106
mitologinių	106
mitą	106
modernaus	106
mokama	106
molekules	106
monotipinės	106
muzikiniai	106
myli	106
mūriniai	106
nacionalines	106
narkotikais	106
naudojamo	106
naudotą	106
naujieji	106
naujoms	106
navigacijos	106
neatskiriama	106
neaukšti	106
neblogai	106
nebūti	106
nedavė	106
nedideles	106
neišvengiamai	106
nemalonaus	106
nemokėjo	106
nemuną	106
nenaudojamas	106
nendrių	106
nesiekia	106
nesudaro	106
nesėkmės	106
neteisėtai	106
neįprastas	106
nešiodavo	106
nežinomi	106
nežinomos	106
nežiūrint	106
normalaus	106
normomis	106
nso	106
nukeliavo	106
numalšintas	106
nusikaltimas	106
nusilpo	106
nusistovėjo	106
nusižudyti	106
nustatomos	106
nušautas	106
obuoliai	106
oficialiu	106
oksidacijos	106
olimpiados	106
oloje	106
operetės	106
opozicijoje	106
opoziciją	106
orbitoje	106
organizuotos	106
organą	106
orientuotas	106
originalų	106
ornamentu	106
orui	106
pabaisa	106
padariniai	106
pagarsėjęs	106
pagauti	106
pagrįstą	106
pailgi	106
pakaitalas	106
pakartojo	106
pakartotinis	106
pakeitimas	106
pakeitimus	106
pakito	106
paklausą	106
paktą	106
pakėlė	106
palaidojo	106
palaikomas	106
paliaubos	106
pamatinė	106
pamokslai	106
panaudojama	106
papildyta	106
parametrus	106
parduotuvę	106
pareigą	106
paruošimo	106
paruošta	106
parvežti	106
pasaka	106
pasaulinė	106
pasaulinėje	106
pasiekę	106
pasirašytos	106
pasirodys	106
pasirodžiusi	106
paskelbia	106
paslaugą	106
pasodintas	106
pastatymo	106
patekus	106
patikėtinis	106
patobulinta	106
patobulintas	106
pavardžių	106
paveikta	106
paveldima	106
pavirto	106
pavojingi	106
pavyzdžiais	106
pavyzdžio	106
pavyzdžius	106
pašventino	106
pelekas	106
pelnyti	106
penkiasdešimt	106
pereita	106
perimta	106
periodinių	106
persai	106
persekiojamas	106
perskaitė	106
personažo	106
perėjos	106
pieninė	106
pigmentas	106
pilnos	106
pirmauja	106
pirmininkavo	106
pirštas	106
pistoletai	106
pistoletų	106
pjautuvas	106
pjeses	106
planetas	106
platformą	106
platinos	106
plečiantis	106
plynaukštę	106
plyšiuose	106
plėtojimo	106
plėšriųjų	106
poemų	106
pogrindyje	106
politologas	106
populiariosios	106
porceliano	106
port	106
portalas	106
portretus	106
portugalijoje	106
posakis	106
posūkio	106
potencialas	106
potraukis	106
potvynius	106
povandeniniai	106
požeminių	106
požymiais	106
prabangos	106
pradinį	106
pradės	106
praktikuoja	106
pramone	106
pranašystės	106
prancūzijai	106
prarastas	106
prasidėdavo	106
pravoslavų	106
prekinis	106
priekinėje	106
prietaisus	106
prieškario	106
priimtą	106
prijungimo	106
prilygsta	106
pripažintų	106
prisijungimo	106
pritarimo	106
pritvirtinta	106
procesuose	106
produktams	106
projektuoti	106
protokolą	106
psichiatrijos	106
publicistikos	106
publikacijos	106
puikios	106
pulkų	106
punktus	106
pupelių	106
puslapį	106
pėdomis	106
pėsčiomis	106
raiška	106
rajonais	106
raketomis	106
rastų	106
rašybos	106
rašytiniai	106
rašytoju	106
reformuoti	106
regioniniai	106
reikalingus	106
reikmenys	106
reiktų	106
reiškiasi	106
rektoriumi	106
remtis	106
renkant	106
repertuarą	106
retorikos	106
rezidavo	106
rezidentūros	106
rezultatais	106
režisieriai	106
režisuotas	106
riedulys	106
rifai	106
rodantis	106
rugių	106
rumunija	106
ruošiami	106
rusnės	106
rytiniai	106
rėkyvos	106
rūšiai	106
samdinių	106
sandėlis	106
sandūros	106
sanitarijos	106
sapnas	106
saugiai	106
sausros	106
savaitė	106
savanoriškai	106
savanos	106
savas	106
savininku	106
savininkui	106
savos	106
scenas	106
semitų	106
senus	106
serialą	106
serialų	106
siekiantis	106
sienelių	106
sienelė	106
simfoniniam	106
simfoniniame	106
skelbiamas	106
skleidė	106
skliautai	106
skolinių	106
skolų	106
skulptūromis	106
skydai	106
skyrimo	106
skyrybų	106
slūgso	106
smeigtukų	106
smulkaus	106
smulkiomis	106
smėlį	106
snapu	106
snapą	106
socialdemokratinio	106
socializmas	106
sodybose	106
solinis	106
solistai	106
sovietinių	106
spektaklį	106
spektras	106
sprendimui	106
sprogstamosios	106
spėja	106
srautą	106
sriuba	106
stabilumo	106
stabilus	106
stadiono	106
stadioną	106
stambiausias	106
standartu	106
statistinius	106
statistinių	106
stato	106
statuto	106
stebint	106
stebėtojas	106
stiebu	106
stipendijų	106
stipresnis	106
stipriau	106
stipriu	106
stiprius	106
stogą	106
stovėjimo	106
studijuodamas	106
stulpas	106
substrato	106
suburti	106
sudarydama	106
sudarytojas	106
sudarę	106
sudėjimo	106
sudėtingi	106
sugrąžino	106
sugrąžintas	106
sukeltų	106
sukūrusi	106
sulaikytas	106
sumanė	106
sumažėjimas	106
sumontuota	106
sunkią	106
sunkvežimių	106
suomis	106
suranda	106
surinktos	106
susidomėjimas	106
susikūrus	106
susilpnino	106
suskirstė	106
sustoja	106
sutarta	106
sutinkamos	106
sutvarkyti	106
suvažiavimą	106
suvokiamas	106
sušaukimo	106
sužaistos	106
svajojo	106
svarstyti	106
svarstė	106
svetimų	106
sviedinių	106
svirnas	106
svyravimai	106
sąjungininkais	106
sąlygose	106
taikomųjų	106
taikymą	106
taktikos	106
tapyti	106
tapytoja	106
tarpo	106
tauragė	106
tauragėje	106
tautosakoje	106
te	106
tebebuvo	106
techninę	106
technologinių	106
tekstilė	106
telefonu	106
telegrafo	106
tenkinti	106
teritorinius	106
terpėje	106
tiesiant	106
tikram	106
tikruoju	106
tikrąją	106
tikslių	106
tikėtis	106
tinklalapyje	106
tirpalo	106
trajektorija	106
tramvajai	106
transliuoja	106
transportu	106
treji	106
treniruoja	106
trofėjus	106
trukti	106
trylika	106
trūkumus	106
trūkumą	106
tuometinę	106
turbina	106
turima	106
turimas	106
turinčias	106
turinčiu	106
turkais	106
turtingos	106
turų	106
tuščiaviduris	106
tvirti	106
tvirtą	106
tyrėjas	106
tyčia	106
tėkmė	106
unikalią	106
unikalų	106
unitų	106
uoga	106
uogas	106
uždarų	106
užduoties	106
užimdavo	106
užimtos	106
užkariavimas	106
užkirsti	106
užleido	106
užrašų	106
užsitikrino	106
užsitikrinti	106
užtvankų	106
užuot	106
vadinamoje	106
vadovais	106
vadovybei	106
vaikšto	106
vaistinis	106
vaistus	106
vaizdavimo	106
vakaras	106
valdybai	106
valdžių	106
valentinas	106
valstybines	106
valstybėlių	106
valčių	106
vampyrai	106
varpine	106
vartojant	106
važiavo	106
veika	106
veiverių	106
velnio	106
venesuelos	106
verslai	106
versmės	106
verstis	106
vertas	106
vertimą	106
vidmantas	106
vidurinis	106
vienetui	106
vienintelės	106
vienkiemius	106
vienmetis	106
vientisa	106
vienuolynui	106
vilius	106
viljamas	106
vingiuoja	106
virti	106
virtuvių	106
virvės	106
viršukalnės	106
viršūnėmis	106
visata	106
visiškas	106
visuomeniniame	106
vitaminas	106
vokalinis	106
vokalinės	106
vynu	106
vyskupą	106
vėlesnės	106
vėlyvųjų	106
vėžlys	106
ypatingus	106
ypatumų	106
zenonas	106
zigmantas	106
čempionė	106
čigonai	106
čilėje	106
ėda	106
ėjimą	106
įeiti	106
įgyvendintas	106
įkvėpimo	106
įprasto	106
įpėdiniai	106
įregistravo	106
įrengiamos	106
įsiliejo	106
įsimylėjo	106
įsiterpusi	106
įsitikinimų	106
įstatymams	106
įstatymuose	106
įtvirtintos	106
įvardijamas	106
įvertinimas	106
šachmatai	106
šauliai	106
šautuvai	106
šautuvo	106
šimtmetį	106
šokolado	106
šokėjų	106
šokį	106
šoninių	106
štabą	106
švelnaus	106
švente	106
šviesios	106
šviesus	106
švęsti	106
žaibo	106
žaidžiantys	106
žala	106
žalių	106
žalčių	106
žanas	106
žanrą	106
žavėjosi	106
žibintai	106
žirgais	106
žlugimą	106
žmonas	106
žole	106
žudikas	106
žuvimi	106
žvilgsnio	106
žygiavo	106
žygimanto	106
žymėjo	106
žymės	106
abiturientai	105
abėcėlę	105
administracijai	105
administraciškai	105
administravo	105
administruoti	105
advokatūros	105
afganistano	105
afrikiečių	105
agentai	105
agento	105
agentą	105
airėse	105
akcininkas	105
aktyviausių	105
algoritmo	105
alkoholiniai	105
amato	105
ambasadoriumi	105
analizuoja	105
anduose	105
andželo	105
anglikonų	105
angliškas	105
angliškojo	105
animacija	105
ankstyvasis	105
antai	105
antilopių	105
antkaklių	105
antonijus	105
antrajai	105
antrąkart	105
antstolio	105
antys	105
apatiniai	105
apatinę	105
apatinį	105
apeiti	105
apgyvendintų	105
apleisti	105
aplinkinėse	105
aprašymuose	105
aprašymą	105
aprūpina	105
apsuptyje	105
apysaka	105
apysaką	105
apyvokos	105
apšvietimas	105
apšvietimui	105
apžiūroje	105
architektūrinių	105
arkliais	105
arkos	105
artimiausių	105
artėja	105
asimiliavo	105
asistentė	105
asmeniu	105
aspektais	105
aspektu	105
atitremta	105
atkūrimas	105
atominis	105
atostogas	105
atostogos	105
atrėmė	105
atsakymą	105
atsidėjo	105
atsikraustė	105
atsiminimus	105
atskilo	105
atvaizdai	105
atvaizdu	105
atvaizduoti	105
atvaizdą	105
atvežtas	105
atviroje	105
atvirojo	105
atšaukė	105
augaliniu	105
augmenijos	105
aukojo	105
aukštesniu	105
aukštesnę	105
aukštikalnių	105
aukštikalnėse	105
aukštoje	105
aukštumą	105
aukštuomenės	105
aukščiausiasis	105
australiją	105
automagistralė	105
automatinio	105
automatinis	105
autonominių	105
autosporto	105
ašimi	105
aštuntasis	105
bajorija	105
bajoro	105
bakalauras	105
baletas	105
baletmeisteris	105
balsiai	105
baltarusiai	105
bananų	105
bandymams	105
banginiai	105
bankininkystė	105
barai	105
baritonas	105
baronas	105
baruose	105
basanavičiaus	105
batalionai	105
baterija	105
batų	105
baudžiamąsias	105
bausmių	105
bebūtų	105
bendradarbiu	105
bendrasis	105
bendrijų	105
bendrąją	105
berniuką	105
bibliotekas	105
bijo	105
blakių	105
bliuzo	105
bloga	105
blogo	105
blokų	105
boeing	105
bokštelis	105
bombas	105
bostono	105
botanikas	105
bpk	105
branduolinė	105
buhalterė	105
bulių	105
butelius	105
būsimos	105
būtinybė	105
cadillac	105
cechas	105
centralizuota	105
ceremoniją	105
chano	105
chartija	105
cheminio	105
cikle	105
civiliai	105
dailėje	105
dalina	105
dalintis	105
dalyvio	105
darbininkams	105
darbininku	105
daugėja	105
dažniausių	105
degėsių	105
dekoruoti	105
delegatų	105
demokratinę	105
demokratiški	105
departamentus	105
derinant	105
derlingumo	105
devintasis	105
dešimtuką	105
didesne	105
didikams	105
didžiules	105
didžiulių	105
dimorfizmas	105
dingsta	105
dinozauras	105
dirbę	105
direkcijos	105
diskutuojama	105
domeno	105
dominavimo	105
draugui	105
drobės	105
druskingas	105
duetai	105
dusetų	105
dvarininko	105
dvasiomis	105
dvejiems	105
dvejos	105
dvejose	105
dėsningumus	105
džono	105
džordžas	105
ed	105
efektus	105
egiptas	105
egzamino	105
egzempliorius	105
egzistavusios	105
egėjo	105
eigos	105
ekologinės	105
ekonomine	105
ekosistemų	105
ekspansijos	105
eksperimentus	105
eksploatacijos	105
eksponuojama	105
elektromagnetinės	105
elektroniniu	105
elektronus	105
emocijos	105
entuziastų	105
eritrocitų	105
ertmėje	105
eržvilko	105
esamą	105
esančiomis	105
etapuose	105
etniniai	105
etninę	105
etniškai	105
failo	105
federalinių	105
fide	105
figūromis	105
finalas	105
finalinį	105
finansines	105
fizinė	105
flotilės	105
formoje	105
formuojant	105
formuojantis	105
gabus	105
gaktos	105
galingumas	105
galinti	105
galinčių	105
galiojimo	105
galite	105
galutinio	105
galutinėje	105
galvutė	105
galūnę	105
gaminamų	105
gamindavo	105
gamtininkas	105
ganyklų	105
garantuoja	105
garantuoti	105
garbinama	105
garbinimo	105
gargždų	105
gaudyti	105
gausiomis	105
gautus	105
gelbėti	105
geltonais	105
geografinę	105
geologinis	105
geologinių	105
geometrijos	105
gerbiamas	105
gili	105
giliu	105
gilumoje	105
gilūs	105
giminę	105
gimtajame	105
gimtinė	105
ginkluotė	105
girėno	105
gitaristu	105
gitarų	105
gladiatorių	105
globoti	105
gmbh	105
graikus	105
greita	105
greičiausią	105
grenlandijos	105
gretimose	105
grindys	105
grodavo	105
grojimo	105
gruzdžių	105
gruzijoje	105
grąžinimo	105
gustavas	105
gvinėja	105
gydo	105
gynybinis	105
gyvam	105
gyvenamąsias	105
gyvenantiems	105
gyvenusius	105
gyvus	105
gyvybių	105
gyvūną	105
gėjų	105
gėrimą	105
hemoglobino	105
herojaus	105
hidrografinis	105
hidrotechnikas	105
hierarchijoje	105
hipotekos	105
hitai	105
horizontali	105
horizontalios	105
http	105
hunai	105
ietį	105
ieškodami	105
ikiteisminio	105
ilgalaikio	105
iliustravo	105
ilyrų	105
impulsą	105
inde	105
individualioms	105
indo	105
induočių	105
instrumento	105
instrumentu	105
integruota	105
intensyvios	105
intensyvus	105
internatinė	105
interpretacijos	105
interpretuoti	105
intervale	105
investicinių	105
irane	105
irkutsko	105
išduotas	105
išlaikę	105
išleidus	105
išmarginti	105
išorinį	105
išplaukia	105
išradimo	105
išrinkimo	105
išsaugojimo	105
išsidėstymas	105
išsiplečia	105
išsivystę	105
išsyk	105
ištaka	105
išties	105
ištraukos	105
ištraukti	105
išžudyti	105
iždą	105
jaunesniojo	105
jaunesniuoju	105
jauniklis	105
jaunoji	105
jaunojo	105
jaunosios	105
jaučio	105
jokie	105
joniškėlio	105
jubiliejaus	105
julija	105
jungtys	105
juodojo	105
juostele	105
jurbarkas	105
jėgai	105
jūreivių	105
jūriniai	105
jūrininkai	105
jūrininkų	105
kaimelio	105
kaimiškojoje	105
kaimui	105
kainomis	105
kakadu	105
kalbanti	105
kalendoriuje	105
kaltino	105
kamerinį	105
kampai	105
kamuolio	105
kandidatą	105
kantata	105
kapinynuose	105
kapitalą	105
karaliene	105
karaokė	105
kariniais	105
karininku	105
karlo	105
karvedžio	105
karštų	105
kaskada	105
katalikiška	105
katalikiškos	105
katalogas	105
katilai	105
kaukaze	105
kauliukų	105
kaučiukas	105
kazachijos	105
kazino	105
keitimas	105
kekės	105
keleiviams	105
kelmų	105
keltas	105
kenkėjų	105
kepenyse	105
kerpių	105
ketvirtfinalį	105
ketvirtos	105
ketvirtąjį	105
kiemai	105
kiemo	105
kietojo	105
kietumas	105
kildina	105
kilme	105
kiną	105
kirtimas	105
kirtis	105
klaipėdą	105
klasėms	105
klestėjimą	105
klr	105
knygelių	105
kolonijoje	105
kompetencija	105
kompleksai	105
komplektas	105
kompozicijas	105
komunistinio	105
koncertinių	105
koncertuodavo	105
konfigūracijos	105
konkursai	105
konkursams	105
kontaktus	105
kontrolierius	105
krantais	105
krantu	105
kraujagysles	105
kraštovaizdį	105
kreiseris	105
kriauklės	105
krikščioniška	105
kristalinių	105
kritiškai	105
krokuvoje	105
kroniką	105
kryžiais	105
kryžiuočiams	105
krūvių	105
kulka	105
kvartalai	105
kvartero	105
kviesti	105
kviečia	105
kviečiami	105
kūdikį	105
kūrybinių	105
kūrybiškai	105
kūrėja	105
kūrėju	105
laborantas	105
labui	105
laidai	105
laikant	105
laikiną	105
laisvu	105
lamos	105
lankydavosi	105
lankytojai	105
lankytojams	105
laukuvos	105
laureato	105
ledų	105
legendomis	105
legionų	105
leidimų	105
leidosi	105
leis	105
lemputė	105
lenktas	105
lentpjūvė	105
lietų	105
ligoninėse	105
likučių	105
likviduota	105
linkuvos	105
literatas	105
literatūrinis	105
literatūrinių	105
lituanistikos	105
lizde	105
lkdp	105
lls	105
lotyniškais	105
lotyniškas	105
lovos	105
lydinių	105
lygiadienio	105
lygias	105
lygmenį	105
ląstelę	105
lėktuvams	105
lėktuvnešiai	105
lėktuvnešis	105
lėtas	105
lūžis	105
magistrė	105
magnoliophyta	105
mainus	105
maišyti	105
maksimalų	105
malio	105
maroke	105
masinė	105
matematikoje	105
matricos	105
matuojama	105
mazgo	105
mažesniu	105
mažinimo	105
mažojo	105
mechanizmų	105
mechaniškai	105
medus	105
medynai	105
medžiojo	105
medžiotojas	105
meile	105
melodijas	105
metalu	105
metano	105
metinėms	105
metinės	105
metraštyje	105
metraščių	105
mečečių	105
mhz	105
mielės	105
miežių	105
milžiniško	105
minėtas	105
minėtos	105
mirusiuosius	105
miunchene	105
mišios	105
mišriu	105
modeliuose	105
modernizuoti	105
modulio	105
mokantis	105
mokomoji	105
mokyklomis	105
mokymai	105
moldavijos	105
monografiją	105
moteriška	105
muitinė	105
mylėtojų	105
mėnulis	105
mūrinių	105
mūšius	105
nacionaliniam	105
nacionalinius	105
nagrinėjanti	105
naktys	105
namams	105
narkotikus	105
narystės	105
natūralią	105
natūralūs	105
naudotojų	105
naugarduko	105
naujienas	105
naujovės	105
nbc	105
neapolio	105
neatsižvelgiant	105
nedeginti	105
nedideliame	105
negyvenamos	105
nemažas	105
neoklasicizmo	105
nepilna	105
nepriklausomo	105
nepriklausė	105
nesikeičia	105
nesėkmingas	105
nesėkmingo	105
netaisyklingai	105
nevyksta	105
nešiojamas	105
nikolajaus	105
norintys	105
nosis	105
novgorodo	105
nsdap	105
nt	105
nukirsti	105
nukreipia	105
nukreipė	105
nuodai	105
nuodėmės	105
nuolaidūs	105
nuolaidų	105
nuoroda	105
nuorodų	105
nuotaiką	105
nupirkti	105
nusikalstamumo	105
nustatytų	105
nuteka	105
nutolę	105
nutraukimo	105
obelių	105
oficialią	105
oginskis	105
okupaciniam	105
olandijos	105
operacinėse	105
operacinę	105
organizmuose	105
organizuojant	105
organuose	105
originali	105
ozono	105
paaiškino	105
pabrėžiama	105
pabūklai	105
padavimų	105
padengtos	105
padėčiai	105
pagrindiniame	105
pailgai	105
pakistano	105
pakrante	105
paktas	105
palaikus	105
paliaubų	105
palydovą	105
palūkanas	105
pamatu	105
pamokslų	105
pamokų	105
panaudojami	105
papilio	105
paprastu	105
paprastus	105
paprasčiau	105
papuoštas	105
parakas	105
parduodamos	105
parduotuvėje	105
pareigūnus	105
paremtos	105
parengimo	105
parlamentui	105
partijoms	105
partizanus	105
partnerė	105
paryžius	105
parų	105
pasaulių	105
pasikeitimų	105
pasisekė	105
pasitraukimo	105
pasivadinęs	105
pasiūlo	105
pasižymintis	105
paskolintas	105
paskolos	105
paskutines	105
pasodino	105
pastatytų	105
pataikė	105
patarė	105
pateikimo	105
pateiktos	105
patenkintas	105
patikimai	105
patikimas	105
patikimumo	105
patikėjimo	105
patobulinti	105
patrankas	105
patrankomis	105
patvirtinimo	105
patvirtintos	105
pavaduotojo	105
pavaizduotos	105
paverstas	105
pavogė	105
pavojingos	105
pavojui	105
paėmus	105
pedagoginėje	105
penkta	105
penktoji	105
periodus	105
perkamiausių	105
perlai	105
perleistas	105
permainų	105
pietiniai	105
piešiniais	105
pijus	105
piliakalniu	105
piligrimų	105
pilno	105
piramidę	105
pirmenybes	105
pirmi	105
pirmtakų	105
pirėnų	105
piršto	105
platesnis	105
plačių	105
plienas	105
pliki	105
plotu	105
plotį	105
plytos	105
plyšius	105
plėšrus	105
plėšrūnų	105
pojūčius	105
polineziečių	105
politinei	105
politinėmis	105
ponas	105
ponų	105
populiacijų	105
populiariu	105
porūšiai	105
porūšių	105
poskyrio	105
poslinkis	105
pozų	105
pošeimis	105
požeminis	105
prahoje	105
praktinių	105
praktinės	105
praleisdavo	105
pralenkė	105
pramoninė	105
pranašo	105
prasidėjusi	105
pravardė	105
prašoma	105
prekė	105
pridėtas	105
prieglobsčio	105
priekiniai	105
priekinis	105
priemaiša	105
priemiesčių	105
prieskoniais	105
priešininkus	105
priešiškai	105
priešpilis	105
prieštaravimų	105
priimdavo	105
primenanti	105
princesės	105
princesę	105
prisiminimai	105
pristatoma	105
privačiame	105
prizu	105
procentus	105
prodiuserio	105
profesionali	105
profesionalo	105
programuotojas	105
programuotojų	105
projektavimas	105
projektu	105
propaganda	105
propaguoja	105
protu	105
prūsus	105
psichologinių	105
publikai	105
publikos	105
puikią	105
puolimui	105
pusmetį	105
pušies	105
pušynų	105
pėdsakus	105
pėstininkus	105
ql	105
raudono	105
raudonoji	105
raudonosios	105
rašytinių	105
rašęs	105
reaguoti	105
reakcijas	105
receptoriai	105
referendumas	105
referendume	105
regioninė	105
reguliavimas	105
reikalas	105
reikalavimu	105
reikėdavo	105
reikšmingų	105
rekomendacijas	105
religijose	105
religinį	105
remdamasi	105
remiami	105
rengėjas	105
repertuare	105
revizijos	105
revoliucinių	105
revoliucinės	105
revoliucionierių	105
rezervatą	105
režisūros	105
rf	105
ribojais	105
ribojama	105
ribojamas	105
ribotos	105
riebalai	105
riešutais	105
rinkimu	105
rinkose	105
rinkosi	105
rinkų	105
roberto	105
romanu	105
romėnus	105
rotušės	105
rožiniai	105
rudasis	105
ruoniai	105
ruošia	105
rusėnų	105
rykliai	105
ryklių	105
rėmėjai	105
rūbais	105
rūgštimi	105
rūko	105
rūkymas	105
rūkyti	105
saksonijos	105
salelė	105
sampilai	105
santuoką	105
saugyklos	105
sauso	105
sausų	105
savaip	105
savarankiški	105
savarankiškumo	105
savigynos	105
savotišką	105
segės	105
seimą	105
sekantis	105
sekcija	105
sekretoriato	105
seniausios	105
septynerius	105
seras	105
serijomis	105
sfinksas	105
siekį	105
silpni	105
simfonijos	105
situacijas	105
skaido	105
skaitmenų	105
skalūnų	105
skandalo	105
skatinamas	105
skauda	105
skausmai	105
skerspjūvio	105
skiemens	105
skilimas	105
skirstymo	105
skirtingoms	105
skirto	105
skrydžiui	105
skylė	105
slėnius	105
smulkus	105
sniegu	105
socialiai	105
socialine	105
socialistai	105
sofijos	105
sp	105
spaudžiant	105
specialieji	105
specialiojo	105
specializuotas	105
specializuotų	105
specialybė	105
spektakliai	105
spektaklyje	105
sportinės	105
stambesnių	105
stambius	105
standartinė	105
statinės	105
statyboje	105
stebimi	105
steigiamos	105
steigėja	105
stiklas	105
stilistika	105
stipria	105
stotelės	105
stotimi	105
strėlė	105
studijai	105
stulpai	105
stygiaus	105
suardytas	105
sudarius	105
sudaręs	105
sudužo	105
sudėtimi	105
sudėtos	105
sugebėjimą	105
sukilėliams	105
sukilėlius	105
sukurto	105
sulaiko	105
sunitai	105
sunkioji	105
supaprastinti	105
sureguliuota	105
surinktas	105
susidoroti	105
susiformuoti	105
susikurti	105
susilaukia	105
susilpnėjo	105
susitikimų	105
sustiprinta	105
sutikimą	105
sutiktas	105
sutvarkė	105
sutvirtinti	105
suvaržė	105
suvokė	105
suyra	105
svarbesnių	105
svarstomais	105
sveiki	105
svetainių	105
svetainę	105
svetur	105
sviediniai	105
sąmokslo	105
sąsiauryje	105
sąskaitos	105
sėkmingiausias	105
taisyklę	105
taline	105
talino	105
talpina	105
tamsūs	105
tapatybės	105
tarimo	105
tarpeklis	105
tautines	105
tautinėje	105
tave	105
taškeliais	105
techniniai	105
teigdamas	105
teisingi	105
teismus	105
tekančios	105
tekstu	105
tekėjo	105
telkinio	105
terapija	105
terminalas	105
terminus	105
tešla	105
tiekimą	105
tiesioginį	105
tikintiesiems	105
tikslaus	105
tikslios	105
tikslumas	105
tikėtasi	105
tinkamo	105
tinklais	105
tiriama	105
tiriami	105
tobulinimas	105
toliausiai	105
tolimas	105
tom	105
topą	105
toyota	105
tradiciniu	105
traukiniu	105
traukti	105
trejas	105
treniruotes	105
treniruotis	105
trečiame	105
triženklių	105
tropinėse	105
trukusi	105
trumpomis	105
tuose	105
turimų	105
turkams	105
tuščia	105
tvirtinti	105
tvirtovėje	105
tytuvėnų	105
uk	105
unguriai	105
uogomis	105
usd	105
utena	105
uždaros	105
uždarą	105
užimtų	105
užkariavimą	105
užrašomas	105
užtvanką	105
užuomazgos	105
vadiname	105
vadinamojo	105
vadovaujasi	105
vadove	105
vadovėlis	105
vadus	105
vadybą	105
vagoje	105
vaidinimus	105
vaikaitis	105
vairuotojas	105
vaisiakūnius	105
vaismedžių	105
vaizdais	105
vaizdinių	105
vaizduojanti	105
valanda	105
valdančioji	105
valdinė	105
valgomos	105
valstijai	105
valstybinėse	105
valtimis	105
valyti	105
vampyrų	105
vamzdelis	105
vardan	105
vargonams	105
vasalai	105
vasalu	105
vašingtone	105
vedybos	105
veiksnius	105
veliuonos	105
vengė	105
versijose	105
vertingi	105
vidinėje	105
vidurių	105
vielos	105
vienuolikos	105
vienuolynus	105
vietinį	105
viešbutyje	105
viešbučiai	105
viešąją	105
vikšrai	105
vilhelmo	105
vilkijos	105
violetiniai	105
virusų	105
virvelinės	105
viršenybę	105
viršugalvis	105
visiška	105
vistiek	105
visuomenininkas	105
visureigis	105
visžaliai	105
vizija	105
viziją	105
vizito	105
vp	105
vykstantys	105
vykusį	105
vynai	105
vyresnieji	105
vėžiagyvių	105
zigmas	105
zondas	105
čikaga	105
įdainavo	105
įdomi	105
įdomus	105
įdėti	105
įgaliotas	105
įgijęs	105
įgulą	105
įkapių	105
įkuriama	105
įrankiais	105
įrašais	105
įrašuose	105
įrengiami	105
įrodo	105
įrodymai	105
įsikurti	105
įsikūrimo	105
įsilieja	105
įsiterpia	105
įsitikinęs	105
įsivėlė	105
įtaisai	105
įtakai	105
įtakojo	105
įtraukiant	105
įvairuoja	105
įvardijama	105
įvardijo	105
įvedimas	105
įvykiais	105
įėjimas	105
šalmą	105
šamai	105
šarvais	105
šaudant	105
šaukimu	105
šeimininkė	105
šeimomis	105
šerdis	105
šeštojo	105
šiaurines	105
šiauriniuose	105
šiurkštus	105
šnekamojoje	105
šokėjai	105
šokėjas	105
šunbeždžionių	105
šunį	105
šuolių	105
šventovė	105
šventuoju	105
šventyklas	105
šviesesni	105
šūvio	105
šūvių	105
ūkinius	105
žaizdas	105
žaizdos	105
žaizdų	105
žaliais	105
žalsva	105
žemesne	105
žemumose	105
žemupys	105
žemvaldžių	105
židiniu	105
žinant	105
žinią	105
žinovas	105
žinutės	105
žodžiuose	105
žurnalistu	105
žuvęs	105
žvaigždėse	105
žvyras	105
žydas	105
žydra	105
žymiausia	105
absolventai	104
administruoja	104
adomo	104
adresu	104
aerodromo	104
agentu	104
agentų	104
agrarinės	104
aibę	104
airija	104
aiškinimo	104
akmeninė	104
aliejumi	104
alkoholiu	104
alkoholį	104
amoniako	104
amplitudės	104
analizei	104
analizę	104
analogiškai	104
anapus	104
ankstesniais	104
ankstyvą	104
anksčiausiai	104
antalieptės	104
antrinis	104
antrinių	104
antropologas	104
antrosiose	104
antspaudo	104
aparatus	104
aparatūra	104
apaštalas	104
apdailos	104
apdovanojimu	104
apeigose	104
aplinkiniuose	104
aprašomos	104
aprašymo	104
apsaugotų	104
apsigyvena	104
aptarnaujamas	104
apvaisinimo	104
arabiškai	104
aramėjų	104
archeologiją	104
arenos	104
arijų	104
ariogalos	104
arkivyskupija	104
asirų	104
asmenimis	104
astronomijoje	104
ata	104
atauga	104
ataugos	104
atidarytos	104
atiduoda	104
atitinkami	104
atkrintamųjų	104
atlikimas	104
atlikėju	104
atokiau	104
atplaukė	104
atrama	104
atributai	104
atsinaujino	104
atsiradimui	104
atsiųsti	104
atėnuose	104
audeklo	104
augalą	104
auginamų	104
aukojimas	104
aukščiausiosios	104
austrai	104
automatų	104
avarų	104
aviacijoje	104
ašarų	104
ašmenimis	104
baigsis	104
baitų	104
baladė	104
balandis	104
balsais	104
baltic	104
bandymą	104
bankui	104
barbarų	104
barokinė	104
baudžiauninkų	104
bažnytinė	104
bdps	104
bendriją	104
bendroje	104
bendrove	104
bendrųjų	104
benino	104
berberai	104
bespalvis	104
bestuburių	104
biografijos	104
biržuose	104
blogį	104
bombardavimo	104
bosnijoje	104
brangiai	104
briaunų	104
broliams	104
bronzą	104
bsd	104
budistai	104
burnoje	104
burtininkų	104
buvau	104
bėgo	104
būgnų	104
būrelį	104
būtu	104
centrine	104
cern	104
chemikalai	104
cinkas	104
colių	104
cs	104
daiktavardžiai	104
dainavimas	104
daktaru	104
dalija	104
dalinti	104
dalyku	104
dalyvaujančių	104
dama	104
dangą	104
daryklos	104
daržovėmis	104
daugiabučių	104
daugmaž	104
daukanto	104
dažnį	104
deguonį	104
deklaracijos	104
derinami	104
devizas	104
devynios	104
dešinioji	104
diagnostika	104
didėjimo	104
didžiausius	104
didžiuosius	104
diegimo	104
diktatūrą	104
dinamika	104
dirbtinį	104
direktorės	104
dirva	104
dominuojanti	104
drakonas	104
draudžiamas	104
drugiai	104
druskingumas	104
dryžiais	104
drąsą	104
drėgmę	104
drėgnos	104
dueto	104
dujose	104
dukrai	104
dukterimi	104
duobę	104
duodamas	104
durklas	104
dvasininko	104
dvasinėje	104
dvasinį	104
dvejomis	104
dviračiu	104
dzūkijos	104
dzūkų	104
dėžutės	104
dūkšto	104
egzaminas	104
egzistavusių	104
ekonomistų	104
ekrano	104
eksperimentinio	104
ekspertai	104
ekspertizės	104
ekspertė	104
eksploatavimo	104
elektroninis	104
emigracijoje	104
emigruoti	104
enciklopediją	104
endeminės	104
epizodai	104
ereliai	104
esame	104
estai	104
etnines	104
etnografinės	104
evangelisto	104
faktoriai	104
fantastika	104
fantastinis	104
fermos	104
festivaliui	104
figūrinių	104
fiktyvus	104
filialą	104
filmavosi	104
filologas	104
finansuoti	104
fiziko	104
floridos	104
fonduose	104
fotografavo	104
franca	104
freskos	104
gabenami	104
gabenimo	104
gaisrai	104
galimai	104
galinė	104
galioti	104
galvoti	104
gaunant	104
gausių	104
gausos	104
gem	104
geresnio	104
geresnės	104
geria	104
geriausiais	104
geriausiųjų	104
giedraitis	104
giminingų	104
gimnazijai	104
gimnazijų	104
ginant	104
ginčas	104
gipso	104
golfo	104
grafai	104
grafui	104
gražios	104
gražūs	104
greitesnis	104
gretimame	104
gretimas	104
griaučių	104
griežtų	104
grojantis	104
grybus	104
gryno	104
grynųjų	104
grūdais	104
guru	104
gynybiniai	104
gynybinę	104
gyvenami	104
gyvybiškai	104
harmoniją	104
helsinkio	104
heraldika	104
hercogystę	104
heroino	104
hieroglifai	104
hieroglifų	104
himalajų	104
hiphop	104
hitleris	104
hms	104
idealiai	104
identifikuoti	104
ietigaliai	104
ilgesniam	104
ilgiu	104
ilgumo	104
incidentas	104
incidento	104
individualiai	104
individualią	104
indą	104
infliaciją	104
informacijai	104
informuoti	104
infraraudonųjų	104
inksto	104
institutu	104
institutuose	104
instrumentinės	104
instrumentą	104
intaku	104
intonacijos	104
istorikė	104
istorine	104
itališkai	104
izraelis	104
izraelyje	104
išgirdo	104
iširimo	104
iškasta	104
išlaikymui	104
išlaikyta	104
išmetė	104
išorinius	104
išorinėje	104
išrenka	104
išsidėsčiusių	104
išsirinko	104
išsiskirti	104
išsiskyrimą	104
išsivysčiusios	104
išsivysčiusių	104
išskirta	104
išstojo	104
ištisai	104
ištįsęs	104
išvežė	104
išvystytą	104
iššūkį	104
jachtų	104
janas	104
janis	104
jankauskas	104
jaunesnis	104
jaunieji	104
jauniems	104
jausti	104
jautri	104
jaučių	104
johanas	104
jojimo	104
jonava	104
judant	104
judėjimus	104
jungiami	104
jungtinė	104
jungėsi	104
juridinio	104
jūrinio	104
kailiu	104
kaimynais	104
kakta	104
kaktusai	104
kalaviją	104
kalbančios	104
kalbininkai	104
kalinius	104
kaltas	104
kaltinimai	104
kambariuose	104
kameriniam	104
kamerinės	104
kampais	104
kanadiečių	104
kapinynai	104
kapsulės	104
karaliaučiuje	104
karalienę	104
karališkojo	104
karališkųjų	104
kardinolu	104
kardu	104
karštu	104
karštųjų	104
kasamas	104
kasami	104
kasinėjimų	104
kastų	104
katedrų	104
kazachų	104
keistas	104
keleivinis	104
kelnės	104
kepama	104
ketvirtame	104
ketvirtyje	104
khmerų	104
kietą	104
kietų	104
kietųjų	104
kijeve	104
kildavo	104
kilometrus	104
kirvius	104
klasika	104
klasikiniu	104
klemensas	104
knygnešiai	104
kolegomis	104
kolektyvinių	104
kolektyvinė	104
koloritas	104
kolumbas	104
komentarai	104
kometos	104
kompanijas	104
kompanijoms	104
kompozitorė	104
komunų	104
koncentraciją	104
konradas	104
konstitucinę	104
kontaktai	104
koordinuoti	104
kopijavimo	104
kortelę	104
kosmose	104
kostiumus	104
kraujospūdis	104
kreipiasi	104
kretingoje	104
krikščionims	104
kristus	104
kritimas	104
krosnis	104
kultūrines	104
kultūrizmo	104
kunigaikščiais	104
kurijos	104
kurorto	104
kurortų	104
kurtas	104
kurtuvėnų	104
kvadratinio	104
kvietimu	104
kūdikio	104
kūdikių	104
kūnui	104
kūrybinį	104
laboratorijose	104
lagerių	104
laidumo	104
laimėtojų	104
laipsniais	104
lakūnai	104
langą	104
lauryno	104
lazdą	104
leitenantą	104
lengvo	104
lenkia	104
lervomis	104
libijos	104
licėjų	104
lietuviškais	104
likviduoti	104
lingvistikos	104
linijiški	104
lla	104
logistikos	104
lotyniška	104
lssr	104
lyderį	104
lydimas	104
lydiniai	104
lydymosi	104
lygiais	104
lyginamas	104
ląstelėje	104
lėktuvnešių	104
mafija	104
magmos	104
magnetinių	104
malaizijos	104
mase	104
masyvų	104
matematinės	104
materialinių	104
materija	104
matuojant	104
mažesnėmis	104
mažvydo	104
mb	104
mechanikoje	104
medaliai	104
medicininės	104
medinius	104
meditacijos	104
melodiją	104
mena	104
metalais	104
metallica	104
meteoritas	104
metodologija	104
metraščiuose	104
miegas	104
mielai	104
miestelius	104
miloševičius	104
miniatiūrų	104
ministeriją	104
minėta	104
mirusių	104
mitus	104
mišrios	104
mokslams	104
moksliniuose	104
mokymu	104
mokymų	104
mokytojais	104
mokytojauti	104
moliuskai	104
moliuskais	104
monarcho	104
moto	104
municipaliniai	104
muzikas	104
muzikiniuose	104
mylios	104
mąstyti	104
mėgstama	104
mėgėjas	104
mėnesiui	104
nacionalistų	104
nagrinėjama	104
nagrinėjamos	104
nagrinėjant	104
naikintuvai	104
namibijos	104
nebūtina	104
nedarbas	104
nedegintų	104
negalia	104
negyvas	104
neigiama	104
nemokama	104
nemėgo	104
nemėgsta	104
neobaroko	104
nepakanka	104
nereikėjo	104
nereikėtų	104
nesutampa	104
nesėkmingų	104
netiki	104
nevyriausybinė	104
neįprasta	104
nežinomo	104
niekuomet	104
niujorkas	104
nomenklatūrą	104
norinčių	104
normalus	104
nosį	104
nugali	104
nugarą	104
numatytą	104
nuodingi	104
nuosprendžio	104
nuotaikas	104
nuotraukoje	104
nuotraukose	104
nuožiūra	104
nusilpus	104
nutarimus	104
nuveikė	104
nykštukė	104
nėštumas	104
obeliskas	104
odų	104
okupuotoje	104
olimpiadose	104
olos	104
olose	104
operacijose	104
optinis	104
orgazmas	104
orientuoti	104
ovalūs	104
pablogėjo	104
padalijimą	104
padarinius	104
padidėjęs	104
padėjėjo	104
padėtas	104
pagalbinių	104
pagrobti	104
paima	104
pakeičiant	104
pakilus	104
paklausė	104
pakraščius	104
palankias	104
palydovus	104
paneigė	104
pantone	104
paplūdimių	104
paprastosios	104
papročiais	104
papuošti	104
parazitologijos	104
pardavimas	104
partijomis	104
partizanais	104
partnerio	104
pasakojimus	104
pasikeitimai	104
pasikeitimo	104
pasirašinėjo	104
pasirašo	104
pasiruošęs	104
pasitaikydavo	104
pasitarnavo	104
pasitraukia	104
pasiuntiniu	104
pasiūlymų	104
paskyrimo	104
paslapčių	104
paspartino	104
pastebimai	104
pasukti	104
patariama	104
patarimų	104
patarėjai	104
pateles	104
pavaduotojais	104
paveikia	104
paveldėti	104
pavienės	104
pedagogo	104
peiliu	104
penktojo	104
pensijų	104
performuota	104
perimtas	104
perleisti	104
perstatyti	104
perėjimą	104
peržiūrėti	104
petrauskas	104
pietiniuose	104
pietinėse	104
pievas	104
piliečius	104
pilioriais	104
pilkapiuose	104
pilkšvi	104
pilotu	104
pirko	104
pirminio	104
pirmtakai	104
pirtyje	104
pistoleto	104
pjūvis	104
plakatų	104
planuojamas	104
plaučius	104
plačialapių	104
plitimą	104
plokšte	104
plytinė	104
plėtoja	104
plėšikų	104
poliklinikos	104
populiarino	104
portalo	104
poteris	104
potvarkiu	104
povandeninio	104
požeminio	104
pradininkai	104
pradėdamas	104
praeiti	104
pramoniniu	104
praradimo	104
prastas	104
pratęsimo	104
prašymas	104
prašymus	104
premjeru	104
pretekstu	104
priedą	104
priemiesčio	104
priemonėms	104
priesaiką	104
priešingą	104
priešistorinių	104
priešistorės	104
priešpilio	104
priimamas	104
priklausiusios	104
priklausomi	104
prisimena	104
privačia	104
privačiose	104
prizines	104
priėjimo	104
priėmimą	104
procedūrą	104
procesu	104
prokuratūra	104
propaguoti	104
protestą	104
protestų	104
protokolai	104
protėvis	104
prūsiją	104
pseudonimu	104
psichologinis	104
psichologinė	104
puoselėti	104
puošta	104
puošė	104
puslapio	104
pylimą	104
pylimų	104
pūslelės	104
raižyti	104
rajonams	104
raktą	104
rankraštį	104
rankraščiai	104
raudonieji	104
raumens	104
rašytoją	104
reaktoriaus	104
realių	104
realybė	104
reguliuojamas	104
reiganas	104
religiniu	104
remiamasi	104
renginį	104
restoranas	104
restorane	104
restoranuose	104
revoliucinė	104
rezervo	104
riboti	104
riedulių	104
rimta	104
rinkt	104
rinkėjai	104
riteris	104
rodiklių	104
rodyklė	104
romantinė	104
ropliai	104
rytines	104
rytinį	104
rūšimi	104
sakinių	104
salotos	104
salvadoro	104
samanos	104
santaka	104
saugumui	104
saulėgrįžos	104
savanose	104
savarankiškų	104
savižudybės	104
scenose	104
selekcijos	104
semestro	104
seniūnijose	104
septintajame	104
septintame	104
sergejus	104
simbolizuojantis	104
simetrijos	104
simfoniją	104
simno	104
sistemingai	104
situacijai	104
siužetą	104
skaidosi	104
skaitmeninės	104
skaitmenys	104
skaityklą	104
skaitymas	104
skaičiuojami	104
skeletas	104
skersiniais	104
skiemuo	104
skiriamasis	104
skrido	104
skystas	104
slanksteliai	104
slaugos	104
slidėmis	104
sluoksniais	104
slėgiui	104
smegenėlių	104
smėlyje	104
socialistinių	104
socializmą	104
socialliberalai	104
solinę	104
sovietinei	104
sovietiniam	104
sovietinę	104
spaudžiamas	104
specialia	104
specialiomis	104
specializacijos	104
specialybių	104
specifiniai	104
specifinį	104
sportu	104
sprogimai	104
srautus	104
srove	104
staklės	104
stambi	104
stambiausių	104
standartinio	104
standartinių	104
statinėse	104
statymo	104
statytojas	104
stiklą	104
stimuliuoja	104
stipendijos	104
stipris	104
stogai	104
stovyklavietės	104
stovėti	104
stulpais	104
stulpinės	104
style	104
suaktyvėjo	104
subačiaus	104
sudano	104
sudarydamos	104
sudarys	104
sudėtingumas	104
sudėtiniai	104
sudėtinės	104
sugebėjimai	104
sugrįžimas	104
sukaupti	104
sukonstruoti	104
sukti	104
sulaukia	104
sumažėjus	104
sunkesnis	104
sunkius	104
sunkų	104
supažindinti	104
supilti	104
sureguliuoti	104
susidūrimai	104
susidūrimų	104
susiformavusios	104
susikerta	104
susirinkimai	104
susirinkimus	104
susirinkę	104
susitarimų	104
suteikiami	104
sutelkta	104
sutrukdyti	104
sušaudė	104
sužaidžia	104
sužeidė	104
sužlugdė	104
sviedinys	104
sąnaudų	104
sąskaitą	104
tailando	104
taku	104
talentas	104
tampri	104
tardymo	104
tardytojas	104
tarpininkas	104
tarybas	104
tarybinę	104
tautybę	104
teatru	104
teiginius	104
teikiamas	104
teisėja	104
teisėju	104
teisėms	104
teksaso	104
tektoninių	104
teleskopą	104
teritorinį	104
teroristų	104
terpė	104
testamentu	104
tibete	104
tiesi	104
tiesioginiai	104
tiesios	104
tikėdamiesi	104
tikėjimai	104
tikėjimus	104
tirpale	104
tiškevičių	104
tokiame	104
tolesnį	104
tonai	104
tono	104
tonos	104
topas	104
tradicine	104
transliacijos	104
transportavimo	104
trejiems	104
trejose	104
trikampį	104
trim	104
trukusio	104
trukusios	104
trąšos	104
turiniu	104
turinčią	104
turistinių	104
tvenkiniuose	104
tvermės	104
tvirtinamas	104
ukmergėje	104
ultimatumą	104
uniforma	104
uoksuose	104
uolose	104
usb	104
uzbekų	104
užaugantis	104
uždarosios	104
užimamų	104
užmezgusi	104
užpatentavo	104
užpuolus	104
užsakė	104
užtrunka	104
vadovybę	104
vaikinai	104
vaisiakūnių	104
vaivadiją	104
vakuume	104
valdantis	104
valdovais	104
valkininkų	104
valstiečio	104
valų	104
vamzdelio	104
vartininko	104
vašingtono	104
važiuoklės	104
veidrodžio	104
veiksmažodžių	104
veikusių	104
veiką	104
vengrai	104
versijomis	104
verslininkai	104
vertimai	104
vertimų	104
vertinimų	104
vertybėmis	104
vienais	104
vienareikšmiškai	104
vieningai	104
vienybė	104
vietinėje	104
vietname	104
viešose	104
viešąjį	104
viešų	104
vilko	104
vilna	104
violetinis	104
visatoje	104
viskio	104
vokiečiais	104
vokiškas	104
vulkaninė	104
vyresniosios	104
vyriausybes	104
vyskupijoje	104
vyskupystės	104
vystymą	104
vystė	104
vyšnių	104
vėdryninių	104
vėją	104
vėlesniuose	104
vėlyvajame	104
čekoslovakijos	104
įdomių	104
įdubos	104
įdėjo	104
įgalina	104
įgyvendinta	104
įkalinimo	104
įkalinti	104
įpareigojo	104
įprastą	104
įrangai	104
įrašu	104
įrenginiais	104
įsakymus	104
įsimyli	104
įspūdis	104
įstaigoms	104
įstaigą	104
įtampai	104
įvertinimą	104
šarvuočių	104
šarūnas	104
šaudmenų	104
šaunamųjų	104
šeimininkui	104
šeimose	104
šeštas	104
šiaulius	104
šikšnosparniai	104
šito	104
šonais	104
šone	104
šunimis	104
švedais	104
šventoji	104
švenčia	104
šviesi	104
švietimu	104
švietėjas	104
šviežių	104
švinas	104
ūgliai	104
žaidimams	104
žaidimu	104
žaidėją	104
žaidžiamos	104
žaliame	104
žalieji	104
žalvarinė	104
žandarai	104
žarnų	104
žemesni	104
žemesniųjų	104
ženevos	104
žingsnių	104
žiniatinklio	104
žinučių	104
žiūrovo	104
žodyne	104
žvaigždyno	104
žvejybai	104
žygiui	104
žymų	104
žynių	104
abejojama	103
abstrakčių	103
acb	103
administracijoje	103
adresų	103
afganistane	103
agentūrų	103
agresiją	103
agronomijos	103
agronomė	103
aidai	103
aimakas	103
ainų	103
akademijai	103
akciją	103
akmenos	103
akordeonu	103
aktorę	103
akyse	103
aliaskos	103
alkakalnis	103
alonso	103
alpės	103
alternatyvios	103
alvydas	103
amonio	103
amžiams	103
amžiuose	103
analizavo	103
angelas	103
ankstesni	103
ankstesnį	103
ankstyvaisiais	103
antakalnio	103
antikinės	103
antpuoliai	103
antrai	103
antrąsias	103
antsparniai	103
apatinių	103
apdaila	103
apeigomis	103
apimtys	103
apjuostas	103
apkaltos	103
aplinkiniais	103
aprangą	103
aprašant	103
aprašyme	103
aprūpino	103
apsakymus	103
apsaugotas	103
apsilanko	103
apskritimą	103
apžvalgininkas	103
arbatą	103
architektu	103
archyvuose	103
aristokratijos	103
armijas	103
aromatą	103
arterija	103
artimus	103
artistų	103
ascii	103
asimiliuoti	103
atakuoja	103
atgabenti	103
atidėti	103
atidžiai	103
atimta	103
atimtas	103
atitenka	103
atitinkanti	103
atliekamų	103
atliekas	103
atlikėjus	103
atnaujintos	103
atominio	103
atominių	103
atranda	103
atributas	103
atsaką	103
atsiradusios	103
atsisakymas	103
atsiskleidžia	103
atsivėrė	103
atskiriant	103
atskyrimo	103
atskyrio	103
atsparumo	103
atspindėti	103
atvaizdų	103
atveda	103
atveria	103
atvykstant	103
atėję	103
atšaką	103
atšilimo	103
audinį	103
audio	103
auditorijai	103
auditoriją	103
audrą	103
augalinių	103
augalinės	103
augaluose	103
auklėtiniai	103
aukodavo	103
aukštadvario	103
aukščiausiai	103
aukščiausiojo	103
automato	103
automobiliuose	103
autoritetas	103
avarai	103
azija	103
aštrių	103
aštuonerius	103
balsis	103
baltame	103
baltikas	103
baltojo	103
bambuko	103
bangoms	103
barbora	103
baudžiava	103
bausmes	103
bendravimą	103
berno	103
bevardžio	103
bibliografijos	103
biochemijos	103
biologinė	103
birutės	103
biustas	103
blakės	103
bolševikus	103
bombą	103
borisas	103
boso	103
brangus	103
brangūs	103
britaniją	103
bronza	103
buhalterinės	103
buitinių	103
burtininkas	103
butai	103
buveinės	103
buvusia	103
buvusiems	103
būsimų	103
būsimųjų	103
būt	103
būtinos	103
būtybes	103
carl	103
caru	103
cenzūra	103
cenzūros	103
chanatas	103
chaoso	103
charakteris	103
chemiją	103
chemines	103
choreografė	103
ciklus	103
civilines	103
colspan	103
dailininku	103
dalinamas	103
dangalas	103
danties	103
darykla	103
daržoves	103
daugkartinis	103
daugų	103
deginti	103
deimantai	103
dekanato	103
dekanu	103
delegatas	103
demonai	103
demonstravo	103
depresiją	103
derina	103
derinamas	103
derinimo	103
dervos	103
dervų	103
detalė	103
detalėmis	103
devintajame	103
diafragma	103
diametro	103
dideliems	103
didėjimas	103
didžiosiomis	103
diego	103
dienoraštis	103
dirbančiųjų	103
diržų	103
diskus	103
distancijos	103
dokumentinis	103
dolerius	103
drakono	103
dramblių	103
draudžiamosios	103
draugavo	103
draugiškus	103
draugė	103
draustiniu	103
drebėjimų	103
drevėse	103
dumblių	103
duobėse	103
duodama	103
duodami	103
duomenims	103
duota	103
durklai	103
durpynas	103
dvaru	103
dviračiai	103
dviračiais	103
dvynių	103
dygliais	103
dėme	103
dėsniu	103
edukologijos	103
eidamas	103
ekliptikos	103
ekonomija	103
eksportui	103
eksportą	103
elektrifikacijos	103
elektromagnetinių	103
elektrą	103
elfai	103
elfų	103
elgėsi	103
elito	103
emigracija	103
endeminių	103
epas	103
erdve	103
erdvėlaivio	103
erdvėlaivis	103
esamos	103
eseistas	103
esminė	103
etanolio	103
eterinių	103
etiopijoje	103
etmono	103
etnologijos	103
evangelikams	103
fabrikų	103
fechtavimo	103
federalinis	103
fiksuoti	103
filosofijai	103
finansininkas	103
finansinis	103
firmoje	103
flamandų	103
flora	103
folklore	103
fono	103
formavimas	103
formavimuisi	103
forte	103
foto	103
fotografų	103
france	103
gaidys	103
galeriją	103
galimus	103
galiniais	103
galinčios	103
galutinė	103
galvomis	103
galūnė	103
gamintojams	103
gaminys	103
gamtosaugos	103
garbė	103
gauja	103
gausiais	103
gavybą	103
gedimo	103
geležte	103
geležį	103
geltonų	103
generacijos	103
geno	103
geresnių	103
gerklė	103
giedrius	103
giesmę	103
gildijos	103
gimtadienio	103
gimtadienį	103
gimusi	103
ginkluoto	103
ginkluotosiose	103
ginkluotą	103
gitaristo	103
globoja	103
grafikė	103
grafysčių	103
graikams	103
graikiją	103
graikiško	103
grandines	103
grandinėje	103
granitas	103
graužikai	103
graužikas	103
gražų	103
greitos	103
greitosios	103
greičiui	103
griovių	103
gripo	103
gubernatorių	103
gydėsi	103
gyvendavo	103
gyvosios	103
hidrotechnikos	103
hipotezių	103
hitais	103
homero	103
husarų	103
idėjai	103
ietys	103
iff	103
ikona	103
ilgalaikis	103
imtasi	103
indėnais	103
informacinio	103
informatika	103
iniciatyvą	103
inspekcija	103
instituciją	103
internetas	103
invalidų	103
istorinėje	103
ivano	103
išdėstyta	103
išgerti	103
iškilti	103
išlaikymas	103
išlaikytų	103
išlaikęs	103
išleidžiama	103
išmokęs	103
išorinę	103
išpirkti	103
išprovokavo	103
išrasta	103
išsivystyti	103
išsivystęs	103
išsišakoja	103
išskirtinis	103
išskirtinių	103
išstumia	103
ištekliais	103
ištinka	103
ištisas	103
ištisą	103
išvengta	103
jackson	103
japoniškai	103
jauniausia	103
jaunystė	103
jauriniai	103
jautrios	103
jodo	103
jokiai	103
jotvingiai	103
judesiais	103
jums	103
junginį	103
jungti	103
jungtinio	103
juodiesiems	103
juodus	103
juosvai	103
juridiniai	103
jėgoms	103
kailį	103
kairįjį	103
kakavos	103
kalavijai	103
kalaviju	103
kalbančiose	103
kalbininkų	103
kalifas	103
kaltinimus	103
kaltinimų	103
kalvagūbris	103
kalvose	103
kalvota	103
kamuolius	103
kapsuko	103
kapsulė	103
kapčiamiesčio	103
karais	103
karams	103
karbonatas	103
kardinolo	103
kariuomenėse	103
kartono	103
karybos	103
karštomis	103
karštą	103
katalikiškų	103
katalikių	103
katalogą	103
katalogų	103
kateris	103
kaulavaisis	103
kauliukai	103
kaunasi	103
kaupimo	103
kautynes	103
kažkiek	103
kdv	103
keliamas	103
keliaudamas	103
keliaujant	103
kenedis	103
kenkėjai	103
keramiką	103
ketinama	103
ketvirtfinalyje	103
ketvirto	103
ketvirtosios	103
kiaušiniais	103
kieti	103
kilmingieji	103
kilometras	103
kilpos	103
kilpų	103
kinematografijos	103
kirilicos	103
kirmėlių	103
kirmėlės	103
kitokiu	103
kištis	103
kleboną	103
klestėjimas	103
klinikų	103
klipai	103
kodu	103
kokiai	103
kokioje	103
kokiomis	103
kolekcijas	103
kolektyvams	103
kolektyviniai	103
kolektyvu	103
kolonijinio	103
komentarus	103
komplekse	103
kompleksinę	103
kompleksų	103
komplikacijų	103
koncentravosi	103
koncernui	103
koncertmeisterė	103
konditerijos	103
kongresą	103
konkretus	103
konkuruoja	103
konstantos	103
konstrukcijas	103
konstruktoriaus	103
konsultacijų	103
kontaktą	103
konteksto	103
kontroliuojamos	103
koordinatorė	103
koordinavimo	103
koptų	103
koralinis	103
kortesas	103
korėjiečiai	103
kostas	103
kovinis	103
kovinės	103
krepšininko	103
krepšinį	103
krikštas	103
krikščionybei	103
krikščionybėje	103
kristi	103
krizių	103
kroatija	103
kroatijoje	103
krūmo	103
krūtys	103
kulkosvaidžiai	103
kulkosvaidžio	103
kulkų	103
kunigaikštystes	103
kunigaikščiams	103
kunigui	103
kuopą	103
kupolas	103
kurdamas	103
kvadrato	103
kvarkai	103
kvartalų	103
kybartų	103
kyšulį	103
kūrime	103
kūrybinė	103
lagerį	103
lagūnų	103
laikanti	103
laimėtų	103
laiptų	103
lankomas	103
lanką	103
lankų	103
latviją	103
legendinių	103
legionai	103
leidimu	103
leidžiamosios	103
lempa	103
lengvasis	103
lenkiška	103
leonės	103
les	103
liaudis	103
liaukas	103
likdavo	103
liktų	103
likusioje	103
limfocitų	103
lina	103
linai	103
linkmenų	103
lizdų	103
lkb	103
lobių	103
logiškai	103
logotipas	103
londonas	103
lotynišką	103
lyderė	103
lydos	103
lygiakraščiai	103
lygiųjų	103
lygybę	103
lyrika	103
lytiniu	103
lytinė	103
ląstos	103
lėto	103
lęšio	103
madrido	103
maginės	103
maistinių	103
maitinti	103
makedonija	103
makedonų	103
malšinti	103
manančių	103
mandatų	103
marijampolė	103
marksizmo	103
martinas	103
marą	103
masyvi	103
masyvūs	103
matavimai	103
matavimas	103
matematiko	103
matematinė	103
materialiai	103
mazgai	103
mačą	103
mašinomis	103
mažėjant	103
mechaninis	103
mechaninė	103
medikai	103
medininkų	103
medų	103
medžioklėje	103
melioracija	103
membranų	103
menka	103
menus	103
mergaitę	103
metodologijos	103
metras	103
mianmare	103
mickevičiaus	103
miestelėnų	103
migracijų	103
mike	103
mineralo	103
minia	103
minios	103
mišiniu	103
miškingose	103
mišrus	103
mokomasis	103
moksline	103
moksliniais	103
mokyklinių	103
mongolijoje	103
mugė	103
mugės	103
musulmonams	103
mutacijos	103
muziejininkas	103
muzikologas	103
mėnesinių	103
mūšiui	103
nacistinės	103
nagų	103
naikintuvo	103
nakvynės	103
naminiai	103
narystė	103
naršyklė	103
naudingos	103
naudodamasis	103
naudojamasi	103
naudojamus	103
naudojantys	103
nedaugelis	103
nedidele	103
negalės	103
nekilnojamo	103
nekinta	103
nelaisvės	103
nemakščių	103
nemunėlio	103
nenaudojant	103
nepasisekė	103
neprieštarauja	103
neramumus	103
nereikalingas	103
nesutaria	103
nesėkme	103
neturėti	103
neveikė	103
nevienodas	103
neįeina	103
neįprastai	103
nešė	103
nežaidė	103
nj	103
nominalo	103
norimą	103
notaro	103
nubaudė	103
nugalėtojais	103
nugalėtojų	103
nugriovė	103
nukenčia	103
nukrinta	103
nukristi	103
nukrypimas	103
nuodėmes	103
nuopelnų	103
nuosmukio	103
nuosėdinių	103
nuotėkio	103
nupirktas	103
nurodant	103
nurodomos	103
nusakantis	103
nusipelnė	103
nusiųstas	103
nusiųsti	103
nuspėti	103
nustatomi	103
nustatyto	103
nustebino	103
nutarimai	103
nutiko	103
nėščia	103
obelų	103
objektams	103
obuolio	103
oficialūs	103
oje	103
olimpiada	103
omano	103
operacijoje	103
operacijoms	103
operacinėje	103
optinio	103
optinių	103
orai	103
ordinai	103
organizuodavo	103
orgazmo	103
orlaivis	103
ožys	103
paaiškinimas	103
paaukštintas	103
pabrėžiamas	103
pabrėžiant	103
paciento	103
pacientų	103
padalijus	103
padalinus	103
padalinį	103
padangas	103
padangos	103
padarinių	103
padarytą	103
padaugėja	103
padavė	103
padėjėjų	103
padėjęs	103
padėkos	103
pagalbinis	103
pagalbinės	103
pagauna	103
pagerina	103
pagreitis	103
pagrįstos	103
pailsėti	103
painioti	103
pajūrį	103
pakeitusi	103
pakrikštytas	103
pakto	103
palanki	103
palankus	103
palestinos	103
paliktos	103
palivarko	103
palyginimas	103
pamainomis	103
pamainos	103
pamokslininkas	103
pamėgo	103
panaudoja	103
panaudojamas	103
paneigti	103
pankų	103
papildymas	103
paplūdimys	103
parapijas	103
parašytą	103
parduodamų	103
parlamentinės	103
partinės	103
pasaulėžiūra	103
pasieks	103
pasiektų	103
pasikeitimą	103
pasireiškiantis	103
pasitiko	103
paskiria	103
paslaptį	103
paslėpti	103
pataisyti	103
patelę	103
patiekiamas	103
patikimumas	103
patogi	103
patogus	103
patriarchas	103
paulo	103
paupiuose	103
paveiktas	103
pavieniais	103
pavojingų	103
pavyzdyje	103
pašventintas	103
pažanga	103
pažinimas	103
pažymėjimas	103
pažymėjimą	103
pcd	103
pedagoginę	103
peizažai	103
pekino	103
pelkėje	103
pelėdos	103
penkiolika	103
penkiomis	103
penktąją	103
perduodamos	103
periodikoje	103
perka	103
perkėlimo	103
perlaidoti	103
persekiojimų	103
personažą	103
persvara	103
pertrauką	103
peterburgas	103
pianistų	103
pietvakarinė	103
piešimą	103
piešinius	103
pigmentų	103
piliakalnius	103
pilietiniam	103
pilkapis	103
pilkapynai	103
pilkapyno	103
pilkšva	103
pilvą	103
pipirai	103
pirklio	103
pirmiau	103
pirmininke	103
pirmininkės	103
pirminį	103
pirmosiomis	103
pirmtakė	103
pistoletą	103
plauko	103
plačiomis	103
plačiąja	103
plitimas	103
plokštumą	103
plonu	103
plėšrūnai	103
pobūrio	103
pogrindinę	103
poilsiui	103
pojūtis	103
policiją	103
populiaraus	103
populiariausi	103
porai	103
porsche	103
postų	103
poveikiu	103
prabangus	103
prabos	103
pradinėse	103
pradėdavo	103
praeitis	103
praktikai	103
praktinio	103
praktinę	103
pralaimėjimu	103
praleidęs	103
pramoga	103
pramonininkų	103
pranoko	103
praradimas	103
prasta	103
pratęsia	103
prašo	103
prašydamas	103
prekiaujama	103
prekybininkų	103
prekėmis	103
premijas	103
pretenduoja	103
prezidentai	103
priartėja	103
pridėta	103
priedais	103
prieinamos	103
priekines	103
priekinio	103
priesagą	103
priesaikos	103
priespaudos	103
prietaisą	103
priešakyje	103
priešprieša	103
prieštaringai	103
priežastį	103
priimtų	103
priklausiusių	103
priklausę	103
prisijungus	103
prisiminti	103
pritaikymo	103
pritvirtintas	103
pritvirtinti	103
privatiems	103
privačioje	103
privačius	103
procedūras	103
procentais	103
procesoriai	103
produktuose	103
profesionalu	103
profilinis	103
prognozė	103
programine	103
progresyviojo	103
proporcingai	103
protaka	103
protokolų	103
protėviais	103
psichiatras	103
publikuotas	103
puikų	103
pėstininko	103
radikaliai	103
radvilaitė	103
raitelio	103
ramygalos	103
raseiniai	103
raumuo	103
receptorių	103
redaguoti	103
referendumą	103
regionams	103
registras	103
registre	103
reguliarūs	103
reikalaujant	103
reikalo	103
reikės	103
reikšmingiausių	103
reiškiniais	103
reiškiniu	103
reklamoje	103
religiniais	103
remiama	103
remigijus	103
renginiams	103
rengėjų	103
rengėsi	103
respublikose	103
retoriką	103
revoliucinę	103
rezervų	103
rezultato	103
ribojimas	103
ribojo	103
riešutėlis	103
rifo	103
rikiavimo	103
rimtą	103
rinkikų	103
rinkiniu	103
rita	103
riterius	103
ritmą	103
ritualuose	103
rodiklius	103
rolling	103
roplys	103
rožinis	103
rožinės	103
rpg	103
rudieji	103
rungtys	103
ruošiant	103
ruošos	103
ryškiu	103
rūbus	103
rūkymo	103
rūsiuose	103
sandoris	103
sandėliu	103
sandėliuose	103
sanskritu	103
santarvės	103
santjago	103
santykinis	103
saponinų	103
saugotojas	103
sausasis	103
savaitraštyje	103
savitarpio	103
scenografas	103
segė	103
sekmadieniais	103
seksualinės	103
senesni	103
senesnis	103
seniūnu	103
septynmete	103
serbus	103
sergančių	103
serijas	103
siaubė	103
siaurą	103
siekiai	103
siekių	103
sielovados	103
sieneles	103
sietinas	103
silezijos	103
silpną	103
simboliškai	103
simptomų	103
siųsdavo	103
skaitytojams	103
skarda	103
skatinimo	103
skersinėmis	103
skersinės	103
skirtame	103
skirtingiems	103
sklypų	103
skoniu	103
skr	103
skrybėlė	103
skrybėlės	103
skurdi	103
skylę	103
slaptosios	103
slaptų	103
slidinėjimas	103
slopinti	103
slyvų	103
slėniais	103
smerkė	103
smuikas	103
smuikuoti	103
smuklė	103
smulkiosios	103
smulkiųjų	103
smurtą	103
sodus	103
solistais	103
sorbų	103
soros	103
sostinių	103
sovietai	103
sparną	103
specializavosi	103
specifinė	103
spermatozoidai	103
spinduliuoja	103
spiralės	103
sprendiniai	103
sprendinių	103
sprendinys	103
sprogmenų	103
sprogsta	103
spynos	103
sriubos	103
sskp	103
stadijose	103
staigus	103
stambiais	103
statytos	103
stebėjimas	103
steigėjai	103
stengtis	103
stipresnė	103
stipriausi	103
stogastulpis	103
stokholmo	103
stovyklavietė	103
strėles	103
suartėjo	103
suaugusio	103
subyrėjo	103
sudėtine	103
sudėtingo	103
sudėtinių	103
sueitis	103
sugaunama	103
sugriuvo	103
suiro	103
sujungiant	103
sukryžiuoti	103
sukrėtė	103
suktis	103
sukurtus	103
sulaikė	103
sultonu	103
sumai	103
sumas	103
sumuštas	103
sumušti	103
sunkumais	103
suorganizuoti	103
supratimu	103
surinkimas	103
susilaukti	103
susirasti	103
susitaikyti	103
sustoti	103
sutaria	103
sutrikimais	103
sutrikimo	103
suvažiavimų	103
sušaukti	103
svajonė	103
svečius	103
svyravimo	103
svyravimų	103
sąjungininkams	103
sąmokslą	103
sąsajas	103
sąžalynai	103
sėdėjo	103
sūnumis	103
taikė	103
tanki	103
tankį	103
tapusios	103
tapyboje	103
tarimą	103
tarnai	103
tarnas	103
tarpininkavimo	103
tarpinių	103
tarptautinei	103
tarptautinėmis	103
tauragnų	103
tautosakininkas	103
tautose	103
technikai	103
technikoje	103
technikų	103
teigianti	103
teiginio	103
teisingos	103
teleskopai	103
tempą	103
tenisą	103
teologija	103
teorijomis	103
terapeutas	103
terminais	103
testų	103
teta	103
tiekiama	103
tiekimas	103
tiekėjų	103
tiesioginiu	103
tiesioginė	103
tikroms	103
tikrovė	103
tiksliųjų	103
tilžėje	103
tinklui	103
tipiška	103
titulavosi	103
tituluojamas	103
tobulėti	103
tomis	103
tomo	103
toronte	103
toronto	103
tradiciniais	103
tragiškai	103
transliuojamas	103
transmisiją	103
transportui	103
trapecinė	103
traukiantis	103
trenerių	103
treniravosi	103
trobesiai	103
troleibusai	103
tropinės	103
trukusių	103
trūkumai	103
tuniso	103
tuometinį	103
turbinos	103
turgūs	103
turgų	103
turintiesiems	103
turkmėnų	103
turėjusių	103
tverų	103
tvirto	103
tvirtoves	103
tyrinėjimams	103
tyrėjai	103
tyrėjų	103
tyvuliuoja	103
tėtis	103
tęsiniai	103
tūpimo	103
unicef	103
unikalios	103
universalas	103
urvo	103
užaugino	103
uždarymo	103
uždegimą	103
uždraudus	103
užimanti	103
užkariautas	103
užnugario	103
užpalių	103
užsibaigia	103
užsidarė	103
užstatą	103
užtikrinimo	103
užuominų	103
vabalninko	103
vadinamuosius	103
vaidmeniu	103
vaivadijų	103
vaizdiniai	103
valakus	103
valgant	103
valstietis	103
valtis	103
vamzdžiais	103
vandenilį	103
vargonais	103
variante	103
varlės	103
varpinės	103
vartojamų	103
varšuva	103
varžos	103
varžovų	103
vedama	103
vedami	103
veikaluose	103
veisimosi	103
venecija	103
veprių	103
vertinamos	103
vežimo	103
vežimą	103
videniškių	103
vidinius	103
viduklės	103
viekšnių	103
vienintelio	103
vienintelę	103
vienuoliams	103
vietinėmis	103
vietovardis	103
viljamo	103
violeta	103
violetinė	103
violetinės	103
virginija	103
virpesių	103
virusai	103
viršininkė	103
viršumi	103
viršutinį	103
visuomenėse	103
visuotinę	103
vištyčio	103
vokalai	103
vokalinius	103
vokalisto	103
voras	103
vre	103
vykdomąją	103
vyndarystės	103
vyrais	103
vyskupiją	103
vėliausiai	103
zonai	103
čekija	103
įduboje	103
įgydamas	103
įgūdžiai	103
įkalbėjo	103
įkalino	103
įsakyta	103
įsigalėti	103
įsikūrus	103
įsiveržti	103
įspūdinga	103
įstrižai	103
įteikti	103
įteisinti	103
įtvirtina	103
įvaizdžio	103
įveikęs	103
įvykdytos	103
įvyks	103
įšalas	103
įžvelgti	103
įžymus	103
šachmatais	103
šaknį	103
šakoti	103
šaukiamas	103
šeimininkų	103
šernų	103
šieno	103
šilalė	103
šimtas	103
šlaitus	103
šnekamoji	103
šnekamosios	103
štai	103
šuolis	103
šviečia	103
ūgliais	103
ūkius	103
žaidimui	103
žaisdavo	103
želvos	103
žemumų	103
žemyninėje	103
žiede	103
žiedynus	103
žiemai	103
žingsniai	103
žinome	103
žirgus	103
žiūrovus	103
žmogžudystės	103
žmogžudystę	103
žmoniją	103
žolėmis	103
žvejoti	103
žvyneliais	103
žymesnių	103
žymiais	103
žymius	103
žymėjimo	103
žynys	103
žąsinių	103
žūklės	103
absoliuti	102
absoliutus	102
absoliučią	102
adam	102
administratoriaus	102
adolfo	102
aerodrome	102
agronomo	102
aido	102
aikščių	102
akademinės	102
akivaizdu	102
akvarelių	102
akvarelės	102
albumuose	102
algebros	102
alyvos	102
amžiai	102
anatomija	102
angelai	102
angliško	102
ankstyvieji	102
antena	102
antgalis	102
antgalius	102
antikinių	102
antrinės	102
antspaudą	102
aparatu	102
apardyta	102
apdirbti	102
apeigoms	102
apgultį	102
apgyvendinimo	102
apibūdinami	102
apibūdinant	102
apipavidalino	102
apklausų	102
apleido	102
aplenkti	102
aplinkiniai	102
apsisprendimo	102
apsisuka	102
apskaičiavo	102
apskritimu	102
apsodintas	102
aptvertas	102
apvadais	102
apžvalgą	102
arabams	102
aravakų	102
architektūrinis	102
aristokratija	102
arterijų	102
artimą	102
askorbino	102
asmeniniams	102
asų	102
ateinančius	102
ateizmo	102
atgijo	102
atgimimą	102
atkovojo	102
atlaikė	102
atlikdamas	102
atliktą	102
atlyginimas	102
atmestas	102
atolo	102
atpažinimo	102
atradimą	102
atsakingoji	102
atsiskaitymų	102
atsistatydinimo	102
atsižvelgiama	102
atskyrus	102
atspari	102
atstovaujama	102
audi	102
audinyje	102
auditas	102
auksinio	102
auksinėmis	102
aukštupys	102
aukštutinės	102
automatai	102
automatas	102
automatine	102
autonominę	102
autoriumi	102
avarija	102
aveniu	102
azerbaidžane	102
azotas	102
ašmenos	102
baigdavosi	102
baigiamas	102
balansą	102
balsį	102
baltiesiems	102
bandos	102
bandymuose	102
bangai	102
bankininkas	102
banknotų	102
barakuose	102
baravykinių	102
baseinus	102
batakių	102
baudžiamas	102
baudžiavą	102
bazalto	102
bažnyčioms	102
beje	102
bemaž	102
bendrame	102
bendruomenėmis	102
benzino	102
berlynas	102
beržais	102
blauzdos	102
blizgesio	102
blokai	102
bohemijos	102
branduolinis	102
branduolinį	102
branduoliu	102
brangakmenių	102
brangi	102
bretonų	102
briauna	102
buitinio	102
buitį	102
buveinių	102
būdingo	102
būriu	102
būsenas	102
būsimas	102
būtinų	102
būtį	102
carą	102
cementas	102
centralizuotą	102
chanas	102
cheminius	102
chloridas	102
cholesterolio	102
dabartine	102
dainuojama	102
daiva	102
dalelėmis	102
dalijimosi	102
darbdavys	102
darinį	102
datuojama	102
dauba	102
dažnų	102
dažus	102
deginimo	102
deividas	102
dekoracijų	102
delegatai	102
departamentuose	102
deputatė	102
derlingas	102
devintame	102
devynerių	102
didesniais	102
didis	102
didėti	102
die	102
diegti	102
dienraštyje	102
diplomas	102
diplominį	102
dirvožemis	102
diskriminacija	102
dizainerių	102
doktriną	102
domenų	102
dominikos	102
draugiškas	102
draugystę	102
draustinių	102
drąsiai	102
drėgnumas	102
dunkso	102
dvigubos	102
dvinarių	102
dvinarė	102
dėdę	102
dėstomi	102
dėstomąja	102
dėvėdavo	102
džeimso	102
džiaugsmą	102
eduardo	102
eglynų	102
eilutėje	102
eilėraštis	102
einančiu	102
ekonomiją	102
ekraną	102
ekskursijos	102
eksperimentuoti	102
eksponuoti	102
ekvadoro	102
elektroniniai	102
elementariųjų	102
elementu	102
elgsena	102
emalio	102
epidermio	102
epitelio	102
epo	102
erdvėse	102
eurovizijoje	102
failus	102
fakto	102
fazę	102
federalinėje	102
feminizmo	102
feodalizmo	102
filipinuose	102
filosofinis	102
filosofinė	102
finansai	102
finansinius	102
finišą	102
fizikinis	102
fizikinių	102
fiziologija	102
floros	102
formai	102
frankfurto	102
freska	102
ft	102
futbolininkų	102
gabumų	102
galingiausias	102
galiniai	102
galutinės	102
gamtiniai	102
gamyklas	102
garantijų	102
garsioji	102
garsu	102
gaurės	102
gemalas	102
genetinių	102
genocidas	102
geometrija	102
geometrinės	102
gerais	102
gija	102
gimines	102
giminingas	102
gimtinėje	102
gimtinės	102
gimtinę	102
gimtąjį	102
gintaras	102
ginčytinas	102
girnos	102
gitarą	102
gleivėta	102
gotikinės	102
grafinė	102
granatų	102
graužia	102
gravitacija	102
grašių	102
gražių	102
greitojo	102
greitu	102
gretimą	102
griuvėsius	102
grobis	102
grįždamas	102
gubernijas	102
gvazdikinių	102
gydomas	102
gydytis	102
gynyboje	102
gyvenamuosius	102
gyvenamą	102
gyvybes	102
hercegovinoje	102
hercogu	102
hierarchijos	102
hormonus	102
idealų	102
identiškas	102
ilgųjų	102
iliustruoja	102
iliustruotas	102
imama	102
imperatorė	102
imtos	102
imtuvas	102
inc	102
individualaus	102
indukcijos	102
informavo	102
instrukcijų	102
integralas	102
intelektinės	102
intensyvaus	102
internetinio	102
inventoriaus	102
investavo	102
investuotojų	102
inžineriniame	102
irake	102
ispanus	102
istoriografijoje	102
izoliacija	102
izoliacijos	102
išaugina	102
išdėstymo	102
išdėstytų	102
išeivijoje	102
išgyvenimai	102
išgyvenimo	102
iškeltos	102
iškirsti	102
išlaisvintas	102
išliktų	102
išlikusius	102
išmintį	102
išmokyti	102
išnykti	102
išoriškai	102
išreikšta	102
išrinkus	102
išsidėstymą	102
išsikovojo	102
išsilieja	102
išsiveržimų	102
ištrūkti	102
išėjus	102
jablonskis	102
japoniškas	102
jautrūs	102
javos	102
jokiais	102
judaizmas	102
jure	102
juriskonsultas	102
justicijos	102
kadencijas	102
kadrų	102
kailiais	102
kaimyninėse	102
kaimynystėje	102
kalbininkė	102
kalinamas	102
kalkakmenio	102
kaltę	102
kalvą	102
kamerinis	102
kameriniu	102
kamerų	102
kamuoliu	102
kamuoliukas	102
kanalizacijos	102
kandidatavo	102
kankinių	102
kanonas	102
kapituliacijos	102
karaliais	102
kardai	102
kardo	102
karinėmis	102
karosai	102
karotino	102
kartoms	102
kasinėjimus	102
kaspinas	102
katinių	102
kaukolių	102
kaukės	102
kaulais	102
kavinė	102
kb	102
keliamus	102
keliaudavo	102
keliautojų	102
keliuko	102
kelnes	102
kepenis	102
kepenys	102
kepti	102
kertinis	102
keturiolikos	102
ketveri	102
ketvirtuoju	102
kiaušialąstės	102
kiaušinis	102
kieno	102
kildino	102
kintamojo	102
kirtimuose	102
kitokiais	102
kitokias	102
klasicistinė	102
klasifikuojami	102
klasifikuoti	102
klasikine	102
klausytis	102
klausytojai	102
klavišiniai	102
klavišininkas	102
klierikų	102
klodai	102
knygyną	102
kolekcijose	102
kolūkių	102
komediją	102
komedijų	102
kometa	102
kompiuteriais	102
kompleksinių	102
komunistams	102
koncertinio	102
konfiskuotas	102
konkrečią	102
konkurenciją	102
konstruktoriumi	102
kontorų	102
kontroliuojamas	102
koordinates	102
kopenhagos	102
kopijas	102
koreguoti	102
korespondentu	102
korozijos	102
korpusai	102
kosminį	102
krakmolas	102
krateriai	102
kreditų	102
krekenavos	102
krepšinis	102
kriaušių	102
krikščioniškosios	102
krūties	102
kukurūzus	102
kulminacija	102
kunigaikščius	102
kupolo	102
kurtos	102
kurui	102
kvantinė	102
kvantinėje	102
kvartetui	102
kviestinis	102
kylanti	102
kylantys	102
kūrybinio	102
kūrėjams	102
laidininko	102
laikrodžių	102
laimėtas	102
laisvoji	102
laivui	102
langas	102
lankai	102
lankoma	102
lazdos	102
lazerių	102
leksika	102
lengvieji	102
lengvojo	102
lengvos	102
leningrade	102
lenkti	102
lenktyniauti	102
lesoto	102
lietūs	102
ligonio	102
likeris	102
liudas	102
liudijimas	102
liuteronai	102
loginio	102
loginė	102
lordas	102
lotoso	102
lrs	102
lyderiais	102
lygmenų	102
ląstelei	102
ląstelėmis	102
magnetinės	102
maino	102
maištai	102
malūną	102
mandatus	102
mandatą	102
manifestą	102
mariose	102
marškinėlių	102
maršrutų	102
masei	102
materialinę	102
materializmo	102
matrica	102
maumedžių	102
mažeikiuose	102
mažiausią	102
mažmeninės	102
mecenatas	102
medyje	102
medžioklei	102
meniu	102
metalus	102
milžinai	102
milžiniškus	102
ministrus	102
minėto	102
modeliais	102
modeliui	102
modernizmo	102
mokiniu	102
mokomosios	102
mokslais	102
mokslininkais	102
monako	102
monetą	102
monografijas	102
mozaika	102
muzikantu	102
mušamieji	102
mąstymą	102
mėgina	102
mėsingi	102
mūrinį	102
nagrinėjami	102
nagus	102
naikino	102
naktinio	102
narkotinių	102
naudojimu	102
naudotojo	102
naujovė	102
naująja	102
nedalyvauja	102
nelaikomi	102
neleidžiama	102
nenukentėjo	102
nepaliko	102
nepasirodė	102
nepasitenkinimo	102
nepatenkintas	102
nepilnamečių	102
nepriklausomu	102
nepripažįsta	102
nepriėmė	102
nerimą	102
nervo	102
nesėkmingi	102
netekęs	102
netruko	102
neuronai	102
neveikia	102
nešti	102
nidos	102
nominaliai	102
noriai	102
norintiems	102
nostrifikuotas	102
nugalėtojo	102
nulis	102
nuosmukį	102
nuosprendį	102
nuosėdos	102
nuotaka	102
nupiešė	102
nuplauta	102
nusakomas	102
nuteisė	102
nutolo	102
nuvedė	102
nykstanti	102
oficialias	102
oficialiuose	102
ola	102
operacinei	102
operacinėms	102
operatoriaus	102
operose	102
optinės	102
oranžinis	102
organizmams	102
orientacija	102
orientuojasi	102
osetijos	102
pabradės	102
pabėgėliams	102
pabėgęs	102
padalijo	102
padalinimo	102
padedanti	102
padėjėjai	102
pagalbiniai	102
pagalvės	102
pagonybės	102
pajudėjo	102
pakeisdamas	102
paketai	102
paketo	102
paklaida	102
palaikomi	102
paliekama	102
palivarką	102
pamate	102
paminėtini	102
panaikinimas	102
panaudos	102
panašiomis	102
panašumo	102
pano	102
paplūdimio	102
papuošalas	102
papuošalus	102
para	102
paragino	102
parazitai	102
parašų	102
pardavimus	102
pardavinėjamas	102
pareikšti	102
parinkta	102
pasagos	102
pasekė	102
pasiimti	102
pasirenkamas	102
pasirinktos	102
pasirodymuose	102
pasiruošti	102
pasirūpinti	102
pasiskirstę	102
pasitelkiant	102
pasiuntinius	102
pasiuntinybės	102
pasiūlos	102
pasiųsti	102
pasižymėjęs	102
paskolas	102
paskolą	102
pastovią	102
pastovių	102
patagonijos	102
pateiktų	102
patekimo	102
patiekiama	102
patogiau	102
pavadinama	102
paveiksluose	102
pavietų	102
pašalinamas	102
pašonėje	102
pažeidimą	102
pažeidė	102
pažeista	102
pažiūrėti	102
pelkes	102
pelkynai	102
pelnydavo	102
pelėda	102
penkeriems	102
penkiais	102
penktą	102
perdirbti	102
periodiniuose	102
perkeliama	102
perkeliant	102
persekiotas	102
persikėlus	102
perstatė	102
piemenų	102
pietines	102
pietrytinė	102
piešė	102
pijorų	102
piniginių	102
pirminę	102
pirmtako	102
plastikos	102
platformų	102
plaukelių	102
plaukiant	102
plačiais	102
plačias	102
plaštakos	102
plentą	102
plunksna	102
pluoštą	102
plėtojant	102
poemas	102
pojūčių	102
pokalbio	102
poliklinika	102
populiarėja	102
poreikio	102
posūkiu	102
potencialiai	102
potraukį	102
poveikiui	102
prakaito	102
praktikų	102
pranašumas	102
pranašumo	102
pravažiavus	102
prekę	102
premjeros	102
pretendentų	102
prezidentinė	102
prielaidų	102
priemaišomis	102
priesagos	102
prietaiso	102
prievartą	102
prievolė	102
priešlėktuvinės	102
priklausančio	102
primenantys	102
prisiminimų	102
pritaikant	102
privatizacijos	102
prižiūrimas	102
problematika	102
profesionalai	102
progą	102
protestavo	102
protingas	102
psichinių	102
pskovo	102
pspc	102
pulkui	102
puoselėjo	102
puošiami	102
pusdykumės	102
pusfinalio	102
pusiasaliu	102
pusiasalių	102
puskarininkių	102
puslapiai	102
pusėn	102
pučo	102
radiniais	102
raganų	102
ragą	102
raimundas	102
raižyta	102
raketė	102
ralyje	102
ramybę	102
randame	102
randasi	102
rankiniu	102
rasdavo	102
raudonus	102
rašomos	102
rašyba	102
rašytinė	102
rašytojus	102
reakcijose	102
reaktorius	102
realizmas	102
realus	102
referendumo	102
reformatai	102
reikalavimą	102
reikštis	102
reitingų	102
reklamose	102
religijai	102
reprezentuoja	102
reputacija	102
restauravo	102
retomis	102
ribomis	102
ribota	102
riboto	102
ribotą	102
rimtas	102
rinkimą	102
riterio	102
rodiklį	102
rokenrolo	102
rungtis	102
runkeliai	102
runkelių	102
rusus	102
rygą	102
ryklės	102
ryžius	102
ryžosi	102
sakydavo	102
salantų	102
saldainių	102
saliamono	102
saloms	102
salyklo	102
santuokų	102
saugantis	102
saugumu	102
sausumą	102
sausuoju	102
savanų	102
savitai	102
savivardis	102
saviveiklos	102
savižudybių	102
sekmadienio	102
seksualumo	102
seminarai	102
senajame	102
senienų	102
senkapiai	102
senuoju	102
senuose	102
septynmetės	102
serbijoje	102
seredžiaus	102
sergamumas	102
sezonai	102
sezonu	102
sferas	102
siaurais	102
siaurasis	102
siaurojo	102
siaurų	102
sicilijoje	102
sidabriniais	102
siekiančios	102
sienelę	102
simetrija	102
simptomus	102
sirupas	102
sistematika	102
siunčiamas	102
siužetai	102
siūlai	102
siūlymu	102
skaidrumas	102
skaičiavimai	102
skaičiavimų	102
skaičiuojama	102
skalės	102
skandalas	102
skausmus	102
skirsto	102
skirtumu	102
sklandymo	102
sklypai	102
skriejantis	102
skrydžiams	102
slankstelių	102
slaptu	102
slenka	102
smetona	102
smulkiau	102
snukis	102
socialdemokračių	102
socialistinę	102
solistų	102
sovietams	102
spalis	102
spalvotas	102
specialiuose	102
specializuota	102
specifinius	102
spiralinė	102
sportui	102
sprogo	102
sprogstamųjų	102
spygliuotis	102
sritims	102
stadiją	102
stambesni	102
statybininkų	102
stipendijas	102
stipriais	102
stoka	102
stokholme	102
strateginis	102
stratovulkanas	102
struktūroje	102
strėlėmis	102
studentais	102
stumia	102
stygas	102
subkultūra	102
sugauti	102
sukelta	102
sulaukti	102
sulaukę	102
sumatros	102
sunaikinimas	102
sunaudojama	102
sunitų	102
suprojektuota	102
surasta	102
surastas	102
surengia	102
surengtame	102
susijungimai	102
susipažinęs	102
susipina	102
susirgti	102
susitarta	102
susitikime	102
suskyla	102
sutariama	102
suteiktų	102
sutrikimą	102
sutrikus	102
sutriuškinti	102
sutrumpinimas	102
sutrumpintas	102
suvažiavimai	102
svarbesni	102
sverti	102
sąjungininkus	102
sąrašai	102
sąrašų	102
sąsmaukos	102
sėkmingiausiu	102
sūriu	102
tabaką	102
tailande	102
takais	102
tamsa	102
tamsių	102
tango	102
tankiu	102
tapdama	102
tapusio	102
tarnų	102
teikiamų	102
teikiant	102
teisėtai	102
teisėtvarkos	102
telefonas	102
telenovelėje	102
teleskopu	102
telugų	102
telšiai	102
tempas	102
tenkina	102
teritoriniai	102
tiesia	102
tiesės	102
tikslumo	102
tituluojami	102
tolimesnių	102
tolo	102
toną	102
tradicijoje	102
traktuojama	102
transformacija	102
trasose	102
trečdalius	102
triaso	102
trikampiai	102
trilogija	102
triumfavo	102
triumfo	102
tropinėje	102
trukdavo	102
trumpesnės	102
trumpinys	102
tuberkulioze	102
tunelį	102
turtai	102
turus	102
tvarkymas	102
tvirtinami	102
tyliai	102
tėkmės	102
tėvynėje	102
uostuose	102
upynos	102
urve	102
urėdijai	102
užrašomi	102
užrašus	102
užregistruoti	102
užtikrinant	102
užtvenkus	102
vadovaujamo	102
vadovavimas	102
vadybininku	102
vagonų	102
vaidmeniui	102
vainikai	102
vaizduotės	102
vakarines	102
vakariniuose	102
vakarinėse	102
valdą	102
valgio	102
valgis	102
valiai	102
valiutą	102
vandalai	102
vandalų	102
vargonininkė	102
variantu	102
varpinių	102
vartojimui	102
varžovas	102
varžytis	102
vazų	102
važinėja	102
veikas	102
veikiantį	102
veikiančius	102
veiksmažodis	102
veikėju	102
veisiejų	102
veislę	102
vengiama	102
vergijos	102
versalio	102
verte	102
vertikalus	102
vertinant	102
vertingą	102
verčiama	102
veržtis	102
veržėsi	102
vest	102
vežimai	102
vidines	102
vienaip	102
vienuolynuose	102
vietai	102
vietnamiečių	102
vietovardžiai	102
vievio	102
viešo	102
vilnios	102
vilčių	102
virtuvę	102
virškinamojo	102
vištos	102
vokalistu	102
vokiška	102
vulkanas	102
vulkaniniai	102
vw	102
vykstančius	102
vynų	102
vyriška	102
vyslos	102
vystantis	102
vyšnios	102
vėgėlės	102
vėlesnius	102
vėlgi	102
vėžį	102
ypatingu	102
ypatybė	102
zakristijomis	102
zita	102
čiulpų	102
įkuria	102
įkurtai	102
įkvėpti	102
įkūrusi	102
įmone	102
įprasti	102
įrašytų	102
įrengimo	102
įrenginiuose	102
įsakymo	102
įsigalėjus	102
įsipareigoja	102
įspūdingiausių	102
įsteigęs	102
įstojimo	102
įtempti	102
įtvirtinimas	102
įvedamas	102
įvykusiame	102
įžymybės	102
šakai	102
šalinimo	102
šalpos	102
šalčiui	102
šeduvos	102
šešerius	102
šeštajame	102
šiaurinėse	102
šilutė	102
šiuolaikinį	102
šlaitą	102
šluotelės	102
šriftai	102
švarus	102
šviesesnis	102
šviesesnė	102
švieži	102
žaidžiami	102
žaisdamas	102
žalio	102
žalsvi	102
žalsvos	102
žalvariniai	102
žandikaulis	102
žentas	102
žievę	102
žinomais	102
žodynų	102
žolelių	102
žudynes	102
žurnalistika	102
žuvusiųjų	102
žvaigždučių	102
žvynų	102
žydint	102
žydėjimo	102
žūklė	102
abejonės	101
abudu	101
adm	101
adresą	101
aeroklubo	101
afrikanų	101
agresija	101
aikštelių	101
airiškai	101
aiškaus	101
akcinių	101
akimirką	101
akmeninės	101
aktoriais	101
aktyvina	101
aktyvistas	101
albanija	101
algoritmą	101
aljansas	101
aloyzas	101
alpinizmo	101
alss	101
altarista	101
alžyre	101
amžina	101
amžiui	101
andriaus	101
angis	101
anglį	101
angų	101
ankstyvajame	101
ankstyvuoju	101
antilopė	101
antrieji	101
antsparnių	101
ančių	101
aparatais	101
apdovanojama	101
apetitą	101
apgultis	101
apibendrinti	101
apiplėšė	101
aplinkybėms	101
aprūpindavo	101
aprūpinimą	101
apsauginiai	101
apskritimis	101
apsunkina	101
apvalkalas	101
apšviesti	101
apžiūrėti	101
archyvus	101
ardo	101
aristokratai	101
arkivyskupu	101
aromato	101
artimiausi	101
artimiausia	101
artimo	101
artistai	101
asimiliavosi	101
asociacijai	101
astronomiją	101
astronominių	101
ataskaitą	101
ateiviai	101
atgaivinta	101
atidėtas	101
atkarpoje	101
atkarpą	101
atkrintamąsias	101
atletika	101
atlikėjams	101
atmainų	101
atnaujinimas	101
atomus	101
atpažįsta	101
atrinkti	101
atsakingos	101
atsakymai	101
atsakymų	101
atsigauti	101
atsilaikyti	101
atsiliko	101
atsiminimai	101
atsirandant	101
atsiskaitymo	101
atsivežė	101
atskiriami	101
atspindys	101
atspindžio	101
atstumų	101
atvejo	101
atvesti	101
atvirame	101
atvirkštinis	101
atėjimo	101
atėnai	101
audiniu	101
auditorijos	101
audronė	101
audrų	101
augintojai	101
augustavo	101
auksinę	101
aukšlės	101
aukštesne	101
autobusus	101
automatinių	101
automatinė	101
autonominėje	101
autorinės	101
autoriui	101
autorės	101
aušros	101
aviacijai	101
aštrus	101
baladės	101
baldus	101
bandytojas	101
baseinams	101
baseinu	101
bausti	101
bažnytinį	101
bc	101
bendruomene	101
bendruomenėms	101
bendruosius	101
bendrąjį	101
benediktinų	101
beržas	101
bibliotekininkas	101
bibliotekose	101
bijodami	101
bilietų	101
biochemikas	101
biologas	101
biologijoje	101
bizantija	101
blogis	101
blogos	101
bolidų	101
bondo	101
brandenburgo	101
bresto	101
briaunos	101
bręsta	101
brūkšniuotosios	101
buitis	101
bulvinių	101
buvusiais	101
bėgyje	101
būdingus	101
būrelių	101
būtinybę	101
centrinei	101
centriniu	101
centrinėse	101
charkovo	101
chosė	101
cilindrai	101
citrinmedis	101
civilizacijai	101
corba	101
cukrumi	101
dabartinėse	101
daiktais	101
daiktavardžių	101
dainininke	101
dalijamas	101
dalinis	101
dalykais	101
dalyvaudamas	101
dalyvaujantis	101
dalyviais	101
dantiraščio	101
darbinis	101
datuojamos	101
daugiskaita	101
dave	101
davęs	101
dažnumas	101
dažyti	101
debiutai	101
dedamos	101
degalai	101
degimas	101
degtinė	101
dekoratyvumas	101
dekoratyvūs	101
demokratiškai	101
demonas	101
demonų	101
dengta	101
dengtas	101
derinama	101
desanto	101
dešimtasis	101
dešimtinių	101
dešimtojo	101
dešinė	101
diafragmos	101
diagramos	101
dialogas	101
diametras	101
diapazonas	101
diapazone	101
didesnėje	101
didiko	101
didvyrių	101
difrakcijos	101
dinamikos	101
diodas	101
diplomatija	101
diplomatinė	101
diplomatinę	101
diplomato	101
dirbtiniu	101
dirbtinė	101
direktoriui	101
dirvožemius	101
dirvožemį	101
dislokuotas	101
dmitrijus	101
dolomito	101
dovanas	101
dovanos	101
drabužis	101
drambliai	101
draudimų	101
drąsus	101
drėgmė	101
ds	101
dublino	101
dumblas	101
dumblo	101
duoklė	101
durpes	101
durpyno	101
dvarvietė	101
dvasias	101
dvigubu	101
dvinarės	101
dvynys	101
dydžius	101
dėmėti	101
džiaugsmas	101
džiaugsmo	101
eglėmis	101
eile	101
einančios	101
eisena	101
eismas	101
eišiškių	101
ekipų	101
ekologinių	101
ekonominiais	101
ekosistemos	101
ekranas	101
eksperimentavo	101
eksperimentinis	101
eksperimentinė	101
eksponatus	101
eksportuoja	101
eksportuoti	101
elgseną	101
elipsės	101
emigrantai	101
emisijos	101
energetika	101
energingai	101
energingas	101
epitelis	101
epizodas	101
epochą	101
erdvių	101
erezija	101
esamų	101
esantiems	101
esančiam	101
estetika	101
eukariotų	101
evoliucionavo	101
ežerėlių	101
fakultetus	101
fanai	101
fauna	101
fazes	101
fašistų	101
feodalinė	101
feodalinės	101
fermentas	101
fermų	101
festivalius	101
ff	101
fiksuoto	101
filharmonija	101
filipas	101
filmuotis	101
finansavimas	101
fizines	101
fleitos	101
folklorinio	101
folklorą	101
foną	101
formatų	101
formoms	101
fortai	101
fosfatų	101
fosilijos	101
fotonai	101
fotonų	101
frederikas	101
funkcionuoti	101
fė	101
gabalus	101
gajanos	101
galiai	101
galvutę	101
galybės	101
galėję	101
galūne	101
gambitą	101
gamtines	101
gamybinių	101
garais	101
garbina	101
garliavos	101
garsina	101
garsiu	101
gastrolių	101
gaudamas	101
gausia	101
gausiausia	101
gausime	101
gausią	101
gausybės	101
gavėjo	101
gebėjimai	101
genocidą	101
genujos	101
geologija	101
geologinės	101
germanai	101
giedojimo	101
gif	101
gilaus	101
gilias	101
giliausia	101
gimnazistų	101
gimtojoje	101
ginkluote	101
ginkluotos	101
giraitės	101
girių	101
gleivinė	101
gleivinę	101
globa	101
globalizacijos	101
globą	101
gmc	101
gogu	101
gomurio	101
grafinės	101
gravitacinės	101
gražu	101
greiti	101
greitintuvas	101
greitkelio	101
grioviais	101
grojant	101
grojęs	101
grubiai	101
grupelė	101
grybais	101
gryną	101
grįsti	101
grįžimo	101
gubernijose	101
gudelių	101
guma	101
gvatemalos	101
gydytoją	101
gyvenusio	101
gyvenvietei	101
gėlėmis	101
gėris	101
hamburge	101
hamburgo	101
hip	101
hipnozės	101
hitlerio	101
hondūro	101
horizontalias	101
horizontalių	101
humanizmo	101
identiteto	101
identiški	101
ietimis	101
ilgakočiai	101
ilgalaikės	101
ilgalaikę	101
ilgiausių	101
iliuzija	101
imasi	101
imdavo	101
imitacija	101
importuoti	101
impulsas	101
impulso	101
imuninės	101
individualus	101
indukcija	101
indėnams	101
infarkto	101
inspiravo	101
insulino	101
integravimo	101
integruotas	101
intel	101
interjerams	101
internatinės	101
interpretuoja	101
intervalo	101
intervencijos	101
intonacija	101
investicijas	101
inžinerinių	101
irti	101
izoliuoti	101
izotopų	101
išaiškino	101
išaugę	101
išbūna	101
išeiviai	101
išgaubta	101
išgirdęs	101
išgyvenimus	101
išgyvenimų	101
iškilmingas	101
iškloja	101
iškovoja	101
išlaidoms	101
išlaikomas	101
išleidžiant	101
išmetimo	101
išmintis	101
išnykusios	101
išpažino	101
išpranašavo	101
išraižytas	101
išraižyti	101
išsaugo	101
išsaugota	101
išsigelbėjo	101
išskirtas	101
išskirtinė	101
išskirtinę	101
ištikimybės	101
išvadavo	101
išvardinti	101
išvengtų	101
išžudyta	101
iždas	101
jamaikos	101
jaunais	101
jaunesnioji	101
jauniklį	101
jaunystę	101
jausmo	101
jautrumo	101
jautė	101
java	101
jiezno	101
jonavoje	101
jubiliejui	101
judančių	101
jungiamas	101
jungiamos	101
jungtiniam	101
jungčių	101
jurijus	101
jurisdikcijai	101
jėzuitams	101
jūreiviai	101
kabelinės	101
kabinetų	101
kadetų	101
kaimiškoji	101
kaimyninėmis	101
kalavijų	101
kalbinių	101
kalifatas	101
kalifato	101
kalifornija	101
kalkių	101
kalnagūbrį	101
kaltina	101
kalvas	101
kamerinių	101
kanadą	101
kanadų	101
kancleriui	101
kandys	101
kanklių	101
kančia	101
kapela	101
kapelionu	101
kapiliarų	101
kapinyne	101
kapinyną	101
karaliams	101
karbonato	101
kardinolų	101
kareivio	101
karininkams	101
karjerai	101
karkaso	101
kasamos	101
kaskart	101
kasyklas	101
kategorijose	101
kaupė	101
kavinėje	101
kavinės	101
kazlauskas	101
kažkoks	101
keliamos	101
kelionėms	101
kelno	101
ketaus	101
keturiems	101
keturiose	101
keturiuose	101
ketvirčio	101
kiaules	101
kiaušinėliai	101
kiaušinį	101
kilogramų	101
kilpa	101
kinologų	101
kiškiai	101
klaidinga	101
klanui	101
klase	101
klasikinį	101
klausė	101
klaviatūros	101
klestėjusi	101
klijai	101
klimatu	101
knygeles	101
knygoms	101
kodekse	101
kokiais	101
kokoso	101
kokybe	101
kolegijose	101
kolektyvais	101
kolektyvinio	101
kolektyvus	101
kolona	101
kolonizatorių	101
kolorito	101
kolumbija	101
komerciniai	101
kompensuoti	101
kompleksu	101
kompleksus	101
kompozitoriumi	101
komunistinė	101
koncentruojasi	101
koncepcinis	101
koncertu	101
konkistadorai	101
konkistadorų	101
konkretų	101
konkrečiam	101
konkurentas	101
konsekruota	101
konsolidavo	101
konstantinopolį	101
konsultacijos	101
konsultavimas	101
konsultavo	101
konsultuoja	101
kontrolei	101
koplyčių	101
kopra	101
korozijai	101
korpusų	101
korupciją	101
kosmetikos	101
kosminiu	101
kotu	101
koviniai	101
kreminiai	101
krevetės	101
kriauklių	101
krovinį	101
kubinių	101
kubitas	101
kuboje	101
kuktiškių	101
kulinarijoje	101
kulkosvaidį	101
kulkosvaidžiais	101
kultu	101
kultūrine	101
kunigams	101
kuopų	101
kurta	101
kurčiųjų	101
kvalifikacinį	101
kvarkas	101
kvartete	101
kvartetą	101
kvėdarnos	101
kylančios	101
kūrimu	101
kūrybinis	101
kūrybinę	101
laikinos	101
laikrodžiai	101
laikymasis	101
laikytinas	101
laimėjimai	101
laimėjimas	101
laimėjimus	101
laimėtoja	101
laineris	101
laipsniškai	101
laisvuoju	101
laiškuose	101
legendas	101
legendinės	101
legionas	101
leiboristų	101
leidimus	101
leipalingio	101
leipcigo	101
lelija	101
lengvesni	101
lengvesnis	101
lengvi	101
lenkas	101
lenkta	101
lentelėse	101
lervų	101
liaudyje	101
liberalizmo	101
licėjuje	101
liejimo	101
lietuviškomis	101
lietuvninkų	101
liečia	101
ligoninių	101
linijai	101
linijose	101
literatūrinę	101
literatūrinį	101
lkf	101
lobį	101
logiką	101
logos	101
lsdjs	101
lyderius	101
lygtys	101
lynai	101
lyrinis	101
lėlės	101
magistralinis	101
magistrato	101
magnetiniame	101
magnetinė	101
maišėsi	101
maksimali	101
maldininkų	101
malonumą	101
mangrovių	101
mantas	101
markatų	101
markgrafas	101
martino	101
maršruto	101
maršrutą	101
mases	101
masines	101
mastą	101
masyvą	101
matavimus	101
matematinis	101
matematinių	101
materialinė	101
matydamas	101
matų	101
mašinoms	101
mažinant	101
mažoje	101
mechaninio	101
melsva	101
melsvys	101
membranoje	101
memorialas	101
meninį	101
menkas	101
menko	101
merkio	101
metalinio	101
metinio	101
metodistų	101
metuose	101
meškutė	101
migracijas	101
migruoti	101
mikronezijos	101
mikroorganizmai	101
mikroschemų	101
milžiniškų	101
milžinų	101
minininkų	101
mitinė	101
miuzikle	101
mičigano	101
mišiniai	101
mišri	101
mobiliųjų	101
moderniojo	101
modifikuotas	101
modifikuoti	101
modos	101
mokamas	101
mokinė	101
mokomojo	101
moksleivis	101
moksliniams	101
mokydamasis	101
moldavų	101
monarchų	101
moralinės	101
moralė	101
moteriškų	101
motiejaus	101
mozaikos	101
mozambiko	101
muzikantais	101
mėgėjams	101
nacionalizmas	101
naikinimas	101
naikintuvą	101
narvos	101
narėmis	101
naudingiausiu	101
naudodamiesi	101
naudotus	101
naujakurių	101
naujausius	101
naujausių	101
naujoves	101
nauru	101
našlę	101
našumas	101
neaiškios	101
neakivaizdinio	101
nebeturi	101
nedaro	101
negalėdavo	101
neigiami	101
nekeičia	101
nelaikė	101
nelaimėjo	101
nelegalių	101
nemenčinės	101
nenaudojama	101
nenuotakus	101
neoficialus	101
neolite	101
neorganinių	101
nepadarė	101
nepalankių	101
nepavykus	101
neprivažiavus	101
nereguliariai	101
nereikalauja	101
nerija	101
nerijoje	101
nervai	101
nesiskyrė	101
nespėjo	101
nestabilumo	101
nesusijęs	101
nesutarimus	101
nesutarė	101
nesvyžiaus	101
nesėkmę	101
neteisingas	101
neutronai	101
neužėmė	101
nešvariai	101
nežemiškos	101
normanai	101
normą	101
novelė	101
np	101
nugalėję	101
numatomo	101
numizmatikos	101
nuodinga	101
nuolatinius	101
nuolaužų	101
nuostabus	101
nuotekų	101
nuotolinio	101
nuotolį	101
nuotrauką	101
nuotėkis	101
nuovargis	101
nuplovė	101
nurodantis	101
nusenka	101
nusiaubtas	101
nusikaltimais	101
nusipelnę	101
nustatytus	101
nustačius	101
nusėda	101
nutolusių	101
nutrūksta	101
nuvažiuoti	101
nuvertus	101
nyko	101
nykštukės	101
objektui	101
obuolys	101
okeanijos	101
olandijoje	101
olimpinė	101
olimpo	101
operatorių	101
organais	101
organinis	101
organizavimu	101
organizmus	101
organizuoto	101
organizuotą	101
organu	101
orientuotis	101
originalią	101
orlaivio	101
ornamentai	101
ovalios	101
ovalus	101
paauglystėje	101
pabaigti	101
pabėgėliai	101
pabūklo	101
padalinimas	101
padalytas	101
padažas	101
padažu	101
padedama	101
pagamintą	101
pagonys	101
pagražinti	101
pagreičio	101
pajungė	101
pajuto	101
pajėgumo	101
pakabos	101
pakartas	101
pakeičiamas	101
paketus	101
pakuotės	101
palaikant	101
palestiniečių	101
palikdavo	101
palikus	101
palydos	101
pamatinėje	101
pamažėle	101
paminėjimas	101
pamokomis	101
panaudojamos	101
panašu	101
panteono	101
papasakojo	101
paprasčiausias	101
papūgos	101
parametras	101
pardavinėjami	101
parduotų	101
pareigūnams	101
parengęs	101
parinktas	101
partizanas	101
partizaninio	101
paruošimas	101
pasakas	101
pasakojimą	101
pasakyta	101
pasaulėžiūros	101
pasigirti	101
pasikeisti	101
pasikeitimus	101
pasinaudodamas	101
pasinaudojęs	101
pasirengimo	101
pasirodę	101
pasisekimu	101
pasiskirsto	101
pasislėpti	101
pasislėpė	101
pasitarimo	101
pasiuntiniai	101
pasiūlymas	101
pasiūlymo	101
pasiūlymu	101
pasižadėjo	101
pasižyminti	101
pasižymėjimo	101
paskelbusi	101
paskirstymas	101
paskutiniuosius	101
paskutinįjį	101
pasprukti	101
pastorius	101
pastovaus	101
pasąmonės	101
pasėlių	101
patenkama	101
patikimumą	101
patikimų	101
patikėjo	101
patikėti	101
patirtų	101
patologijos	101
pavadinimuose	101
pavaldinių	101
pavardes	101
paveldu	101
pačiomis	101
pašalinimas	101
pašarinių	101
pašauktinių	101
pažadą	101
pažeidžiama	101
pažeidžiami	101
pažinimą	101
pedagoginė	101
pedagogus	101
peilius	101
peleko	101
pelkėtos	101
pensininkas	101
perdainavo	101
perduodant	101
perduodavo	101
pereinant	101
periodų	101
perkeliamas	101
perkėlus	101
pernašos	101
perpus	101
perteikia	101
pertvarkymo	101
pieninių	101
piešinį	101
pigiau	101
piktžolė	101
pilietybė	101
piliečiais	101
piliečiu	101
pilypas	101
pilypo	101
pipirų	101
pirkliams	101
pirkėjų	101
pirminiai	101
pirmininkai	101
pirmuosiuose	101
pirmąsyk	101
pirštus	101
pjūvio	101
plantacijos	101
planuoti	101
platelių	101
platesnės	101
platinimu	101
plaukuota	101
plitimo	101
plius	101
plokščiakalnį	101
plonų	101
plungėje	101
pluoštų	101
pluta	101
plyšys	101
plyšį	101
plėtimosi	101
plėtotis	101
poemoje	101
poetu	101
poilsiavietė	101
pokerio	101
policininkai	101
poligonas	101
polinkį	101
politikė	101
politiniams	101
politologijos	101
pomidorai	101
ponai	101
popiežiai	101
populiariausiu	101
poravimosi	101
poslinkio	101
posūkių	101
potencialų	101
poterio	101
povandeniniais	101
pozoje	101
pradininkais	101
praktikavo	101
pralaimėjimai	101
pramoginės	101
pranašų	101
pranešama	101
pranešimo	101
praplėsti	101
praplėtė	101
prarasta	101
prasidės	101
prasčiau	101
pratęsta	101
prašydami	101
prefektas	101
prekėms	101
premjerą	101
prezidentų	101
prezidiumas	101
pridedamas	101
priedus	101
prieigos	101
priekalnėse	101
priekinę	101
priekulės	101
prievoles	101
priešams	101
priešui	101
priimtus	101
prijungiant	101
priklausančiame	101
priklausančią	101
priminti	101
pripažįstami	101
pripažįstamos	101
prisijungęs	101
prisiminimus	101
pristatomas	101
pristatymas	101
pritaikymas	101
privalomą	101
privalumai	101
privatinė	101
privatų	101
privačias	101
procesais	101
profesionaliai	101
profesionaliu	101
profilis	101
proporcijų	101
proporcinga	101
prospektas	101
protestai	101
protestantizmo	101
puikių	101
pumpurai	101
punkte	101
puolant	101
puoštos	101
pupos	101
pusamžiai	101
puslaidininkiuose	101
puslankiu	101
puslapius	101
pusmečio	101
pykčio	101
pėdsaką	101
pūslė	101
radikalių	101
radikalų	101
radiofono	101
radus	101
radviliškis	101
raimondas	101
raiteliai	101
raižinių	101
raktus	101
raktų	101
ramūnas	101
rangų	101
rankinis	101
rašymas	101
rašymui	101
rašytinės	101
rašytojui	101
reaktyvinis	101
realią	101
receptorius	101
red	101
reformacija	101
reformatams	101
reformavo	101
regata	101
regentu	101
registruota	101
reguliuojama	101
reikalavimais	101
reikiamo	101
reikšmingi	101
reikšmingą	101
religine	101
relikvijos	101
remiksų	101
rengimą	101
reorganizuoti	101
represijos	101
restoranai	101
resursai	101
revoliucinis	101
rezoliuciją	101
rezultatyviausiu	101
rezultatyvų	101
rečiausiai	101
riaušės	101
riebalus	101
rikiuotėje	101
rinkimais	101
rinkimams	101
rinkėjas	101
ritualas	101
rk	101
rodytas	101
roką	101
romansų	101
romų	101
rožių	101
rudaminos	101
rudą	101
rudų	101
ruošimo	101
ruožai	101
rusiškos	101
rutuliški	101
rytai	101
rytine	101
rytiniuose	101
rytinėse	101
rąstus	101
rėmuose	101
rūkas	101
rūpėjo	101
sakinyje	101
saksai	101
samdiniai	101
samoa	101
sampratos	101
sandorio	101
sandėlių	101
sankcijos	101
sankirtoje	101
sapnus	101
saturno	101
saulėje	101
sausrų	101
sava	101
savaitėms	101
savitos	101
savybėms	101
savą	101
schemas	101
sdp	101
seklus	101
sekrecijos	101
sekreciją	101
sekretorių	101
seksualinių	101
sektoriai	101
sembų	101
seminaras	101
seminarų	101
senais	101
senatvės	101
senesnė	101
seniūnijas	101
senojoje	101
senovinę	101
septintas	101
septyniolikos	101
sergantys	101
sferose	101
siaurąja	101
sidabrine	101
sidabrinį	101
sidabru	101
sidabrą	101
siekdamos	101
siekiantys	101
sieks	101
siera	101
siesikų	101
silpnaregių	101
silpnesnis	101
silpti	101
simbolinis	101
simbolizuojanti	101
simfoninį	101
sindromą	101
sinonimai	101
sintaksės	101
siužetų	101
siūlomi	101
siūlomos	101
skaitmeninis	101
skaitomas	101
skaitomi	101
skaičiavimais	101
skaičiuoja	101
skambesiu	101
skambėti	101
skapiškio	101
skatinami	101
skersinio	101
skiltis	101
skiriant	101
skirianti	101
skliautais	101
sklype	101
sklypus	101
skritulio	101
skritulys	101
skudučių	101
skulptorių	101
skulptūrinių	101
skundą	101
skverbtis	101
skyle	101
slenksčio	101
slenksčius	101
slepia	101
slidės	101
slovakijoje	101
slėptis	101
smūgiai	101
smūgiu	101
smūgius	101
socialiniais	101
socialiniu	101
socialinėmis	101
socializacijos	101
sodybas	101
sony	101
spalvoti	101
spalvotų	101
spartus	101
spaudžia	101
spausdintas	101
spausti	101
specialiame	101
specialistams	101
specialisto	101
specifika	101
specifinio	101
spinduliavimą	101
sportininkė	101
sportinė	101
sprogimą	101
spyglių	101
stabdymo	101
stabilumas	101
stalinas	101
stalą	101
stambiausia	101
standartiniu	101
standartinį	101
stačiatikiams	101
stebimos	101
stebėjimus	101
stengiantis	101
sterblinių	101
stiebus	101
stiliuje	101
stiprintuvas	101
stiprėjant	101
stirnos	101
stogų	101
storu	101
strateginių	101
streso	101
struktūrinės	101
struktūrose	101
studento	101
studijinius	101
stulpelių	101
stulpo	101
suaugusieji	101
suaugusius	101
subkultūros	101
subūręs	101
sudalyvavo	101
sudarymą	101
sudaryto	101
sudedamosios	101
sudegus	101
sudėjus	101
sudėtingesni	101
sudėtingesnis	101
sudėtingesnė	101
sudėtingesnės	101
sugalvota	101
sugalvoti	101
sugriautos	101
sugrojo	101
sugrįžimo	101
suirus	101
sujungimo	101
sukeldavo	101
sukeliančių	101
suklestėjimas	101
sulaukusi	101
sulaužė	101
sultonatą	101
sultonui	101
sumanymą	101
sumušta	101
sunkieji	101
sunkusis	101
supančios	101
supelkėję	101
supernovos	101
superstygų	101
suplanuota	101
susidarant	101
susidraugavo	101
susiformavimo	101
susijaudinimo	101
susikalbėti	101
susimaišė	101
susirgimų	101
susirinkdavo	101
susirėmimai	101
susitraukia	101
susivienijimą	101
susižavėjo	101
suskaičiuoti	101
sustiprinto	101
sustiprėja	101
suteikiantis	101
sutrumpinta	101
sutvarkyta	101
sutvirtino	101
suvaldyti	101
suvereniteto	101
suverenitetą	101
suvienyta	101
suvienytos	101
suvirinimo	101
sužaloti	101
svarbiais	101
svarbiausiais	101
svarstoma	101
svarstomi	101
sveikatingumo	101
sveiką	101
svetimas	101
svečiams	101
sviedinio	101
sviestas	101
sąjunginių	101
sąlajos	101
sąlygoti	101
sąmoningas	101
sėklidės	101
taiga	101
taisyklingai	101
takeliai	101
talentingas	101
talento	101
tampant	101
tapatinti	101
tapusį	101
tarmes	101
tarpininkaujant	101
tarpukaryje	101
tarpus	101
tarpžvaigždinės	101
tarybiniai	101
tarybiniam	101
tarybinį	101
taures	101
tauriųjų	101
techniko	101
teigiamo	101
teikiantis	101
teikimas	101
teisiamas	101
teisėjus	101
teminių	101
teresė	101
teritorijoms	101
terminui	101
testai	101
testą	101
tiesiogine	101
tiesūs	101
tigras	101
tikimybės	101
tikintis	101
tikriems	101
tikrinti	101
tikėti	101
tiriamas	101
tirpalu	101
tirpalą	101
tito	101
titulinis	101
tolimų	101
tome	101
trajektorijos	101
traktatas	101
transformacijos	101
transliuojamos	101
transportą	101
tranzito	101
trapi	101
traukimo	101
traukėsi	101
tremtinys	101
tremtį	101
treneriai	101
trečdalio	101
tribunolas	101
trinties	101
triukšmą	101
troleibusų	101
troško	101
trukdyti	101
trumpalaikis	101
trumpinama	101
trumpųjų	101
trykšta	101
tundros	101
turbinų	101
turmanto	101
turtingo	101
turėdama	101
tuštuma	101
tvarkai	101
tąsa	101
ugdymą	101
universali	101
upei	101
uraganas	101
urvą	101
urėdijų	101
užaugti	101
uždavinį	101
užduotys	101
užgrobti	101
užimdamas	101
užkariautos	101
užkariavimai	101
užmiesčio	101
užpakalinė	101
užpakalinėje	101
užregistruotas	101
užsiimanti	101
užsisakyti	101
vadintą	101
vadovaujamus	101
vadybininkė	101
vagonai	101
vaidinimai	101
vaidinimų	101
vaidmenimis	101
vaidybą	101
vaiku	101
vainiką	101
vairavimo	101
vaizduotas	101
vakarine	101
valandomis	101
valančiaus	101
valdininkas	101
valdovams	101
valdytojų	101
valdžion	101
valgių	101
valstiečiais	101
valstybiniam	101
valstybėlės	101
vamzdžius	101
vargonininku	101
vargšų	101
variacijos	101
varlių	101
varpelio	101
varpininkų	101
vartotojus	101
varžovą	101
vasalais	101
vasalas	101
vedybas	101
veidrodžių	101
veikėjams	101
velse	101
veltui	101
venera	101
verslininkams	101
vertes	101
vertingos	101
vertybinius	101
verčių	101
vežimų	101
vidine	101
vidiniu	101
vidutinį	101
vienbalsiai	101
vienodų	101
vietine	101
vietinei	101
vietiniu	101
vieškelio	101
viešumoje	101
viešus	101
vilioja	101
vilki	101
viršelyje	101
visaip	101
visapusiškai	101
visuomeniniai	101
visuomeniniais	101
visuotiniu	101
vizualiai	101
vokaliniai	101
vulkano	101
vulkanų	101
vykdydamas	101
vykdytas	101
vykdytos	101
vykusius	101
vykę	101
vyraujanti	101
vyriškosios	101
vėlyvuoju	101
vėlės	101
įgyvendinimui	101
įkelti	101
įkomponuotas	101
įkurtoje	101
įkurtų	101
įkūnijo	101
įkūrėja	101
įkūrėjai	101
įprastinių	101
įpėdinių	101
įrašomas	101
įrengiant	101
įrengimas	101
įrodymus	101
įsigijimo	101
įsikišimo	101
įsikišo	101
įsikūrusių	101
įspūdingas	101
įspūdingų	101
įstatuose	101
įsteigtą	101
įtaisų	101
įtakota	101
įteikta	101
įtekanti	101
įvairią	101
įvykdymo	101
įvykdžius	101
įvykiams	101
įvykusi	101
įvykusios	101
įžymybių	101
šakniastiebiai	101
šakniastiebiais	101
šaknimi	101
šakojasi	101
šalinti	101
šaltojo	101
šaudo	101
šaukia	101
šaulys	101
šautuvus	101
šeimininkės	101
šekspyro	101
šereliais	101
šernai	101
šilto	101
šimonių	101
šiukšlių	101
šliaužiantis	101
šuoliai	101
švediją	101
šventieji	101
šventovės	101
ūdros	101
ūko	101
ūmėdė	101
žanrui	101
žarnyne	101
žeimių	101
žemesnių	101
žemesnį	101
žemiausio	101
žemumas	101
žemą	101
žiedynas	101
žinduolius	101
žingsnį	101
žinioje	101
žinomiausi	101
žinutes	101
živilė	101
žiūrima	101
žmogžudysčių	101
žolę	101
žuvims	101
žuvę	101
žvaigždynus	101
žvilgsnis	101
žvynais	101
žvynuota	101
žymintis	101
žymiu	101
abchazijos	100
abejoja	100
absoliutizmo	100
abėcėle	100
adaptacija	100
afroamerikiečių	100
aimako	100
aimarų	100
aistros	100
aiškių	100
akademinė	100
akcentas	100
akcininkai	100
akcinę	100
akimirksniu	100
akrobatinio	100
aleksandra	100
aliuminis	100
alkoholinius	100
alpinistų	100
alternatyvus	100
alternatyvų	100
ambient	100
amerikiečio	100
analogiška	100
analogiškos	100
andoros	100
andrejus	100
angas	100
anglas	100
anglimi	100
angoloje	100
animacinį	100
ankstesnieji	100
ankstesniuose	100
ankstesnę	100
ankstyvoje	100
ankstyvos	100
ansambliuose	100
antenų	100
antilopės	100
antilų	100
antrajam	100
anykščiai	100
aparate	100
apdaras	100
apeliacinio	100
apgyvendinimas	100
apkrovos	100
aplenkęs	100
aplinkybė	100
aprašymus	100
apriboja	100
apribojimus	100
apsauginę	100
apsaugojo	100
apsaugota	100
apsiaustas	100
apsigyvenę	100
apskritas	100
apskritos	100
apsprendžia	100
aptinka	100
apvalkalo	100
apykaitai	100
apynių	100
apysakos	100
areale	100
argentiniečių	100
argumentus	100
argumentų	100
aria	100
arkikatedros	100
arklidės	100
armėnija	100
aroninių	100
art	100
artimiausios	100
artimiausiu	100
artojo	100
asmenvardinės	100
ataskaitų	100
ateiti	100
atestuotas	100
atgabeno	100
atgailos	100
atiduotos	100
atimtos	100
atitraukti	100
atkelta	100
atkuriant	100
atleidžia	100
atliktus	100
atminimą	100
atominę	100
atsarginis	100
atsidarė	100
atsikėlę	100
atsikūrė	100
atsiradimu	100
atsirasdavo	100
atsisakęs	100
atsiskyrimą	100
atsispindėjo	100
atsitiktinis	100
atsivertė	100
atskrenda	100
atsparumas	100
atstovybes	100
atsvara	100
atvykėliai	100
auditoriaus	100
auditorija	100
auditorius	100
auginimui	100
aukcione	100
auklėtinis	100
aukoja	100
aukojamos	100
aukoti	100
aukštesnes	100
aukštuosius	100
aukštupį	100
aukštąsias	100
ausimis	100
autobusais	100
automobilyje	100
autostrados	100
aviaciją	100
azerbaidžanas	100
azerbaidžaniečių	100
ašigalio	100
aštrų	100
aštuntas	100
badą	100
bajorus	100
baletą	100
balio	100
balsės	100
baltuosius	100
balčiūnas	100
bandymu	100
banku	100
baranauskas	100
baras	100
barjerą	100
baro	100
barselonos	100
barų	100
basanavičius	100
batoro	100
bažnytinio	100
bendradarbių	100
bendram	100
bendraminčių	100
bendrieji	100
bep	100
berniuko	100
beržynų	100
besimokydamas	100
betarpiškai	100
bevardis	100
biografiją	100
biologinis	100
bios	100
biuletenis	100
bloką	100
bolševikams	100
bombardavimas	100
bombardavo	100
borneo	100
boružė	100
bosnių	100
branda	100
brandūs	100
brendimo	100
buhalteris	100
bukai	100
burtai	100
butas	100
butelį	100
bėgioja	100
būgnininku	100
būsimieji	100
būstas	100
būstinę	100
cbs	100
ceremonijų	100
chanato	100
choleros	100
chorvedžio	100
chromosomas	100
chronologija	100
cigarečių	100
citrinų	100
civilius	100
ct	100
cukriniai	100
dabartinius	100
dalelę	100
dalijama	100
dalims	100
dalybų	100
daniel	100
dantytais	100
daubų	100
daugailių	100
daugiamečių	100
dauginimasis	100
daugėliškio	100
delfinai	100
delfinas	100
derinimas	100
derlingumą	100
deryboms	100
devintas	100
dešimtinės	100
dešimčiai	100
dešinėn	100
dešinįjį	100
diagnozuoti	100
diagramoje	100
didinant	100
diduomenės	100
didvyriu	100
didžiajai	100
didžiąsias	100
dienoje	100
diferenciacija	100
diktatoriaus	100
dirbiniais	100
dirbtiniai	100
dirbtuvė	100
dirvonuose	100
disertacijos	100
disidentų	100
diskriminacijos	100
disney	100
dispersija	100
distiliacijos	100
divizijas	100
divizijoje	100
dna	100
dns	100
doktorantūrą	100
dominavimą	100
dp	100
dramaturgijos	100
draugiškose	100
druskininkuose	100
drąsa	100
dubuma	100
duetu	100
dulkes	100
dulkės	100
duoklės	100
durklus	100
dvejetų	100
dvigubų	100
dygliai	100
dėdavo	100
dėjo	100
dėmėta	100
dėstomos	100
dūmos	100
džiazas	100
džiovinami	100
džiunglėmis	100
efektais	100
eglynai	100
egzaminai	100
eilinis	100
eilinių	100
einančių	100
ejakuliacija	100
ekspedicijai	100
eksperimentą	100
ekspoziciją	100
elastinga	100
elektrines	100
elektrinius	100
elgiamasi	100
elitas	100
epizode	100
epizoduose	100
erekcija	100
erikas	100
ernestas	100
esi	100
estampų	100
estuarijos	100
etiką	100
etilo	100
etnografinė	100
etnografinę	100
etnoso	100
eurazijos	100
eurolygos	100
europiečiais	100
evakuoti	100
fabrikuose	100
faktinis	100
faktūra	100
federacijai	100
federacijoje	100
federacijų	100
feodalinių	100
finaliniame	100
finansinio	100
fizikinės	100
fontanas	100
fosfolipidų	100
fotosintezės	100
frakcijų	100
freskų	100
funkcionuoja	100
futbolininkai	100
gabalas	100
galaktikoje	100
galingesnis	100
galingiausia	100
galiojančiu	100
galutinę	100
galybę	100
gamtininkų	100
gamtinė	100
gandus	100
gandų	100
garsiausi	100
gausų	100
gavimas	100
gb	100
geležinė	100
geležinės	100
geltonu	100
generatoriai	100
generatorių	100
generuoja	100
genovaitė	100
geologų	100
gestų	100
giedodavo	100
giliausias	100
gilią	100
gim	100
gimdą	100
gimstamumas	100
ginklams	100
ginklavimosi	100
ginkluotėje	100
grafinių	100
grafą	100
granata	100
grandinėmis	100
graužikais	100
greičiai	100
greičių	100
gremžtukų	100
gretima	100
griauti	100
grindė	100
grobiu	100
grožiu	100
gruodis	100
grupinių	100
grįžę	100
grūdinių	100
gulbės	100
gydomosios	100
gyvatę	100
gyvenamose	100
gyvensenos	100
gėlynuose	100
gėrimu	100
habilitacijos	100
hamiltonas	100
harį	100
helis	100
henris	100
hermanas	100
himnų	100
hipių	100
hipoteka	100
humanistas	100
iata	100
identitetą	100
ie	100
ignotas	100
ilgių	100
iliustracijos	100
iltis	100
iltys	100
imami	100
imigracija	100
imtynės	100
individualius	100
individualūs	100
industrializacijos	100
industrija	100
informacinė	100
inicijuoja	100
inkvizicijos	100
instrumentinė	100
intaką	100
intelektas	100
internetinių	100
internetinė	100
intervalų	100
inturkės	100
inventorius	100
investicinis	100
investicinės	100
investuotojams	100
inžineriją	100
irc	100
išaiškinti	100
išaugus	100
išbūti	100
išimti	100
iškasė	100
iškeitė	100
iškeldinti	100
iškiliausių	100
iškilmėse	100
iškovojus	100
iškovojęs	100
išlaikant	100
išleidimą	100
išleidę	100
išleidžiami	100
išmargintas	100
išmatomis	100
išmesta	100
išmoksta	100
išnagrinėti	100
išplitusi	100
išplitęs	100
išpuolių	100
išreiškiama	100
išrinktų	100
išsikiša	100
išsiskyrimo	100
išspausdintos	100
ištaisyti	100
ištekėti	100
ištirpsta	100
ištrauka	100
išvardintų	100
išveda	100
išverstos	100
išžygiavo	100
jakutijoje	100
japonijai	100
jautiena	100
jautienos	100
javiečių	100
jiedu	100
jogurtas	100
jones	100
joniškis	100
jsp	100
judėjai	100
judėjo	100
jugoslavija	100
julijaus	100
julijus	100
junginiuose	100
jungtį	100
juodalksnynų	100
juodkalnija	100
juostelių	100
juristas	100
jėgainių	100
jūrai	100
jūrinė	100
jūžintų	100
kaimynines	100
kaimynės	100
kainoms	100
kaklu	100
kalavijus	100
kalnuotos	100
kaltu	100
kalvagūbrio	100
kamerūno	100
kampanijoje	100
kampus	100
kanceliarija	100
kanklės	100
kapitalinis	100
karaliavo	100
karalienei	100
kardais	100
karelija	100
karelų	100
kariauna	100
karibų	100
karoliai	100
karves	100
karvė	100
kasama	100
kastos	100
kasykla	100
katalikybė	100
katerius	100
katilų	100
kaukė	100
kaupiami	100
kavalierius	100
kavą	100
kazanės	100
keleivis	100
keliama	100
kenksmingas	100
kepure	100
keramikė	100
kertasi	100
keteros	100
ketinimus	100
ketverto	100
kiauliena	100
kietumo	100
kilimai	100
kilimą	100
kipras	100
kiras	100
kirgizų	100
klaną	100
klasikinėje	100
klasikos	100
klasėmis	100
klausa	100
klausyti	100
klaviatūra	100
klevo	100
klevų	100
klientai	100
klientus	100
klintis	100
klubais	100
kmu	100
knygnešiais	100
knygynas	100
kodavimo	100
koeficientą	100
kokaino	100
kolumbo	100
komendanto	100
komentaras	100
komentarų	100
komplektai	100
komunalinių	100
komuną	100
koncertinę	100
konfiskavo	100
konflikte	100
konkrečiu	100
konkrečius	100
konsolei	100
konstruoti	100
konsultacijas	100
konsultacinė	100
kontaktas	100
kontorą	100
kontraktas	100
kontrakto	100
konvojų	100
koordinavo	100
kopas	100
kopose	100
kosove	100
kovodamas	100
kpt	100
kratą	100
kraujospūdį	100
kraštovaizdžiai	100
kreipdavosi	100
kreiseriai	100
kretos	100
krikščionimis	100
krikščioniškas	100
krikščionišką	100
kriminalinės	100
kriokliai	100
kristijonas	100
krizei	100
kronikų	100
kroviniams	100
kruonio	100
kruopos	100
kuba	100
kultūromis	100
kunigais	100
kupinas	100
kupiškis	100
kupolu	100
kurortinis	100
kursams	100
kuveito	100
kvepalų	100
kvėpavimą	100
kvėpuoja	100
kūnais	100
kūnelių	100
lagerius	100
laikomų	100
laineriai	100
laipsniui	100
laisvėje	100
laivynų	100
lakūno	100
laukelį	100
laureatų	100
laurynas	100
lavinti	100
ledi	100
ledą	100
legionierių	100
leidime	100
leidėjai	100
leksikos	100
lektorė	100
lelijos	100
lemti	100
lenktynininko	100
leonidas	100
lervas	100
liepojoje	100
lietuvio	100
lietuvybę	100
liežuvį	100
ligoniai	100
ligoniui	100
linksnių	100
literatūrinius	100
lito	100
liuksemburgas	100
liverpulio	100
ličio	100
liūtą	100
lma	100
lobiai	100
lsdsp	100
ltn	100
lubos	100
lubų	100
lvovo	100
lygiagrečių	100
ląstelienos	100
lėliukėmis	100
lėliukės	100
lėta	100
lūpa	100
lūpas	100
lūžių	100
madų	100
magnetiniai	100
maironio	100
maišo	100
maišomas	100
makaronų	100
malaizijoje	100
maliarijos	100
maloniai	100
malonumo	100
mandžiūrai	100
manipuliuoti	100
maorių	100
mariją	100
markos	100
maršas	100
maršrutais	100
maršrutus	100
masiniai	100
masinį	100
masonų	100
mastelio	100
matematinio	100
matematiškai	100
materializmas	100
maumedis	100
maumedžiai	100
mažeikiai	100
mažieji	100
mažiems	100
mažėjimas	100
mechanine	100
medines	100
medingas	100
mediniais	100
mediniu	100
medinėmis	100
melsvių	100
menininkus	100
meninę	100
menkos	100
mergelė	100
merginai	100
metalinį	100
meteorito	100
meteoritų	100
metimo	100
metodinio	100
metropolitas	100
mečislovas	100
milane	100
milžiniški	100
mina	100
minimali	100
minimų	100
minkštos	100
minske	100
mintyse	100
minėjimo	100
minėtą	100
mirdavo	100
mirtingumo	100
mirusius	100
misijose	100
mitologiniai	100
mitologinės	100
miškininkų	100
mišriesiems	100
moderniausių	100
modifikacijų	100
moduliai	100
moksleivius	100
mokymasis	100
mokymui	100
mokyt	100
molekulėje	100
moliuskas	100
momentai	100
montuojamas	100
moralinių	100
moralę	100
motyvacija	100
motyvacijos	100
mutacijų	100
muzikanto	100
mušti	100
mėlyno	100
mėsai	100
mūriniais	100
nacionalizuota	100
nadruvių	100
nagrinėjimas	100
naikinami	100
narelių	100
nariui	100
narsą	100
naršyklės	100
naugardo	100
naujagimių	100
naujausią	100
naujose	100
navos	100
neatitiko	100
neatsisakė	100
nedideliuose	100
negalioja	100
negausiai	100
negyvų	100
nekilnojamųjų	100
nelegalios	100
nelegalią	100
neleista	100
nelygybė	100
nemokamą	100
nenaudoja	100
nepalaikė	100
neribotą	100
nesisekė	100
nesukelia	100
nesutariama	100
nesutinka	100
nesėkmingos	100
netaisyklinga	100
netinkamas	100
netolygiai	100
neturint	100
neturtingų	100
neutralus	100
nevyko	100
nevyriausybinių	100
neįmanomas	100
nešdavo	100
niujorką	100
norus	100
ns	100
nugalėta	100
nugarinė	100
nukastas	100
nukirsta	100
nukreiptą	100
nuleistas	100
nulį	100
numatytų	100
nunešė	100
nuniokota	100
nunyko	100
nuogulų	100
nuolatine	100
nuolatiniu	100
nuopelnai	100
nuopelnas	100
nuosprendis	100
nuotolių	100
nuotraukomis	100
nurodymas	100
nurodymų	100
nurodytų	100
nuslopinti	100
nustojus	100
nutarimų	100
nutartį	100
nutolusios	100
nutrauktos	100
nuvažiavo	100
nuvykęs	100
nušalintas	100
nužudymas	100
nužudęs	100
nvo	100
nėries	100
nėštumų	100
odesos	100
odisėjas	100
oficialioje	100
oksfordo	100
oktavos	100
operatoriai	100
orientaciją	100
orkestruose	100
paauglys	100
padažai	100
padedami	100
padidinto	100
padidėjus	100
pagerbiant	100
pagurklis	100
pajungti	100
pakako	100
pakelta	100
pakelės	100
pakistane	100
pakitimus	100
palaidojimo	100
palankumą	100
paleidžia	100
palengvino	100
paliepimu	100
palūkanos	100
pamilo	100
paminėtos	100
panaikinimą	100
panaudojus	100
panašiose	100
papildomais	100
papildymo	100
paplūdimiais	100
paprastais	100
paprastieji	100
paprastojo	100
paprotį	100
parapijiečiai	100
parapinės	100
parausta	100
parašiutu	100
pardavimą	100
pardavusi	100
pasakojantis	100
pasamdė	100
pasaulėžiūrą	100
pasinaudoję	100
pasirašiusi	100
pasirašytą	100
pasirašęs	100
pasirinktą	100
pasirodant	100
pasiruošimo	100
pasitraukimą	100
pasiuntinių	100
pasivadinusi	100
paskelbimas	100
paskirtos	100
paskutinioji	100
paskutinėse	100
paskyrus	100
pasmerktas	100
pastatams	100
pastatymas	100
pastatęs	100
pastoti	100
pateikiant	100
pateiktą	100
patentas	100
patikėta	100
patraukia	100
patriarcho	100
patricijų	100
patvenktas	100
patvenkus	100
patvirtinančių	100
patyrusių	100
paukštį	100
paveikslėlių	100
paveldimas	100
paveldėtoju	100
pavidalas	100
pavirsta	100
paviršiai	100
pašalinus	100
pašarai	100
pašaro	100
paštą	100
pažadėta	100
pažeidžiamas	100
pažeistas	100
pažeistos	100
pažintinis	100
pažįstamas	100
pelėdgalvių	100
penkeri	100
perdavimui	100
perdavimus	100
pereinantis	100
periodai	100
periodinis	100
periodinius	100
periodui	100
perkelia	100
perkėlimas	100
pernešti	100
persekiojimas	100
persivadino	100
persvarą	100
perteklių	100
pervadinti	100
perversmui	100
perėjus	100
perėmęs	100
peržengė	100
peterburgą	100
petį	100
piene	100
pierre	100
pietine	100
piečiausia	100
piešiniu	100
pigesni	100
pigesnis	100
piliakalniuose	100
piliavietė	100
pilkoji	100
pilviškių	100
pirkimas	100
pirmininkui	100
pirminius	100
pirmuonių	100
pirmykštės	100
pjovimo	100
pjūvį	100
plaukiojo	100
plačius	100
plokštelėmis	100
plokštę	100
plokščiakalniu	100
plukdė	100
pluoštai	100
plėtojosi	100
plėvelė	100
podiplomines	100
poetui	100
pogrindinės	100
pogrupis	100
poilsiautojų	100
poliarinio	100
policijoje	100
polinezijoje	100
politechnikume	100
politechnikumo	100
ponia	100
pono	100
populiarinti	100
populiarėti	100
portiku	100
potencialo	100
power	100
požeminė	100
prabėgo	100
pradas	100
pradininko	100
pragyvenimui	100
praktikuoti	100
praktinė	100
prano	100
praradus	100
prarandama	100
prasidedantis	100
prasidėjusio	100
prasiveržė	100
pratimus	100
pratęstas	100
pravarde	100
praėjusių	100
pražangiai	100
pretorionų	100
prezidentavimo	100
prideda	100
priebalsis	100
prieigą	100
priekis	100
priemaišos	100
prieplaukos	100
priepuoliai	100
priespaudą	100
prievolę	100
priešingu	100
priešistorė	100
priežiūrai	100
priglaudė	100
priklausantį	100
prilygintas	100
prinoksta	100
prisitvirtina	100
prisiėmė	100
pritaria	100
privalumus	100
privatizacija	100
privačiuose	100
prodiuserė	100
profesinėje	100
profesionalios	100
protestus	100
proza	100
psichinės	100
publicistinių	100
publikacijas	100
pumpurų	100
punios	100
pusbrolio	100
pusdykumėse	100
pusmėnulis	100
pusryčiai	100
pyragas	100
racionaliai	100
raketą	100
raktai	100
rami	100
rankeną	100
rastis	100
ratifikavo	100
raudonojo	100
raudonės	100
raudės	100
raumeningas	100
rašmenis	100
rašydamas	100
rašytinis	100
rašytojais	100
reali	100
realinėje	100
realinę	100
regioniniam	100
reicho	100
reikalavimams	100
reikalavimo	100
reitingas	100
rekomendavo	100
rekomenduoja	100
rekordai	100
rekordus	100
religinėms	100
reljefą	100
rengtos	100
renkamų	100
respublikiniam	100
restauratorė	100
revoliucijoje	100
rezidencijos	100
rezonatoriaus	100
riedlenčių	100
rimties	100
rinktas	100
ritmu	100
ritulys	100
ritės	100
robotų	100
rodomos	100
rodyklės	100
rožės	100
rudu	100
rugsėjis	100
rungtyniauti	100
rungčių	100
ruožu	100
ruožuose	100
rusiško	100
rusvo	100
rytais	100
ryškiomis	100
ryškų	100
sakinys	100
sapnai	100
satyros	100
saugų	100
saule	100
saulei	100
savais	100
savanoriams	100
savanoriška	100
savišalpos	100
schemų	100
sedos	100
sekant	100
sekli	100
seklumų	100
seminaruose	100
seniausiai	100
senosiose	100
senoviniai	100
serijose	100
serveriai	100
serverį	100
seserimis	100
sesijų	100
sferų	100
sidabriniu	100
sidnėjuje	100
siekiančių	100
sielų	100
sienelėje	100
sienose	100
silpno	100
silpnumas	100
simbolinę	100
simfoninės	100
sintezei	100
sirija	100
siurbia	100
siūlymus	100
skaitmeninių	100
skaitoma	100
skaitytojai	100
skaičiavimą	100
skalsumas	100
skalvių	100
skalėje	100
skandalą	100
skandinavijoje	100
skaudžiai	100
skeptiškai	100
skersinių	100
skirstinys	100
skirstymą	100
skitai	100
skraidė	100
skruzdėlės	100
skydelis	100
skydus	100
skysto	100
skysčiai	100
skysčiu	100
slaptus	100
slavams	100
slovakija	100
sluoksniui	100
slėpti	100
slėpė	100
smuklės	100
smulkesnius	100
smėlynuose	100
socialinėje	100
sociologiją	100
sodinti	100
solinių	100
sorgai	100
sovietinis	100
spektrinės	100
spiečių	100
spindulį	100
spiritas	100
sporinių	100
sprando	100
sraigtasparnis	100
stabdyti	100
staigaus	100
stambiųjų	100
standartinės	100
standartizacijos	100
statmena	100
statulų	100
stačios	100
stačiu	100
stačių	100
steigiamasis	100
stiebais	100
stilistikos	100
stipresni	100
stipresnės	100
stiprėja	100
stoja	100
storėjantis	100
stovinti	100
strateginės	100
streiką	100
struktūrai	100
studijomis	100
stygą	100
suardyti	100
subrendę	100
subtiliai	100
subtropikuose	100
subtropikų	100
suburta	100
sudedami	100
sudedamųjų	100
suderinama	100
suderinta	100
suformuluotas	100
suformuluoti	100
suirutės	100
sujungiami	100
sukako	100
sukaupė	100
sukilti	100
sukurdamas	100
sukurdami	100
sulaukus	100
sultingas	100
sulėtėja	100
sumanymas	100
sumažintų	100
sunkumus	100
suplotas	100
surinktus	100
surinktą	100
susiaurėja	100
susidūrimas	100
susietos	100
susiformavimą	100
susiformavę	100
susijungimas	100
susijungusios	100
susijungę	100
susijusią	100
susikaupia	100
susikuria	100
susikūrusios	100
susilpninti	100
susipyko	100
susirinkimuose	100
susisiekimą	100
susisiekti	100
susitaikė	100
susitraukimai	100
susprogdintas	100
susprogdinti	100
suteikimas	100
suteiktą	100
suteikus	100
sutvarkytas	100
suėda	100
svarbesnės	100
sveiko	100
sveikųjų	100
sąjungininkas	100
sąjungininku	100
sąnarys	100
sąryšis	100
sąskaitoje	100
sėdėti	100
sūriai	100
tado	100
taikinys	100
taikomoji	100
tamsiosios	100
tankios	100
tapatumo	100
tarpinės	100
tarti	100
tartis	100
taurininkas	100
tautodailininkas	100
tcp	100
techninius	100
technologijoms	100
teigiamos	100
teisine	100
teisti	100
tekantis	100
tekėjimo	100
tematiką	100
tempo	100
tenai	100
teoremos	100
teoretikų	100
teorinis	100
teorinė	100
terasoje	100
terasą	100
terpę	100
tiekėjai	100
tigrai	100
tikslūs	100
tikėta	100
tikėtinas	100
tinamas	100
tinkluose	100
tolesnei	100
tolsta	100
toltekų	100
traktuojamas	100
trakų	100
tranzistoriaus	100
trapūs	100
trauka	100
tremtiniams	100
trečiojoje	100
trianguliacijos	100
trikampių	100
trynio	100
tuometiniam	100
turimus	100
turimą	100
turinčiam	100
turėjusios	100
turįs	100
tušti	100
tvano	100
tvartas	100
tvenkiniais	100
tvirtove	100
tyrime	100
tyrimui	100
tyrinėjimas	100
tyrinėtojo	100
tėviškėje	100
tėviškę	100
tėvyne	100
tęsiamas	100
tūkstantis	100
tūkstantmetį	100
tūkstantmečius	100
universitetinės	100
upėtakiai	100
urugvajuje	100
urvai	100
usa	100
utenoje	100
uždaviniams	100
uždirbti	100
užfiksavo	100
užklysta	100
užmokestį	100
užnugaryje	100
užpultas	100
užpuolimo	100
užrašo	100
užsiėmimai	100
užsiėmimas	100
užstatymo	100
užtaisas	100
užtaisyti	100
užtaisą	100
užteko	100
užuomazgų	100
užvaldyti	100
vadams	100
vadinamame	100
vadovaujamai	100
vadovaujamame	100
vagonus	100
vaidyba	100
vaikystė	100
vaizdu	100
vaizduojamojo	100
valaką	100
valdove	100
valdyta	100
valdžiusių	100
valgiai	100
valstijomis	100
valtimi	100
valymas	100
vandenimis	100
vandeninga	100
vandeningos	100
vandentiekis	100
vargonavimą	100
varpus	100
varputės	100
vaško	100
veikiami	100
veiksnumas	100
veisiami	100
venesueloje	100
verda	100
verdama	100
verdi	100
verpimo	100
vertikalios	100
vertingiausių	100
verčiamasi	100
veržiasi	100
vicepirmininku	100
vidas	100
vidiškių	100
viduriniojo	100
viduriniosios	100
vienuolius	100
viešajame	100
viešpatavo	100
viešuosius	100
vikaravo	100
vikriai	100
vilija	100
vilkyškių	100
violetinio	100
violončelei	100
virtę	100
visatą	100
viskuo	100
visuomenių	100
vitražų	100
vokalus	100
vokės	100
volframo	100
voltų	100
vykdomą	100
vykdomų	100
vykdytą	100
vyriausiąjį	100
vyriausybėms	100
vyskupijų	100
vyskupus	100
vystymas	100
vėjui	100
zarasai	100
zelandija	100
zooinžinierius	100
čartoriskis	100
čekoslovakijoje	100
čiabuvių	100
ėjimais	100
įamžino	100
įdiegtas	100
įdėta	100
įgytas	100
įkapės	100
įkurdino	100
įprastu	100
įrankį	100
įrašinėjo	100
įregistruoti	100
įrengiamas	100
įrenginiams	100
įrodinėjo	100
įsakymai	100
įsikūnijimas	100
įsimylėjęs	100
įsisavinti	100
įsitikinimus	100
įsitvirtina	100
įsiveržus	100
įskaitos	100
įspūdingi	100
įstaigomis	100
įstatymui	100
įteikiamas	100
įvairia	100
įvažiavimo	100
įveda	100
įveikia	100
įvežti	100
įėjimą	100
įšalo	100
įžaidėjo	100
įžvelgė	100
šachmatininkas	100
šakoms	100
šakota	100
šalininkus	100
šalnų	100
šaltų	100
šešupės	100
šešėlis	100
šiauriausias	100
šiaurine	100
šilta	100
šiluminis	100
šimtmetyje	100
šimtmečiais	100
širdyje	100
širvintos	100
šiuolaikinius	100
škotai	100
škotija	100
šlapiose	100
šonines	100
šoniniai	100
šoninėmis	100
šonu	100
šuninių	100
šuolio	100
šušvės	100
šventorius	100
šventuosius	100
švenčionėlių	100
švietimui	100
šviežias	100
šėtos	100
ūkininkus	100
ūkinis	100
ūkinę	100
žaidėjais	100
žaliosios	100
žaltys	100
žanrus	100
žemesniu	100
žemietijų	100
žemynu	100
žemėms	100
ženevoje	100
žengė	100
žiaunų	100
žibintų	100
žiesta	100
žievėje	100
žinduoliais	100
žiniasklaidai	100
žirgynas	100
žirnių	100
žudomi	100
žukauskas	100
žvalgybai	100
žydros	100
žygiuoti	100
žymesni	100
žūb	100
absoliutaus	99
absolventų	99
adventistų	99
agresyvi	99
aires	99
akivaizdus	99
aktyvistai	99
albert	99
aleksandrijos	99
aleksoto	99
alpėse	99
ambasadorė	99
amnestiją	99
amžino	99
analogai	99
anarchija	99
ankstyviausių	99
ankstyvąją	99
antinksčių	99
antkapinis	99
antriniai	99
antuodegis	99
apibendrino	99
apkaltinta	99
aplinkinėmis	99
apvadu	99
apšaudė	99
archeologiniais	99
ardomi	99
areną	99
armėnijoje	99
aromatinių	99
aršiai	99
asmenine	99
asmenines	99
asmeniniu	99
asmenuotės	99
asta	99
asteroidai	99
ataskaitos	99
ateizmas	99
atgaivintas	99
atima	99
atlaidus	99
atleidimo	99
atliktais	99
atlikusi	99
atlyginti	99
atodangos	99
atpažįstamas	99
atramų	99
atsarginių	99
atsiradusių	99
atsirandantis	99
atsisakoma	99
atsitikimų	99
atsiųstas	99
atskiriama	99
atskiriamos	99
atskiroms	99
atsparios	99
atstūmė	99
atvykusių	99
atvykėlių	99
audimas	99
augimu	99
augustino	99
auklėjimas	99
auklėtinių	99
auksiniame	99
aukštosioms	99
austi	99
austrus	99
autobusas	99
automatiniai	99
autotransporto	99
aušinimo	99
avalynė	99
avižos	99
aštriai	99
aštuntame	99
aštuntfinalyje	99
babiloniečių	99
baisogalos	99
baladžių	99
balbieriškio	99
balsius	99
balsui	99
batai	99
batalionų	99
baterijų	99
batus	99
baudą	99
baudžiami	99
baudžiamųjų	99
bazinis	99
beatles	99
bebrų	99
bedarbystė	99
bendraautorė	99
bendražygis	99
bendrovėms	99
bendrovėse	99
bendrąja	99
berlyną	99
bibliotekininkė	99
biologinio	99
biotopuose	99
biržai	99
biržiška	99
blizganti	99
blizgantis	99
blogiau	99
blokadą	99
blokuoja	99
blyškiai	99
boro	99
botaniko	99
brangių	99
bronchų	99
bronislovas	99
bronzinis	99
bukas	99
buku	99
buožės	99
buriavimo	99
burtininkai	99
buržuazijos	99
buteliai	99
butelio	99
butuose	99
būreliui	99
būryje	99
būstą	99
chemijoje	99
chemikalų	99
citoplazmoje	99
daktarės	99
dalinė	99
dalyviu	99
darbdavio	99
darbuotojais	99
darytų	99
datas	99
daugybei	99
daugybos	99
davidas	99
dažniai	99
debesyse	99
debiutu	99
deginant	99
delfinų	99
della	99
denio	99
dermės	99
detroite	99
dešiniau	99
dešiniosios	99
diabetu	99
dialektikos	99
didelei	99
didelėms	99
didumą	99
didžiuliu	99
dienraštį	99
diodo	99
diplomatinis	99
dirvas	99
divizionų	99
dizainerė	99
dizainu	99
docentu	99
doktorantas	99
doktorantūroje	99
dolerį	99
domina	99
dovydas	99
dramblys	99
draudžiami	99
drausmės	99
dumblu	99
dvejuose	99
dvigalvis	99
dėlei	99
dėmes	99
dėžučių	99
džiazą	99
džiungles	99
edvardo	99
efektyvios	99
eglynuose	99
egzistencializmo	99
egzistuojančių	99
eiliniai	99
eilėraštį	99
ekipažas	99
ekosistemą	99
ekranuose	99
eksperimentinių	99
ekspresija	99
elektromagnetinio	99
elektronine	99
elektroninę	99
elementams	99
elnius	99
elta	99
energetinės	99
erdvus	99
erdvėlaikio	99
ergo	99
estetiką	99
esybės	99
etaloną	99
europinio	99
eurą	99
ešerys	99
feminisčių	99
figūrėlių	99
filmais	99
finansiniai	99
finišuoti	99
fiziniams	99
flotilę	99
fonde	99
formali	99
formules	99
formuojama	99
fotografiją	99
fragmentus	99
frakcijai	99
francis	99
francisko	99
frankas	99
funkcijai	99
gabenamas	99
galiomis	99
gaminio	99
gandras	99
garantijas	99
garbintas	99
gardelės	99
garninių	99
gaunamų	99
gazelė	99
geležtę	99
geltonomis	99
gelžbetoninių	99
generacija	99
genetiniai	99
genetinės	99
gentyse	99
geometrinių	99
gerinimo	99
gerovė	99
gestapo	99
getas	99
gete	99
giedrė	99
gilinosi	99
gilius	99
gindamas	99
ginčytina	99
girininkas	99
girią	99
grafinio	99
grafinis	99
grafinę	99
granatas	99
gravitacinio	99
gražią	99
gretimi	99
gretimo	99
gretimuose	99
griaučiai	99
grigalius	99
griovos	99
grįžtant	99
gsm	99
gydytojus	99
gynimas	99
gyvenvietėmis	99
haliucinacijos	99
helsinkyje	99
heraklio	99
hierarchiją	99
hipotetinė	99
ikrus	99
ilgalaikių	99
ilgiai	99
iliustracijas	99
imituoja	99
importas	99
indeksą	99
induistų	99
infekcinė	99
informacines	99
inga	99
iniciatoriai	99
integracija	99
intelektualai	99
inteligentai	99
introdukuota	99
irnr	99
islandija	99
islandijoje	99
ispanijai	99
istoriografijos	99
istorizmo	99
išaugusi	99
išaugęs	99
išdažė	99
išilginės	99
išlaikymo	99
išleidimas	99
išliks	99
išmatos	99
išnaudojimo	99
išnaudojo	99
išnuomotas	99
išplitę	99
išpuoliai	99
išsivežė	99
išskirstytas	99
išskrenda	99
išsprendė	99
išvarytas	99
išvestinė	99
iždininkė	99
jauniesiems	99
jaunikliais	99
jautis	99
joana	99
jolanta	99
joniškyje	99
josvainių	99
judantis	99
jugoslavijoje	99
juk	99
jungiančio	99
jungtimi	99
juventus	99
jūreivystės	99
kaktusų	99
kalbotyra	99
kalendorinių	99
kalėjimų	99
kambarius	99
kanjonų	99
kančią	99
kapinynų	99
kapitula	99
kardus	99
kareivinės	99
kartaus	99
kartografijos	99
karčių	99
karštojo	99
karšuvos	99
kasdieniniame	99
kasetę	99
kasimo	99
kasmetinė	99
katalikas	99
katalikišką	99
katalogus	99
katilinė	99
kaudavosi	99
kavarsko	99
kekes	99
kelly	99
kembridžo	99
kenksmingų	99
kepurę	99
kertami	99
kiekvienų	99
kiemų	99
kilimas	99
kilpą	99
kirčiavimo	99
klajojo	99
klasikiniai	99
klausėsi	99
klevai	99
kliūtys	99
knygai	99
koalicijoje	99
koeficiento	99
kolegijai	99
kolonijinę	99
komunistinių	99
konfigūracija	99
konfliktui	99
konkreti	99
konkrečioje	99
konkurentai	99
konsistencijos	99
kontinentinės	99
kontinento	99
kontrabanda	99
kontroliuojamą	99
kontūrai	99
koordinacinės	99
kopa	99
koplytėlės	99
korespondentė	99
korteles	99
korėją	99
kosmologijos	99
kotryna	99
kotuoti	99
kreiserių	99
krepšį	99
krikščioniško	99
krovinio	99
kubitų	99
kubo	99
kuopas	99
kurfiurstas	99
kuriamą	99
kuru	99
kvantinis	99
kyšo	99
kėdės	99
labdarai	99
laborantu	99
laikinų	99
laikymas	99
laimingai	99
laimingas	99
laimėjusios	99
laisvus	99
laišku	99
lango	99
laoso	99
lapuočiai	99
lapą	99
lauk	99
laureatais	99
lazeris	99
lažo	99
legendinė	99
legionus	99
leidiniams	99
lemiamas	99
lempų	99
lengviausiai	99
lengvą	99
lenteles	99
leopardai	99
letenos	99
libano	99
liberalios	99
liberalių	99
liesti	99
linkusi	99
lipdyta	99
lobio	99
londoną	99
lotyniškos	99
lotynišku	99
lukiškių	99
lydekų	99
lėtinis	99
lęšiai	99
lęšis	99
lęšių	99
lūpomis	99
lūšys	99
lžūa	99
magma	99
maiste	99
maitinimosi	99
maišant	99
maišos	99
makedonijoje	99
makštyje	99
maldą	99
maliarija	99
maniera	99
marijus	99
marketingo	99
maršalkos	99
masyvios	99
matuoja	99
maudytis	99
mažesniais	99
mažuose	99
mažąjį	99
mechaniką	99
medine	99
medžiagai	99
meistriškai	99
meksiką	99
meldėsi	99
melsvos	99
memorandumą	99
mesopotamijos	99
metalinius	99
metisai	99
mickevičius	99
mikroskopą	99
milžinė	99
milžinės	99
mirusi	99
mitu	99
miuziklas	99
mišrių	99
modernizacija	99
moderno	99
modifikuota	99
mokinio	99
mokslinei	99
moksluose	99
mokytojui	99
molekulinė	99
montuojami	99
monumentas	99
muzikines	99
muzikinėje	99
mąsto	99
mėgdavo	99
mėgiamas	99
mėtyti	99
naciams	99
nacionalinei	99
naikintuvus	99
naudingumo	99
naudojančios	99
našlės	99
neakivaizdžiai	99
neapykanta	99
nebeturėjo	99
neegzistavo	99
negailestingai	99
negalią	99
negausi	99
negro	99
negyvenamas	99
negyvos	99
nektaro	99
nelaimė	99
nelaimę	99
nelygybę	99
nemažos	99
nemažų	99
nendrėmis	99
nepaisydamas	99
nepajėgė	99
nepakito	99
nepasitikėjimą	99
nepuolimo	99
nerimas	99
nesėkmė	99
neturėdamas	99
neutrali	99
neįprastų	99
nežymus	99
niokojo	99
normalų	99
norminis	99
norvegai	99
novelę	99
nuodėmių	99
nuotaikų	99
nuoviras	99
nurodytos	99
nusakoma	99
nusiaubta	99
nusikaltėliai	99
nusiteikę	99
nustota	99
nustūmė	99
nušalino	99
obama	99
objektyviai	99
objektyvo	99
ochra	99
olimpinį	99
operacine	99
operai	99
orakulas	99
oratorija	99
orchidėjos	99
originalaus	99
originalūs	99
ožio	99
pabaisko	99
padalinyje	99
padarinys	99
padavimo	99
pademonstruoti	99
padrikasis	99
pagausėjo	99
pagreitinti	99
paieškai	99
painiojamas	99
pakaba	99
pakabinti	99
pakeistų	99
pakeitimais	99
pakenkė	99
pakitimų	99
pakrantėmis	99
palaikymui	99
paliečia	99
palikuonimis	99
palikuonims	99
palydovui	99
palyginimui	99
pamaldose	99
pamiršti	99
pampų	99
panteone	99
paprastiems	99
paprastumo	99
paprastųjų	99
papuošta	99
papūga	99
parazitų	99
parduotos	99
parduotuves	99
pareiškimas	99
parengdavo	99
paris	99
parodoma	99
parodytos	99
partinėje	99
partnerį	99
pasauliai	99
pasauliečiai	99
pasekėjas	99
pasiekdamas	99
pasiekiami	99
pasikėsinimo	99
pasinaudojant	99
pasiruošę	99
pasirūpino	99
pasisavino	99
paskutiniaisiais	99
paskutiniam	99
paskutinėje	99
paslaptinga	99
pasmerkti	99
pasodinti	99
pataisų	99
patalpomis	99
pateisinti	99
patiekalams	99
patvirtinantis	99
pavadina	99
pavadinęs	99
pavidale	99
pavogti	99
pavykę	99
pašalina	99
pašaras	99
pelkę	99
pereinamasis	99
periodais	99
perlaidotas	99
permės	99
persekiojimą	99
persitvarkymo	99
pertekliaus	99
perėjęs	99
petrausko	99
pietvakarinis	99
pigmento	99
pilietines	99
pirmininkų	99
pirmtaku	99
pjaunama	99
plastikų	99
platinamos	99
plebėjų	99
plintant	99
plonais	99
plyšių	99
plėvė	99
plėšikas	99
pogrupiui	99
policininkų	99
polineziečiai	99
populiarų	99
poruojasi	99
posūkyje	99
pradedami	99
pradėtų	99
praeito	99
prakeikė	99
praktikuojamas	99
pralošė	99
pranašystė	99
prancūzais	99
prasidėjusios	99
prasto	99
pratimai	99
prefektūrai	99
prekybininkai	99
prevencija	99
priebalsio	99
priedainis	99
priekrantėse	99
priemiesčiuose	99
priemonėse	99
priešininkui	99
priešiškos	99
prieštaravimai	99
prieštaravimus	99
prilyginti	99
primityvių	99
princą	99
prisidėjęs	99
prisitaiko	99
priverstos	99
prižiūrėtojas	99
profesionalią	99
protonai	99
prototipai	99
protėvio	99
protėvius	99
psichiką	99
psichologijoje	99
publikuota	99
pulkus	99
puodai	99
puoštų	99
purpuriniai	99
radęs	99
ragu	99
raupų	99
rašytas	99
realizacija	99
realizavimo	99
realiųjų	99
redaktoriai	99
redkolegijos	99
referendumu	99
reformaciją	99
regėjimą	99
reikaluose	99
rekonstravo	99
rektoriaus	99
rengianti	99
rengtis	99
revoliucionierius	99
reziduoja	99
rezoliucija	99
rfc	99
ribotai	99
riebaluose	99
rikis	99
rinkas	99
robotas	99
rožė	99
rugpjūtis	99
rungtyniavęs	99
ruošiama	99
ruošiamas	99
rutuliškos	99
ryškiais	99
ryškiausia	99
rūgštimis	99
rūgštus	99
rūsiai	99
sandorius	99
sandėlio	99
sardinijos	99
sauganti	99
savarankišku	99
savimonę	99
savivaldybe	99
segmentas	99
selekcija	99
seliavos	99
senamiestį	99
senelė	99
senesnės	99
septintą	99
sertifikatas	99
sesiją	99
siautė	99
simbolinė	99
simfoniniais	99
siriją	99
siūlas	99
skaitmenimis	99
skaitmeninė	99
skaitydavo	99
skaičiams	99
skatinama	99
skersinė	99
skilimą	99
skirtoje	99
skirtu	99
sklypo	99
skrandį	99
skyriais	99
slaptųjų	99
slapčia	99
slėpėsi	99
smaigalio	99
smaigaliu	99
smėlėtose	99
smūgiams	99
socialdemokratinės	99
socialinei	99
soul	99
sparčiausiai	99
spausdinama	99
specializuojasi	99
specialusis	99
specifinę	99
spektre	99
spektroskopijos	99
sporų	99
sprendimais	99
spygliais	99
spyna	99
stabdžių	99
stabilizuoti	99
stadijų	99
stakliškių	99
stambesnės	99
stambiu	99
standartais	99
statulą	99
statusu	99
statykloje	99
statytų	99
stebėtojui	99
steigimu	99
steigėjo	99
stiprias	99
stiprio	99
stotelių	99
stovint	99
streiko	99
stresą	99
subjektais	99
subjektams	99
sudainavo	99
sudariusi	99
sueitį	99
sugebėjimo	99
sugrįžęs	99
suirimo	99
sukauptą	99
sukaupęs	99
sukeltos	99
suko	99
sulfatas	99
sumontuotos	99
supanti	99
supaprastinta	99
supaprastintas	99
suprojektuoti	99
surenkami	99
susiejo	99
susijaudinimas	99
susilpnėja	99
susirgęs	99
susitarimai	99
susitarimus	99
suskilus	99
suteikęs	99
suvažiavimuose	99
svarbiau	99
sveikų	99
svetimos	99
svetimšalių	99
svyravimas	99
svyravo	99
sąlyginis	99
sąnaudas	99
sąryšį	99
sąžinės	99
sėklą	99
sėmėsi	99
sėslūs	99
sūduvos	99
taikaus	99
taikytas	99
taką	99
tamsesnė	99
tamsiais	99
tarpais	99
tarpiniai	99
tarpinio	99
tarpsnių	99
tautine	99
teigiami	99
teikiami	99
teisingo	99
teisėjui	99
teks	99
telefonai	99
telkėsi	99
tenisas	99
tiekėja	99
tiesas	99
tiesioginiuose	99
tiesioginę	99
tiktų	99
tikybą	99
tikėjime	99
tirpalų	99
toji	99
tolerancija	99
tolesnis	99
tomus	99
totoriais	99
tradicinėje	99
transliavo	99
trenerė	99
trečiųjų	99
triukus	99
triušių	99
trobesius	99
trofėjų	99
trombocitų	99
troškūnų	99
trumpesnė	99
truputi	99
tulos	99
tuneliu	99
turinčiais	99
turtui	99
turėjusią	99
tvarkingai	99
tyrimu	99
tėviškės	99
tęsinį	99
ugniai	99
uniformas	99
uniformą	99
uolas	99
uosis	99
uraganai	99
uždavinio	99
uždegimu	99
uždengtas	99
užkariautojų	99
užkopė	99
užrašytos	99
užsidirbo	99
užtvenkta	99
užuomina	99
vabzdžiaėdžių	99
vadais	99
vadinamais	99
vadovautis	99
vadovavosi	99
vadovėliai	99
vagis	99
vairuoti	99
vaistams	99
vaistažolių	99
vaizduojančių	99
valančius	99
valdančios	99
valdemaras	99
valdininko	99
valdydavo	99
valgį	99
valstybėles	99
vamzdeliai	99
vamzdžiu	99
vanaginių	99
varoma	99
varpinę	99
vartininku	99
varškės	99
varžovo	99
važinėti	99
vedų	99
veikdavo	99
veikiamos	99
veiksmažodžiai	99
veikusio	99
veliau	99
venos	99
vergovės	99
verkių	99
versijai	99
verslininko	99
vertikalaus	99
vertikali	99
vertimu	99
vieneriose	99
vietininku	99
vilkėjo	99
virdžinijos	99
virtos	99
virtuozas	99
virtuvei	99
virškinimą	99
visagalis	99
viskis	99
visumos	99
viva	99
vokiškos	99
vonios	99
vydūno	99
vykstanti	99
vyresnįjį	99
vyskupams	99
vystant	99
vysto	99
vėlesnė	99
vėliavose	99
vėmimas	99
vėžių	99
zakristijos	99
zoninėse	99
ąžuolynų	99
ąžuolą	99
čakros	99
čekai	99
čempioną	99
čečėnų	99
įkuriant	99
įmetė	99
įmonėmis	99
įnešė	99
įpėdinį	99
įrankiu	99
įrengiama	99
įrengtų	99
įsitikinimu	99
įsiveržimas	99
įstaigai	99
įtaisytas	99
įvertinimų	99
įvykiu	99
šachmatininkų	99
šachtos	99
šakelėmis	99
šaltis	99
šampano	99
šarvuotis	99
šaudė	99
šautuvą	99
šeimininką	99
šešiais	99
šešiolika	99
šeštadieniais	99
šiauriausia	99
šilas	99
šilutėje	99
šiluvos	99
šimtais	99
šiuolaikine	99
šlaunų	99
šnekama	99
šnekta	99
šokiais	99
šovinio	99
šovinys	99
šventyklose	99
švenčiant	99
švyturio	99
ūkininkavimo	99
ūkų	99
žarną	99
žeimenos	99
žemdirbystę	99
žiaurumu	99
židiniais	99
žinutę	99
žodžiams	99
žvynai	99
žvėreliai	99
žymė	99
žąsis	99
žūtis	99
žūtį	99
absento	98
adatos	98
administruojama	98
aeg	98
agentūroje	98
agrarinė	98
agresyvus	98
airbus	98
akcentuoja	98
aktoriams	98
aktyvai	98
aktyviau	98
alan	98
alavas	98
albrechtas	98
aleksandrui	98
aleksandrą	98
alexander	98
alfredo	98
algoritmus	98
algos	98
algą	98
aliejai	98
alkoholizmo	98
alpinės	98
altarija	98
alternatyvą	98
alyvuogių	98
alyvų	98
alėjoje	98
ambasadoriaus	98
amerikietiškas	98
amerikiečiams	98
aminorūgštys	98
amžinas	98
analogiją	98
anatolijus	98
andy	98
anglams	98
ankstesnes	98
ankstesnė	98
ankstyvo	98
ano	98
antonijaus	98
antpuolius	98
antraisiais	98
antspaudų	98
anžu	98
apardė	98
apaugusiuose	98
apdegė	98
apdulkina	98
apginkluoti	98
apibendrintos	98
apibrėžiamos	98
apibrėžimai	98
apibrėžtą	98
apjungė	98
apjuosti	98
apkasai	98
apleistos	98
apleistą	98
aplikacijos	98
apmokestinimo	98
apmokyti	98
apmokėjimo	98
aprašanti	98
aprašantis	98
apribotos	98
aprūpinimas	98
apsakymą	98
apsikeitimo	98
apsilankymo	98
apsinuodijimo	98
apsisprendė	98
apsistoti	98
apsuptos	98
aptarė	98
apvaisinimas	98
apvalių	98
apykaklės	98
apylinkėmis	98
apėmusi	98
apšaudyti	98
apšviečia	98
apžvalgas	98
aragono	98
arbaleto	98
archeologo	98
archeologė	98
areštuoti	98
arfa	98
argumentai	98
aristotelis	98
aritmetikos	98
arizonos	98
arkivyskupijai	98
arkų	98
artileriją	98
artimesnis	98
artumo	98
asamblėją	98
asbesto	98
asirai	98
asocijuojasi	98
astronomo	98
atakuojančio	98
ataskaitas	98
ateidavo	98
ateis	98
ateistai	98
atiteka	98
atitinkančių	98
atkuriama	98
atlikto	98
atlikėją	98
atlyginimų	98
atlygį	98
atmesta	98
atogrąža	98
atolų	98
atominį	98
atradęs	98
atsakomybėn	98
atsakymus	98
atsidaro	98
atsilikęs	98
atsinešė	98
atsiribojo	98
atsisakant	98
atsisiųsti	98
atsiskaityti	98
atskiriems	98
atskleidžiama	98
atstovaujamos	98
atstovybę	98
atstumais	98
atvaizdus	98
atversti	98
atverti	98
atėmus	98
audiniams	98
augaliją	98
auginimą	98
auklėti	98
auklėtoja	98
auksinius	98
aukštapelkė	98
aukštapelkėse	98
aukštesnėje	98
aukštieji	98
aukščiausius	98
automatinį	98
autostrada	98
aušra	98
avarijų	98
avinas	98
avižų	98
azotinių	98
ašigalį	98
aštraus	98
aštriu	98
aštrius	98
aštuntą	98
aštuonmete	98
ašvos	98
bacho	98
baigtos	98
bajorais	98
bakterija	98
balkanuose	98
balsavimą	98
baltaisiais	98
baltams	98
bandomis	98
banginis	98
banknotas	98
bare	98
barjeras	98
baudžiauninkai	98
bazinio	98
bazėse	98
belgrado	98
beliko	98
bendraujant	98
bendrinis	98
bendrinėje	98
bengalų	98
besiremiantis	98
besiribojanti	98
bilietus	98
biologiją	98
bismarkas	98
bitininkystės	98
biuletenį	98
blackberry	98
blizgantys	98
blogą	98
bmg	98
boikotavo	98
bolidu	98
bolivija	98
bombonešiai	98
bonos	98
boulingo	98
branduolius	98
briaunomis	98
briedžiai	98
briedžių	98
briuselyje	98
brūkšniuota	98
budapešte	98
bulves	98
burgundai	98
burės	98
butrimonių	98
buvusiuose	98
bėgiai	98
bėgikas	98
būdingais	98
būsimam	98
būsimosios	98
būtiną	98
būtybėmis	98
būtybę	98
carinė	98
cechai	98
celibato	98
centriniai	98
ceremonijose	98
chirurgija	98
chirurgų	98
chlorido	98
chloro	98
choralo	98
choruose	98
ciklu	98
civilizacijoje	98
dabartiniais	98
dabartis	98
daiktavardis	98
dailininkės	98
dainininku	98
dakaro	98
dalinami	98
dalinę	98
dangoraižių	98
dantiraštis	98
darbuotoju	98
darinius	98
daugiklį	98
dauginti	98
dažnesnis	98
ddt	98
deficitas	98
deginimas	98
degti	98
degtinę	98
dekoracijas	98
dekoro	98
delegacijai	98
demokratines	98
demokratinis	98
demonstracija	98
demonstruoja	98
demonstruojami	98
dengiantis	98
dengtų	98
deportuoti	98
derlinga	98
derlingų	98
derva	98
derėjosi	98
deuterio	98
devinto	98
devizu	98
dešimtmečiui	98
diapazono	98
didesniuose	98
didinimas	98
didinimo	98
didžiuliais	98
dienovidinio	98
dinastijas	98
diplomuotas	98
dirbdami	98
direktoriai	98
dirigentu	98
diržai	98
disertacijas	98
divizijai	98
dobilas	98
dobilų	98
dokumentinį	98
dokumentu	98
dominavimas	98
dorovės	98
dozę	98
draudžiamąją	98
draugę	98
dravidų	98
drebėjimą	98
driežai	98
driežais	98
driežų	98
drėgnų	98
dubenį	98
duetą	98
dukterinės	98
dumbliais	98
duotų	98
dvarininkams	98
dvasininkams	98
dvasininkus	98
dvikovą	98
dvimetis	98
dviratininkų	98
dvynius	98
dėmelės	98
dėsniais	98
dėstyta	98
dėvimas	98
džiovintų	98
džordžo	98
egzistencijos	98
eidami	98
eilinį	98
ejakuliacijos	98
ekologinė	98
ekskursijas	98
eksploatacija	98
eksportuojami	98
ekspresionizmo	98
elektrine	98
elektrinei	98
elektroną	98
elžbietos	98
em	98
emilija	98
entuziastai	98
epidemijų	98
erdves	98
erkės	98
eroje	98
ertmes	98
esamas	98
esminiai	98
estiją	98
etinių	98
etnokultūros	98
eurazijoje	98
evaldas	98
evangelija	98
evangelijos	98
ex	98
faktūros	98
fantastinė	98
fantastų	98
fasade	98
ferma	98
fermento	98
filialų	98
finansinį	98
finansuoja	98
finikiečiai	98
firmą	98
fiziologinių	98
flamenko	98
florencijos	98
floridoje	98
folkloras	98
fortų	98
fotografijas	98
freebsd	98
freskomis	98
funk	98
funkcionavimo	98
gabumus	98
galingu	98
galingumą	98
galvoja	98
galvojo	98
galėjusi	98
gaminiams	98
gamintų	98
gamtinius	98
gamtinę	98
gamyklai	98
garavimo	98
garbinimą	98
garniai	98
gausybę	98
gelžbetoninis	98
gemalo	98
genas	98
generalgubernatoriaus	98
generuoti	98
genetinis	98
geodezijos	98
geografinio	98
geresni	98
geresnė	98
geresnę	98
geresnį	98
gerklų	98
gervės	98
getą	98
giliais	98
gilumos	98
gilų	98
giminingomis	98
gimus	98
gimusio	98
ginčijosi	98
ginčą	98
gipsas	98
girininkijas	98
glaudėsi	98
gleivinėje	98
globai	98
gnome	98
gobelenų	98
gradientas	98
grafystę	98
granatos	98
granatsvaidis	98
grandės	98
grandžių	98
grasino	98
gražinti	98
greičiais	98
gretimus	98
griežto	98
grioviuose	98
grojamas	98
grublėta	98
gruntas	98
gryna	98
grynojo	98
grėsmei	98
grįstas	98
grįžusi	98
grūdinės	98
gubernatoriui	98
gulsčias	98
gulėjo	98
gvianos	98
gyslomis	98
gyvate	98
gyvenimus	98
gyventojo	98
gyvūninės	98
gėlavandenis	98
gėrimais	98
gėrybės	98
gėrį	98
hegemonija	98
herbinio	98
hercogai	98
hercogų	98
hetitai	98
hidroelektrinę	98
himnai	98
hitlerinės	98
hitą	98
hogvartso	98
hormono	98
hugenotų	98
id	98
ideologinių	98
ietigalis	98
ignoravo	98
ikonos	98
ikonų	98
ikrai	98
ilgametė	98
ilgesnių	98
iliustracija	98
imbieras	98
imperatoriškosios	98
imtynininkas	98
indonezija	98
induose	98
industrijoje	98
infekcinių	98
informuoja	98
inicijuoti	98
inkai	98
inkorporuota	98
inspektorė	98
instrukcijas	98
intensyvumą	98
intervalai	98
introdukuotas	98
invazijai	98
iq	98
italikų	98
ivanauskas	98
izoliuotos	98
išaiškėjo	98
išbandytas	98
išdavimo	98
išdavyste	98
išdavystę	98
išformuotas	98
išgabenti	98
išgalvotas	98
išgaubtas	98
išgaunami	98
išimties	98
iširus	98
iškeliama	98
iškilusios	98
išlaikius	98
išmargintus	98
išorines	98
išpirko	98
išpirką	98
išplėtoti	98
išsamiau	98
išsidėstymo	98
išsigelbėti	98
išsilaisvinimo	98
išsirinkti	98
išsivadavo	98
išsiųsta	98
išspręstas	98
ištekanti	98
ištisi	98
ištvermės	98
išvadavimo	98
išvaduotas	98
išvalyti	98
išvažiuoti	98
išvestas	98
iššifruoti	98
iššūkis	98
jaunuolio	98
jaunuolį	98
jaunuosius	98
jaustis	98
jautį	98
jonus	98
judantys	98
jungiančių	98
jungtinis	98
jupiteris	98
jūreivis	98
jūromis	98
kabrioletas	98
kabučių	98
kaimynus	98
kainai	98
kaitinant	98
kalbėdamas	98
kalendoriumi	98
kaliniams	98
kalti	98
kaltė	98
kalvė	98
kambro	98
kameras	98
kameroje	98
kampanijose	98
kamuolinis	98
kanalizuota	98
kanapės	98
kanauninku	98
kanauninkų	98
kandidatinę	98
kankinio	98
kantatos	98
kantatų	98
kantri	98
kančias	98
kapavietė	98
karališkos	98
karališkuoju	98
kardų	98
kariškius	98
karolina	98
kartaginiečių	98
kartingų	98
karčema	98
karčiųjų	98
karštai	98
kasmetinės	98
kaspino	98
katalikus	98
katalonų	98
katastrofą	98
kaulinius	98
kavaleriją	98
kavinių	98
kazio	98
kbp	98
keičiamos	98
kelete	98
keliams	98
kelionei	98
kepami	98
kepimo	98
kepta	98
kepures	98
kerai	98
keraminių	98
kertant	98
kerštas	98
ketinimų	98
ketverias	98
ketvirtadalis	98
ketvirtis	98
ketvirtoje	98
kf	98
kiaušialąstė	98
kiaušidės	98
kietasis	98
kisti	98
kitimą	98
kiškis	98
klasifikacijoje	98
klebonijai	98
klevas	98
klinika	98
klipus	98
kn	98
knygelė	98
kodus	98
kofeino	98
koklių	98
kokoną	98
kokybiškai	98
kolegos	98
kolektyvui	98
kolonistus	98
kolūkį	98
kombinaciją	98
komendantūros	98
komercinį	98
komiksai	98
komisijose	98
kompensaciją	98
kompiuterinio	98
kompleksinis	98
komplektą	98
kompromisas	98
komunas	98
komunikacija	98
komunistinę	98
komunistus	98
koncepcijų	98
koncernų	98
kongregacijos	98
kongresuose	98
konkistadoro	98
konkurentus	98
konsekruotas	98
konsolė	98
konsolėms	98
konsulinės	98
konsultantu	98
kontroversiškai	98
kopenhagoje	98
kopiją	98
kopūstai	98
kopūstų	98
koridorius	98
kortomis	98
kosmologija	98
kostiumai	98
kovinius	98
kovinė	98
kovojama	98
kovojančių	98
kremzlė	98
kriketo	98
kriminalinė	98
krioklius	98
krioklį	98
kristalo	98
kristupo	98
krize	98
krokodilų	98
krosnies	98
krosnys	98
krūtis	98
ku	98
kudirka	98
kulinarijos	98
kulkomis	98
kunigaikštytė	98
kurortai	98
kvadratas	98
kvapūs	98
kvėpuoti	98
kylančių	98
kėbulu	98
kūdikiu	98
kūdikystėje	98
laboratorijų	98
laikinąją	98
laikraščiui	98
laikrodį	98
laikytina	98
laipioja	98
laisvalaikį	98
laisve	98
laiškais	98
lankomi	98
lapams	98
latakai	98
laukinius	98
laukui	98
laura	98
laurų	98
lazeriai	98
lašai	98
lašo	98
lažą	98
ldp	98
ledai	98
legatas	98
legendinį	98
legendose	98
leidiniais	98
leidėjo	98
leidžiamo	98
leidžiamąją	98
leidžiančių	98
leksikonas	98
lemta	98
lentelėmis	98
lentomis	98
lentvario	98
leopardas	98
leopoldas	98
lgpl	98
licencijas	98
licencijų	98
licėjaus	98
licėjus	98
lietuviškame	98
ligonines	98
likusiais	98
likvidavimo	98
likviduotas	98
limfocitai	98
linkusios	98
lino	98
lipidų	98
lituanistiką	98
lituanistinės	98
liudijimų	98
liudvinavo	98
lizdas	98
lizingo	98
lkal	98
llks	98
lokius	98
lombardų	98
lotyniškų	98
ložės	98
lrv	98
luisas	98
lukas	98
lydėti	98
lyginami	98
lygmeniu	98
lėkštas	98
lėtesnis	98
lėvens	98
lūžta	98
madą	98
magistratas	98
magistrui	98
magiškų	98
maiklas	98
malonus	98
marcinkonių	98
marmuras	98
martinaitis	98
marškiniai	98
masinę	98
masturbacija	98
matricų	98
matus	98
matymo	98
matęs	98
mačas	98
mažumas	98
mažėjimo	98
mechaninę	98
mecosopranas	98
meditacija	98
membranose	98
mergaitėms	98
metaliniais	98
metrais	98
metrą	98
mezozojaus	98
meškučių	98
michaelis	98
miestelėnai	98
mikrobangų	98
milda	98
milimetrų	98
miltus	98
minas	98
minininkai	98
minią	98
mino	98
mirs	98
mirtina	98
mirtinas	98
misijai	98
misijoje	98
mitologinė	98
mitsubishi	98
mituvos	98
mitybą	98
mišinių	98
miškingi	98
mišrūs	98
modeliams	98
modernizacijos	98
modernūs	98
mokyklinio	98
mokymąsi	98
mokėdavo	98
mokėjimas	98
montuoti	98
moralinė	98
motinystės	98
muilas	98
mumijos	98
municipalinių	98
musoninis	98
musės	98
muzikantus	98
muzikine	98
muzikologijos	98
mėginama	98
mėginta	98
mėgstami	98
mėgstamiausia	98
mėlynų	98
mėšlo	98
mūšiu	98
nacionaliniuose	98
nacionalistai	98
nacionalizuotas	98
nagrinėjamas	98
nagrinėjantis	98
naktinis	98
naktinių	98
namelis	98
narbutas	98
narkotikai	98
narystę	98
narėse	98
natūralius	98
natūralų	98
naudodama	98
naujaisiais	98
naujajai	98
naujajam	98
naujausi	98
neaiškus	98
neapykantos	98
neatsiejamai	98
nebaigtas	98
negauna	98
negrįžo	98
negyveno	98
neigiamus	98
nektaru	98
nelaimingų	98
nelygus	98
nemiga	98
nenorėdamas	98
nepakankamumas	98
nepalankios	98
nepale	98
nepaprastą	98
nepasiekia	98
nepatenka	98
nepriklausomoje	98
neptūno	98
nereikalinga	98
nerimo	98
nervinės	98
neryškiai	98
nestabili	98
nestabilus	98
nesugebėjimas	98
nesukūrė	98
nesuprato	98
nesusiję	98
neteisinga	98
netenkino	98
netiko	98
netinkama	98
netinkami	98
netinkamos	98
neturinčios	98
neturinčių	98
nevalstybinė	98
nevisiškai	98
nešmenų	98
nfka	98
niekieno	98
nigerijoje	98
nindzių	98
nominacijoje	98
nominacijos	98
norintis	98
norminiai	98
normoms	98
norų	98
nufilmavo	98
nugalėjus	98
nugalėjusi	98
nuleisti	98
numeriais	98
numeryje	98
numušė	98
nuneša	98
nuniokotas	98
nuoma	98
nuomojo	98
nuorodos	98
nuosakos	98
nuostatą	98
nuotoliniu	98
nupiešti	98
nupirkta	98
nurodytą	98
nusavino	98
nusikalstamumą	98
nusileidus	98
nusileidęs	98
nusinešė	98
nusprendus	98
nutinka	98
nutraukia	98
nutraukimas	98
nuversta	98
nuėmimo	98
oazėje	98
obuolius	98
obuolį	98
oksidai	98
okupacinei	98
okupantai	98
okupavusi	98
olandas	98
olandija	98
operacijai	98
oratorius	98
orbitinis	98
orbitų	98
orda	98
organams	98
organines	98
organinė	98
originalas	98
ovuliacijos	98
paaiškinama	98
paaugliai	98
pabaisą	98
pabūklus	98
padaroma	98
padarę	98
pagaminimo	98
pagautas	98
pagonis	98
pagyvenusių	98
paieškoms	98
paieškų	98
pajusti	98
pajėgumų	98
paklotėje	98
pakluso	98
paklūsta	98
pakraščių	98
palanga	98
paleozojaus	98
palikdami	98
palyda	98
pamatę	98
paminklosaugos	98
paminėtų	98
pamirštas	98
panašia	98
papilės	98
paplūdimyje	98
paprasčiausių	98
papuošė	98
parametro	98
parapinę	98
parašas	98
pardavėjas	98
pareigomis	98
pareigoms	98
pareigūno	98
parengia	98
parengtos	98
parenkami	98
parkus	98
parodija	98
pasakose	98
pasalą	98
pasaulietinė	98
pasaulietinę	98
pasaulinius	98
pasiduoda	98
pasilieka	98
pasipriešinimu	98
pasirenkama	98
pasirinkto	98
pasiruošusi	98
pasitaikantis	98
pasitenkinimą	98
pasitraukę	98
pasiūla	98
pasiūlius	98
pasižymintys	98
pasižymėję	98
paskatintas	98
paskirstymą	98
paskirstyti	98
paskutinieji	98
paslaptingas	98
paslaptyje	98
paslaugoms	98
paslėptas	98
paspartėjo	98
pastarajam	98
pastatytoje	98
pastebimos	98
pastojo	98
pastovų	98
pataisas	98
patalpinti	98
patekimas	98
patekusių	98
patentą	98
patikima	98
patranką	98
patvirtintų	98
paukštininkystės	98
pavaizdavo	98
paveiksle	98
paveldėtojas	98
pavietus	98
paviršiui	98
pavojingą	98
pavyks	98
pašalinimo	98
pažangą	98
pažymima	98
peizažas	98
pekine	98
pelenais	98
penktadalis	98
penktajame	98
perdaryti	98
pereinama	98
pergyveno	98
periodiniai	98
perkant	98
permainos	98
pernaravos	98
perrašyti	98
persipina	98
personažus	98
perspektyva	98
perėją	98
perėmus	98
pes	98
pečius	98
pianino	98
piemuo	98
pietrytinės	98
pieva	98
piktų	98
piktžolių	98
pilko	98
pilnametystės	98
pilni	98
piniginė	98
piotras	98
pirkimų	98
pirkėjai	98
pirkėjas	98
pirmaujančių	98
pirmiesiems	98
pirmykščių	98
pirštu	98
pistoletus	98
pk	98
plantacijose	98
plantacijų	98
plastika	98
plastmasės	98
platintojų	98
platono	98
plečia	98
plečiant	98
plokštelėje	98
plono	98
plėšikai	98
plėšrios	98
pojūčiai	98
policininkas	98
polimerų	98
politiniam	98
pompėjus	98
popmuzikos	98
populiaria	98
populiariojoje	98
porelės	98
porūšio	98
posmas	98
posėdžius	98
posūkį	98
povandeninius	98
pošeimius	98
požemiuose	98
požemių	98
požymiu	98
pradine	98
pradines	98
pradžiai	98
praktikas	98
praktikuojama	98
pralaimi	98
pralaimėjęs	98
pranciškonas	98
pranešime	98
praradimą	98
praradusi	98
praradęs	98
prasidedančioms	98
pratimų	98
prekybinio	98
prekybinė	98
prekybinės	98
prekymečių	98
premijai	98
preparatais	98
prestižą	98
pretenduoti	98
pridėtinės	98
prieangio	98
prieangiu	98
priedo	98
prieigose	98
prieiti	98
priekin	98
priemolio	98
prienai	98
priestatais	98
prietaisuose	98
priešgaisrinės	98
priešingų	98
prigimtinės	98
priimtina	98
priklausiusį	98
princu	98
prireikia	98
prisiekti	98
prisipažįsta	98
pristatytos	98
pritaikoma	98
pritarimu	98
pritarimą	98
privalumų	98
privatizuota	98
priverstinai	98
prizo	98
prizus	98
prizų	98
priėmęs	98
profesinis	98
profesionalas	98
prognozuoti	98
prognozės	98
programuotojai	98
progreso	98
proletariato	98
prospekto	98
prostatos	98
prostitucija	98
protakų	98
protektoratas	98
prūsijai	98
pseudonimas	98
psichologinio	98
psichologinį	98
publika	98
publiką	98
puikaus	98
puldinėti	98
pulku	98
punktu	98
punktą	98
puolimus	98
puolimų	98
puoselėja	98
puošnūs	98
puošybos	98
pusantrų	98
pusdykumių	98
puskrūmiai	98
puslankio	98
pusrutulių	98
pykinimas	98
pyktį	98
pėdą	98
radarų	98
radinys	98
radiofone	98
raginių	98
raitelius	98
raiščiai	98
raketinių	98
ramanauskas	98
rankraščius	98
raseiniuose	98
ratui	98
raukšlėta	98
raumenims	98
rašant	98
raštininku	98
raštinės	98
reaguojant	98
reakcijoms	98
realybėje	98
realūs	98
recenzijas	98
redakciją	98
redaktore	98
reformomis	98
reformoms	98
regentas	98
reguliavo	98
regėjimas	98
reigano	98
reisai	98
reitingai	98
reiškiamas	98
reklamai	98
reklamą	98
rekomendacijos	98
rekomenduojamas	98
religijomis	98
religinei	98
religiniuose	98
religinėmis	98
reljefai	98
reljefų	98
remiamos	98
remiksas	98
reperis	98
repertuaras	98
repertuaro	98
represijas	98
reputacijos	98
restorano	98
retorika	98
revoliucijų	98
rezonanso	98
režisuota	98
riaušių	98
rikos	98
rikį	98
rimti	98
rimtos	98
ritualą	98
ritė	98
rom	98
romanuose	98
rpm	98
rudųjų	98
rugiai	98
runų	98
ruošiamasi	98
rusiškų	98
rutulys	98
rutulį	98
rūsys	98
sagčių	98
saikus	98
sakalas	98
sakiniai	98
sakmės	98
sakralinės	98
sakų	98
salai	98
saldutiškio	98
salių	98
sankirta	98
santuokoje	98
santvarkai	98
sargybiniai	98
sarmatų	98
saugi	98
saugus	98
saulėgrąžos	98
sausis	98
sausą	98
savaeigės	98
savana	98
savimonės	98
savitų	98
savižudybė	98
savojo	98
savotišku	98
savybe	98
savąjį	98
sceniniu	98
scenovaizdžių	98
segmentai	98
seimelis	98
sekančius	98
sekretore	98
seksualinio	98
seksą	98
sekų	98
senai	98
seneliai	98
senjorų	98
senstant	98
sentavų	98
senvagių	98
septintoji	98
sertifikatą	98
serveriuose	98
sfinksų	98
sidnėjaus	98
siekimas	98
siekęs	98
sijų	98
silpnesnė	98
silpnėja	98
siluetas	98
simboliką	98
simfoninių	98
sionistų	98
skaidri	98
skaisčiai	98
skaitiklis	98
skaitmeniniu	98
skaitmuo	98
skaitomos	98
skaitytojus	98
skaičiavimams	98
skandalų	98
skardingi	98
skatinanti	98
skatinimas	98
skelbiamos	98
skelbimą	98
skelbėsi	98
skeleto	98
skelčių	98
skersinis	98
skiautėti	98
skiemenyje	98
skiemenys	98
skirsnemunės	98
sklido	98
skola	98
skolą	98
skrendant	98
skrynią	98
skulptorė	98
skulptūroje	98
skurde	98
skurdą	98
skurdžiausių	98
skvarba	98
slavais	98
smaigalys	98
smetonos	98
smuiką	98
smulkesnes	98
sniegą	98
socialiniams	98
sodininkystė	98
sodos	98
solidarumo	98
spalvingos	98
spalvinių	98
spalvoto	98
spaudinius	98
spausdinamas	98
spaustuvių	98
specialiuosius	98
specialiąją	98
spermatozoidų	98
spiečiaus	98
spinduliuotė	98
spiralinės	98
sprogimų	98
spygliuočiai	98
spyruoklė	98
sraigtasparniai	98
stadijas	98
stadionuose	98
stakles	98
stambias	98
startas	98
statybininko	98
statydavo	98
statėsi	98
stebėjimais	98
stiliais	98
stilizuotas	98
stiprintuvo	98
stojimo	98
storą	98
stovėjęs	98
strateginę	98
struktūriniai	98
studijuojama	98
stulpelio	98
subkontinento	98
subtropinėse	98
sudarinėjo	98
sudarinėti	98
suderinamumo	98
sudomino	98
sudėtingesnius	98
suformuotą	98
sugalvotas	98
sugebėdavo	98
sugebėjimais	98
sugrįš	98
sugrįžimą	98
sukant	98
sukeldamas	98
sukeliantis	98
sukilėliais	98
sukuriami	98
sulig	98
sultonų	98
sultyse	98
sumaišyti	98
sumaniai	98
sumanus	98
sunaudoja	98
sunkumo	98
suomiai	98
suomiją	98
suorganizuotas	98
supažindina	98
super	98
suplanuotas	98
suprantami	98
suprasta	98
suserga	98
susibūrę	98
susidarius	98
susidariusių	98
susidurti	98
susidūrus	98
susiformavus	98
susijaudinimą	98
susijungimą	98
susijungusių	98
susikūręs	98
susirado	98
susisiekimui	98
susiskaldymo	98
susivienijimų	98
suskaidytas	98
suskaidyti	98
sustojimo	98
sutartimis	98
sutartinės	98
sutarčiai	98
suteikdamas	98
suteikianti	98
sutriuškinta	98
sutvarkymo	98
sutvirtintas	98
suvienijimas	98
suėmimą	98
sužalojimų	98
svajonių	98
svajonės	98
svaras	98
svarsto	98
svebų	98
sveikos	98
svečias	98
svogūnai	98
svogūnų	98
svyruoti	98
sąjūdį	98
sąlygą	98
sąskaitas	98
sąsmauką	98
sąžalynais	98
sėdimų	98
sėklidžių	98
sėklose	98
sėkme	98
sėkmingiausia	98
sūrį	98
taigos	98
taisyti	98
talpinti	98
tamsiu	98
tapatina	98
tapusių	98
tarnautojo	98
tarnybas	98
tarnybinės	98
tarpekliais	98
tarptautine	98
tarptautiniais	98
tarptautiniams	98
tarptautinėms	98
taujėnų	98
tautybė	98
teatrus	98
technikumas	98
technines	98
technologinės	98
teigiančių	98
teisenos	98
teistas	98
tektoninės	98
televizijų	98
termiškai	98
testo	98
tfsr	98
tibetiečiai	98
tikrina	98
tikrąja	98
timoro	98
tinkamu	98
tinkamus	98
tipinis	98
tipinė	98
tipu	98
tiriamos	98
tiriamųjų	98
tirpiklis	98
titanas	98
titanų	98
titnaginius	98
tiurkai	98
tobulinimą	98
tobulėjo	98
tok	98
tolerancijos	98
toleranciją	98
tolesnio	98
tolesnės	98
tolimesnį	98
tolimojo	98
tolimos	98
toms	98
totorius	98
traktas	98
trakuose	98
transporte	98
trapus	98
traukinį	98
treti	98
trikampiu	98
trikampės	98
trikotažas	98
trileris	98
trokšta	98
troškimas	98
trukusį	98
trupę	98
tt	98
tundroje	98
turinčia	98
turistinė	98
turizmą	98
turtais	98
turtingiausia	98
turtingųjų	98
tvarkymą	98
tvirtinimo	98
tvyro	98
tylos	98
tyrinėjant	98
tęsiama	98
tęstis	98
tūkstančiui	98
ukrainą	98
unikalūs	98
uoliai	98
uostamiesčio	98
urnose	98
užbaigia	98
uždraudimo	98
užduotims	98
užgrobtas	98
užkariavę	98
užmuša	98
užpakaliniai	98
užpildė	98
užrašais	98
užrašomos	98
užrašuose	98
užrašymo	98
užsakymus	98
užsikrėsti	98
užsirašė	98
užsiėmimų	98
užtemimas	98
užterštumo	98
užuomazga	98
užutėkių	98
vadinamąsias	98
vadovybe	98
vaduoti	98
vaidindavo	98
vaiduoklis	98
vaikiną	98
vainikuotas	98
vaitas	98
vakariečių	98
valgomų	98
valgymo	98
valgė	98
vampyras	98
vandeniliu	98
vargo	98
vargšams	98
varikliui	98
varinių	98
varšuvą	98
varžovus	98
vasaris	98
vaškas	98
važiavimo	98
važiuoklė	98
vedantis	98
veidus	98
veikiančią	98
veikimui	98
veiks	98
veikų	98
veisimo	98
veiviržėnų	98
vejomis	98
venesuela	98
vertikalių	98
vertimus	98
vertinimais	98
vertinimu	98
vertėjų	98
verčiant	98
vežimas	98
vežimus	98
vicekaralystės	98
viela	98
vieningas	98
vienkiemyje	98
vienose	98
vientiso	98
vienuolio	98
vienuoliu	98
vienuolės	98
vietininkai	98
vietininko	98
vietove	98
viešbučiuose	98
vieši	98
viešieji	98
viešpatavimas	98
vijos	98
vileišis	98
vilną	98
vincento	98
vingiuotas	98
vingiuoti	98
violončelininkas	98
virgilijus	98
virginijus	98
virtinė	98
visiškos	98
visuomenines	98
visžalių	98
vlado	98
vokalą	98
vokiškų	98
volkswagen	98
vykdantis	98
vykdytų	98
vykstančios	98
vynui	98
vyraujantis	98
vyraujančios	98
vyrauti	98
vyriausiajam	98
vyriausieji	98
vyriausiosios	98
vyriausybėse	98
vyriškų	98
vėdinimo	98
vėlesnis	98
vėliavininkas	98
vėsios	98
ydos	98
yla	98
zigmanto	98
zoologas	98
ąžuolais	98
čempionatui	98
česnako	98
įdedama	98
įdėtas	98
įgytų	98
įkuriamas	98
įmušti	98
įmušęs	98
įprastus	98
įrašant	98
įrodymo	98
įsigyta	98
įsirengė	98
įsitikinimai	98
įsitikinti	98
įsitvirtinę	98
įsivaizduojamas	98
įspūdingą	98
įspūdžius	98
įstatymiškai	98
įsteigto	98
įstoja	98
įstojus	98
įtakinga	98
įtakingas	98
įtakingų	98
įtakotas	98
įteikia	98
įtraukiama	98
įtraukiamos	98
įvairiausios	98
įvardija	98
įvarčio	98
įvedimą	98
įveikę	98
įvykusių	98
įšyla	98
įžadus	98
įžymybė	98
šakelė	98
šakniastiebiu	98
šakoje	98
šalininkais	98
šalmų	98
šalti	98
šaltomis	98
šalutinis	98
šapalai	98
šarvas	98
šarvuotas	98
šaukiami	98
šaškių	98
šeštadienio	98
šeštame	98
šešuolių	98
šešėlių	98
šiaurinius	98
šiltai	98
šiltomis	98
šimkaičių	98
šimkus	98
šitą	98
šiuolaikines	98
šiuolaikiniame	98
šiurkštūs	98
šlaplės	98
šlovė	98
šovinį	98
šrifto	98
šulinys	98
šuolį	98
švedams	98
švedus	98
šveicaras	98
šveicariją	98
švelnūs	98
šventosios	98
šventų	98
šviesesnės	98
šviesis	98
šviesti	98
šviežios	98
ūglių	98
ūkininkams	98
ūsuotis	98
žada	98
žaidynėms	98
žaisdami	98
žaismo	98
žaliavas	98
žaliomis	98
žalsvas	98
žalvarinis	98
žalvarinės	98
žalčiai	98
žaslių	98
žeimelio	98
žemaitkiemio	98
žemesnėje	98
žemupį	98
žemvaldžiai	98
žemynai	98
žiaurus	98
židiniai	98
žiedadulkių	98
žiedinės	98
žingsnio	98
žingsnius	98
žinojimas	98
žinomiausia	98
žiurkių	98
žmonų	98
žudiko	98
žudiką	98
žurnalistams	98
žuvusio	98
žvalgas	98
žvelgiant	98
žvėrelių	98
žygaičių	98
žygdarbis	98
žymios	98
abstrakčios	97
absurdo	97
adata	97
adrianas	97
agnė	97
agregatai	97
aibių	97
aikido	97
aikštėse	97
aiškinimą	97
akcentavo	97
akcijomis	97
akimirkos	97
akmeniniais	97
akmenyje	97
akronimas	97
aktorystės	97
aktuali	97
aktyviu	97
akvariume	97
akvariumo	97
algebra	97
alpinistas	97
alyva	97
alyvmedžio	97
amazonijos	97
ambicijų	97
ambulatorijos	97
amsterdamo	97
angliavandeniai	97
angliavandenilių	97
angliškų	97
ankstesniojo	97
ankstyva	97
ankstyvas	97
ankstyvojoje	97
anomalijos	97
antgamtinių	97
anykščiuose	97
aparatui	97
apdangalas	97
apgadino	97
apgauti	97
apjungia	97
apledėjimo	97
aplinkkelis	97
apmokėti	97
apmūrytas	97
apogėjų	97
apribojimas	97
apsiaustą	97
apsigyvenęs	97
apsiriboja	97
apsiribojo	97
apskaičiuojama	97
apskrieja	97
apsunkino	97
aptarnavimas	97
arbitražas	97
areštas	97
argumento	97
ariama	97
arkliu	97
artimiausią	97
artimieji	97
asamblėjoje	97
asmenybes	97
ataskaita	97
atitekti	97
atitinkamu	97
atkrintamosiose	97
atmušti	97
atolai	97
atradėjas	97
atrodys	97
atsiskleidė	97
atsitikimo	97
atsitiktinio	97
atsišaukimą	97
atsparos	97
atstatymas	97
atstatymą	97
atstovavęs	97
atvejį	97
atvirukų	97
atėjimas	97
au	97
audeklas	97
auditorių	97
audras	97
augančio	97
aukojami	97
aukštuose	97
ausį	97
avarijoje	97
aviacinės	97
aviganis	97
azotą	97
ašių	97
ašmenys	97
aštuoniolika	97
aštuoniolikos	97
ašyje	97
bahamų	97
baletų	97
balionas	97
balo	97
balstogės	97
balsvai	97
bambukų	97
bangladešo	97
banguota	97
bankuose	97
baravykas	97
barono	97
bavarija	97
bažnytkaimis	97
begalinis	97
belaisvius	97
bendradarbiai	97
bendrąsias	97
bengalijos	97
berniukams	97
besitęsiantis	97
betonas	97
bevardžiu	97
bibliografiją	97
biliardas	97
bilietai	97
biologiniai	97
birmingamo	97
bisau	97
blogi	97
bms	97
bolonijos	97
borto	97
braziliją	97
bronzinių	97
bronzinės	97
brėžinius	97
bule	97
buožele	97
butkus	97
buveinę	97
būgnas	97
būgnininko	97
būklėje	97
būstine	97
būstinėje	97
būstų	97
ce	97
cechų	97
centriniuose	97
chaosą	97
charakterių	97
citrusiniai	97
ciuricho	97
civilinėje	97
cukrinių	97
dabartinei	97
daiktavardžio	97
dailininkus	97
dainuojamosios	97
dalelėms	97
dalijami	97
dalijantis	97
dalyvaujantys	97
dalyvavusi	97
dalyvės	97
danguolė	97
daraktorius	97
darbavosi	97
darbuotojui	97
darydamas	97
daryta	97
daugiabučiai	97
dažniausias	97
deformacijos	97
degant	97
degučių	97
deklaravo	97
demonstruoti	97
detektorius	97
dešimtajame	97
dešimtmetė	97
dešimtuke	97
dešimtį	97
dešiniuoju	97
dialektika	97
didesniam	97
didžiuma	97
dievybę	97
dilbio	97
dimensijų	97
dinamiką	97
dioksidu	97
dioksidą	97
diplomatai	97
diplomatinio	97
diplomu	97
diplomus	97
dirbtuvėje	97
dirbusi	97
dirigentui	97
diržas	97
discipliną	97
disco	97
disertacija	97
disidentas	97
diskriminaciją	97
diskuose	97
dislokuoti	97
distiliuojant	97
dominuojančia	97
dominuojančios	97
dovanota	97
drabužiams	97
draugijas	97
draugiški	97
draustiniui	97
druskingų	97
drėgną	97
durklų	97
durpynai	97
durpynų	97
dvasiniai	97
dvasininkijos	97
dvejopai	97
dviaukštė	97
dviratininkai	97
dviratis	97
dvisparnių	97
dvylikapirštės	97
dyglių	97
dz	97
dėžutes	97
džiaugėsi	97
efektyvūs	97
eilute	97
eilėraščio	97
eilėraščiuose	97
einantys	97
einantį	97
einančio	97
eis	97
eksperimentais	97
ekspozicijų	97
elektriniu	97
elektrinėse	97
elektromechanikos	97
elektroninį	97
elementariosios	97
elenos	97
emilis	97
emisiją	97
emyras	97
emyrato	97
erekcijos	97
ereliu	97
erelių	97
esa	97
esančiai	97
eskortiniai	97
estuarija	97
etiopija	97
etniniu	97
etnologas	97
europai	97
failai	97
fakultetui	97
fat	97
faustas	97
feodalai	97
ferdinando	97
fiksuotą	97
filadelfijoje	97
filosofines	97
filosofinio	97
filosofinę	97
finansus	97
fiodoras	97
fn	97
formatais	97
fortus	97
fosforas	97
fotografu	97
frontuose	97
gabenamos	97
gaidžio	97
gaisrinė	97
galindų	97
galingo	97
galinio	97
galiukas	97
galop	97
galutiniam	97
gaminimas	97
gamintojus	97
gamos	97
garantijos	97
gardine	97
garsams	97
garsiąją	97
gausiausiai	97
gavėjas	97
gegutės	97
geležinkeliais	97
geležinkelius	97
geležtes	97
gelsvais	97
gelsvo	97
gentimi	97
genus	97
geometrinė	97
gerbti	97
gimine	97
gimstamumo	97
gimusių	97
ginčijamasi	97
girdi	97
girnų	97
globėjai	97
gluosnių	97
grafu	97
grafystes	97
gražaus	97
gražiausia	97
gražuolė	97
greitesnė	97
grindis	97
gripas	97
gruzinai	97
grįžimas	97
grūdelių	97
gustavo	97
gynybine	97
gyvavusios	97
gyvavusią	97
gyvenamajame	97
gyvuliais	97
gyvulio	97
harmonikos	97
hieroglifus	97
holdingo	97
holokausto	97
hominidų	97
homoseksualių	97
hop	97
horizontas	97
hp	97
iečių	97
ieškojimas	97
igoris	97
ilgalaikį	97
ilgiausią	97
ilgiui	97
ilgumas	97
imant	97
impulsai	97
imtuvo	97
indekso	97
individui	97
inercijos	97
informacinį	97
iniciatyvas	97
iniciatyvinė	97
instrukcijos	97
instruktoriumi	97
instrumentinis	97
inteligentija	97
interferencijos	97
interjerą	97
interjerų	97
interpretavo	97
intervalą	97
inventorių	97
inžinerijoje	97
inžinerinis	97
ironiškai	97
išardyti	97
išbandymas	97
išformuota	97
išgaruoja	97
išgauna	97
išgaunamos	97
iškeisti	97
iškeliauja	97
iškilmės	97
iškėlęs	97
išlaikymą	97
išlenda	97
išmatuotas	97
išnykusių	97
išradimus	97
išradimą	97
išradėjo	97
išryškinti	97
išsigando	97
išsilavinimu	97
išsilavinęs	97
išsipildė	97
išsiskirstė	97
išsivaduoti	97
išsiveržia	97
išskirtinį	97
išskyrimas	97
ištarti	97
ištisos	97
ištobulino	97
ištraukų	97
išvengiama	97
išėjimą	97
jablonskio	97
jachta	97
jaunam	97
jaunesnįjį	97
jaunimu	97
jaunuolius	97
jaunąjį	97
jautrumą	97
jeruzalę	97
jidiš	97
jkl	97
judančios	97
judesys	97
judrus	97
judrūs	97
jungiančios	97
jungties	97
juosvas	97
jurbarke	97
juridiškai	97
kailiai	97
kaimiškosios	97
kaire	97
kairė	97
kalbinės	97
kalbėtis	97
kaldinta	97
kalnuotoje	97
kalvagūbryje	97
kalvarija	97
kalvelės	97
kamčiatkos	97
kandidatuoti	97
kankorėžiai	97
kanojų	97
kapavietės	97
kapelmeisteris	97
kapelos	97
kapsulę	97
kareivinėse	97
kariaunos	97
karosų	97
karpiai	97
karstiniai	97
kartenos	97
kartografas	97
kartoja	97
kastro	97
katalikais	97
katalikiškas	97
katilinės	97
kaukių	97
kašteliono	97
kažko	97
kedrų	97
keista	97
keistą	97
keitimosi	97
keltuvas	97
ketvirtadalį	97
kiaurai	97
kietu	97
kinematografininkų	97
kintamasis	97
kintų	97
kirtį	97
kitokiomis	97
kišosi	97
klasifikuojamos	97
klasikinius	97
klausytojas	97
klausą	97
klounas	97
kodeksai	97
kodeksu	97
kokybei	97
koledžų	97
kolegų	97
kolonijai	97
kompanijomis	97
komunistais	97
koncertmeisteriu	97
konfederacijai	97
konfesijų	97
konfliktavo	97
konkrečias	97
konstitucinių	97
konstruktoriai	97
konsulai	97
konsulinių	97
konsulinė	97
kontrole	97
konvojus	97
kopijuoti	97
kopros	97
korpusu	97
kostiumo	97
kostiumą	97
kovojęs	97
kreminės	97
krepšininku	97
kriminalinių	97
kriterijais	97
krokodilas	97
krona	97
kronikininkas	97
kronų	97
krosnių	97
kroso	97
kryme	97
krūtine	97
kultūriniam	97
kunigaikštytės	97
kupranugarių	97
kurdai	97
kurdami	97
kvantinių	97
kvartalus	97
kvartalą	97
kvepalai	97
kviečius	97
kyšuliu	97
kūrimosi	97
kūrimąsi	97
kūriniui	97
lagūną	97
laidotuvės	97
laidotuvėse	97
laikraščiams	97
laimutė	97
laimėdavo	97
laimėtoju	97
laisvamanių	97
laivynu	97
laja	97
langelių	97
lapkritis	97
laužą	97
leidus	97
leidusi	97
leidyklą	97
lenkiškų	97
lenkus	97
lentą	97
letenų	97
liaudžiai	97
liepia	97
liepta	97
lietuviškuose	97
ligai	97
ligoniams	97
ligonius	97
likučiais	97
liovėsi	97
literatūrine	97
literatūrinio	97
litosferos	97
liturginių	97
liudininkų	97
liūtys	97
lkma	97
llkjs	97
lnb	97
lordo	97
lotus	97
lovą	97
luokės	97
lydėdavo	97
lygiagrečios	97
lyginama	97
lygtimi	97
lyra	97
lytinę	97
lyviai	97
maitinamas	97
maišelį	97
makaronai	97
malonę	97
marcinkevičius	97
margus	97
margų	97
maršalai	97
maršalų	97
masėms	97
maurai	97
mačo	97
mažąją	97
medicininę	97
mediniuose	97
medžiagose	97
medžiojami	97
melas	97
melburne	97
memorialo	97
menais	97
menininkais	97
meniškai	97
menkės	97
menuose	97
merginas	97
merkys	97
mesopotamijoje	97
metafizika	97
meškos	97
michailo	97
mielėmis	97
miesteliui	97
miestiečiams	97
migruojančių	97
mikrobiologijos	97
mikroelementų	97
miloševičiaus	97
milžino	97
ministerijose	97
mintantys	97
mirę	97
misisipės	97
mitais	97
mitinis	97
mitinių	97
miškastepių	97
miškininkystė	97
miškinė	97
mokėjimų	97
molekulę	97
molinis	97
monetomis	97
monika	97
mosėdžio	97
musmirė	97
musulmonais	97
muzikiniais	97
muzikiniu	97
mygtuką	97
mylėti	97
mąstymu	97
mėgiama	97
mėlynomis	97
mūzų	97
nacionalizmą	97
nacionalizuoti	97
naktiniai	97
naminius	97
nardymo	97
natas	97
natūralusis	97
naudojančių	97
naudotojai	97
naujajame	97
našta	97
neakivaizdinį	97
neapykantą	97
nebegrįžo	97
nebuvimo	97
nebūdinga	97
neduoda	97
negalime	97
negrų	97
nekelia	97
nekentė	97
nekilnojamąjį	97
nelegali	97
nelieka	97
nemirtingumo	97
nepadėjo	97
nepakankamumo	97
nepastebimai	97
nepatvirtino	97
nepilotuojamas	97
nepriklausomomis	97
nepriklausomybei	97
neprilygo	97
nesantaika	97
nesenai	97
nesiekė	97
nesutrukdė	97
nesėkminga	97
netiesinės	97
netikėta	97
neturėdavo	97
neutralumo	97
neužtenka	97
new	97
nešiojasi	97
nugabentas	97
nugabenti	97
nuimti	97
nukauti	97
nukeliauja	97
nukentėjusių	97
nukentėjusiųjų	97
nukleotidų	97
nukreiptų	97
nukritus	97
nukrypsta	97
nulemti	97
numatytais	97
numatytus	97
numesti	97
nuokrypis	97
nuolatines	97
nuomonei	97
nuotakos	97
nuotoliu	97
nusidriekęs	97
nusikalstamumas	97
nusikaltėlio	97
nusikaltėlis	97
nusiteikusių	97
nuslopino	97
nuslėpti	97
nustelbė	97
nutaria	97
nutiesė	97
nykimas	97
nykstančių	97
obligacijos	97
obės	97
odai	97
okos	97
oktavianas	97
okupantų	97
onkologijos	97
operatyvinės	97
oponentai	97
optikoje	97
orbitas	97
organiniai	97
originalius	97
orkestrai	97
ornamentas	97
orus	97
pabaigtas	97
pabandyti	97
pabėgę	97
pabūklas	97
pacientas	97
padarys	97
padavimą	97
padegė	97
padidėjusi	97
paduoti	97
padėdamas	97
pagamintus	97
pagarbumo	97
pagrindinei	97
pagrindiniam	97
pailgėja	97
pakankamą	97
pakaušio	97
pakeitimą	97
pakeičiama	97
pakrikštijo	97
pakylos	97
palikdama	97
pamatiniai	97
pamatinis	97
pamini	97
pamiršo	97
panašumas	97
panonijos	97
panteoną	97
paprasčiausia	97
papulkininkis	97
papuolė	97
paradokso	97
parazitinių	97
pareigybių	97
pareiškęs	97
parenkamas	97
partijose	97
partizaninį	97
partnerius	97
paruošia	97
pasakojimais	97
pasas	97
pasidaryti	97
pasiekimais	97
pasiima	97
pasikėsinimą	97
pasinaudodami	97
pasireiškianti	97
pasirinktų	97
pasiryžęs	97
pasitaikyti	97
pasiturinčių	97
pasiūlą	97
paskutiniuoju	97
paslėpta	97
paslėpė	97
pasta	97
pastogė	97
pastovūs	97
pasą	97
pataikyti	97
patalpą	97
pateikimas	97
patekimą	97
patekusios	97
patiekalo	97
patikimi	97
patogios	97
patrauklus	97
patyrusi	97
pavadintų	97
pavara	97
pavedimams	97
paveldimą	97
paveldėjęs	97
paverstos	97
paviršinio	97
pašalinama	97
pašalinami	97
pašalinamos	97
pažinojo	97
pažymint	97
pažymėtina	97
peilio	97
peizažus	97
penktos	97
penktosios	97
perdaryta	97
pergalingą	97
perkeliami	97
personifikacijos	97
pervežimo	97
pesas	97
piemenys	97
pietrytinis	97
pigių	97
pikapai	97
pilkšvas	97
pilotui	97
pilti	97
piltuvėlio	97
pilvelis	97
pilvelį	97
pilyse	97
pirmuose	97
planavimą	97
plastikas	97
platinami	97
platinimas	97
plaukimas	97
plaukiojimo	97
plentai	97
plentų	97
plečiamas	97
plieniniai	97
plokštes	97
plokštinių	97
plokštėmis	97
plovimo	97
plynaukšte	97
plyšio	97
pobūris	97
poilsis	97
pojūtį	97
poliai	97
poliarinės	97
poliarizacijos	97
pomidorų	97
ponto	97
populiacijoje	97
populiariausios	97
portretą	97
posėdžiai	97
posūkis	97
poznanės	97
pozą	97
požiūriai	97
prabangių	97
pradedamos	97
pradėtus	97
pragaro	97
praktinis	97
pranciškonai	97
prarastos	97
prarastą	97
praryti	97
prašyta	97
pražysta	97
prelato	97
preparatas	97
presbiterija	97
prestižiškiausių	97
priauga	97
pridengia	97
prieangis	97
prieglaudos	97
prieigų	97
prieinamą	97
priemiesčius	97
priesaika	97
prietaisais	97
priešinasi	97
priešistoriniais	97
priešiškų	97
priešpriešinių	97
priimama	97
priklausančias	97
principams	97
prioritetų	97
pripildytas	97
priskiriamų	97
pritaikytą	97
privalomi	97
privilioja	97
prižiūrint	97
produktu	97
profesoriavo	97
profilaktikai	97
profilaktikos	97
progresas	97
progresyvaus	97
projekcija	97
prototipą	97
prūsais	97
psichoanalizės	97
psoe	97
puldinėjimų	97
pulsas	97
puolėjai	97
puoselėtojas	97
puošyba	97
puslapiuose	97
pučiamasis	97
puškino	97
pylimus	97
radiotechnikos	97
radosi	97
radviliškyje	97
raganosis	97
ralis	97
ramaus	97
ramųjį	97
rankiojimu	97
rankraščio	97
rasę	97
ratelis	97
raudonumo	97
raukšlių	97
rašydavo	97
rašytos	97
rca	97
reabilituotas	97
realinės	97
realizacijos	97
realizuota	97
realybe	97
registravimo	97
registruotas	97
reguliuota	97
reikiama	97
reikiamas	97
reikmenis	97
reisus	97
reitingą	97
rekordininkas	97
remiant	97
rengiasi	97
restauratorius	97
retus	97
retą	97
rezervatai	97
rezervatų	97
rezistentas	97
rezoliucijos	97
rezultatyvius	97
režimai	97
režimų	97
riešo	97
riešutus	97
riko	97
rimvydas	97
rodančių	97
rokiškis	97
rokoko	97
romėnais	97
rtv	97
ruandos	97
rudo	97
rudolfas	97
rumunai	97
ruonis	97
rusais	97
rusišką	97
rėmus	97
rūpesčių	97
rūpybos	97
sakmių	97
sambūrio	97
samdomas	97
sanatorijoje	97
sandraugos	97
sanskritas	97
santuokas	97
satyras	97
satyrinių	97
sauga	97
savitumą	97
savivaldybėmis	97
savivaldybėms	97
seirijų	97
sekantį	97
sekančiais	97
sekliuose	97
sekoje	97
seksu	97
sekėjai	97
sembos	97
seniausią	97
senis	97
senumą	97
septyniomis	97
serialai	97
siauresnis	97
siauresnė	97
siciliją	97
siekusi	97
siemens	97
sienoms	97
sierra	97
sietina	97
sijonai	97
sijonas	97
silpstant	97
simbolinį	97
simpoziumuose	97
singapūro	97
sinonimu	97
sintetinių	97
sirijoje	97
siuntimo	97
siunčiama	97
siūlais	97
skaidrių	97
skambučių	97
skardžio	97
skatinant	97
skilvelio	97
skirtose	97
sklaidą	97
skliautą	97
skolinamas	97
skriejimo	97
skriejo	97
skruostų	97
skydliaukės	97
skylių	97
skystyje	97
skėrių	97
slaptasis	97
slidžių	97
slovėnijoje	97
slėptuvės	97
smailėjantis	97
smeigtukai	97
smilgių	97
smulkesnės	97
smėlingas	97
smėlynai	97
sonata	97
spaudimui	97
specialiose	97
specifiką	97
spinduliams	97
sportininko	97
sportinį	97
sportuoti	97
sprendimams	97
sprendinius	97
sprendžiami	97
spygliai	97
sql	97
srauni	97
sroves	97
stabdė	97
stabilūs	97
stataus	97
stati	97
stačiakampės	97
stebuklingą	97
stebėtojai	97
steigimą	97
stemplės	97
stiklai	97
stiklinių	97
stimuliavimas	97
stintos	97
stogais	97
storesnis	97
stovintys	97
stovyklaviečių	97
strateginius	97
streikai	97
struktūromis	97
studentu	97
stygius	97
sudėtingu	97
suformuojant	97
sugaunamos	97
sugrįžus	97
suintensyvėjo	97
sukonstruota	97
sukurtame	97
sukūrimui	97
sumaištį	97
sumūryta	97
sunkia	97
sunkumai	97
supratimui	97
supratęs	97
suremontuotas	97
surenkama	97
surišti	97
susiformavimas	97
susijungęs	97
susijusio	97
susijusį	97
susilaikymo	97
susirašinėjo	97
susirinkti	97
susirėmimų	97
sutuoktinių	97
suvalkijos	97
suvartojama	97
sužaidęs	97
sužavėjo	97
sužeistų	97
sužlugo	97
svarbesnė	97
svaro	97
svarstant	97
svetima	97
svetimą	97
sviediniais	97
svyravimus	97
sąmatinė	97
sąveikas	97
sėdo	97
sūrus	97
taikomąją	97
take	97
takelio	97
tampriai	97
tamprūs	97
tankumo	97
tarmėmis	97
tarnaudamas	97
tarnautojams	97
tarpai	97
tarpeklio	97
tarpinę	97
tartum	97
tarė	97
taure	97
tautiniai	97
teigdami	97
teisingumu	97
teisininkės	97
tekančią	97
telefoną	97
teleskopų	97
teliko	97
telkė	97
teoriniai	97
teorinį	97
terasose	97
tereikia	97
teritorinė	97
terminologijos	97
teršalų	97
tešlą	97
tiekimui	97
tiesioginiais	97
tigro	97
tikimybe	97
tikrovėje	97
tikslius	97
tiltais	97
tinklalapio	97
tolimesnės	97
tolimus	97
tolygus	97
tragediją	97
traktavo	97
traktuoja	97
traktuoti	97
transformuoti	97
transkripcijos	97
transportuoti	97
treneriui	97
trilogiją	97
trinamosios	97
trumpakočiai	97
trumpalaikė	97
trumpesnį	97
trunkantis	97
trupmenos	97
trąša	97
tręšti	97
tunelių	97
tuometinei	97
tupi	97
turėdami	97
tvarkomas	97
tvartai	97
tvirtų	97
tyrinėjimais	97
tyrinėtoja	97
tęstinumą	97
ugniagesių	97
ultravioletinių	97
uniformų	97
uoslės	97
uv	97
uždarose	97
uždengia	97
užgesęs	97
užgrobus	97
užimant	97
užimtą	97
užkandžiai	97
užklausas	97
užliejo	97
užlipo	97
užpakalinis	97
užpildytas	97
užplūdo	97
užsakymą	97
užsakymų	97
užsieniečiams	97
užsieniu	97
užsimena	97
užsimenama	97
užsiminė	97
užtaiso	97
užterštas	97
užėmimo	97
vabzdžiaėdis	97
vadinamojoje	97
vagotas	97
vaidybinių	97
vaikino	97
vaistą	97
vaivorykštės	97
vakarienės	97
vakarietiškų	97
valdomis	97
valdovę	97
valdybų	97
valgydavo	97
valsčiuose	97
vargonininkus	97
variacijų	97
vartotoją	97
varykla	97
varėna	97
varškė	97
vatų	97
veiksmu	97
veiksnio	97
veikę	97
veislei	97
velniai	97
vengriją	97
veną	97
verpstės	97
vertybėms	97
veržimąsi	97
viceprezidentė	97
vidiniame	97
vidurdienį	97
viduriavimas	97
vidurkį	97
vidžemėje	97
vieningo	97
vienodais	97
viešvilės	97
viešąsias	97
viešėjo	97
vijosi	97
viksvuolinių	97
vilnų	97
vilos	97
vinių	97
virtualios	97
virtuve	97
virtęs	97
viršaitis	97
viršelių	97
viršutine	97
viziris	97
vištiena	97
vladislovo	97
vokaliniais	97
vokaliniame	97
vokaliste	97
vpu	97
vykdymui	97
vyraujančių	97
vyriausia	97
vėlesniam	97
vėlesniems	97
vėlių	97
vėlyvo	97
vėžės	97
ypatumais	97
zlotų	97
ėjimus	97
ėmimo	97
įamžinimas	97
įdomiausių	97
įdubimas	97
įgimtas	97
įgulai	97
įjungus	97
įjungė	97
įkurdinti	97
įkūnija	97
įkūrimu	97
įmontuotas	97
įpurškimo	97
įpusėjus	97
įrašinėja	97
įsako	97
įsijungia	97
įsikišti	97
įsisteigė	97
įsiterpęs	97
įsitraukti	97
įsiveržę	97
įspūdingai	97
įtakų	97
įtvirtintą	97
įvairiausius	97
įvairų	97
įvardijami	97
įvedama	97
įvedant	97
įvykę	97
šaltą	97
šaukimų	97
šaukti	97
šautuvais	97
šeimininkus	97
šerdies	97
šerno	97
šerną	97
šeštoji	97
šešėlį	97
šiaudais	97
šildymas	97
šiltinės	97
šilumai	97
šiluminę	97
šlapimą	97
šluotelėse	97
šunims	97
šventu	97
šventą	97
šventėmis	97
švenčiamas	97
švenčionys	97
ūkininkauti	97
ūkininkavo	97
žaismas	97
žemiausių	97
žemoje	97
žemynus	97
židinį	97
žiediniai	97
žiedinių	97
žinutė	97
žoliniais	97
žudikų	97
žudo	97
žudė	97
žurnalistus	97
žuvėdra	97
žvaigždėms	97
žvalgybą	97
žvalgų	97
žygdarbių	97
abraomas	96
absoliučios	96
administruojamas	96
adresai	96
adriano	96
advokatūra	96
agavos	96
agentūrą	96
agresyvūs	96
aikšte	96
aikštele	96
airiai	96
aiškinami	96
aiškūs	96
ak	96
akademijų	96
akademinį	96
akt	96
aktualiais	96
alegorija	96
aleksandravičius	96
aleksas	96
aliaskoje	96
alksnių	96
alkūnės	96
almanachas	96
alternatyvių	96
amnestijos	96
amsterdame	96
amuletai	96
amžinasis	96
amžinoji	96
amžiną	96
analize	96
analogišką	96
andrew	96
angomis	96
ankstyvuosius	96
ankštiniai	96
ankštinių	96
anomalijų	96
antantės	96
antgalio	96
anti	96
antri	96
antrinė	96
antspauduose	96
ančios	96
apatine	96
apeliacinis	96
apelsinas	96
apelsinų	96
apibendrintų	96
apimant	96
apkeliavo	96
apklausoje	96
aplinkiniams	96
apraiška	96
aprašęs	96
aprobavo	96
apsakymai	96
apsauginė	96
apsiausties	96
apsirengęs	96
apskaičiavimo	96
apytakos	96
apšvietimą	96
arabija	96
arabijoje	96
arabus	96
aralo	96
archangelsko	96
arenose	96
arkikatedroje	96
arklį	96
armatūros	96
artimesnė	96
artėjo	96
asfalto	96
asimiliacija	96
asirijos	96
asocijuota	96
ataskaitoje	96
ataugas	96
ateinančių	96
atestatą	96
atidarius	96
atitinkamoje	96
atitinkančios	96
atkaklios	96
atlaidais	96
atleidžiami	96
atliekantys	96
atlikinėjo	96
atliks	96
atmintimi	96
atnaujinamas	96
atole	96
atramą	96
atributus	96
atsakingu	96
atsakingą	96
atsargomis	96
atsekti	96
atsidūręs	96
atsinaujinimo	96
atsisakymo	96
atsisakymą	96
atsiskyrus	96
atsispirti	96
atsišaukimus	96
atsižvelgdamas	96
atskiriamas	96
atskyrimas	96
atstoja	96
atstovavimas	96
atstovybių	96
atstovybėje	96
atstovės	96
atvaizdo	96
atvažiavo	96
atvažiuoja	96
atviri	96
atvykimas	96
atėjimą	96
atėnus	96
auditą	96
aukščiausiųjų	96
aurelijus	96
aus	96
austroneziečių	96
auto	96
automatinės	96
autorines	96
autorystė	96
aviacinė	96
aviečių	96
avino	96
aštuntfinalį	96
babtų	96
badu	96
bagdonas	96
baime	96
balf	96
balninkų	96
balno	96
balse	96
balsio	96
balsuoja	96
baltymais	96
bandas	96
bandydami	96
banguotas	96
banknoto	96
bantu	96
barselonoje	96
baudžiama	96
baziliką	96
bazinių	96
bažnytkaimyje	96
bažnyčiomis	96
bebrai	96
bedarbių	96
bedugnės	96
begalinė	96
bendrabučiai	96
bendrais	96
bendrinė	96
beringo	96
bernardo	96
beyoncé	96
bigbendas	96
birželis	96
blokuoti	96
boksininkas	96
bokštelio	96
bombonešis	96
botsvanos	96
brangiausių	96
brangiųjų	96
brendis	96
broliją	96
bronziniai	96
budapešto	96
buhalteriu	96
buhalterių	96
bulviarūsių	96
bulę	96
burgundų	96
buto	96
buvusiai	96
byloms	96
bėgiais	96
bėgioti	96
būgnus	96
būsima	96
būsimoji	96
būsimus	96
camila	96
cerkve	96
cerkvėje	96
chaosas	96
cheminiais	96
cigarų	96
cilindriniais	96
citoplazmos	96
citrinmedžių	96
civilinius	96
daiktu	96
dainininkę	96
dainuojant	96
dalinės	96
daraktorių	96
darbingo	96
darbininko	96
darbinio	96
darna	96
darybos	96
datulių	96
datuojamų	96
debatų	96
debesį	96
debiutiniame	96
dedikavo	96
degalinė	96
dekoras	96
dekoratyvinė	96
dekoravo	96
demarkacijos	96
derlingi	96
detroito	96
dešimto	96
dešine	96
dharmos	96
diabeto	96
dialekto	96
dialogų	96
didesnioji	96
didesnėmis	96
didijį	96
dienoraštį	96
dieveniškių	96
dievybes	96
diktatūrai	96
dinamiškai	96
dinastijoje	96
diodų	96
diplomatiniai	96
dirbanti	96
diržą	96
disertacijų	96
diskusijose	96
dispersijos	96
dnb	96
dokumentacijos	96
doleriu	96
dramas	96
drastiškai	96
drebučių	96
drenažo	96
dryžuota	96
drėgna	96
drėgni	96
drėgnųjų	96
dujoms	96
duobučių	96
dvasinėmis	96
dvikovoje	96
dvikovos	96
dykvietėse	96
dyzelinis	96
dėsningumai	96
dėtuvės	96
dėžę	96
džiovintos	96
ec	96
efektu	96
egzaminams	96
egzistavusią	96
egzistenciją	96
egzistuojanti	96
eilutes	96
eismą	96
ekosistema	96
ekspedicijoms	96
eksperto	96
eksponavo	96
elektrodų	96
elipsiški	96
emblemą	96
emeritas	96
emiterio	96
emociškai	96
energijų	96
entuziastingai	96
erdvi	96
erelį	96
eskimų	96
esminius	96
esminės	96
esperantininkų	96
estetinio	96
estetinių	96
eterį	96
etninėms	96
etninį	96
evakuota	96
evakuotas	96
ežiai	96
fabrikus	96
failą	96
fakultetu	96
fantastiką	96
feldmaršalas	96
fermentus	96
figūruoja	96
fiksuoja	96
filantropas	96
filialus	96
filmavimas	96
finansuojama	96
finansuojamas	96
fizikai	96
fizine	96
fiziniam	96
fiziologiniai	96
fiziologinės	96
fondu	96
fosfatai	96
fotografo	96
frakciją	96
frazių	96
frazę	96
funkcinių	96
funkcionalumą	96
funkcionavimą	96
gabalai	96
gabalėliai	96
gabenimą	96
gabono	96
gabrielė	96
gabumais	96
galutiniai	96
galvute	96
galėtume	96
gangsteris	96
garsiosios	96
garsėjantis	96
garsųjį	96
garuoja	96
gaudomi	96
gausius	96
gegūnė	96
genetika	96
genetinė	96
genomo	96
geografine	96
geografiniame	96
germanistiką	96
giedojimą	96
gijas	96
giminystė	96
ginekologijos	96
ginkluose	96
ginkluotus	96
girininkijai	96
glamonės	96
glikozidų	96
grafikai	96
gramatinės	96
greitkelių	96
gremžtukai	96
grenadierių	96
griaustinio	96
grožinę	96
grupuotes	96
grįš	96
grūdeliai	96
gydomos	96
gyrė	96
gyvenant	96
gyvenvietėms	96
gėlame	96
gėlas	96
gėles	96
gėrimams	96
habilitaciją	96
heinrichas	96
helena	96
hera	96
hieroglifais	96
himalajuose	96
hitus	96
humanitarinis	96
humuso	96
ideologijai	96
ilguma	96
iliustruoti	96
imperatorienė	96
importuojama	96
impresionizmo	96
inauguracijos	96
incidentą	96
indais	96
indeksai	96
individualias	96
individus	96
industrializacija	96
indėlio	96
infarktas	96
institutus	96
integralą	96
internate	96
internatinėje	96
intrigų	96
intuicija	96
investuoja	96
investuotojai	96
irigacijai	96
irimo	96
išaugti	96
išaugusios	96
išdažyta	96
išdirbo	96
išdėstomi	96
išdėstytas	96
išeidavo	96
išgarsėjusi	96
iškastos	96
iškilminga	96
iškilusiu	96
iškirsta	96
išleistu	96
išmatavo	96
išmatų	96
išnaikinta	96
išnaudojimą	96
išorė	96
išpildyti	96
išplatėja	96
išplisti	96
išplėtimo	96
išplėtotas	96
išradus	96
išrenkami	96
išsakė	96
išsamus	96
išsikraustė	96
išsilaisvino	96
išsirutuliojo	96
išsiskiriantis	96
išsiskleidę	96
išteisintas	96
ištikti	96
išvystytos	96
jano	96
jonizacijos	96
jotvingius	96
judaizme	96
judaizmą	96
juka	96
jungiantys	96
jungtinę	96
juodraštinėje	96
juosmenį	96
juozą	96
jus	96
justas	96
kabelių	96
kabinetui	96
kailius	96
kairiuoju	96
kaitaliojasi	96
kaladės	96
kalavijuočių	96
kalbėjimo	96
kalifo	96
kalinio	96
kalnelio	96
kalnelis	96
kalnuotomis	96
kaltinami	96
kalvarijoje	96
kalvelė	96
kambodžos	96
kamieną	96
kampanijų	96
kamuoliuko	96
kamuolių	96
kanaluose	96
kanjono	96
kantonus	96
kančių	96
karališkieji	96
karbonatų	96
kardinolai	96
karininkais	96
karolinos	96
karpatų	96
karstinių	96
karvedžių	96
karį	96
karštame	96
karšti	96
kasdienybė	96
kasetės	96
kasyba	96
katakana	96
kataloge	96
kaulinė	96
kaulinės	96
kaulą	96
kaupiama	96
kaštono	96
kašubų	96
kažkuo	96
keitimų	96
keldavo	96
kelnių	96
kepamas	96
keršydamas	96
keturkampiai	96
keturkampis	96
kiaulienos	96
kiauninių	96
kildinami	96
kilusį	96
kinetinė	96
kintamieji	96
kintant	96
kirstynių	96
kirviu	96
kirvį	96
kiškių	96
klausytojams	96
klientui	96
klijų	96
klimate	96
klinikinė	96
kmi	96
knygnešiu	96
kodiniu	96
koeficientai	96
kojele	96
kojinių	96
kokosai	96
kolekcijoje	96
kolonistams	96
kolonizacijai	96
kolonizatoriai	96
kombinacijų	96
komentatorius	96
komentavo	96
komercine	96
komitetu	96
kompaktinis	96
kompaktinių	96
kompensacija	96
kompromisą	96
komunistinis	96
komunizmą	96
koncepcijas	96
konfederatų	96
kongresų	96
konkretūs	96
konrado	96
konsistorijos	96
konteinerių	96
kontrabandos	96
kontracepcija	96
kontroliuojami	96
konvencijų	96
kooperatyvas	96
koralinės	96
koridorių	96
korinto	96
korozija	96
korporaciją	96
korpusui	96
kosminę	96
kotui	96
kovodami	96
kraičio	96
kraujavimas	96
kraustymosi	96
kretinga	96
kritikuojami	96
krūvininkų	96
kulkosvaidžius	96
kultų	96
kuratorius	96
kuriamo	96
kurianti	96
kvadratinis	96
kvarteto	96
kvepia	96
kvietimą	96
kviečiama	96
kylančius	96
laidus	96
laikini	96
laikinuoju	96
laikydamas	96
laisvalaikiu	96
laivynai	96
lakštų	96
lankomų	96
lape	96
laumės	96
lašišinių	96
legioną	96
leidyklų	96
leidžiantį	96
leitenantu	96
lekia	96
lengvų	96
lentoje	96
leonardo	96
lerva	96
lichtenšteino	96
liemenį	96
liemuo	96
lietuviškoji	96
lietuviškojo	96
lig	96
likusia	96
likusio	96
linijiniai	96
linijinis	96
linksma	96
lkd	96
lmta	96
loginis	96
lokį	96
lovų	96
lošimo	96
luitų	96
luomus	96
lyderiui	96
lydinys	96
lygai	96
lyginamoji	96
lėktuvuose	96
lūšis	96
mackevičius	96
magistrantūroje	96
maišas	96
maišelis	96
maištus	96
maklerio	96
makštimi	96
malonumas	96
mandatas	96
mantija	96
marijai	96
mario	96
marokas	96
masyvių	96
matematiniai	96
matininkų	96
matmenis	96
matmuo	96
matulionis	96
mazgą	96
mažinimas	96
mažoms	96
mažumoms	96
mca	96
mechanines	96
mechaniniai	96
mechaninį	96
medicinai	96
medžiodavo	96
meistriškumą	96
meistrus	96
meldžiasi	96
metalines	96
metanas	96
metodininko	96
metodininkės	96
metraštį	96
midus	96
mikro	96
milicija	96
milžinių	96
minaretas	96
minkštimas	96
mintimis	96
mirusysis	96
mirusį	96
mite	96
miškelyje	96
moda	96
modernizuota	96
moduliu	96
modulius	96
mokamos	96
mokant	96
mokesčiais	96
mokiniui	96
mokomąją	96
mokydavosi	96
mokėtojas	96
molį	96
monitorių	96
monografija	96
montažo	96
monumentalių	96
morališkai	96
moravijos	96
mot	96
muitinių	96
mumija	96
musulmoniška	96
muzikais	96
mylimoji	96
mėlynais	96
mėlynu	96
mėnesinės	96
mėnesiu	96
naikinimą	96
nariuotakojų	96
narėms	96
naudingą	96
naujagimis	96
naujakuriai	96
naujausia	96
navikų	96
našlaitė	96
našumą	96
neapibrėžtumo	96
neauga	96
nederlingos	96
nelaikomas	96
nelygybės	96
nemalonus	96
nemalonę	96
nemalonų	96
nemato	96
nemirtingumą	96
nenaudojamos	96
nencų	96
nenustatyta	96
nepagrįstai	96
nepakako	96
nepakitusi	96
nepastovus	96
neprarado	96
nervinio	96
neryškus	96
nesantaikos	96
nesantuokinis	96
nesimato	96
nesudėtinga	96
nesąmoningai	96
neteisėta	96
netinkamai	96
netrukdo	96
neįprastos	96
neįprastą	96
nešantis	96
nešiojami	96
nešėjų	96
nikotino	96
nominaciją	96
norvegiją	96
nublokšti	96
nueiti	96
nugalėdamas	96
nukankintas	96
nukariauti	96
nukirto	96
numalšinus	96
numetė	96
nuodus	96
nuoga	96
nuorodą	96
nuraminti	96
nurodymai	96
nurodymą	96
nusakanti	96
nusikalstamą	96
nusikaltimu	96
nusipelniusios	96
nuskambėjo	96
nustumti	96
nutraukus	96
nuvertimo	96
nužudytų	96
nyderlandus	96
nykimo	96
nykštukai	96
nykštukinė	96
oazėse	96
oficialius	96
okeaninis	96
oktava	96
okupantams	96
okupuotą	96
olga	96
olimpine	96
olų	96
opec	96
organizacinis	96
organizacinių	96
organizuotų	96
orientavosi	96
orientuotos	96
osetinų	96
paaiškinimai	96
paaštrėjo	96
pabaigai	96
pabaigta	96
pabaisos	96
pablo	96
pabuvojo	96
pabėgimo	96
pabėgusių	96
pabėgėliais	96
pacientams	96
padarius	96
padauginti	96
padavimai	96
padedantis	96
padidėjimą	96
padovanoti	96
padvigubėjo	96
pagyvėjo	96
paieškas	96
paiešką	96
paimtų	96
pajunta	96
pajėgi	96
pakitusi	96
pakopas	96
pakėlimo	96
palaikantis	96
palankių	96
palaukti	96
paleidus	96
paleidžiamas	96
paleistos	96
paliekamas	96
paliktų	96
palydovais	96
paminklinė	96
paminėtinos	96
panaudojimu	96
panašumai	96
panašumą	96
pandėlio	96
panoro	96
paprastomis	96
paraleliai	96
parazitinis	96
parduodamu	96
parduodavo	96
pareigūnais	96
parfumerijos	96
parodomas	96
paruoštą	96
pasakojanti	96
pasakotojas	96
pasekoje	96
pasidalijimo	96
pasieniečių	96
pasigamina	96
pasinėrė	96
pasipiktinimą	96
pasipildė	96
pasirengęs	96
pasistatyti	96
pasitaikančių	96
pasitenkinimo	96
pasitikėti	96
pasiversti	96
pasiųsta	96
paskelbiamas	96
paskutiniajame	96
paskutiniąją	96
paskutinėmis	96
paslapties	96
paslepia	96
pastabas	96
pastogės	96
pastoriaus	96
pasvalys	96
pataisa	96
patalpintas	96
patarimo	96
patekusi	96
patikrinimas	96
patinus	96
patirtos	96
patvirtinimą	96
patvirtinus	96
patyrimo	96
paulauskas	96
pavaldiniai	96
pavartotas	96
paveikslais	96
pavergti	96
pavergė	96
pavyzdingą	96
pačio	96
pačioms	96
paėmimo	96
paėmęs	96
pašalinimą	96
pašarinis	96
pažaislio	96
pažeidimu	96
pažeidžiamos	96
pažeistų	96
pedagogika	96
pediatrė	96
peizažo	96
pelių	96
pelkėtoje	96
peloponeso	96
pelė	96
penktąjį	96
pensija	96
pensilvanijos	96
pensionatas	96
periodinį	96
perkami	96
personalinė	96
pertvarkius	96
pertvaros	96
pervežta	96
perėmimo	96
pietvakarinio	96
pigus	96
pilkapio	96
pilkšvos	96
pingvinas	96
piniginės	96
pirmais	96
pirmtaką	96
pirštą	96
pistoletu	96
pjesėje	96
planais	96
plastikai	96
plauką	96
plaučiai	96
plazminės	96
pliateris	96
ploną	96
plytas	96
plyšiai	96
plėtimasis	96
plėtojamas	96
plėvelės	96
pogrupius	96
poilsiavietės	96
pokalbiai	96
polas	96
poliaus	96
polifonijos	96
polinezijos	96
politiniuose	96
politinėms	96
pomirtinio	96
pompėjaus	96
popieriai	96
populiacijai	96
populiaru	96
portugališkai	96
poseidonas	96
pradininkė	96
praeitimi	96
prailginta	96
prakeikimas	96
pralaimėjimus	96
pralaimėję	96
praminė	96
pramoko	96
pramoniniai	96
pramoninio	96
prancūziško	96
praporščikų	96
prasidedanti	96
prasidėję	96
prasiskverbia	96
prasmių	96
prastų	96
prašant	96
prefektūromis	96
prekiauja	96
priedainį	96
priegaidės	96
prieita	96
priekinius	96
priesmėlio	96
priešingoje	96
prieštaravimas	96
priešvedybinių	96
prijungimas	96
prilygo	96
prisitaikymas	96
priskinama	96
pritaikomas	96
pritariant	96
pritarus	96
privalomo	96
privačiomis	96
procesija	96
profesines	96
profesinį	96
profilaktika	96
progai	96
prognozes	96
progresą	96
projektais	96
projektavimą	96
propagandą	96
proporcija	96
proporcijas	96
protektorato	96
protinga	96
protono	96
psi	96
psichoterapijos	96
publikuojami	96
puikiais	96
puikiu	96
pulkininką	96
pumpurais	96
puoštas	96
pusbrolį	96
pusiauju	96
pusiaują	96
pylime	96
pėdas	96
pėstininkais	96
pūgžliai	96
rabinas	96
radialinis	96
radioaktyvių	96
ragainės	96
ragenos	96
rajos	96
raktu	96
ramybė	96
ramūs	96
raukšlės	96
raumenyse	96
rašmenų	96
reakcijai	96
realiame	96
realinio	96
realiu	96
realizavo	96
realybę	96
reformatorius	96
registracija	96
registrai	96
registruojami	96
reikiamos	96
reikiamų	96
reikšmei	96
reinkarnacija	96
reiškiantį	96
reiškiniams	96
religijoms	96
rengiamuose	96
renkantis	96
reorganizacijos	96
reorganizavimo	96
reorganizavo	96
respublikiniams	96
retųjų	96
reverse	96
revoliuciniuose	96
rezervuaro	96
režisierės	96
riaušes	96
riešutas	96
riešutėliai	96
rikiuotė	96
ritmai	96
ritualo	96
ritulininkas	96
rkl	96
rkp	96
robotai	96
rokiškyje	96
romantinės	96
ronos	96
rotmistras	96
rožinio	96
rupija	96
rusvais	96
rutuliškas	96
ryškia	96
ryškumo	96
ryškėti	96
ryškį	96
rūgimo	96
rūpestingai	96
sakai	96
saldi	96
saleziečių	96
salonas	96
salono	96
salotoms	96
samuelis	96
samurajai	96
sanatorija	96
sandaugos	96
sandėlius	96
santrumpos	96
sapiega	96
sargo	96
sargybinių	96
sasnausko	96
saugaus	96
saugojimas	96
saugojimui	96
saugyklose	96
savaiminės	96
savitu	96
savižudybę	96
scenai	96
schemoje	96
se	96
sedano	96
segmentus	96
seinuose	96
seklumos	96
sekretą	96
seksualinis	96
seksualumą	96
sektoriui	96
sektą	96
seminaro	96
senatoriaus	96
senatoriumi	96
senatą	96
senesnio	96
senovinį	96
senu	96
septinto	96
serveryje	96
sesijoje	96
sezonais	96
sezonuose	96
sferinės	96
siaurame	96
sidabriški	96
silkės	96
silpnų	96
silpo	96
silva	96
simetriją	96
sinagogos	96
sindromo	96
sinodo	96
sintaksė	96
sintautų	96
sintetina	96
sintetiniai	96
sintetinis	96
sintezėje	96
siūlydamas	96
skaitiklių	96
skaitiklį	96
skaitmeninio	96
skaitmeninę	96
skersmenį	96
skleidimo	96
skoniui	96
skrandyje	96
skundėsi	96
skverbiasi	96
skyrimas	96
skyrybos	96
skystos	96
skėčio	96
slapyvardžiai	96
slavus	96
slovėnija	96
slyvos	96
smailūs	96
smogė	96
smuikų	96
smulkesni	96
smurtas	96
snapeliu	96
socialdemokratas	96
sodininkų	96
sodu	96
somalio	96
spalvai	96
spalvingi	96
sparne	96
spaudimu	96
spausdina	96
spausdinta	96
specialistais	96
specialybes	96
specialųjį	96
specifikacija	96
speneliai	96
spenelių	96
spenių	96
sperma	96
spirale	96
spontaniškai	96
sprendinį	96
sraigtasparnio	96
sraigės	96
stabilios	96
staigių	96
stambulo	96
standartiniai	96
statines	96
stačiakampiai	96
stačiakampį	96
stažuotojas	96
stažuotės	96
stebuklas	96
steigiami	96
stengtasi	96
stepes	96
stiklinės	96
stipriausią	96
stotims	96
struktūrinė	96
strėle	96
strėliukė	96
studijuojant	96
stumbrų	96
suauga	96
suaugėliai	96
subalansuota	96
suderinamas	96
sudėtingai	96
suformuodama	96
sugedo	96
sujungęs	96
sukeliama	96
sukeliamas	96
sukinio	96
sukuriamos	96
sukurtu	96
sukvietė	96
sultonatai	96
sumokėta	96
sunaikintų	96
sunkio	96
sunkiomis	96
sunkiu	96
sunkvežimiai	96
supančių	96
surašė	96
susidarytų	96
susidorojo	96
susikovė	96
susintetino	96
susiranda	96
susitelkė	96
susitikimuose	96
susitvarkyti	96
susivienyti	96
sustiprėjus	96
sustorėjęs	96
sutapti	96
sutikta	96
sutrikimams	96
sutvirtinta	96
suvalgyti	96
suvienodinti	96
sušvelninti	96
sužadinti	96
sužinoję	96
svarbesnis	96
svarstyklių	96
svarą	96
sveika	96
svečiuose	96
svėdasų	96
sąlyčio	96
sąmonėje	96
sąnarį	96
sąvado	96
sąvokomis	96
sėdmenų	96
sėliai	96
tadžikų	96
taikiniai	96
taikiniu	96
taikinių	96
taiklumas	96
taisyklėms	96
tampama	96
tamsaus	96
tamsesni	96
tapatus	96
tapatybė	96
tapimo	96
taria	96
tariamą	96
tarkime	96
tarnavęs	96
tarnyboms	96
tarpekliu	96
tarpininkai	96
tarpininkų	96
tarptautiniam	96
tarpupyje	96
taupymo	96
tauriabudė	96
tauro	96
tbilisio	96
techninį	96
technologinį	96
teisminė	96
teisminės	96
teisminę	96
teisėsauga	96
teisėtumo	96
teisėtumą	96
tekant	96
tekančio	96
tekančių	96
tekstilininkė	96
telekomunikacijos	96
telkinyje	96
tempu	96
terminalo	96
testavimo	96
tiesioginius	96
tiesių	96
tijūnas	96
tikruose	96
tikslingai	96
tikslumą	96
tinklainės	96
tipiški	96
tiražo	96
tiriamosios	96
tirpios	96
tituluoti	96
tobulinant	96
tobulą	96
tolesniam	96
tolimesnius	96
tolimo	96
tolį	96
tomsko	96
torpediniai	96
torpedų	96
traktuojamos	96
transplantacijos	96
transporteris	96
traukiasi	96
trauką	96
trenkė	96
trečiąja	96
trilapiai	96
triukų	96
triušiai	96
tropiniais	96
trumpiausias	96
trūkti	96
tspmi	96
tuometiniame	96
tuopa	96
turimos	96
turiu	96
turkiškai	96
turu	96
turuose	96
tuštumos	96
tvenkinius	96
tvirtumo	96
tyla	96
tęstinio	96
unikalaus	96
unikalia	96
universalios	96
uolomis	96
upėtakių	96
uždengti	96
uždėti	96
užimdama	96
užkariautojai	96
užkariautų	96
užklupo	96
užmiršti	96
užpakalinę	96
užregistravo	96
užstato	96
užterštumas	96
užtikrinamas	96
užtvara	96
užtvenktas	96
užėjus	96
vabzdžiams	96
vadinamam	96
vadinamuoju	96
vadintų	96
vadybininko	96
vaidas	96
vaidinimo	96
vairavo	96
vairuotoju	96
vaisiams	96
vaistininkas	96
vaivadai	96
vaivadą	96
vaizdinys	96
vaizduojantys	96
vakuumo	96
valdomoje	96
valdžiusios	96
valtys	96
vampyrus	96
vamzdeliu	96
vamzdelių	96
vamzdelį	96
vandenynus	96
vankuveryje	96
vardiklis	96
variagų	96
varlė	96
varomiems	96
vartojimu	96
vasalų	96
vasiliauskas	96
vazos	96
vašku	96
vedėjai	96
veidai	96
veiktų	96
veikėjos	96
venecijoje	96
vengiant	96
venų	96
vergas	96
vergovę	96
verpalų	96
verslų	96
vert	96
verti	96
vestuvėse	96
veši	96
vežami	96
vežimu	96
viceprezidento	96
vidurines	96
vidurinėms	96
vidurnakčio	96
vienišas	96
vienmandatėse	96
vienodus	96
vientisos	96
vietoms	96
viešbutį	96
viktoro	96
vikšrais	96
vilkikas	96
vilkėdavo	96
viltys	96
virtuves	96
virve	96
visados	96
visuomenine	96
visuotinių	96
vitaminai	96
vokalu	96
vokiško	96
vulkaninis	96
vyriško	96
vyrišką	96
vėžiagyviai	96
vėžlio	96
warner	96
ydas	96
ylakių	96
čado	96
čempionus	96
įamžintas	96
įdomios	96
įdėtos	96
įgaliotiniu	96
įgyta	96
įgytą	96
įnašas	96
įpjauta	96
įprastinis	96
įrengimus	96
įrenginiu	96
įrodymu	96
įsigalėjimą	96
įsikišimas	96
įsipareigojimai	96
įsitikinę	96
įskaita	96
įspėjo	96
įspūdžių	96
įsruties	96
įtakingos	96
įtekantis	96
įtempta	96
įtvirtinant	96
įvertina	96
įvertinimai	96
įvykdytų	96
įžanga	96
šakelę	96
šakučių	96
šaldymo	96
šaltu	96
šamanai	96
šamanas	96
šansų	96
šarvuoti	96
šaukimo	96
šaunamieji	96
šelfo	96
šerdį	96
šeštosios	96
šeštą	96
šešėlyje	96
šiltų	96
šiluminio	96
šiluminių	96
šlaunies	96
šluotelė	96
šonine	96
šriftas	96
švedijai	96
šventikas	96
šventos	96
šviesūs	96
šviežia	96
ūdrų	96
žaislų	96
žaltinių	96
žalčio	96
žalųjų	96
žandikaulių	96
žemėja	96
žibintus	96
žiedinis	96
žiežmarių	96
žinomiausios	96
žirgu	96
žiurkes	96
žolelėmis	96
žurnalams	96
žvaigždynų	96
žvakės	96
žvynuotas	96
žvyrą	96
žydo	96
žydras	96
žygiams	96
abejose	95
abs	95
absoliutinės	95
absolventams	95
abstrakcija	95
abstraktus	95
adamkus	95
adaptuota	95
adreso	95
adutiškio	95
aeronautikos	95
afroditės	95
agrarinių	95
akademijose	95
akademiko	95
akcijose	95
akims	95
akiratį	95
aklas	95
akmenė	95
akrobatikos	95
aktualus	95
akvarele	95
alanai	95
alanų	95
alga	95
aljansą	95
alsėdžių	95
alternatyviojo	95
alternatyvūs	95
altoriumi	95
alui	95
amazonė	95
ambasada	95
ambasadoje	95
amerikietiško	95
amharų	95
amnestuotas	95
anabaptistų	95
analizuojant	95
analizėje	95
anatomiją	95
anderson	95
andreas	95
andrioniškio	95
angliška	95
angliškos	95
ankstyvąjį	95
ankštis	95
antinacinio	95
antisovietinio	95
antkaklės	95
antspaudai	95
antžeminė	95
apartheido	95
apaugusiose	95
apdorojami	95
apdovanojimais	95
apeninų	95
apibendrinimas	95
apibendrintas	95
apibrėžiant	95
apibrėžimų	95
apibūdinamos	95
apklausa	95
apkrova	95
aplankęs	95
aplikacijų	95
aplinkose	95
apollo	95
aprašymui	95
aprėpia	95
aprūpinta	95
apsakymas	95
apsiaustu	95
apsilankęs	95
apsinuodijus	95
apsistodavo	95
apskaitoje	95
apskaičiavimais	95
apskaičiuotas	95
aptariamos	95
apvalaus	95
apvalkalu	95
apyrankė	95
apyvarpės	95
apėmęs	95
arbaletai	95
architektūriniai	95
areštavo	95
aristotelio	95
arterinis	95
asai	95
asfaltuoti	95
asimiliacijos	95
asmeniniais	95
asociacijas	95
astrologijos	95
atgimimui	95
atidaroma	95
atitikmenys	95
atitinkantį	95
atitinkančią	95
atleidimą	95
atleista	95
atliekančių	95
atlyginimus	95
atneštų	95
atomą	95
atrastų	95
atsargumo	95
atsidavė	95
atsigerti	95
atsiliepia	95
atsinaujinančių	95
atsisėdo	95
atsižvelgia	95
atskleista	95
atsparių	95
atspindinti	95
atspindintis	95
atstovaudamas	95
atstovavusi	95
atstumai	95
atvaizdais	95
atvaizdavimas	95
atvejams	95
atvežtų	95
atšakomis	95
atžvilgiais	95
augalinį	95
augalui	95
augsburgo	95
augustui	95
aukuras	95
aukštapelkės	95
aukštomis	95
aukščiu	95
aukščių	95
austras	95
austrijai	95
ausytųjų	95
aut	95
automatikos	95
automatizuoti	95
autonomine	95
autoriais	95
autoritetu	95
aušrinė	95
aviena	95
azijiečių	95
ašaros	95
ašmenų	95
baigiama	95
baigusiems	95
baikalo	95
baltaodžių	95
baltąjį	95
bandomojo	95
bandytoju	95
bandą	95
banknotus	95
bankus	95
baranausko	95
bareljefas	95
barjerinis	95
barokas	95
barą	95
baseinai	95
batalione	95
batatai	95
batoras	95
baudžiamojoje	95
baudžiamąjį	95
baudžiauninkais	95
bažnytinis	95
begalybės	95
belaisviais	95
benas	95
bendražygiai	95
bendrinio	95
bernardas	95
besidriekianti	95
bibliofilas	95
bibliografas	95
bijodamas	95
biologinius	95
biotechnologijos	95
biurai	95
blogus	95
blokados	95
blokus	95
bokšteliai	95
bolidai	95
bombardavimą	95
boružių	95
bosnija	95
bosu	95
branduolinę	95
brangakmeniais	95
britais	95
britanijai	95
brošiūrų	95
brukline	95
bręstantys	95
buka	95
burmistro	95
burtis	95
burė	95
butane	95
butelių	95
bučinys	95
bėgius	95
būdui	95
būdvardžiai	95
būdvardžių	95
būgno	95
būsimai	95
centrines	95
cenzą	95
chazarų	95
cheminėmis	95
chlorofilo	95
chronologiją	95
cigaretės	95
cirkuliacija	95
cirkuliuoja	95
cisc	95
citadelė	95
citatų	95
clarkson	95
cnn	95
dabartį	95
dainininkus	95
daliniu	95
dalykinė	95
dalyvaujanti	95
daniją	95
darbininkais	95
darbuotoją	95
darbėnų	95
darželyje	95
daržovė	95
datavimo	95
daugyba	95
debiutavęs	95
deginami	95
dekoratyvus	95
deleguoti	95
delfi	95
demokratine	95
dengiamas	95
deputato	95
derlingoje	95
derėtų	95
detalus	95
detektorių	95
dešimtoji	95
diagnozuotas	95
diakonas	95
dialektologijos	95
dialektus	95
didesnei	95
didinamas	95
didėjantis	95
didžiajame	95
didžiumą	95
dienose	95
difrakcija	95
diktatoriumi	95
dilema	95
dilgėlių	95
diplomatinėje	95
dirbančios	95
dirbančius	95
direktyva	95
disku	95
diskusija	95
dislokuoto	95
dizaineriai	95
dizainerio	95
dokumentinio	95
domeną	95
dominykas	95
donecko	95
dozėmis	95
draugės	95
drebulynų	95
drebulės	95
drąsos	95
duobėje	95
durimis	95
dvasingumo	95
dvasiniu	95
dviese	95
dvigeldžių	95
dviratininkas	95
dviračio	95
dykumas	95
dysnos	95
dėmelių	95
dėmuo	95
dėstomas	95
dėžutę	95
džiova	95
eco	95
efektyvų	95
egzotiškų	95
eilinio	95
ekologinę	95
ekonominiam	95
ekranizacija	95
ekranus	95
ekskomunikavo	95
ekskursijų	95
eksponuojamas	95
eksponuojamos	95
ekspresyvūs	95
elektrolizės	95
elektromechanikas	95
eleonora	95
elninių	95
endoplazminio	95
energetinis	95
energetinių	95
epitetas	95
eritrėjos	95
eskizus	95
esminį	95
estrogenų	95
eterio	95
etninis	95
etnografija	95
europinis	95
eustachijus	95
evangeliją	95
failas	95
fantazija	95
fasadą	95
fci	95
fenomeną	95
fermas	95
filharmonijoje	95
filosofinius	95
filosofinį	95
finansiniais	95
fiziniu	95
flavonoidų	95
florencijoje	95
folkloru	95
formalių	95
formatai	95
formose	95
formuojamas	95
frankfurte	95
fregatos	95
frontu	95
fryzų	95
funkcinis	95
gabumai	95
gaires	95
galingai	95
galingiausiu	95
galutinių	95
galybė	95
gaminimui	95
gaminta	95
gamintojos	95
gamybinis	95
gandrų	95
garbinami	95
gargažių	95
garsiais	95
garsiausia	95
garsius	95
gastroles	95
gaujų	95
gausiausių	95
gausybe	95
gausėjo	95
gavybai	95
gebėjimo	95
gegužė	95
gelbėjo	95
geležiniais	95
geležinkelininkų	95
generalinį	95
generolus	95
geofizikos	95
geografinį	95
geologiniai	95
geologinio	95
geologinė	95
geometriją	95
geometriniai	95
geometriniais	95
gerbiami	95
geresnes	95
giminaičius	95
giminėje	95
giminėmis	95
gimtadienis	95
ginkluotosioms	95
ginčijasi	95
gorkio	95
gotikinis	95
gravitacinis	95
griūties	95
grojimas	95
groteles	95
grynasis	95
grąžina	95
grėsme	95
grįsta	95
grįždavo	95
gumbai	95
gydomi	95
gydytojams	95
gynybinio	95
gytis	95
gyvates	95
gyvenimai	95
gyvybinės	95
gėlavandenių	95
gėrė	95
hegemonijos	95
heinrich	95
heliu	95
herojumi	95
hidroenergijos	95
higiena	95
hitlerininkai	95
hito	95
hnk	95
homoseksualumas	95
homoseksualų	95
humoras	95
humoru	95
idant	95
idealai	95
idealas	95
identiška	95
ideologų	95
ignalina	95
ilgojo	95
iliuzionistas	95
ilčių	95
imigravo	95
imperatoriais	95
imperatorės	95
imties	95
imunitetą	95
incidentų	95
indoneziečių	95
inspekcijoje	95
integraciją	95
integruotos	95
intelektą	95
intensyvių	95
intensyvūs	95
interpretaciją	95
intervencija	95
istorikams	95
istoriniam	95
ital	95
izabelė	95
izoliaciją	95
izoliuotas	95
išardė	95
išblunka	95
išeiga	95
išgydyti	95
išimtimis	95
iškalti	95
iškilimo	95
išklausė	95
išlaisvina	95
išlikusiais	95
išlyginti	95
išminčius	95
išmokėti	95
išnykus	95
išplanavimas	95
išplatinta	95
išplaukti	95
išplėšė	95
išraižyta	95
išreiškiami	95
išrinkimą	95
išrūpino	95
išsaugojimą	95
išsilaikęs	95
išsiplėtimo	95
išsiveržimą	95
išsiveržęs	95
išsivysčiusiose	95
išskirtines	95
išskirtinės	95
išskirtos	95
išskrido	95
išskyros	95
ištikimų	95
ištisiniai	95
ištvermingi	95
ištyrinėti	95
ištįsusi	95
išvestos	95
išvykimo	95
išvykos	95
iššauti	95
iždui	95
jaunikliams	95
jausmu	95
javascript	95
jelgavos	95
jemenas	95
jinai	95
joga	95
jokioms	95
jonušo	95
judančio	95
judesį	95
jungimosi	95
jungtinį	95
juntama	95
juodame	95
juodaodis	95
juodmargiai	95
juodąją	95
juridiniams	95
juška	95
jėgainę	95
jūrmylių	95
kairiąją	95
kairėn	95
kalbantis	95
kalbasi	95
kalcis	95
kalinami	95
kalnagūbriu	95
kalnyną	95
kalviai	95
kalvis	95
kalėjimu	95
kampanijai	95
kampanijas	95
kampinis	95
kamuoliukus	95
kanjone	95
kapais	95
kapitalizmą	95
kapitonai	95
karavanų	95
kareiviais	95
kareivines	95
kareivinių	95
karkasą	95
karstuose	95
kartis	95
karvedžiai	95
karštis	95
kasdienybės	95
kasą	95
katalogo	95
katastrofų	95
katedras	95
kategoriškai	95
katekizmo	95
katilėlis	95
kaukes	95
kavinėse	95
kazokais	95
každailis	95
kdp	95
keisdavo	95
keistai	95
keistų	95
kelialapį	95
keliamų	95
keliui	95
keliukas	95
kelmėje	95
keltais	95
kenedžio	95
keptos	95
kepuraitės	95
kepykla	95
keramikas	95
ketvirtfinalio	95
kiaušinėlio	95
kiniškai	95
kirčiuotės	95
klasifikavimo	95
klimas	95
kliniką	95
knygelę	95
knygnešiams	95
koalicijai	95
kobalto	95
kodeksų	95
kodifikacija	95
kodifikuotas	95
koduoja	95
kolektoriaus	95
kolonializmo	95
kolūkiai	95
komandinis	95
komentaro	95
komerciniais	95
komerciniu	95
komikas	95
komitetuose	95
komių	95
kompensuoja	95
kompiuteriniai	95
komponentais	95
koncertais	95
koncertams	95
koncertines	95
konfiskuoti	95
konfrontacijos	95
konservuoti	95
konsulų	95
kontinentų	95
kontūro	95
koralai	95
kordiljera	95
kortele	95
korteso	95
kovinio	95
kovotojus	95
krabai	95
krantinės	95
kratos	95
kraujotaką	95
kraujui	95
kraštinė	95
kraštotyrininkų	95
kreipiamasi	95
kreive	95
kremlius	95
kriaušė	95
krikštyti	95
kriminalinis	95
kriptoje	95
kristaluose	95
kritikuoti	95
kryžkelėje	95
krūvos	95
kubitus	95
kulminaciją	95
kunigaikštienė	95
kunigystės	95
kuopai	95
kupiškyje	95
kupolą	95
kurilų	95
kursko	95
kurtų	95
kva	95
kvadratinė	95
kvantinę	95
kūgis	95
kūrėjus	95
labirintas	95
laboratorijai	95
lady	95
laidumą	95
laikraščiu	95
laikysena	95
laimei	95
laisviau	95
laisvoje	95
laisvąją	95
lama	95
langais	95
langobardų	95
lankais	95
lankstus	95
lankydavo	95
lankytinų	95
lankytojus	95
laukams	95
laukiama	95
laukinis	95
lazdyno	95
lazerinės	95
lazeriu	95
ledynui	95
legendoje	95
leidžiamų	95
lelijų	95
lemputes	95
lenkiškos	95
lenkė	95
lenos	95
leopardų	95
leukocitų	95
lianos	95
liaudininkai	95
liaudiškos	95
liauką	95
licenciatas	95
lietinguoju	95
lietuviu	95
liečiasi	95
ligonine	95
likutis	95
linksniavimo	95
linkstama	95
lipni	95
lisabonos	95
liūtus	95
loreta	95
luiso	95
luomai	95
luomą	95
lvat	95
lygiagretūs	95
lygina	95
lygino	95
lygmenis	95
lynų	95
lėkštės	95
lėti	95
lūkesčius	95
madride	95
maestro	95
magistrantūrą	95
magistrų	95
magnetiniu	95
magnis	95
magų	95
mahajanos	95
maitinimas	95
maišomi	95
maištininkų	95
makedoniečių	95
malonumui	95
malšinant	95
malūnų	95
mamuto	95
mangos	95
masinei	95
matulaitis	95
matę	95
mašė	95
mažinamas	95
mažose	95
mažuoju	95
mediniame	95
meksiko	95
melsdavosi	95
menininkams	95
meninė	95
mergaites	95
metafizikos	95
metaliniu	95
metimų	95
metinius	95
metinį	95
metodinę	95
metraščiai	95
metropolijos	95
metropolinė	95
mečetę	95
meška	95
midų	95
miegoti	95
miegą	95
migdolų	95
mikroschemos	95
milijardai	95
minimalaus	95
minimalų	95
minimumo	95
minininkas	95
minkšto	95
minosvaidžių	95
minėjimus	95
mirusios	95
mitinės	95
mitochondrijų	95
miuziklo	95
mišinius	95
miškinga	95
modeliuoti	95
modernizavimo	95
modernią	95
modernų	95
mokami	95
moksliniam	95
molekulinių	95
moliuskus	95
monarchai	95
monarchijai	95
monetose	95
mongolams	95
monumentalūs	95
moraliai	95
moralinę	95
moreninių	95
motociklu	95
musulmoniškų	95
mutacija	95
muzikantams	95
mušami	95
mąstymui	95
mėgstamiausias	95
mėnesinį	95
mėsinių	95
mūrinius	95
nacionaliniais	95
nacionalistinės	95
nacionalizavo	95
naktiniuose	95
naminės	95
nareliai	95
naruševičius	95
naujausios	95
neaptikta	95
neatsirado	95
neaukštai	95
nebaigta	95
nebenaudojamas	95
nebūties	95
neformaliai	95
negausios	95
nelaiko	95
nelaimingo	95
nelegalus	95
neminima	95
nenuostabu	95
nenustojo	95
nepakeitė	95
nepalankiai	95
nepasitikėjimas	95
nepasižymi	95
nepasižymėjo	95
nepatinka	95
nepatyrė	95
nepopuliarus	95
nepradėjo	95
neriją	95
nerviniai	95
nesiėmė	95
nesusijusių	95
netaisyklingas	95
netekimo	95
netekus	95
netikėtas	95
netikėtos	95
netikėtų	95
netinkamo	95
netirpsta	95
neutraliteto	95
neutrinų	95
nevengia	95
nevyriausybinės	95
nežinia	95
nindzės	95
nintendo	95
nišos	95
nominuoti	95
noreika	95
normali	95
norėjęs	95
notacija	95
nudažytas	95
nueina	95
nufotografavo	95
nufotografuoti	95
nukeliauti	95
numatomas	95
numeta	95
numušti	95
nuoskalų	95
nuostabaus	95
nuostabūs	95
nuosėdinės	95
nupjauto	95
nuplauti	95
nusiginklavimo	95
nusikalstama	95
nusikalstamos	95
nusikalstamų	95
nusistovėjusi	95
nusišovė	95
nuskandino	95
nuslopintas	95
nusmailėjęs	95
nusprendęs	95
nustatytu	95
nusėtas	95
nutapytas	95
nutapyti	95
nušalinti	95
nušauna	95
nušauti	95
nužudžius	95
oazės	95
oficialiais	95
oktetą	95
okupuoti	95
okupuotų	95
olimpiadų	95
olimpiniu	95
ontarijo	95
openoffice	95
oponentų	95
optiškai	95
oranžine	95
orinoko	95
orlaivius	95
ornamentų	95
ortodoksai	95
oskaras	95
osvaldas	95
paaiškinimų	95
pacientai	95
padengia	95
padidinimo	95
padidintos	95
padidintų	95
padidėjusio	95
pagalbininkas	95
pagaminto	95
pagarsėjusi	95
pagavo	95
pagramančio	95
pagreitį	95
pagrįstai	95
pajėgumas	95
pajėgumu	95
pakrikštyti	95
palaidotų	95
palaikais	95
palaikančių	95
paleidimas	95
palengva	95
paleogeno	95
palestinoje	95
palikę	95
pamario	95
pamatais	95
pamatinių	95
paminėjimo	95
panaikina	95
panaudodamas	95
panevėžį	95
pantomimos	95
papasakoja	95
papildymai	95
papilį	95
papūgėlės	95
papūgų	95
paradoksą	95
paragvajus	95
paralyžius	95
parametrais	95
parašus	95
parašymo	95
pardavimui	95
parduodant	95
pareiškimų	95
paremtų	95
parengtų	95
parinko	95
parodymus	95
parsisiųsti	95
partinių	95
paruoštos	95
pasamdytas	95
pasaulietinių	95
pasaulėjauta	95
pasidalinti	95
pasiekiamos	95
pasiekusiu	95
pasielgė	95
pasigaminti	95
pasirengimą	95
pasiryžo	95
pasitelkus	95
pasitikti	95
pasivertė	95
pasiūlytų	95
paskirtų	95
paslaptys	95
paspartinti	95
pastarąją	95
pastatytame	95
pastatytuose	95
pastoviu	95
pastūmėjo	95
pasyvus	95
patagonijoje	95
patarimus	95
pateikdavo	95
patentai	95
patentus	95
patikimą	95
patikrinimo	95
patiną	95
paukštynas	95
paupių	95
pavadinamas	95
pavaldžių	95
pavestas	95
pavienius	95
paviljonas	95
paviršinis	95
pašvaistės	95
pažado	95
pažadų	95
pažintis	95
pažymėjimus	95
pen	95
penkiasiene	95
penktoje	95
perdirbant	95
pergalėmis	95
perkamiausiu	95
perlaužus	95
pers	95
persikėlimo	95
personalinių	95
pertvarkant	95
pertvarkos	95
pervesti	95
perėjoje	95
peršalimo	95
pesticidų	95
pečiai	95
pieninės	95
pietinius	95
pietvakarinę	95
pievomis	95
pigmentai	95
pilkais	95
pilkasis	95
pilotus	95
piniginę	95
pirkėjams	95
pirmenybė	95
pirties	95
pjauti	95
pjautuvo	95
plakatas	95
plakatus	95
planetose	95
planuojamos	95
platonas	95
plazma	95
plačiajai	95
plb	95
plikos	95
plokščiais	95
plokščiu	95
plokščią	95
plutoje	95
plymouth	95
plėvele	95
plėšrūs	95
plėšė	95
poetika	95
poetą	95
pogrindinio	95
pokytį	95
pokyčiams	95
politikams	95
pomirtinį	95
populiariai	95
populiarinamųjų	95
populiarią	95
porakanopių	95
poroms	95
portugalais	95
portugalams	95
portugalus	95
posakių	95
poslinkį	95
postai	95
potraukio	95
poveikių	95
požiūrių	95
pradėdami	95
pragarą	95
pragyventi	95
praktinius	95
praktinį	95
praleistų	95
pramonininkas	95
pramoninę	95
praplėtimo	95
prasiveržti	95
praskriejo	95
praturtino	95
pratęsimas	95
prefektūras	95
prekeivių	95
prekinių	95
prekybiniu	95
prekybinę	95
prekybinį	95
pridengti	95
pridėtos	95
prieglaudoje	95
priekinėmis	95
prienuose	95
priešininkais	95
prieštankinių	95
priežastimis	95
prigimtimi	95
priimamos	95
priklausys	95
prilyginamas	95
primera	95
princui	95
prisijungę	95
prisikėlė	95
prisitaikė	95
pristatęs	95
pritaikomi	95
pritarti	95
pritvirtintos	95
privalomąją	95
privatizavimas	95
privilegijoje	95
priėmę	95
prodiusuotas	95
produktyvumo	95
profesijas	95
propaguotojas	95
protakomis	95
protestantus	95
protestas	95
protokolu	95
prototipu	95
psichologai	95
psichologinę	95
pso	95
puikia	95
puodelio	95
pupų	95
pusiasaliai	95
pustonių	95
pučiant	95
qcd	95
racionalus	95
raciono	95
radiacija	95
radikali	95
raguotės	95
raistas	95
randamų	95
rankraščiuose	95
rastą	95
ratelio	95
raštingi	95
raštingumo	95
rašymą	95
reagavo	95
reaktorių	95
realius	95
redagavimo	95
redukcijos	95
reformai	95
reformuota	95
refrakcijos	95
regatos	95
regionines	95
regis	95
reglamentuoti	95
reguliarus	95
reikiamus	95
reikšmingos	95
reikšmėmis	95
reitingus	95
reklaminis	95
rekreacijos	95
rektorių	95
reljefinis	95
remontui	95
rengėjai	95
renovacija	95
restoraną	95
resursais	95
revoliucionieriai	95
rezervatuose	95
rezervuaras	95
rezultatui	95
rezultatyviausias	95
režime	95
režisuoti	95
riebumo	95
rikio	95
rinktinėms	95
ritmika	95
roku	95
ronaldas	95
ropliais	95
rumšiškių	95
ruošiamos	95
ruošiantis	95
rusvomis	95
ryčiau	95
ryšiui	95
ryškius	95
ryškią	95
ryžtingai	95
rėmėja	95
rūgštingumas	95
rūpi	95
rūsio	95
salako	95
salelėje	95
sales	95
saločių	95
salvadoras	95
samanomis	95
samdomi	95
samurajus	95
san	95
sanatorinė	95
sandoriai	95
sankcijas	95
sankcijų	95
sapne	95
sas	95
satyra	95
saugant	95
saugią	95
saulėtas	95
sausoje	95
sausomis	95
sausu	95
savaitei	95
savaitgalio	95
savaitėmis	95
savijauta	95
saviraiškos	95
saviveiklininkų	95
schemose	95
segmento	95
sekcijas	95
sekmadienis	95
semestrus	95
semestrą	95
seminare	95
seminarijai	95
seminarą	95
seniausiu	95
seniūnai	95
seniūnijomis	95
septyniais	95
septyniolika	95
serbentai	95
serbentas	95
sergančiųjų	95
serijiniu	95
sesija	95
sidras	95
siejosi	95
siekiu	95
signalams	95
silpniausių	95
simbolikos	95
simptomas	95
sisteminė	95
siurbliai	95
siurblys	95
siūlomų	95
siūlyta	95
skaidrumo	95
skaidrūs	95
skaidymo	95
skaitant	95
skaitydamas	95
skaityklos	95
skaitytojui	95
skalūnai	95
skardos	95
skiemenį	95
skirstant	95
skirstomieji	95
skirtais	95
skliaustuose	95
skliauto	95
skorpiono	95
skrieti	95
skundas	95
skundus	95
skurdas	95
skydų	95
skysčiuose	95
slapti	95
slaptoji	95
slenksčiai	95
slėptuvę	95
smailus	95
smalininkų	95
smogti	95
socialdemokratija	95
socialinėms	95
solinius	95
sovietiniais	95
spalvinga	95
spalvota	95
spalvotoji	95
spalvotą	95
spartaus	95
spartą	95
specializaciją	95
specifines	95
spermos	95
spiečiai	95
sportavo	95
spragas	95
sprogdinimo	95
sraigtasparnius	95
standartinius	95
standartinę	95
stankevičius	95
statiniais	95
statinį	95
statulėlių	95
stebėjimui	95
steigiamajame	95
stengdavosi	95
stepė	95
stepėje	95
stiebelių	95
stinga	95
stogeliu	95
storumo	95
stovinčio	95
stovėdavo	95
stovėjusios	95
stočiai	95
straipsniu	95
strateginį	95
streikas	95
strėvos	95
stumbrai	95
stuobrių	95
suartėjimo	95
suartėti	95
suaugusios	95
subrandina	95
suburtas	95
subyrėjimo	95
sudegusios	95
suderintas	95
suformuluota	95
suformuotų	95
sugautas	95
sugavo	95
suirutė	95
sujungimų	95
sukaupia	95
sukauptas	95
sukauptos	95
sukeldama	95
sukelto	95
sukurtais	95
sukviesti	95
sukėlęs	95
sultoną	95
sumažėjimą	95
sumažėjęs	95
sumedėjusių	95
sumedėję	95
sumetimų	95
sunkesni	95
sunkias	95
supantys	95
suplanavo	95
surašytas	95
surinkdavo	95
susijungusi	95
susijusiose	95
susilaikymas	95
susirinkimui	95
susistemino	95
susitaikymo	95
susivienijime	95
suspaudimo	95
suspaustas	95
susprogdinta	95
sustabdo	95
sustabdytos	95
sutaikyti	95
sutarimu	95
sutramdyti	95
sutrikdo	95
sutrikimu	95
sutrumpėja	95
sutrumpėjo	95
suvartojimas	95
suvienijus	95
suvilioti	95
suvokiami	95
sužaisti	95
sužeidimų	95
sužinojusi	95
sverdlovsko	95
svoriu	95
sykiu	95
sąnariai	95
sąskrydžių	95
sąveikų	95
sėdintis	95
taikomų	95
taisyklingas	95
taisyklingo	95
takeliu	95
takelius	95
tamprumo	95
tamprus	95
tamsia	95
tanino	95
tankių	95
tanką	95
tapati	95
tapdami	95
tapusią	95
tardomas	95
tardytas	95
tarinys	95
tarmę	95
tarnautoju	95
tarnybinių	95
tarpų	95
tarytum	95
tautinius	95
tautodailininkų	95
tašytų	95
technologinis	95
teikiančios	95
teisėta	95
tektų	95
teleskopais	95
televizorius	95
telmologinis	95
tenkanti	95
teodoro	95
teorines	95
teorinio	95
teorinius	95
terasų	95
terminologija	95
termodinamikos	95
testamento	95
testamentą	95
tikslinga	95
tikyba	95
tikėdamasi	95
tilpo	95
tinkamumą	95
tinklalapių	95
tinklelio	95
tipinius	95
tirpimo	95
titas	95
titnaginiai	95
tobulai	95
tobulumo	95
tolesnę	95
tolstant	95
torpedinių	95
trakijos	95
traktuojami	95
transformaciją	95
transformacijų	95
tranzistorius	95
tranzistorių	95
traukuliai	95
trenkėsi	95
trečdaliu	95
tribūnas	95
tribūnos	95
trilogijos	95
triumvirato	95
trišalėje	95
trukusią	95
trumpalaikio	95
trupėje	95
turimi	95
turkiją	95
turtinės	95
tuštumą	95
tvirtus	95
tyrinėtą	95
tęstinis	95
tęstinumo	95
universalūs	95
uolą	95
uosynų	95
uraganų	95
uranas	95
urugvajus	95
urėdijoje	95
utilitarizmas	95
uždanga	95
uždangos	95
uždari	95
uždaromos	95
užgeso	95
užimdami	95
užlieja	95
užliejamose	95
užmirštas	95
užmuštas	95
užnugarį	95
užpuolikų	95
užrašinėjo	95
užrašymas	95
užsidega	95
užsitęsė	95
užutėkį	95
užvenčio	95
užėmimas	95
užšalusi	95
vadovaujantysis	95
vagoti	95
vagystės	95
vaidinimas	95
vaidotas	95
vaiduoklių	95
vairuotojų	95
vaistiniai	95
vaitkus	95
vaizduota	95
vakarietiškos	95
vakarinius	95
vakarėlyje	95
valakas	95
valako	95
valdantys	95
valdiška	95
valdžiusio	95
valgius	95
valgomoji	95
valgytojai	95
valstijoms	95
vanilė	95
varikliams	95
varlėmis	95
varpo	95
varputė	95
vartosena	95
vedamos	95
vedančiu	95
vegetacijos	95
veidrodžiai	95
veikiančias	95
veiklų	95
veiksmingai	95
vektoriai	95
velėna	95
venta	95
verdami	95
vergovė	95
vertybė	95
vertėju	95
vežė	95
vicekaralystė	95
vidurkio	95
vidurnaktį	95
vidurupį	95
vidutiniu	95
vidutinę	95
vienaskaitos	95
vienatvės	95
vienkiemių	95
vienmetės	95
vienmečiai	95
vienodu	95
vietinėse	95
vietovardžio	95
vila	95
vilkaviškis	95
vilkaviškyje	95
vilų	95
vinis	95
virpesiai	95
virpesius	95
virvė	95
virvę	95
viršenybės	95
viršininkui	95
viršukalnę	95
visišku	95
vištų	95
vokišką	95
voronežo	95
vožtuvų	95
vyktų	95
vynuogynai	95
vynuogynų	95
vytautui	95
vytis	95
vėjus	95
wii	95
wimax	95
ylos	95
ypatingi	95
ypatingiems	95
zimbabvės	95
zylė	95
čaikovskio	95
česnakas	95
česnakų	95
čiuožimas	95
įamžinęs	95
įdomūs	95
įgijusi	95
įgiję	95
įgimtų	95
įgulas	95
įjungtos	95
įkaista	95
įkandimo	95
įkurtame	95
įkvėpimas	95
įpareigotas	95
įpročiai	95
įrankio	95
įrašoma	95
įrašomi	95
įregistruotas	95
įrengtoje	95
įrodytas	95
įsigali	95
įsigalint	95
įsigaliojimo	95
įsigaliojus	95
įsigalėjimas	95
įsigalėjimo	95
įsigijimai	95
įsivaizdavo	95
įstatų	95
įtaisyti	95
įtakingi	95
įtakoja	95
įteikiama	95
įtraukiamas	95
įtvirtinimo	95
įvardijamos	95
įvardino	95
įžengti	95
įžymių	95
šaknyse	95
šakotos	95
šakutės	95
šalina	95
šalininkams	95
šaltame	95
šaltinyje	95
šaltkalvis	95
šalutiniai	95
šalutinių	95
šarvą	95
šasi	95
šaudymas	95
šeimininkavo	95
šelpė	95
šeriasi	95
šešiems	95
šešta	95
šiandieninės	95
šiauliečių	95
šiaulėnų	95
šilkas	95
šitas	95
šiuolaikinei	95
šizofrenija	95
šlifavimo	95
šlėktos	95
šmėkla	95
šnektos	95
šoninius	95
špaga	95
šulinių	95
šumerai	95
švento	95
šventąją	95
šviesio	95
šviesių	95
šviesulio	95
švinu	95
švėkšna	95
šūkiu	95
ūlos	95
ūsai	95
žaidimais	95
žaidę	95
žais	95
žakas	95
žalioji	95
žaliu	95
žandų	95
žavi	95
žemesnes	95
žemesnieji	95
žemiausią	95
žemyninį	95
žiburiai	95
židikų	95
židinyje	95
žieminių	95
žinodamas	95
žirniai	95
žiurkė	95
žiūrovas	95
žiūrovą	95
žodynus	95
žodžiui	95
žudymo	95
žuvininkystė	95
žvaigždyną	95
žvejys	95
žvėries	95
žynio	95
abejotinas	94
abejų	94
adatų	94
adelaidėje	94
administratoriai	94
administratorių	94
adomaitis	94
adresuotas	94
aerodromą	94
afroditė	94
agarikiečių	94
agitacijos	94
agresyvios	94
agrochemijos	94
aibėje	94
aikštynas	94
aistringas	94
aiškiau	94
aiškumo	94
aiškų	94
akacijos	94
akademiniame	94
akademinėje	94
akinius	94
akivaizdi	94
akli	94
akmenligė	94
aktams	94
aktualijos	94
aktyvioji	94
aktyvuoja	94
akumuliatorių	94
akustinė	94
akušerių	94
albanijoje	94
alfonso	94
aliejinės	94
aliuzija	94
almanachą	94
altariją	94
alternatyvi	94
alternatyviosios	94
amžinos	94
analitikų	94
analogiški	94
analogų	94
ananasai	94
aneksuota	94
anglišką	94
animacinio	94
antibiotikų	94
antigeno	94
antikūnai	94
antkaklė	94
antpilas	94
antpuolio	94
antropologiją	94
antrus	94
antstolis	94
anyžių	94
aortos	94
apatiniu	94
apdegusių	94
apdirba	94
apdoroja	94
apdėti	94
apetito	94
apgadinta	94
apgaubia	94
apgaubtas	94
apgaulė	94
apgultyje	94
apibrėžiantis	94
apibūdintas	94
apimančių	94
apimtimi	94
apiplėšta	94
apkasus	94
aprūpintas	94
apsauginis	94
apsirengę	94
apsistoja	94
apskaičiavimus	94
apskrito	94
apskritų	94
apybraižas	94
apybraižą	94
arabiško	94
aranžavo	94
ardyti	94
are	94
arealą	94
argentiną	94
argumentą	94
arnoldas	94
aromatas	94
artimais	94
artimiausius	94
asemblerio	94
asilas	94
ask	94
askorbo	94
asmeniniam	94
asmeninėje	94
asmenybe	94
astma	94
astronautai	94
ataugų	94
ateistas	94
ateičiai	94
atgabentas	94
atgimti	94
atiduodamas	94
atitikmenų	94
atitinkančias	94
atkartoja	94
atkartoti	94
atkeliauja	94
atkovoti	94
atpažįstama	94
atributais	94
atsigula	94
atsipalaidavimo	94
atsipalaiduoti	94
atsiprašė	94
atsirandančių	94
atsirastų	94
atsisakydavo	94
atsiskyrusi	94
atsiskyręs	94
atsistatydinus	94
atsisveikinimo	94
atsisveikino	94
atsisėda	94
atsitiktiniai	94
atsitiktinumas	94
atsitrenkė	94
atsiveda	94
atsišaukimų	94
atsižvelgdama	94
atskaitinga	94
atskirojo	94
atspalviai	94
atstovaujančių	94
atstove	94
atvaizdavimo	94
atvirkščias	94
atvirus	94
atvykstančių	94
atvykusi	94
atvykusius	94
atėmimu	94
atšiaurus	94
atšilimas	94
audinės	94
audžia	94
augalinio	94
auklėjamas	94
auklėjimą	94
auklėtojas	94
aukojama	94
auksines	94
aukštaitijoje	94
aukštaičiai	94
aukštasis	94
aukštesnieji	94
aukštose	94
aukščiausiame	94
aukščiausiąjį	94
autobiografiją	94
autobuso	94
automatinę	94
autonominį	94
autoriteto	94
averse	94
avies	94
azijiečiai	94
azovo	94
ašigalių	94
aštuntoji	94
badmintono	94
bagažo	94
baigiamuosius	94
baigtį	94
bakterijoms	94
balai	94
baltagvardiečių	94
baltaodžiai	94
baltramiejaus	94
baltymą	94
bandomasis	94
banginio	94
bankams	94
baptistai	94
bario	94
barzdos	94
baudinį	94
bazinės	94
bažnytinius	94
bdsm	94
begalę	94
bendrabutį	94
bendradarbiais	94
bendrojoje	94
bendrovėmis	94
bendrumo	94
bendruomeninės	94
beos	94
berniukus	94
beržynai	94
bespalvė	94
bespalvės	94
bestseleriu	94
bežemių	94
bgb	94
bibliofilų	94
bibliotekomis	94
bilietas	94
bismarko	94
bitininkų	94
bitė	94
biudžetinė	94
biurui	94
biurų	94
bizantijai	94
bizkit	94
blokada	94
blokavo	94
bolidus	94
bombardavimų	94
bordiūras	94
brandinamas	94
brangesnis	94
brangiau	94
brangu	94
brazilai	94
brigadininkas	94
bronzinė	94
budizmu	94
budėjo	94
burkina	94
burtus	94
burėmis	94
butelis	94
buveine	94
būdamos	94
būdingomis	94
būdingu	94
būdvardžio	94
būgnininką	94
būklei	94
būrai	94
būrelius	94
būsimu	94
būtinus	94
būtinybės	94
centralizuoto	94
cerkvių	94
cfa	94
cfl	94
charakteristikomis	94
charakteriu	94
chemikų	94
chuntos	94
cirke	94
cirkuliacijos	94
citrina	94
citrinmedžiai	94
claude	94
cukriniu	94
dailininką	94
daktarą	94
dalybos	94
dalykinės	94
dalytis	94
dalyvautų	94
darbdaviui	94
darinio	94
darželiai	94
darželių	94
datulės	94
datuoti	94
datų	94
daukantas	94
davusi	94
debiute	94
degindavo	94
dekanė	94
dekretą	94
demokratas	94
demokratijai	94
demonstracijas	94
demontuoti	94
dengianti	94
deramai	94
derinamos	94
derlingose	94
detaliau	94
dešimtas	94
dešimtinę	94
dešimtmetėje	94
dfv	94
diabetas	94
diakonu	94
dialogo	94
didmeistris	94
didvyriai	94
didvyrius	94
didžiuojasi	94
dietos	94
dieviškoji	94
dievybe	94
dievybėmis	94
diktatorių	94
diodai	94
dirbami	94
dirbiniams	94
dirbs	94
dirbusių	94
direktyvos	94
dirgiklius	94
diskelių	94
dislokuotos	94
disponuoti	94
distancijoje	94
divizionai	94
dlk	94
dominikonai	94
dramaturgo	94
dramaturgų	94
draudžiamų	94
driežas	94
drobė	94
druską	94
drėkina	94
dvariono	94
dvasines	94
dviaukštis	94
dvilyčiai	94
dviratį	94
dviračius	94
dėstymas	94
dėtis	94
dūmais	94
džiuto	94
edgaras	94
efektyvesnis	94
egzistencializmas	94
egzistencija	94
ei	94
eilei	94
eiliniu	94
ejakuliaciją	94
ekologinis	94
ekonominėmis	94
ekspertu	94
elamitų	94
elektriko	94
elektriniais	94
elektromagnetinis	94
elementorių	94
elementui	94
eliminuoti	94
elitą	94
emaliu	94
emanuelis	94
emisijų	94
emocinio	94
energetinė	94
epizodinį	94
epizodo	94
erdvinės	94
erdvėlaivių	94
eritrocitai	94
eroduoja	94
erotinių	94
esamus	94
esančioms	94
eskadrinių	94
esmines	94
esminę	94
etanolis	94
etiketas	94
etinės	94
etnine	94
etninio	94
etninius	94
etnografinio	94
explorer	94
ežerui	94
ežeryno	94
fanams	94
fauną	94
fazanai	94
federalinio	94
fermentuotas	94
fiksuojama	94
fiksuojamas	94
filmavo	94
filmuojamas	94
filologė	94
filosofiniai	94
finaluose	94
finansininkė	94
finišavęs	94
firmai	94
fizikinė	94
flango	94
fonetikos	94
formalaus	94
formavimą	94
fotografijoje	94
fotonas	94
fragmentais	94
franciske	94
françois	94
frelimo	94
frontų	94
gabena	94
gabendavo	94
gairės	94
gaisrininkų	94
gaisrus	94
galimybei	94
galingais	94
galingus	94
galinis	94
galinius	94
galinę	94
galiojanti	94
galąstuvas	94
gaminantis	94
gaminasi	94
gaminiais	94
gamintis	94
gamtinio	94
gamybinė	94
ganyti	94
garsino	94
garsiojo	94
garsią	94
garus	94
gastrolės	94
gaudami	94
gausiau	94
gausumą	94
gebą	94
gedimų	94
geležimi	94
geležiniu	94
geležinkeliui	94
gelgaudiškio	94
geltonumo	94
generatoriaus	94
genetinį	94
geną	94
geografinius	94
geologiją	94
gerbė	94
gerbėjas	94
geresnius	94
gerinimas	94
gerklę	94
geronimo	94
gerove	94
gerovei	94
gervinių	94
gimdoje	94
giminaičiams	94
gimstant	94
ginasi	94
gira	94
gitaristai	94
glaustai	94
glazūra	94
gleivės	94
glikozido	94
globėjų	94
grafito	94
grafiškai	94
graikiškų	94
granados	94
grandies	94
grandė	94
graužikus	94
gravitacinių	94
gražiu	94
greitų	94
gremžtukus	94
grindinys	94
griovų	94
griuvo	94
grotelių	94
grotelės	94
gruntą	94
grupinis	94
grupuojami	94
grupuojamos	94
grynumo	94
grąžintos	94
gręžinių	94
grįžimą	94
gubernatoriai	94
gudobelė	94
gvardiją	94
gynybinį	94
gynėju	94
gynėsi	94
gyvatėmis	94
gyvavimą	94
gyvenamuoju	94
gyvenančiais	94
gyvenusiais	94
gyvsidabris	94
gyvuoti	94
gyvybe	94
gyvūnu	94
gėlavandenės	94
habilitacinį	94
hadsono	94
haiku	94
haliucinacijas	94
hanoverio	94
harmonizuotos	94
henri	94
hercegovina	94
hibridų	94
hidrometeorologijos	94
hiragana	94
humanitarinę	94
husitų	94
identifikuoja	94
ieškotojų	94
ilgesnio	94
ilgieji	94
ilgoji	94
iliuzijos	94
iliuziją	94
iliuzijų	94
iliuzionistų	94
imituoti	94
imperatoriškoji	94
importą	94
improvizacija	94
improvizacijos	94
impulsus	94
imtuvų	94
imuninė	94
imunitetas	94
indianos	94
infekcijų	94
infrastruktūrai	94
ingredientų	94
inkiluose	94
inkstai	94
inocentas	94
inovacijų	94
instaliacijų	94
institucijai	94
integruotą	94
internetinės	94
interpretuojama	94
intervalais	94
intervenciją	94
iranas	94
isdn	94
iu	94
izotopas	94
izraelitų	94
izraelį	94
išauginti	94
išdžiovinti	94
išgautas	94
išgelbėja	94
išilginių	94
iškovojusi	94
iškviesti	94
išleis	94
išlinkę	94
išmanė	94
išmetama	94
išminčių	94
išmūryta	94
išnešioja	94
išore	94
išoriniame	94
išpažinėjai	94
išplatintas	94
išplečia	94
išpuolius	94
išrasti	94
išrinkimas	94
išrinktą	94
išsaugojimui	94
išsekimo	94
išsilaipinti	94
išskirtinio	94
išskirtiniu	94
išspaudų	94
išspręsta	94
ištikus	94
ištirpusių	94
ištverti	94
išvengiant	94
išvydęs	94
jakutijos	94
jane	94
janonio	94
jaunesnieji	94
jaunesniųjų	94
jaunu	94
jaučiai	94
jaučiami	94
jemene	94
jeruzalėje	94
jokioje	94
jozefas	94
jubiliejus	94
judas	94
judinti	94
judrios	94
judėjimams	94
jugoslavų	94
juliaus	94
jungimo	94
junginiams	94
junginiu	94
jungtinių	94
juodaisiais	94
jurgita	94
jūrinius	94
kabeliai	94
kabelio	94
kabina	94
kabinetuose	94
kablelio	94
kadastro	94
kadencijų	94
kadro	94
kadrus	94
kaimeliai	94
kairiau	94
kaišiadorys	94
kalbėta	94
kalifatą	94
kaligrafijos	94
kaltinama	94
kaltinti	94
kalvelėje	94
kalvio	94
kalvių	94
kalvomis	94
kalvotos	94
kameriniais	94
kameriniame	94
kamerinė	94
kamieninių	94
kampelis	94
kamuoliniai	94
kamuoliukų	94
kanalizuotas	94
kankino	94
kankinti	94
kantatas	94
kapitalistinės	94
kapitonui	94
kapituliavo	94
kapucinų	94
karaimai	94
karaliaučius	94
karalystėms	94
kariaujančių	94
karkasas	94
karnavalas	94
karoliui	94
karstas	94
karsto	94
karties	94
karšių	94
karštosios	94
karščiui	94
kasdienio	94
kasmetiniai	94
katalizatorius	94
katekizmas	94
katekizmą	94
katilus	94
kauliniai	94
kaupiamas	94
kaupinimo	94
kautynėms	94
kavaliauskas	94
kavecko	94
kazachijoje	94
keleiviniai	94
keleivinio	94
keliantis	94
keliavęs	94
kelmė	94
keltu	94
kempingas	94
kentaurai	94
kers	94
keturioms	94
kiaulė	94
kiekių	94
kiemuose	94
kilusią	94
kimono	94
kinetinės	94
kinijai	94
kirgizijos	94
kirtimų	94
kirtėjų	94
kirviais	94
kišimosi	94
klasicistinių	94
klausytojus	94
klavišiniais	94
klientais	94
klinikinių	94
kloaką	94
koalicinę	94
kokiame	94
kokteiliai	94
kolonas	94
kolonijoms	94
kolonizuota	94
komandinės	94
komendantu	94
komentarais	94
komercinius	94
kometų	94
komisariatas	94
komisaru	94
kompaktiškas	94
kompanijose	94
kompleksinio	94
kompleksinės	94
kompleksiškai	94
komunizmas	94
komunoje	94
koncertinius	94
konfederacijoje	94
konfucianizmas	94
konjako	94
konservatyvių	94
konstitucinis	94
konsulatas	94
konsulinis	94
konsultacinis	94
kontekstą	94
kontoroje	94
kontrolinį	94
kontūrus	94
koplyčiai	94
korekcijos	94
kostiumas	94
kotrynos	94
kovines	94
kovinį	94
košė	94
krabų	94
krateryje	94
kraštams	94
kraštutinių	94
kreditus	94
kreipimąsi	94
kreivę	94
krikščioniškojo	94
kriptografija	94
kristijono	94
kritimą	94
kritinio	94
krokodilai	94
krosnį	94
krovininis	94
krėvos	94
krūmokšniai	94
krūmokšnių	94
kulinarinių	94
kultūriniais	94
kultūriniuose	94
kultūrinėmis	94
kulvos	94
kupiškėnų	94
kupolai	94
kupranugariai	94
kurdistano	94
kurorte	94
kursu	94
kuruoja	94
kvadratinės	94
kvapu	94
kvarcas	94
kvepalus	94
kvinta	94
kūdikiai	94
kūnuose	94
labdara	94
laidininkas	94
laikantys	94
laikymą	94
laikytini	94
laiminga	94
laivininkystės	94
lakūnu	94
langelį	94
lankomos	94
lanksti	94
lapelis	94
lapelius	94
laukelio	94
laukelius	94
laumžirgis	94
lazdijai	94
lazerinio	94
lašelių	94
ledynais	94
ledynmetis	94
ledynuose	94
legali	94
legalus	94
leipcige	94
lengvaatletis	94
lengvuosius	94
leninizmo	94
lenktyninių	94
leno	94
lentpjūvės	94
leopoldo	94
liejykla	94
liekanose	94
lieti	94
likvidavo	94
likvidavus	94
lingvistas	94
linijoms	94
linksniai	94
literatūrologas	94
liturgijos	94
liturginiai	94
liudijimą	94
liuterio	94
lizdai	94
lizduose	94
liūdnai	94
lkka	94
lodzės	94
loginės	94
lol	94
lopšys	94
lotyniškomis	94
lovoje	94
lpp	94
lsdou	94
luobelė	94
lva	94
lydimi	94
lygaus	94
lygiomis	94
lėktuve	94
lėkščių	94
lūkesčių	94
lžs	94
madagaskare	94
magai	94
magistralę	94
magnatas	94
magnoliopsida	94
mailių	94
maitinami	94
maišelio	94
majorą	94
makedonai	94
makedoniją	94
maksimalaus	94
malonumų	94
malonų	94
malšino	94
manau	94
mandarinų	94
manganas	94
manija	94
manydami	94
marihuanos	94
marijonas	94
markę	94
marokiečių	94
marse	94
maršų	94
masinius	94
mastai	94
matematikai	94
matematinius	94
matomą	94
matomų	94
maudymosi	94
mauricijaus	94
mazuto	94
mažiausios	94
mažino	94
mažumą	94
mažąsias	94
mechaniniu	94
mechanizmu	94
medicininė	94
medikas	94
meluoja	94
menininkė	94
menkavertė	94
menki	94
menką	94
mercedes	94
mergelės	94
metafora	94
metamorfozės	94
metikas	94
metimas	94
metodikas	94
metrinės	94
metropolija	94
mikrofono	94
milijardą	94
milijonais	94
miltligei	94
milžinus	94
mineralinis	94
minkštų	94
minosvaidžiai	94
mirtinos	94
mirusįjį	94
mirčiai	94
misionieriaus	94
mitybai	94
mityboje	94
miškingas	94
miškingomis	94
mišraus	94
mobilumas	94
modernioji	94
moderniųjų	94
mokomąsias	94
molekulėms	94
moliūgai	94
mongolija	94
monsinjoras	94
moralines	94
moralinio	94
moterišką	94
motyvaciją	94
mumijų	94
musulmonus	94
muziejininkė	94
muša	94
mwh	94
mylimasis	94
mylėjimosi	94
mąstytojai	94
mąstytojų	94
mėgaujasi	94
mėgstamiausių	94
mėgstamos	94
mėlynių	94
mėtų	94
nacijos	94
nadruviai	94
naikinant	94
nameliai	94
nasdaq	94
naudmenos	94
naudmenų	94
naudotojams	94
naujagimiai	94
naujagimio	94
naujausiais	94
naujokas	94
naujuosius	94
naująsias	94
neatlaikė	94
nebaigęs	94
nebelieka	94
nedelsdamas	94
nedirba	94
neetatinis	94
neformaliojo	94
neformalus	94
negatyvų	94
neišvengiama	94
neketino	94
nekreipė	94
nelaikoma	94
nelaimes	94
nelaimingą	94
nematyti	94
nematė	94
nemini	94
nemirtingas	94
nemoka	94
nenaudojo	94
nenumato	94
neoficiali	94
nepadeda	94
nepakankamas	94
nepastebėjo	94
nepastebėtas	94
nepatektų	94
nepraranda	94
nepriimtina	94
nepriklausančios	94
nerekomenduojama	94
nerijus	94
neris	94
nesikeitė	94
nesitikėjo	94
nestabilumas	94
nesupranta	94
nesusijusi	94
nesuteikia	94
nesėkmes	94
netekti	94
netikras	94
netikėti	94
netinkamu	94
netinkamą	94
neturtingiems	94
neutralitetą	94
neutralizuoti	94
neužteko	94
neveikiančios	94
nevėžis	94
neįtikėtinai	94
nešiotis	94
nešėja	94
nešėjai	94
nigerija	94
niurnbergo	94
niša	94
nominacija	94
nominalų	94
normalios	94
normandijos	94
notarai	94
nubijos	94
nufilmuoti	94
nukautas	94
nukritusių	94
nukrypo	94
nulemtas	94
numirti	94
nunešti	94
nuodugniai	94
nuomojamos	94
nuosaka	94
nuosavybėn	94
nuosėdas	94
nuosėdinė	94
nuovada	94
nuoširdžiai	94
nurodytus	94
nusikalstamas	94
nusipelniusių	94
nuskandinti	94
nustatymui	94
nustatytais	94
nutarimo	94
nužygiavo	94
nykstančios	94
observatoriją	94
odbc	94
oecd	94
oginskio	94
oginskių	94
okupuotose	94
olandams	94
olandiškai	94
olą	94
omeny	94
operacijomis	94
operacines	94
operatoriumi	94
operatyvinio	94
oponentas	94
optimizavimo	94
optimizuoti	94
organinius	94
organinėmis	94
orlaiviai	94
oslo	94
ozas	94
ožkas	94
paaugliams	94
pabaigus	94
paberžės	94
padaliniu	94
padaliniuose	94
padarytus	94
padavimas	94
padidėti	94
pageidauja	94
pageidavimu	94
pagelbėti	94
pagilintas	94
pagimdo	94
pagyvino	94
pagėgiai	94
pailginti	94
painiavos	94
painiojama	94
pajėgumai	94
pajūris	94
pakabą	94
pakankama	94
pakeliamas	94
pakilimą	94
pakistanas	94
pakopoje	94
pakruojis	94
pakėlus	94
palaikymu	94
palankią	94
palankūs	94
palapinės	94
palapinėse	94
palaužė	94
paleolite	94
paleontologijos	94
palikimu	94
palivarkų	94
palmė	94
palydų	94
pamanė	94
pamatinės	94
paminkluose	94
paminėtina	94
pamiršta	94
pamėgtas	94
panaudotų	94
panašesnis	94
panemunėlio	94
panikos	94
papasakoti	94
papiruso	94
paprastesnė	94
paprastumas	94
paprašo	94
papročio	94
papėdė	94
paraišką	94
parazituoja	94
pardavinėja	94
pardavęs	94
pareigybę	94
pareiškimo	94
parodai	94
parsivežė	94
partizaninis	94
paruduoja	94
paruoštų	94
parūpino	94
pasaką	94
pasakėčių	94
pasauli	94
pasauline	94
pasidengia	94
pasiekiant	94
pasirašiusios	94
pasirodymu	94
pasisiūlė	94
pasiskolintas	94
pasitaikančios	94
pasiuntinio	94
pasiuntinį	94
pasivadinę	94
pasišalina	94
pasiūlymai	94
pasiūlytą	94
pasiūlęs	94
paskaitose	94
paskatų	94
paskelbimą	94
paskubomis	94
paslaptingai	94
pastatoma	94
pastatomas	94
pastatu	94
pastebėjęs	94
pasąmonę	94
patamsėja	94
patas	94
patektų	94
patogiai	94
patogūs	94
patriotas	94
patvirtinančio	94
pavedama	94
paveikslu	94
paveldui	94
paveldėtoja	94
pavidalų	94
paviršinių	94
pavykdavo	94
pavyktų	94
pašvaistė	94
pašventinti	94
pažemintas	94
pažiūromis	94
pd	94
pdf	94
peilį	94
pelekų	94
pelkynuose	94
pelkėmis	94
pelkėtą	94
pelėdgalvis	94
pelėdinių	94
penkiakampės	94
penkiuose	94
penktame	94
penkto	94
pensijos	94
perdarytas	94
perimant	94
perimdavo	94
periodinio	94
perkėlimą	94
perleidimo	94
perleista	94
perrašė	94
persais	94
persekioja	94
personalinę	94
perspektyvas	94
pertvarkymas	94
pervardinta	94
pervestas	94
pietrytinę	94
pikselių	94
piktžolės	94
pilamas	94
piligrimai	94
pilkomis	94
pilnu	94
pilvaplėvės	94
pionierius	94
pipiras	94
piramides	94
pirklius	94
pirmininkauja	94
pirmosioms	94
pirtys	94
pjesėse	94
plakiai	94
planams	94
planu	94
planuose	94
planuotas	94
plastinės	94
platesnį	94
platinamasis	94
plauti	94
plačiausia	94
plieninis	94
plonesnis	94
plonosios	94
plotais	94
plotui	94
plungė	94
plutą	94
plėtojantis	94
pm	94
png	94
podiumą	94
poelgius	94
poetės	94
pogrindinėje	94
pogrindį	94
poilsiaviečių	94
pokalbį	94
poklasis	94
pokyčiais	94
pokyčio	94
poligono	94
politikais	94
politikus	94
politinėse	94
popierinių	94
popieriuje	94
poplūdžiai	94
populiarias	94
populiarumu	94
populiarumui	94
poreikiais	94
poroje	94
portugalas	94
portugaliją	94
porūšiu	94
potvynį	94
povilaitis	94
požiūriui	94
požiūrius	94
požymio	94
pradiniu	94
pralaimėjusios	94
pralaimėto	94
praleidimo	94
pramogai	94
pramoginių	94
pramušti	94
praplatėja	94
praplėsta	94
praradę	94
prastą	94
prefektūrą	94
prekeiviai	94
prekiniai	94
preparatus	94
presbiterijos	94
prestižinį	94
pretekstas	94
pretenzijos	94
priartėti	94
priebalsius	94
priede	94
prieglobstis	94
prieiga	94
priešingi	94
priešiškumą	94
prieštaringi	94
prieštaringų	94
priimto	94
prijungiama	94
prijungiamas	94
prikelti	94
priklausančioje	94
priklausančius	94
priklausomų	94
primatai	94
primenantį	94
prisidėję	94
prisiimti	94
prisijungimą	94
prisitvirtinę	94
prisotintas	94
pristatomos	94
pritrūko	94
privalomai	94
privalomos	94
priverstinio	94
priverstinis	94
prizmės	94
prižiūrimi	94
produktyvumas	94
profesionaliosios	94
profilį	94
prognozuoja	94
programinis	94
projektuojamas	94
prokalbė	94
prostitucijos	94
prostitutės	94
protakas	94
protokolus	94
protonus	94
protėviu	94
provincijolas	94
prozą	94
prūsams	94
psas	94
psichodelinio	94
psichologiniai	94
psichologų	94
puikius	94
pulkais	94
pumos	94
punske	94
puolėjų	94
puošdavo	94
puošnus	94
pusapskrite	94
pusbroliu	94
puslaidininkinių	94
pusryčių	94
pusseserė	94
pusseserę	94
pučiamieji	94
pyktis	94
pėstiesiems	94
radialinio	94
radikalus	94
radioelektronikos	94
ragana	94
rage	94
ragina	94
raguvų	94
raiški	94
raištis	94
raižiniai	94
raižiniais	94
rajoninės	94
rankraštyje	94
rapolas	94
rausvo	94
raštinėje	94
rašytojams	94
rašytų	94
reaktoriai	94
reaktyvinių	94
realistinių	94
realų	94
receptą	94
rega	94
regioninę	94
registruoja	94
reglamentuojančių	94
reglamentą	94
reguliacija	94
reguliacijos	94
reikalaujantis	94
reikalingo	94
reikšmingus	94
reitingo	94
reitinguose	94
reiškiančiu	94
reiškiančių	94
rekonstrukciją	94
rekordinis	94
religinėse	94
remontą	94
remtasi	94
renesansas	94
renesansinė	94
rengiamų	94
rengiantis	94
rengimu	94
renovuotas	94
repeticijų	94
respublikas	94
respublikonai	94
restauracija	94
retmiškiai	94
revoliucinio	94
rezidentas	94
rikiuotę	94
rimšės	94
rink	94
ristūnų	94
ritinio	94
ritualinių	94
rojus	94
rombo	94
rostovo	94
rozalimo	94
rublio	94
rublis	94
rutulių	94
ryžiais	94
ryžtasi	94
rėmai	94
rėmo	94
rūsius	94
saikingai	94
sakmėse	94
sakęs	94
saldainiai	94
saldžiarūgštės	94
saldžiosios	94
salomėjos	94
samprotavimo	94
sandėlį	94
sapiegos	94
saratovo	94
sargai	94
sartų	94
saugyklų	94
saulėlydžio	94
saulėtomis	94
savanoriais	94
savitaisis	94
savitumo	94
savivaldybininkas	94
savu	94
sceninis	94
seimelio	94
sekančio	94
seksualinę	94
sektoriuose	94
seminarijose	94
semiotikos	94
senose	94
senoviniais	94
senoviniu	94
senyvo	94
serbams	94
sergantis	94
serialui	94
serijinis	94
serverius	94
setų	94
siaubą	94
siaurukas	94
siaurus	94
sidabrinio	94
sidabriškai	94
siejant	94
siekdavo	94
siekusios	94
sielas	94
sielvarto	94
sienelėmis	94
sijoną	94
silicis	94
silpnesni	94
silpniau	94
simetriškas	94
simfoninę	94
sindromu	94
sinodas	94
sintetinio	94
sintezatorius	94
sirupo	94
siūlą	94
siųstuvo	94
skaitinių	94
skaitymą	94
skalūno	94
skambutis	94
skardžiai	94
skausmingas	94
skelbiasi	94
skersiniai	94
skiltį	94
sklandžiai	94
skleidžiantis	94
skonių	94
skonto	94
skrandis	94
skridimo	94
skristuku	94
skrybėles	94
skrybėlę	94
skuba	94
skundo	94
skundų	94
skurdžiai	94
skurdžių	94
skverbėsi	94
skyles	94
skyrimą	94
slankstelio	94
slaptoje	94
slibinas	94
slopino	94
slovakai	94
sluoksniams	94
smaigalį	94
smuikininkų	94
smėlingose	94
sniegui	94
socialdemokratijos	94
socialdemokratinę	94
socialistas	94
sodinami	94
sortimente	94
sostines	94
sovietmečio	94
spaudė	94
specialioje	94
specialistu	94
spektroskopija	94
spinduliuotę	94
sportiniai	94
sportininkus	94
sportinius	94
sprendžiamas	94
sprogus	94
spyglius	94
spąstus	94
srautu	94
stabdžiai	94
stambų	94
stanislavas	94
stasė	94
statmenos	94
statutai	94
statute	94
statybinė	94
statyklos	94
statymas	94
stažą	94
stebuklai	94
stebėdamas	94
steigia	94
stiklu	94
stipresnį	94
stipriausioje	94
stiprinimas	94
storo	94
storosios	94
straipsniais	94
strategijas	94
strateginio	94
strateginė	94
streikų	94
stresas	94
studenčių	94
studijinių	94
subgrupės	94
subtilus	94
sudane	94
sudarytai	94
sudarytoje	94
sudėjo	94
sudėtinis	94
sueco	94
sugadinti	94
sugrąžinta	94
suinteresuotas	94
sujungimas	94
sukaktį	94
sukama	94
sukeldami	94
sukelianti	94
sukeliantys	94
sukels	94
sukeltą	94
sukimasis	94
sukinys	94
suknelė	94
sukurdama	94
sulfidas	94
sulėtėjo	94
sumanymo	94
sumanyta	94
sumažinus	94
sunkvežimio	94
sunykęs	94
supernova	94
supernovų	94
supirkimo	94
suredagavo	94
surengtoje	94
surinamo	94
surinkus	94
surinkę	94
susibūrusi	94
susidaranti	94
susidariusią	94
susiduriama	94
susilaukęs	94
susilaužė	94
susimaišę	94
susirgimai	94
susirgimo	94
susisiekė	94
susitelkusi	94
suskirstymą	94
sutalpinti	94
sutampanti	94
sutarimo	94
sutarti	94
sutikimas	94
sutiktų	94
sutikus	94
sutikęs	94
sutraukia	94
suvaidinti	94
suvaržymų	94
suvažiavimus	94
suvenyrų	94
suverenitetas	94
suvienijimą	94
sužavėtas	94
svarelių	94
svetaines	94
svetimus	94
sviestu	94
sąjungininkė	94
sąjungininkės	94
sąnarius	94
sąrašu	94
sąžalynuose	94
sėdimos	94
sėdint	94
sėkmingiau	94
taisyklėse	94
talentus	94
talkina	94
tamsesnės	94
tamsioji	94
tamsą	94
tankais	94
tankiui	94
tapatino	94
tapytojo	94
tapytojų	94
tarnautojus	94
tarnavę	94
tarpininkavo	94
tarptautininkas	94
tarpusavy	94
tarybiniame	94
taupyti	94
taurieji	94
tautiečių	94
tautiškumo	94
tavęs	94
tebeturi	94
technikomis	94
technologė	94
teikimą	94
teisėjavo	94
teisėtas	94
teminės	94
tendenciją	94
tenoro	94
teoremą	94
terasomis	94
tercija	94
terminijos	94
teroristinių	94
testamente	94
tibetą	94
tiekiami	94
tiesiami	94
tiesiosios	94
tiesiu	94
tigrų	94
tikrinimo	94
tikslią	94
tikėjimais	94
tikėjimui	94
tiriamojo	94
tirkšlių	94
tirpikliuose	94
tobulina	94
tobulinamas	94
tradicinėmis	94
tragiškos	94
traktatai	94
traktatą	94
transformatorius	94
traukiami	94
traukiniais	94
trauma	94
treniruojasi	94
treniruotė	94
treste	94
trilogijoje	94
trimitas	94
trimito	94
trintis	94
trispalvės	94
troškimą	94
troškimų	94
trupe	94
truskavos	94
trūkumu	94
tuneliai	94
tunelyje	94
tuoktis	94
tuometiniu	94
turguje	94
turistiniai	94
turistinės	94
turnė	94
turtingiausias	94
tuščios	94
tuščią	94
tvarkomi	94
tvarkytojas	94
tvenkinyje	94
tvirtinasi	94
tvirtinimas	94
tvirtu	94
tvirtumą	94
tęsiniu	94
tęstinį	94
ugandos	94
ugnikalnius	94
universalo	94
uodų	94
uolėtose	94
uostui	94
uragano	94
užauginti	94
uždaroje	94
uždegimui	94
uždirba	94
uždėjo	94
užfiksuotos	94
užgožė	94
užimamas	94
užims	94
užkariaujant	94
užleisti	94
užpakalines	94
užpakalinio	94
užpildyta	94
užpulta	94
užrašytų	94
užsimezgė	94
užsiėmimus	94
užstoja	94
užtikrinimas	94
užšalimo	94
vabalo	94
vadinamajame	94
vaidins	94
vaidmenyje	94
vainiko	94
vainikuoja	94
vainuto	94
vaisiuose	94
vaismedžiai	94
vaizdelių	94
vaizdingų	94
vakarienė	94
vakarėliuose	94
vakuumas	94
valavičius	94
valensijos	94
valo	94
valsas	94
valstybiniuose	94
vampyro	94
vandenynai	94
vandenynui	94
vanilės	94
vardiklį	94
varikliuose	94
variu	94
varnas	94
varniuose	94
varyti	94
vasaras	94
važiuodavo	94
veiksmingas	94
veiksmingumas	94
veiksmingumą	94
veiksniais	94
veiksniams	94
veisti	94
velsas	94
vengdamas	94
vengimas	94
ventiliacijos	94
verdamas	94
verdant	94
verčiau	94
vesdavo	94
vežamas	94
vežioti	94
vfb	94
vicečempionu	94
videoklipas	94
viduramžiai	94
vidurinioji	94
vidutinėse	94
vidžemės	94
vienaskaita	94
vieneriems	94
vieniems	94
vienovę	94
vientisumas	94
vientisumą	94
vienuolijos	94
vienuolynu	94
vienur	94
vienyti	94
viet	94
vietinėms	94
vietnamas	94
vieša	94
viešajai	94
viešintų	94
vijų	94
vileišio	94
vilkėno	94
vilnonių	94
viloje	94
virsmas	94
virsmų	94
virtimas	94
virtinę	94
virtusi	94
viršelį	94
viršininkų	94
visad	94
visokių	94
vitalijus	94
vizitas	94
vokalinė	94
vokiečio	94
vpk	94
vyriausybinės	94
vyriškoji	94
vystymui	94
vėmimą	94
vėsus	94
ydų	94
zalcburgo	94
zarasuose	94
zubovas	94
ąžuolu	94
čarlzas	94
čilė	94
ėjusio	94
įdaru	94
įdiegimo	94
įdubą	94
įgija	94
įgyvendinamas	94
įkaitais	94
įkurdamas	94
įplaukos	94
įpročių	94
įrangoje	94
įrankiams	94
įrodymais	94
įsaką	94
įsitikinimas	94
įsivaizduojama	94
įsiveržimą	94
įspūdingos	94
įtaisyta	94
įtakon	94
įtarimų	94
įtempimas	94
įvadas	94
įvairiausi	94
įvaizdžių	94
įvardina	94
įvažiavimas	94
šakiuose	94
šaldytuvų	94
šansą	94
šančių	94
šatrijos	94
šaudoma	94
šaukėnų	94
šeimininkams	94
šeimininku	94
šerdyje	94
šešiomis	94
šeštąjį	94
šešėlio	94
šildo	94
šildyti	94
šilingas	94
šilo	94
šiltuose	94
šitos	94
šiuolaikiniuose	94
šnervės	94
šokas	94
šoviniais	94
štabui	94
šulinio	94
šuniui	94
švediškai	94
šventovę	94
šviesaus	94
ūminis	94
ūsų	94
žaislai	94
žaizda	94
žaliavai	94
želatinos	94
želdiniuose	94
žeminėse	94
žemyninė	94
žemėjanti	94
žengti	94
žiaurių	94
žiedadulkės	94
žiemoti	94
žilinskas	94
žiniasklaidą	94
žinojimo	94
žinovai	94
žinutėmis	94
žmogiškųjų	94
žodynėlis	94
žoles	94
žolinė	94
žolėdžių	94
žuvimo	94
žvejo	94
žvirblinis	94
žvynelių	94
žydėjimas	94
žydėti	94
žygdarbius	94
žymiausios	94
žymę	94
žąsų	94
žūti	94
abchazų	93
abstrakcijos	93
abū	93
achilas	93
adams	93
adaptacijos	93
adaptuotas	93
adeno	93
administraciniame	93
adresus	93
agp	93
agresyviai	93
aguonos	93
agurklinių	93
agurkų	93
aistrą	93
aiškinant	93
aiškią	93
akademinius	93
akinių	93
akompaniatorius	93
aksomiška	93
aktualijas	93
aktyvia	93
aktyvumu	93
alanas	93
alekna	93
aleksejus	93
alfred	93
aliejuje	93
alkaloidas	93
alovės	93
alžyras	93
amarai	93
amatininkus	93
amazonės	93
amd	93
amerikietiškojo	93
amerikinių	93
amoniakas	93
amunicijos	93
analogija	93
andrea	93
androgenų	93
andrė	93
aneksijos	93
aneksuotas	93
angelų	93
angliškame	93
angliški	93
anglišku	93
anodo	93
antanina	93
antarktidoje	93
antazavės	93
antgaliais	93
antikūnų	93
antisovietinę	93
antpečius	93
antpuolį	93
antropologinis	93
antrųjų	93
antžeminės	93
anūko	93
aparatūrą	93
apaugo	93
apdegusio	93
apdorojant	93
apdovanodavo	93
apgadintas	93
apgriautas	93
apgynęs	93
apgyvendinę	93
apibendrintai	93
apibrėžtų	93
apipintas	93
apjungti	93
apkrikštyti	93
aplinkosauga	93
apraiškos	93
apraiškų	93
aprašydamas	93
aprašymu	93
apsauginės	93
apsaugotos	93
apsilankyti	93
apsisprendimą	93
apsistoję	93
apskriti	93
apsupa	93
aptariama	93
apšildė	93
arabiškas	93
arbatai	93
arbatžolių	93
archeologines	93
archeologiniuose	93
arkliams	93
artimesni	93
artimiausio	93
asmenybei	93
asociacijoje	93
aston	93
asunsjono	93
atakai	93
ataugomis	93
atgaivinimo	93
atitinkamais	93
atitinkamose	93
atitinkantys	93
atkarpų	93
atkeliavę	93
atkelti	93
atkreipia	93
atletai	93
atliekamą	93
atlikėjui	93
atlikę	93
atlygio	93
atminimas	93
atneš	93
atplaukia	93
atradę	93
atramas	93
atsakydamas	93
atseit	93
atsidėti	93
atsilieka	93
atsilikimas	93
atsiminti	93
atsirandanti	93
atsiras	93
atskaitomybės	93
atskirame	93
atskleidžiamas	93
atspalvis	93
atspausdinti	93
atstatymui	93
atstovaujantys	93
atstovui	93
atvažiuodavo	93
atvirais	93
atviruose	93
atvėsta	93
atėmimas	93
atėnė	93
audė	93
augalijai	93
aukštesniojo	93
aukštesnėse	93
aukščiausiojoje	93
aurelija	93
autentišką	93
autoavarijoje	93
autobusu	93
automatizuotas	93
autonominio	93
autoriams	93
aušrininkų	93
ašiai	93
aštunta	93
babiloniečiai	93
babilonijos	93
bahreino	93
baidarių	93
baigiamasis	93
baldais	93
baletmeisterė	93
balionų	93
balsuojant	93
balsvos	93
balsys	93
baltikų	93
baltrušaitis	93
bandymais	93
bangladeše	93
banguoti	93
banguotos	93
barokiniai	93
baronų	93
bartninkų	93
batalionui	93
baublys	93
bausdavo	93
baustas	93
bavarijoje	93
bazavosi	93
bazėmis	93
baškirų	93
bbs	93
beduinų	93
begalinės	93
bendraautoriais	93
bendradarbiavimui	93
bendravimui	93
bendražygių	93
benedikto	93
berniuku	93
besiremianti	93
betygalos	93
beuodegių	93
bibliotekininkystės	93
bielinis	93
biofizikos	93
biografijų	93
biotechnologijų	93
bites	93
biudžetų	93
biuletenio	93
biurokratija	93
blizgančios	93
blogiu	93
bloke	93
boksas	93
bordiūru	93
bosistu	93
bosniai	93
bp	93
branduoliui	93
brazilą	93
brendimas	93
bronė	93
bręstant	93
budrys	93
bukų	93
bulius	93
bulvėmis	93
buriatų	93
burtais	93
butkevičius	93
butus	93
bėgimas	93
būdvardis	93
būrimo	93
būrėsi	93
būsimąjį	93
būsiąs	93
būstai	93
būstuose	93
carinę	93
carlo	93
centralizuoti	93
chanu	93
charakteriai	93
charakterizuoja	93
chartijos	93
chartiją	93
chemikė	93
cheminiu	93
choreografiją	93
choristų	93
chormeisteriu	93
chromosoma	93
chronologijos	93
chunta	93
ciklui	93
cirkuliavo	93
cirką	93
citrinmedžio	93
ciuriche	93
civilinį	93
cns	93
cp	93
cpk	93
css	93
cunamio	93
daiktams	93
dailiųjų	93
daimlerchrysler	93
dainava	93
dainuojamos	93
daktarų	93
dalijamos	93
daliklis	93
dalykams	93
dalyvaujančios	93
damos	93
dangoraižiai	93
danijai	93
dariniais	93
darytos	93
dauginimąsi	93
dažno	93
dažymas	93
dažymo	93
debatuose	93
deficitą	93
deformacija	93
deimanto	93
dekano	93
dekretas	93
delegaciją	93
dell	93
demokratinį	93
demonstraciją	93
denarų	93
deputatus	93
derinių	93
derlingą	93
dermė	93
detonacijos	93
devynmete	93
devynmetę	93
diagnozuota	93
dialektą	93
dialogai	93
diapazoną	93
didesniąją	93
didinimą	93
diduomenė	93
didėjančio	93
didžiausiais	93
didžiausiuose	93
diegimas	93
diegė	93
dieniniai	93
dienraščių	93
dieta	93
dievišką	93
diferenciacijos	93
difuzija	93
diplomatų	93
diplomo	93
dirbantiems	93
dirbdama	93
dirbtinę	93
diriguoja	93
dirvų	93
diskutuoja	93
diskvalifikuota	93
diskvalifikuotas	93
dm	93
dogma	93
doktorantų	93
dokumentacija	93
dokumentaciją	93
doll	93
dolomitas	93
domas	93
domininkas	93
donoro	93
dovanojimo	93
dovanomis	93
drakonai	93
drakoną	93
draudimai	93
draudimu	93
draudimui	93
drausmę	93
draustiniuose	93
drebulių	93
druskas	93
druskininkai	93
drėgmei	93
drėgname	93
drėgno	93
drėgnoje	93
drėgnu	93
drėgnuosiuose	93
dunojų	93
duobes	93
duobutėmis	93
duonai	93
duotą	93
durpėmis	93
durtuvai	93
dvarelį	93
dvasininkija	93
dvasiškai	93
dvideginio	93
dėmėtas	93
dėsniams	93
dėžes	93
dėžėje	93
dūma	93
dūmus	93
džeimsą	93
džersio	93
džihado	93
džiovinimo	93
džiovintas	93
egzemplioriai	93
eiliškumo	93
eilėse	93
ekonominėje	93
ekonomistai	93
ekosistemoje	93
ekspansijai	93
eksperimentams	93
eksperimentuose	93
eksploatuoja	93
eksploatuojami	93
eksploatuojant	93
eksponatais	93
ekspozicijoje	93
ekspresyvi	93
ekstraktas	93
elbės	93
elektromagnetinę	93
elektroniką	93
elektroninius	93
elgesiui	93
elipsinės	93
emyratą	93
endeminė	93
energijomis	93
epidemiologijos	93
epilepsijos	93
epinė	93
epinės	93
epizodiškai	93
erdvinių	93
erotinės	93
esami	93
eskadrinis	93
eskadronai	93
eskizų	93
etapu	93
etinė	93
etnografiniai	93
etnografinį	93
etnologija	93
eufrato	93
europiečius	93
europiniu	93
evangelijose	93
ežeriukas	93
ežerėliai	93
fantastikoje	93
fantastinės	93
faraonai	93
farmakologijos	93
fazinis	93
fašizmo	93
feministės	93
fermentacija	93
fermoje	93
fermose	93
fiksuojami	93
fiksuotas	93
filadelfijos	93
filialu	93
filtras	93
filtravimo	93
filtrų	93
fina	93
finalinio	93
finalinės	93
finansiniu	93
fizikines	93
fizikiniai	93
fiziniais	93
fiziologas	93
fl	93
florą	93
folklorinės	93
folkloristikos	93
fondinių	93
fosfato	93
fotoateljė	93
fotosintezę	93
francas	93
franz	93
frontai	93
frontonas	93
frontonu	93
ftp	93
funkcinės	93
gabaliukų	93
gabalėlius	93
gabalų	93
gaivinti	93
gajanoje	93
galaktikose	93
galinčius	93
galiojimas	93
galiojimą	93
galiu	93
galvijais	93
galąstuvų	93
galūnėmis	93
gaminamus	93
gamintos	93
gaminusi	93
gandrai	93
gangsterių	93
garantuojama	93
garbinta	93
gardamo	93
garlaivis	93
garsėjęs	93
gatvinio	93
gaublio	93
gaubta	93
gauto	93
gavėjui	93
geležinius	93
geležčių	93
gelta	93
geltoname	93
geltono	93
geltonoji	93
gelžbetonis	93
generaliniam	93
geniai	93
genijus	93
genys	93
geografinėje	93
geologinius	93
georges	93
gerbėjams	93
gerdavo	93
geriamojo	93
geriausiam	93
gerinimui	93
geromis	93
giesmyną	93
gilintis	93
gimda	93
giminaičiais	93
giminėms	93
gimnazistai	93
gimti	93
gimusį	93
ginantis	93
ginekologas	93
ginkluotėn	93
gintarinių	93
gintarė	93
ginčams	93
girdžių	93
girininkijų	93
gitaristą	93
glaudžiasi	93
glitimo	93
gliukozė	93
globojamas	93
gmt	93
goštautas	93
grafams	93
graikais	93
graikiškas	93
grandinėse	93
gravitacinė	93
graviūrų	93
gražiais	93
gražino	93
greitam	93
greitesni	93
greitintuve	93
gretimoje	93
gretos	93
grinius	93
griuvėsiais	93
griuvėsiuose	93
griškabūdžio	93
grodamas	93
grotesko	93
grunte	93
grupelės	93
gruziją	93
grybiena	93
grąžinamas	93
grūdams	93
gudžiūnų	93
gulbių	93
gulbė	93
gulintis	93
gumbų	93
guotė	93
gydytojui	93
gynybines	93
gynėjus	93
gyslose	93
gyslų	93
gyvenamo	93
gyvens	93
gyventoją	93
gyvenusias	93
gyvieji	93
gyvuose	93
gyvūniniu	93
gėlavandenė	93
gūbrio	93
halė	93
halėje	93
hariui	93
havajuose	93
heidelbergo	93
herbais	93
hercogija	93
hercogą	93
hermis	93
hibridas	93
holdingas	93
homeras	93
homoseksualus	93
honkongo	93
humanitarinį	93
idealios	93
identifikavimo	93
identiškos	93
ieškinį	93
ieškojimo	93
ieškotojai	93
ilgalaikius	93
ilgalaikė	93
ilsėtis	93
imperijas	93
importuoja	93
indeksų	93
individualų	93
individą	93
indėlių	93
informacinius	93
ingrida	93
inkstuose	93
insulto	93
integralo	93
integruotis	93
intelektualus	93
intensyviau	93
intensyvią	93
interesas	93
internacionalo	93
internetinę	93
internetinį	93
internuotas	93
interpretacijų	93
interpretavimas	93
interpretuojamas	93
interpretuojami	93
intrigos	93
investicija	93
investuotojas	93
ipod	93
iptv	93
irakas	93
ispanais	93
ispaniška	93
ispaniškas	93
ispaną	93
italijai	93
izotopai	93
išankstinio	93
išardytas	93
išbandymo	93
išdavystės	93
išdažytas	93
išduota	93
išgalvota	93
išgavo	93
išgeria	93
išgyvenimas	93
išilginiais	93
iškaltas	93
iškasama	93
iškasus	93
iškilių	93
iškilmių	93
iškilusių	93
iškirstas	93
išklotos	93
išlaikiusi	93
išlikimą	93
išlikusio	93
išlikusį	93
išlipo	93
išnagrinėjo	93
išneršia	93
išnykimą	93
išoriniam	93
išplinta	93
išplėstos	93
išradimai	93
išradėju	93
išreikštos	93
išreiškiantis	93
išsaugojimas	93
išsaugojimu	93
išsaugotas	93
išsaugotų	93
išsinuomoti	93
išsiskyręs	93
išsiveržimus	93
išskirtinumo	93
išspinduliuoja	93
išstumta	93
ištikimybė	93
ištirtos	93
ištraukas	93
ištremtų	93
ištrinti	93
ištuštėjo	93
ištvermę	93
išvaikė	93
išvardintos	93
išvartų	93
išvažiuoja	93
išvedamas	93
išvertęs	93
išvien	93
išvysto	93
japonams	93
japonas	93
japoniška	93
jaunesnė	93
jaunesnę	93
javams	93
jeronimo	93
jisai	93
jogos	93
judanti	93
judina	93
juknaičių	93
jungiama	93
jungiantį	93
juodupės	93
juosiamoje	93
juostai	93
juosva	93
juozu	93
jurevičius	93
juridinės	93
jurisdikcijos	93
jutikliai	93
jutiklių	93
jutlandijos	93
jėzuitus	93
kabrioleto	93
kabuki	93
kadagys	93
kadmio	93
kaimelį	93
kaimynams	93
kaimyninę	93
kairiąja	93
kaitinamas	93
kaitinimo	93
kalbančiojo	93
kalbėjimas	93
kalinauskas	93
kaliniais	93
kalinimo	93
kanalizacija	93
kanauninko	93
kanceliarijoje	93
kandžių	93
kanjoną	93
kankinami	93
kankinimo	93
kankinimų	93
kankinys	93
kanonistas	93
kanoną	93
kapelai	93
kapiliarus	93
kapitulai	93
kapučino	93
kariuomenes	93
karjeruose	93
karmėlavos	93
kartelis	93
kartkartėmis	93
kartojamas	93
kartojimas	93
karūnavo	93
karūnomis	93
kasdieninėje	93
kasdienių	93
kasoje	93
kaspinu	93
kaspinus	93
kasė	93
katalikiškasis	93
katalikiškoje	93
katorgos	93
kaukę	93
kauliukais	93
kauliukus	93
kaupimas	93
kavaleristai	93
kavaleristų	93
kazachai	93
kažkokį	93
kekė	93
keliamoji	93
keliant	93
keliasi	93
keliaujantys	93
kelionėse	93
keptuvėje	93
kerais	93
kfc	93
kiaunės	93
kietosios	93
kijevas	93
kilmingų	93
kinui	93
kirmėlėmis	93
kirtavietėse	93
kitataučių	93
klanus	93
klasikiniais	93
klasikiniame	93
klausosi	93
klestinti	93
klestėti	93
klinikose	93
klipuose	93
klojimo	93
knygelės	93
knygyne	93
kodinis	93
kokteilis	93
kokteilių	93
kolageno	93
kolekcininkas	93
kolekcionierius	93
kolūkyje	93
komedijose	93
komercija	93
komiksuose	93
komisariate	93
komitetus	93
kompaktinį	93
kompensacijos	93
kompiuterinę	93
kompleksinė	93
komplekto	93
komponento	93
kompozicijomis	93
kompozicijose	93
kompozitoriais	93
komunalinio	93
komunalinis	93
komunistiniam	93
koncertiniame	93
konfederacijų	93
konfliktams	93
kongresai	93
konkrečia	93
konkrečiais	93
konkurentais	93
konkurentą	93
konsolidacija	93
konsolidavosi	93
konsultacinės	93
kontržvalgybos	93
kooperatinės	93
koordinatėse	93
koplyčias	93
koraliniai	93
koridoriai	93
korpusus	93
kosmetikoje	93
kosminius	93
kotą	93
kovinę	93
kpmg	93
kraigo	93
kraujotaka	93
krautuvės	93
kraštines	93
kreipiantis	93
kresnas	93
krešėjimą	93
krikščioniškieji	93
kriminologijos	93
kriptografijos	93
kristalinės	93
krovė	93
kryptingai	93
kryptingas	93
kryžminant	93
krūmynais	93
krūva	93
krūviai	93
krūviu	93
kubizmo	93
kulkas	93
kulkosvaidžiu	93
kultai	93
kuokelių	93
kurfiursto	93
kuriasi	93
kurija	93
kutais	93
kvalifikacinius	93
kvalifikacinė	93
kvapus	93
kvdt	93
kvebeko	93
kylančią	93
kėbulas	93
kėlimas	93
kūjo	93
kūju	93
kūjį	93
kūneliai	93
kūrimasis	93
kūrybinius	93
kūrėjais	93
kūręs	93
labdaringa	93
laidojama	93
laikrodžiu	93
laimėdamas	93
lainerių	93
laipiojimas	93
laipiojimo	93
laipioti	93
laisvajame	93
laivelis	93
laivynuose	93
lako	93
landsbergis	93
langelius	93
lankininkai	93
lapeliais	93
larp	93
latgaliai	93
laukinė	93
lavinimosi	93
lazdas	93
lašiša	93
lašų	93
ledynams	93
ledyne	93
ledynmečiu	93
legendiniai	93
legionais	93
leidybinė	93
leidyklai	93
leidžiamame	93
leidžiantys	93
leidžiančią	93
leisdamas	93
lemiantys	93
lengvaatletė	93
lengvesnės	93
leninas	93
lenktynėmis	93
lfls	93
lhc	93
libijoje	93
lietuviškose	93
lietuvišku	93
ligoninei	93
ligonį	93
likimai	93
likimu	93
literatūriniai	93
literatūriniam	93
liubavo	93
liudijimu	93
liudininkas	93
liudvika	93
liudytojų	93
liuteris	93
liškiavos	93
logikoje	93
lokalizacijos	93
lopšelio	93
lova	93
lpkts	93
lrk	93
lygtyje	93
lyrizmas	93
lytiniams	93
lytys	93
lėktuvui	93
lėles	93
lėtos	93
lėtėja	93
lūžiai	93
mafiją	93
magas	93
magiją	93
maitinosi	93
maišeliuose	93
maišiagalos	93
majorato	93
makromolekulės	93
maksas	93
maksimalią	93
malajai	93
malkomis	93
maltiečių	93
manifestas	93
manydamas	93
mančesterio	93
manęs	93
margas	93
marijonai	93
markizo	93
marksistinės	93
marką	93
maroką	93
marytė	93
masyvais	93
materialus	93
materiją	93
matomumas	93
matomumo	93
matės	93
matėsi	93
mauritanijos	93
mazgu	93
mačų	93
mažajai	93
mažam	93
mažiausi	93
mdma	93
mechanizmais	93
med	93
medicininių	93
medienai	93
meditaciją	93
medvilnę	93
medės	93
meknės	93
melsvas	93
melsvi	93
melsvo	93
menine	93
mentės	93
merginoms	93
merė	93
metaline	93
metalinėmis	93
metamodelis	93
metant	93
metilo	93
metmenų	93
metodikų	93
metodiškai	93
miao	93
miegu	93
miežius	93
mikas	93
mikėnas	93
milžinišku	93
mineralinio	93
mineralus	93
minimaliai	93
minkštais	93
minkštumo	93
minkštųjų	93
misijoms	93
mitinio	93
miškams	93
miškiniai	93
mobilizaciją	93
modernizuotas	93
modifikuotą	93
modulių	93
mokomas	93
mokomasi	93
mokslininku	93
mokslininkė	93
mokėjimą	93
mokėtojo	93
mokėtojų	93
molekulinio	93
molibdeno	93
moliniai	93
momentais	93
momentų	93
monake	93
monitoringo	93
monografijos	93
monopolį	93
monumentaliosios	93
moralinį	93
moreninė	93
morkų	93
moteriški	93
mozūrų	93
muges	93
mugėse	93
musulmoniškos	93
muzikologė	93
muzikus	93
mušamųjų	93
mv	93
myliu	93
mėginimas	93
mėginimų	93
mėgėjus	93
mėlynoji	93
mėnulį	93
mėsingas	93
nacija	93
nacionalistinė	93
naikinimui	93
naktiniame	93
nakčiai	93
namelį	93
namu	93
narai	93
nardymas	93
nata	93
natūralia	93
natūralias	93
natūralioje	93
natūraliu	93
naudojęs	93
naudoto	93
naudotojui	93
naumiestis	93
nava	93
navickas	93
nebuvimą	93
nedidelėse	93
negrįžtamai	93
neigiamu	93
neišlaikė	93
neišleistas	93
neišlikęs	93
neišvengiamas	93
nejuda	93
nelegalų	93
nelengva	93
nematoma	93
nemažiau	93
nemažus	93
nemokami	93
nenoriai	93
nenutraukė	93
nepageidaujamų	93
nepakankamo	93
nepalyginamai	93
nepaprasto	93
nepasikeitė	93
nepasiteisino	93
nepastovi	93
nepatenkinta	93
nepavyks	93
nepilnai	93
neprieštaravo	93
neprigijo	93
nepriklausomus	93
nepripažinta	93
nepritaria	93
neramumams	93
nervinis	93
nervinį	93
nerį	93
neršto	93
nerūdijančio	93
nesibaigė	93
nesiekianti	93
nesilaikė	93
nesugebėjimo	93
nesusidaro	93
nesuteikė	93
netaisyklingi	93
neteisėtas	93
neteisėto	93
neteisėtą	93
netekę	93
netrukdytų	93
neuronas	93
neurono	93
nevienodos	93
neįprasti	93
neįsitvirtino	93
nešiojama	93
nežymiu	93
nidoje	93
nikėjos	93
nimfų	93
nindzė	93
nomenklatūra	93
nominacijas	93
nominalas	93
norime	93
noriu	93
normaliomis	93
norminių	93
notariato	93
nsv	93
nudažo	93
nufilmuota	93
nugalėtojui	93
nugarėlė	93
nuginkluoti	93
nukasta	93
nukonkuravo	93
nukritęs	93
nukrypimų	93
nulinis	93
numesta	93
nuniokoti	93
nunuodytas	93
nuomones	93
nuomą	93
nuorašas	93
nuorodas	93
nuosavos	93
nuoseklus	93
nuosprendžiu	93
nuostabių	93
nuostatoms	93
nuotaką	93
nuovargio	93
nupieštas	93
nuplaukė	93
nuplautas	93
nurodydavo	93
nusausinta	93
nusikaltėlius	93
nuskrido	93
nustatantis	93
nustoti	93
nusvirę	93
nuteista	93
nutiestos	93
nuvežtas	93
nuvykti	93
nužudomas	93
nykštukas	93
nykštukinių	93
oazių	93
ochros	93
odesoje	93
odiniai	93
odiški	93
okupacinę	93
okupantus	93
okupavę	93
onuškio	93
operatyviai	93
opozicinės	93
optiniai	93
opuncija	93
orakulo	93
organizatoriumi	93
organizuojamuose	93
ornamentika	93
orumą	93
otonas	93
ožiai	93
paaukštinta	93
padalyti	93
padarai	93
padaromos	93
padarus	93
padidėjimo	93
padidėjusį	93
paduodamas	93
padėklų	93
padėčių	93
pagalbinius	93
pagamintais	93
pagarbiai	93
pagreitina	93
pagreitino	93
pagrindžia	93
pajūriu	93
pakalniškių	93
pakeitę	93
pakitęs	93
paklaustas	93
pakliūti	93
pakoreguoti	93
palaikanti	93
palaiminimą	93
paleidimą	93
paliesti	93
pamaina	93
pamiškių	93
papildai	93
papildant	93
paprastesni	93
paprašytas	93
paprotinė	93
paprotinės	93
papuošalais	93
paradigma	93
paragintas	93
parašiusi	93
pardavus	93
pardavėjai	93
pareigybes	93
pareigūnui	93
parlamentu	93
parodymai	93
partinė	93
partneriams	93
parvežta	93
pasakoti	93
pasakymas	93
pasauliuose	93
paseno	93
pasenusi	93
pasenęs	93
pasididžiavimas	93
pasiekimą	93
pasieniu	93
pasikartoja	93
pasikartojantys	93
pasimokęs	93
pasinaudota	93
pasirašę	93
pasireiškimas	93
pasireiškimo	93
pasirengti	93
pasirenkamos	93
pasirenkant	93
pasiskolino	93
pasislenka	93
pasistengė	93
pasitaikė	93
pasitarimas	93
pasiteisino	93
pasitikėjimas	93
pasitinka	93
pasitraukusių	93
pasivertęs	93
pasiūlytos	93
pasižyminčių	93
paskandino	93
paskirtą	93
paskleisti	93
paskola	93
paskutine	93
paslaptingą	93
pasninko	93
pastatui	93
pastatytus	93
pastovumą	93
pasąmonė	93
pasąmonėje	93
pasėlius	93
patartas	93
patento	93
patiekalais	93
patiekalą	93
patinėlis	93
patirdavo	93
patobulinimai	93
patologija	93
patraukli	93
patriotų	93
pavadinami	93
pavadinto	93
pavadintu	93
pavaros	93
pavedimus	93
paveiktos	93
paverčiamas	93
pavirsti	93
paviršiais	93
pavojai	93
pavydo	93
pašalinių	93
pašalpos	93
pašariniai	93
pašarui	93
pašaukė	93
pašušvio	93
pašvitinio	93
pažiūroms	93
pažvelgti	93
pažįstamų	93
pedagoginius	93
peiliais	93
pelekus	93
peles	93
pelkynų	93
pelniusi	93
pelę	93
penetracijos	93
penkiasdešimties	93
penktuoju	93
peraugti	93
perdirbo	93
pereinamoji	93
perimtos	93
perjungimo	93
perkamų	93
perkūnija	93
perlais	93
perplaukė	93
persams	93
persigalvojo	93
persija	93
persirengimo	93
personalą	93
perspektyvų	93
perteikė	93
pervadintos	93
pervedimo	93
perėję	93
perėmę	93
peržengti	93
peta	93
petrogrado	93
peugeot	93
pietrytinio	93
piečiausias	93
pigesnė	93
pigiai	93
pigios	93
piktas	93
piktybinių	93
piliečiui	93
pilnaties	93
pilvakojų	93
pilvu	93
pingvinai	93
pingvinų	93
pirmapradė	93
pirmuonys	93
pirštinės	93
pjautuvu	93
pjautuvų	93
pkm	93
planktonu	93
planuojant	93
plastikinių	93
plastiką	93
platesnio	93
platformas	93
platformoms	93
platininis	93
platuma	93
platėja	93
plaukeliai	93
plokštumas	93
plokštumų	93
plokščiakalniai	93
plyšta	93
plėtimo	93
plėtojimas	93
plėšrieji	93
plūduriuoja	93
pocius	93
poelgių	93
poetinės	93
poezijai	93
pokalbis	93
poliarinių	93
poliarinė	93
polimero	93
polka	93
pomirtinis	93
pomiškiu	93
pontifikato	93
porcelianas	93
porinis	93
pornografijos	93
portalai	93
portalą	93
portfelio	93
portreto	93
poseidono	93
potencialių	93
povandeninė	93
povandeninės	93
povandeninį	93
pozityviosios	93
požeminiai	93
požeminiais	93
požeminius	93
požeminės	93
požeminį	93
požiūriais	93
požymį	93
pradėdama	93
pragyveno	93
pralaidumas	93
pralaimėjusi	93
pralaimėta	93
pralietą	93
pranašai	93
pranašystę	93
pranašą	93
prancūziškų	93
praplėstos	93
prasmes	93
prasti	93
pratybas	93
prašydavo	93
prašymo	93
prašymų	93
prekinį	93
prezidente	93
priebalsį	93
priegaidė	93
prieglobsčiu	93
priemiestį	93
priemiesčiai	93
priepuolių	93
prietaisams	93
priešingomis	93
prieštankinės	93
prigimtinė	93
priimtoje	93
prijungimą	93
priklausiusią	93
prilaiko	93
prilygti	93
primesti	93
primityvūs	93
primygtinai	93
princai	93
prisitaikiusi	93
prisitaikiusios	93
prisitaikęs	93
priskyrimas	93
pritarta	93
priėmimui	93
procentą	93
procesoriams	93
prodiuseriais	93
profsąjungas	93
prognozavimo	93
programinei	93
programinių	93
projektavimui	93
projektuotojas	93
prospekte	93
protestantizmas	93
protestantizmą	93
protestuodamas	93
protėvį	93
psichinę	93
psichologiniu	93
psichologinius	93
psichologiškai	93
psp	93
psv	93
pulkininkai	93
pulkininkui	93
pumpėnų	93
puošiamos	93
puošnių	93
purpurinės	93
pusamžis	93
pusfinalius	93
pusiausvyrai	93
puskarininkiai	93
pusryčius	93
putojantis	93
pynimas	93
pėstininkams	93
pūslę	93
racionalaus	93
racionalų	93
radimo	93
raidoje	93
raidyną	93
raiškus	93
raiščių	93
rajoninėse	93
raketiniai	93
raketinis	93
randas	93
rapsų	93
rasei	93
rasinę	93
ratifikuoti	93
raudonarmiečių	93
raudonviršis	93
raumeninio	93
rausvais	93
reakcijoje	93
recenzijos	93
regentė	93
regimojo	93
regioninius	93
reguliatorius	93
reikalaudamas	93
reiškiantys	93
reklamavo	93
reklaminių	93
rekombinacijos	93
religiniams	93
rem	93
rengdamas	93
rengiamą	93
rengtas	93
reperio	93
reperiu	93
rezidencijų	93
rezidento	93
rezonansas	93
rezultatams	93
režisieriui	93
ribinės	93
ribojamos	93
ribotu	93
rietave	93
rimkūnas	93
rimčiau	93
rinkliavos	93
rinkodara	93
rinkoms	93
ričardo	93
riši	93
rmi	93
rms	93
rodant	93
rodanti	93
rodiklio	93
rojų	93
rolando	93
romanistas	93
romantizmas	93
rs	93
rudoji	93
rudojo	93
rungtynėms	93
rusas	93
rusvosios	93
rytinius	93
ryškesnių	93
ryškiausias	93
rąstai	93
rąstais	93
rėmas	93
rėmėjo	93
rėžtukai	93
rėžtukų	93
rūgštūs	93
rūsių	93
rūšyse	93
sachalino	93
sacharozės	93
saksonija	93
sakykim	93
sakės	93
saldumynai	93
saldūs	93
salomėja	93
saltos	93
samdyti	93
sandariai	93
sandūra	93
sankaupa	93
sankirtos	93
santykinė	93
santykiui	93
sapną	93
sarajevo	93
sargybinis	93
sargybą	93
sasnavos	93
saulėtose	93
sausra	93
savaeigė	93
savaiminis	93
savarankiškumas	93
savikaina	93
savininkais	93
saviti	93
savižudžių	93
savosios	93
savotiškos	93
savąją	93
schumacheris	93
seimeliai	93
seimui	93
sekciją	93
sekcijų	93
sekdamas	93
sekimo	93
seklumose	93
sekreto	93
sekretoriatas	93
sekretoriui	93
seksualinį	93
seksualumas	93
sekunda	93
sekundė	93
sekėjų	93
selekcininkas	93
sembai	93
semestras	93
senajai	93
senegale	93
seniūnaitijų	93
seniūnui	93
senovines	93
senovė	93
septintąją	93
septyniasdešimt	93
serijinė	93
serveriu	93
seržantas	93
seti	93
sevilijos	93
sfd	93
siauresne	93
siauromis	93
siekiančius	93
siekimą	93
silvestras	93
simetriška	93
simetriškai	93
simfonijas	93
simpatijas	93
sintetinamas	93
sintetinami	93
sintetinti	93
sintezatorių	93
sirgti	93
siurrealizmo	93
siuvėjas	93
siužetu	93
siužetus	93
siūliškos	93
siųstas	93
skaidulas	93
skaitymai	93
skaitytojo	93
skaldos	93
skaldyti	93
skalviai	93
skausmais	93
skausmui	93
skelbimas	93
skelbimų	93
skerdynės	93
skersiniu	93
skilti	93
skiriamosios	93
skiriančios	93
skirstė	93
skirtumui	93
sklandytuvų	93
skliautas	93
skliautuotas	93
sklindančios	93
skolininkas	93
skolintis	93
skorpionai	93
skriejanti	93
skruzdžių	93
skuodas	93
skveruose	93
skylutėmis	93
skysčius	93
skėtė	93
slapstytis	93
slapto	93
slapyvardį	93
slaviškos	93
slenkstis	93
slidininkai	93
slopinimo	93
slėptuvių	93
smarkūs	93
smegenimis	93
smeigtukas	93
smilkalų	93
smitas	93
smuikininkė	93
smulkinti	93
smėlynų	93
sodelyje	93
sodriai	93
soja	93
solaris	93
solfedžio	93
sostinei	93
sovietiniai	93
sočiųjų	93
spalvotųjų	93
spartos	93
spaudžiami	93
spausdinamos	93
spausdinimą	93
spaustuvininkas	93
spaustuvėse	93
specialiojoje	93
spektrinių	93
spindesys	93
spinduliuose	93
spiralė	93
spiritą	93
sporas	93
sportinę	93
sportų	93
spraga	93
sprogdinimas	93
sprogmenys	93
spyruoklės	93
srautui	93
sriuboms	93
sssr	93
stabilizavosi	93
stadionai	93
staigiu	93
stalų	93
stambiausi	93
stambiems	93
standartine	93
startuoti	93
statmenas	93
statulėlės	93
statybines	93
statytojų	93
statų	93
stačiai	93
stačiakampių	93
stačiatikybę	93
stažuočių	93
stebimų	93
stebuklus	93
stefano	93
steigimas	93
steko	93
stiklinis	93
stilistiką	93
stilizuotų	93
stiprintuvą	93
stogus	93
stovinčiuose	93
stovėję	93
strofa	93
stručio	93
strėlę	93
stulpelis	93
styginis	93
stūksantis	93
suardė	93
suaugusiesiems	93
subekvatorinis	93
subombardavo	93
subregionas	93
substancija	93
substancijos	93
substratas	93
subtropiniuose	93
sudariusių	93
sudarytus	93
sudaužė	93
sudavė	93
sudeginto	93
sudegintus	93
suderinamumą	93
sudėta	93
sudėtingiausių	93
sudėtingumą	93
sudėtys	93
sudėčiai	93
sueina	93
suformuodami	93
sujungiamas	93
sukarinta	93
sukeliančios	93
sukietėja	93
sukilimu	93
sukilę	93
suklestėjimo	93
suknele	93
suknelės	93
sukoncentruota	93
sulaužyti	93
sulyginti	93
sumų	93
sunaudota	93
sunkiais	93
sunkiausias	93
sunyksta	93
suorganizavęs	93
suorganizuota	93
supantis	93
suprantamos	93
suprastas	93
supykdė	93
surašytos	93
surengęs	93
surištas	93
susidarantys	93
susidarymui	93
susidedančios	93
susidūrimą	93
susikūrimas	93
susilaikė	93
susiliejimo	93
susimokėti	93
susirėmimas	93
susirūpinimą	93
susisukę	93
susitikdavo	93
sutartą	93
sutriko	93
sutrikti	93
sutrikusios	93
sutrikęs	93
sutvirtina	93
sušyla	93
sužalotas	93
svarstyklės	93
svarstymų	93
svarus	93
sveikus	93
sveriantis	93
svirnai	93
svorių	93
sąjungininkių	93
sąlyginė	93
sąmoningumo	93
sąmoningumą	93
sąskrydžiuose	93
sąsmaukoje	93
sąveikauti	93
sąžiningai	93
sėklininkystės	93
sėkmingus	93
sėsliai	93
sėti	93
sūduvių	93
tabletės	93
taiki	93
taikiklis	93
taikikliu	93
taikyta	93
taisyklinga	93
taisyklingą	93
taisė	93
taktinis	93
takto	93
takuose	93
talentingų	93
tamsesnis	93
tankumą	93
tapatinami	93
tarmėse	93
tarnautoja	93
tarpeklį	93
tarpžemynines	93
tarybose	93
taukai	93
taurelės	93
tautinėms	93
taškuotas	93
tdi	93
tebestovi	93
technologinio	93
teikiančių	93
teisininku	93
teisinėje	93
teisminio	93
teksase	93
tekti	93
televizoriaus	93
telkiasi	93
telkti	93
temai	93
tembras	93
tempai	93
temperamentas	93
tempimo	93
tendencijų	93
teologai	93
teologų	93
terapeutė	93
teresės	93
teritorinę	93
termofikacinė	93
terorizmo	93
terorizmu	93
terorą	93
tesėsi	93
teutonai	93
tiesaus	93
tiesimui	93
tikina	93
tikinčiuosius	93
tikrinių	93
tikrumą	93
tikruosius	93
tinkleliu	93
tiriamieji	93
tiriamo	93
tirpalai	93
tirpstant	93
tirpti	93
titanus	93
tituluotis	93
tobula	93
tobulėjimo	93
tokijas	93
tolimųjų	93
tolumoje	93
tradicijai	93
tradicijoms	93
tradiciniuose	93
tragedijų	93
tragiškas	93
trajektoriją	93
traktą	93
transakcijos	93
transliacijas	93
transliacijų	93
transplantacija	93
tremiami	93
trestas	93
trinavė	93
trinidado	93
trintį	93
trispalvę	93
trumpalaikius	93
trupmena	93
trupmenas	93
tryškių	93
trūnijančioje	93
turinčiose	93
turtingoje	93
turtingu	93
turtingumo	93
turui	93
turėjusio	93
turėjusį	93
turėtas	93
turėtą	93
tvarkėsi	93
tylus	93
tyrumą	93
tęsinio	93
ugdė	93
ugnikalnį	93
ugrų	93
ultimatumo	93
unikaliu	93
universitetais	93
universitetinė	93
uosių	93
up	93
upinių	93
utilitarizmo	93
užaugęs	93
uždaroma	93
uždaviniu	93
uždegti	93
užkariautojas	93
užkirto	93
užklausą	93
užmiega	93
užmiestyje	93
užmiršta	93
užpilti	93
užsidaro	93
užsidirbti	93
užsiimantys	93
užsiiminėti	93
užstatyta	93
užtaisymo	93
užtektų	93
užtikrinanti	93
užtikrinta	93
užtikrintai	93
užtikrintas	93
užtikrintų	93
užėmusių	93
va	93
vadinamai	93
vadovaudamas	93
vadovaujamiems	93
vadovaujantį	93
vadovavusio	93
vaid	93
vaidinimais	93
vaidinimą	93
vaiduokliai	93
vaidybinis	93
vaikščiodavo	93
vaikščiojo	93
vainikavo	93
vainiklapiai	93
vainiklapiais	93
vainiklapių	93
vainikų	93
vairuoja	93
vairą	93
vaisingumu	93
vaisingumą	93
vaistinę	93
vaizduojamosios	93
vaizduotę	93
vaizdžiai	93
vakarienę	93
vakcinos	93
valandoms	93
valdančiąją	93
valdinių	93
valdytojus	93
valdytoją	93
valgomosios	93
valgymas	93
valstybinėms	93
valymui	93
vamzdynų	93
vanadžio	93
vandeninis	93
vanuatu	93
vargu	93
varinės	93
varliagyviai	93
varo	93
varomą	93
vartotos	93
varėnoje	93
varį	93
varžomasi	93
varžovai	93
varžą	93
vasale	93
vasalinės	93
vašingtonas	93
veikiau	93
veiklas	93
veiklus	93
veikėjui	93
veislininkystės	93
veistis	93
verslinė	93
versmė	93
vertei	93
vertinimai	93
vertybiniai	93
vertėjo	93
veteranas	93
veterinarinės	93
viaduku	93
vibracijos	93
vicekancleris	93
vicekaraliaus	93
vidiniais	93
viduriniųjų	93
viduržemio	93
vienaląsčiai	93
vienamečiai	93
vieneri	93
vienerios	93
vietiniuose	93
viešojoje	93
viešos	93
viešpatavimą	93
vikšrų	93
vilką	93
vilma	93
vilą	93
vingyje	93
violetine	93
virbalio	93
virtualių	93
virtų	93
virusus	93
viršilos	93
viršininką	93
viršukalnių	93
visuomeniniams	93
visuotine	93
visuotiniai	93
vitražus	93
vizijos	93
vizitacijos	93
vokų	93
volframas	93
voragyvių	93
vorais	93
voratinklinių	93
voverė	93
vykdančios	93
vykdomąjį	93
vykdydama	93
vykstančio	93
vyne	93
vynuogininkystė	93
vyresn	93
vyresniąja	93
vyskupystė	93
vytas	93
vyčių	93
vyšniauskas	93
vėlesnėje	93
vėlesnį	93
vėliavomis	93
vėlyvasis	93
vėlyvojoje	93
vėlyvą	93
vėžinių	93
ypatingojo	93
zabiela	93
zapyškio	93
zenitą	93
zondai	93
zondo	93
ąžuolinis	93
ąžuolynai	93
čekoslovakija	93
černigovo	93
čerpėmis	93
česlovo	93
činšą	93
čiuožėjai	93
čiurlionis	93
įdomu	93
įkaitų	93
įkarštyje	93
įlankose	93
įpilama	93
įprastinės	93
įrašytą	93
įrodymą	93
įsakas	93
įsigyja	93
įsigytas	93
įsiminti	93
įsipareigojimas	93
įsitvirtinusi	93
įskaičiuojant	93
įspūdžiai	93
įstatyti	93
įsteigiama	93
įsteigtai	93
įsteigtoje	93
įtaisą	93
įtariami	93
įteikimo	93
įtekėjimo	93
įterpti	93
įtikti	93
įtrauktų	93
įvairiausiais	93
įvardinta	93
įvarčiai	93
įvedami	93
įveikta	93
įveikusi	93
įvijinių	93
įvykdyto	93
įvykdytą	93
įvykusį	93
įžengia	93
šablono	93
šachtose	93
šachtų	93
šalininku	93
šalčių	93
šarvuotųjų	93
šarvuočiai	93
šauktinių	93
šedevrai	93
šedevru	93
šeimininkais	93
šernas	93
šešiasdešimt	93
šeštoje	93
šeštokų	93
šeštąją	93
šiandienos	93
šikšnosparnis	93
šildymui	93
šile	93
šilelis	93
šilti	93
šiltoje	93
širdimi	93
šitų	93
šiurkščiais	93
škotiją	93
šlapimas	93
šliejasi	93
šlėkta	93
šnektą	93
šnipinėjimo	93
šokama	93
šokėjos	93
šoninis	93
šonkaulių	93
šopenas	93
šriftų	93
šukuoti	93
šunimi	93
švarkus	93
švelniais	93
švenčiami	93
šviesiomis	93
šūvis	93
ūdra	93
ūgį	93
ūkinį	93
žadama	93
žadina	93
žaizdoms	93
žaliavą	93
žaliuoja	93
žalius	93
žanru	93
žarnoje	93
žarnyną	93
želė	93
žemiausios	93
žemietijos	93
žemomis	93
žemu	93
žemutinėje	93
žemutinės	93
žemyninių	93
žemėlapiais	93
ženkle	93
žiedadulkes	93
žieduose	93
žilvinas	93
žinduoliams	93
žinyno	93
žmogžudystes	93
žodynai	93
žodynuose	93
žolėtose	93
žudynėse	93
žuvinto	93
žuvusius	93
žvaigždutės	93
žvelgia	93
žvyrkeliu	93
žvėrimis	93
žydinčių	93
žygdarbį	93
žygiais	93
žyminti	93
žymią	93
žymusis	93
žąslų	93
žąsys	93
abejotina	92
abonentų	92
absentas	92
absorbuoja	92
abėcėlėje	92
achajų	92
adaptavo	92
adelė	92
adjutantu	92
administraciniam	92
adventistai	92
aerouostas	92
afi	92
aglomeracija	92
agregatas	92
agripa	92
airiją	92
ais	92
akacijų	92
akademinę	92
akcentu	92
akcentuojamas	92
akcine	92
akmeninio	92
aksioma	92
aktualias	92
aktualios	92
aktyviosios	92
aktyvius	92
akustinės	92
alba	92
aleutų	92
algimanto	92
algų	92
alternatyvos	92
alvito	92
alyvuogės	92
alūs	92
amazonijoje	92
amazonių	92
ambasadą	92
amerikietį	92
amerikiečius	92
amuniciją	92
amžinojo	92
amžinybės	92
anakardinių	92
analinis	92
analitikas	92
analitinės	92
analogiškame	92
anarchistų	92
anarchizmo	92
andželą	92
angelą	92
angliavandeniliai	92
angliškasis	92
anglus	92
animaciniame	92
ank	92
anne	92
antenas	92
antgaliu	92
antikinio	92
antikinėje	92
antipopiežius	92
antivalstybinę	92
antpečiai	92
antrinio	92
antspaudu	92
antžeminių	92
anuomet	92
anūkai	92
aol	92
apatinius	92
apdaru	92
apdirbama	92
apdirbimu	92
apdorojamas	92
apgraužia	92
apgyvendintą	92
apibendrina	92
apibūdinta	92
apimančią	92
apklausti	92
apkrovą	92
aplenkdamas	92
aplenkia	92
apmąstymai	92
apmąstymų	92
apraiškas	92
aprašantys	92
apsikrikštijo	92
apsirūpinti	92
apsispręsti	92
apskaičiavimas	92
apskritimai	92
apstu	92
apsupties	92
apsuptą	92
aptaria	92
aptariami	92
aptikimo	92
apvaisina	92
apvaisinti	92
apvaliais	92
apvalkalą	92
apybraižos	92
apysakas	92
apėjo	92
arabiška	92
archeologinio	92
architektui	92
architektūrinio	92
archyvinių	92
archyvu	92
areštu	92
argonautai	92
argonautų	92
aritmetika	92
arizonoje	92
ark	92
arklinių	92
arktinės	92
armonika	92
artemidė	92
artilerijai	92
artimiesiems	92
artimu	92
artimuosius	92
artėjančią	92
artūro	92
arubos	92
asesorius	92
asfaltbetonio	92
asfaltuotas	92
asis	92
asmeniniame	92
asortimentas	92
asvejos	92
aterosklerozės	92
atgabenta	92
atgaivina	92
atgauna	92
atgimimu	92
atgimsta	92
atidaro	92
atiduodama	92
atitekdavo	92
atitikimą	92
atitinkamomis	92
atitinkančio	92
atitinkančius	92
atitinkąs	92
atkariavo	92
atkarpose	92
atkasė	92
atkūrimui	92
atlaidų	92
atletų	92
atliekamus	92
atlikdama	92
atlikimui	92
atmušė	92
atnaujinimą	92
atomais	92
atpažino	92
atradimu	92
atrankiniame	92
atsakant	92
atsidavimą	92
atsikėlusių	92
atsiliepimai	92
atsilikimo	92
atsiradusį	92
atsiremia	92
atsiriboti	92
atsistoja	92
atsitiktinumo	92
atsižvelgdami	92
atsižvelgta	92
atskilusi	92
atspalviais	92
atspalvius	92
atvertė	92
atvirasis	92
atvykusios	92
atšaukta	92
audiniais	92
audringai	92
augaliniai	92
augaliniais	92
augalininkystės	92
augalu	92
augalėdžiai	92
augavietės	92
auglys	92
auklėjimu	92
aukojimai	92
aukštesniame	92
aukštesnius	92
aukštino	92
aukštuoju	92
auskarai	92
autonomines	92
autorinius	92
avangardo	92
aviacinių	92
aviakompanija	92
azerbaidžaniečiai	92
aštri	92
aštrios	92
aštunto	92
badavo	92
badeno	92
baigdamas	92
baigusių	92
baisi	92
baisus	92
bajorui	92
bajorystę	92
bakterijomis	92
balete	92
baletuose	92
baletus	92
balionai	92
balionu	92
baltija	92
baltistas	92
baltuoju	92
baltyminių	92
bam	92
bambos	92
bandomąjį	92
bandęs	92
bankrutavus	92
bareljefai	92
barjero	92
baronai	92
barsukai	92
bartų	92
barzdą	92
baudžiamosiose	92
bauskės	92
bazei	92
bazinė	92
bažnytiniai	92
bažnytkaimio	92
bedarbystės	92
begalybė	92
beisbolas	92
belaisvis	92
belizo	92
bendraamžių	92
bendraudavo	92
bendrijas	92
bendriniu	92
bendromis	92
benjaminas	92
bernardinai	92
besidriekiantis	92
besitęsianti	92
besivystančiose	92
besivystančių	92
besąlygiškai	92
biatlono	92
bibliotekininku	92
bilietą	92
biliūno	92
biomasės	92
biržų	92
bitininkas	92
blakė	92
blizgesį	92
blogėjo	92
bobslėjaus	92
bombonešius	92
bonus	92
brabanto	92
brahmanų	92
brangakmeniai	92
brangesni	92
brangios	92
brazauskas	92
brigadų	92
britus	92
brno	92
bromelijinių	92
bronchus	92
brėžiniai	92
budistinių	92
budistinės	92
budos	92
buki	92
bulė	92
bumas	92
burių	92
burmistru	92
buti	92
buveinėse	92
buvimu	92
buvusiomis	92
bylai	92
byrėti	92
bėgime	92
bėgimą	92
būk	92
būsimi	92
būsimiems	92
būtinumą	92
carų	92
case	92
centralizuotai	92
centralizuotas	92
centralizuotos	92
centrinius	92
ceremonijas	92
chanatą	92
chaną	92
charakteringas	92
charakterinių	92
chemiko	92
chemine	92
cheminį	92
chirurgo	92
chodkevičius	92
choreografas	92
chronologiškai	92
cilindras	92
cilindriniai	92
citroën	92
cituoja	92
civiliniai	92
civilis	92
civilizacijose	92
columbia	92
csa	92
cts	92
dabartiniuose	92
dailei	92
dailėtyrininkas	92
dainelė	92
dainininkams	92
dainininką	92
dalai	92
dalykinių	92
dalyvauta	92
dalyvavimu	92
dalyvavusios	92
dangalo	92
dangtelis	92
dangun	92
dantį	92
darbdaviai	92
darbinės	92
dariniuose	92
daryba	92
darymas	92
darytis	92
darželį	92
daržinė	92
daržinės	92
daugiametė	92
daugiklis	92
daugybes	92
daukša	92
daumantas	92
davis	92
dažams	92
dažinių	92
dažnesni	92
deginamos	92
deimantas	92
dekanatai	92
dekoruotos	92
deleguotas	92
delio	92
demografinė	92
demokratiniai	92
demonstravimas	92
derlingame	92
derlingumas	92
detektoriai	92
devintoji	92
devintą	92
devynerius	92
dezertyravo	92
dešimtines	92
dešimtmetės	92
dešimtmečiu	92
dešimtyje	92
dešimtą	92
dešinio	92
dešiniąją	92
dešra	92
dharma	92
didesniame	92
didesnėse	92
didmiesčių	92
didėjančios	92
didžiausiam	92
didžiausiame	92
diegimą	92
dienoraštyje	92
dienoraščiai	92
dienovidinis	92
dinamiška	92
dingęs	92
dioniso	92
dirbinys	92
dirgiklis	92
dirgiklių	92
dirginimo	92
diržu	92
diskusiją	92
diskutuoti	92
dislokuota	92
dmitrijaus	92
dniestro	92
dominikonams	92
dominuojantis	92
dominuojančią	92
dopingo	92
dorybė	92
dorybės	92
dotnuvoje	92
drabužio	92
dramaturgė	92
draugauti	92
draugiškai	92
drožyba	92
drožėjas	92
dryželiais	92
drėgnaisiais	92
dubenėliai	92
dujinės	92
dujotiekis	92
dukatų	92
dukterimis	92
dumbldoro	92
duos	92
duriamasis	92
durpyne	92
durpynuose	92
durst	92
dvarionas	92
dvariškių	92
dvasine	92
dvasingumą	92
dvasininkais	92
dvejais	92
dvikova	92
dvynį	92
dydžiui	92
dėstytojos	92
dėtuvę	92
dėžėse	92
džiaugtis	92
džiutas	92
ediktu	92
efektyvią	92
egzekucija	92
egzistavimu	92
egzistavimui	92
egzistuojantis	92
egzistuojančios	92
egzistuotų	92
eilėdaros	92
einšteino	92
ekipažo	92
ekliptika	92
ekologas	92
ekologines	92
ekologinio	92
ekonominiams	92
eksperimentinę	92
elektrai	92
elektrifikavimo	92
elektromagnetinė	92
elipsiškos	92
emblemos	92
emyrai	92
emyratų	92
emyro	92
endriejavo	92
energetikų	92
energingi	92
erdvinė	92
erdvėlaikį	92
erkių	92
erkė	92
ertmių	92
esamo	92
eskadrilė	92
estrada	92
esybė	92
etninei	92
etnokosmologijos	92
evakuacija	92
faktiniu	92
faktoriaus	92
faktu	92
farmacijoje	92
fasadai	92
feldmaršalo	92
fermeriai	92
figūrėlės	92
fiksuota	92
fiktyvi	92
filmuko	92
filmuotas	92
filosofė	92
finalų	92
finišuodamas	92
fiziologiją	92
fiziologinė	92
flamingai	92
flandrijos	92
fordas	92
formalios	92
formalus	92
formulių	92
forume	92
forumą	92
fotoaparatas	92
fotoaparatą	92
fotografai	92
fotografavimo	92
fotoną	92
frakcijoje	92
frazes	92
fred	92
fribūro	92
fundamentaliųjų	92
funkciniai	92
funkcionavimas	92
futbole	92
futbolu	92
gabalėlis	92
gabenama	92
gabenimas	92
gabenimui	92
gabių	92
gaidukas	92
galaktiką	92
galerijų	92
galingiausi	92
galintį	92
galiojančių	92
galėtu	92
gambite	92
gambito	92
gaminančių	92
gamintoju	92
garantas	92
garažo	92
garbingą	92
garbinimu	92
garliavoje	92
garnizonas	92
garsinio	92
garsinis	92
garstyčių	92
garvežių	92
gaublį	92
gaubtas	92
gaudeamus	92
gaudomos	92
gausumas	92
gavusių	92
gedulo	92
generolais	92
geninių	92
geodezininkas	92
geografines	92
geografiniai	92
geografiniu	92
geografo	92
geologo	92
geometrijoje	92
gerbiama	92
gervių	92
gibraltaro	92
giedojimas	92
gimdo	92
gimtųjų	92
ginkluotąsias	92
girdimi	92
girdėjo	92
girininkijoje	92
girininkijoms	92
girininko	92
girkalnio	92
gis	92
glaudus	92
glikogeno	92
globojama	92
globulės	92
gluosnis	92
gorbačiovas	92
gradientą	92
grafe	92
grafienė	92
grafinį	92
grafitas	92
graikiška	92
grandinėlės	92
gražia	92
grenlandijoje	92
gretimais	92
gretimomis	92
gricius	92
griežtus	92
grifas	92
grindimis	92
grinkiškio	92
griovius	92
griovė	92
grupinio	92
grupuotę	92
gružliai	92
grybuose	92
gts	92
gudaitis	92
gvatemaloje	92
gydymu	92
gydė	92
gynybinius	92
gyslos	92
gyvenamaisiais	92
gyvensena	92
gyventų	92
gyvenusiems	92
gyvulininkystę	92
gyvulinės	92
gyvulys	92
gyvybingumą	92
gėrimui	92
habilituoti	92
haliucinogenų	92
haubicų	92
hermano	92
herojė	92
hibridinių	92
hidroksidas	92
hidroksido	92
himne	92
himnui	92
himnus	92
hipotezes	92
hnl	92
holivude	92
horizontai	92
horizontaliomis	92
ibis	92
ichtiologinis	92
identifikuojama	92
ideologinės	92
ieškomas	92
ifk	92
ignoruoja	92
ilgametį	92
ilgamečio	92
ilgesys	92
ilgėja	92
iliustratorius	92
ilsėjosi	92
importuojami	92
imtuvai	92
imuninę	92
imuniteto	92
indiškoji	92
indoeuropiečiai	92
industriją	92
indėlius	92
infekcinės	92
informacinę	92
informatikoje	92
inicialai	92
iniciatoriumi	92
iniciavo	92
instinktas	92
instrukcija	92
instruktorė	92
intarpai	92
intarpais	92
internato	92
internatą	92
interpretavimo	92
intervalu	92
intonacijoje	92
intuicijos	92
investicijoms	92
investuota	92
ipa	92
irimas	92
irkluotojas	92
irt	92
islame	92
istorijomis	92
istorinėmis	92
istoriografija	92
italus	92
ivanausko	92
izoliatorius	92
izoliuotų	92
išaiškinta	92
išangės	92
išardyta	92
išaugos	92
išdalinta	92
išdava	92
išdavimą	92
išdėstomos	92
išeitį	92
išeitų	92
išgarsėti	92
išgavimo	92
išgelbsti	92
išgirsta	92
išgyvenę	92
išgyvenęs	92
išilginė	92
išjungti	92
iškalta	92
iškilmes	92
išklausyti	92
iškyšulio	92
išlaikydavo	92
išlaikytas	92
išlaisvinimą	92
išlaisvintų	92
išleistus	92
išlenktas	92
išlikusią	92
išlipti	92
išmaitinti	92
išmestos	92
išmintimi	92
išmintingas	92
išmokų	92
išnaudoja	92
išnaudojami	92
išnuomojo	92
išorine	92
išprievartauti	92
išprovokuoti	92
išreiškiant	92
išrinkto	92
išsamią	92
išsibarstę	92
išsikasa	92
išsilaipinimo	92
išsiskirianti	92
išsiskyrimas	92
išsiskyrusi	92
išskirstyti	92
išskirtiniai	92
išskirtinumas	92
išskirtinumą	92
ištekino	92
ištisinis	92
ištraukia	92
ištvermingas	92
išvadomis	92
išvestinių	92
išvytas	92
iššauna	92
iždininku	92
jakobinų	92
jakutų	92
jangdzės	92
jankus	92
japoniškų	92
japonus	92
jaunalietuvių	92
jaunesnių	92
jauniausių	92
jautriai	92
jerevano	92
johano	92
jonams	92
jpeg	92
jubiliejiniame	92
jubiliejinius	92
judo	92
julijonas	92
jungo	92
jungęs	92
junkerių	92
juntamas	92
juodkrantės	92
juodmargių	92
juoduosius	92
juokais	92
juoko	92
juostelę	92
juostinių	92
jurga	92
jurisdikciją	92
kabelis	92
kadagio	92
kaimynas	92
kaimynine	92
kairiame	92
kaklelis	92
kalavijais	92
kalavijuočiai	92
kalbinė	92
kalbotyrą	92
kalcito	92
kaldintos	92
kalkės	92
kalnakasyba	92
kalnelyje	92
kalnodara	92
kalnodaros	92
kalnuotų	92
kalvinistų	92
kalvotose	92
kalvynas	92
kamanų	92
kamerose	92
kamienas	92
kamiene	92
kamino	92
kamuoliai	92
kandidatės	92
kandidatūra	92
kankinimai	92
kanono	92
kanonus	92
kanopinių	92
kapavietėje	92
kapaviečių	92
kapeloje	92
kapinaitėse	92
kapinaičių	92
kapitonų	92
kaplius	92
karagandos	92
karaliaučių	92
karališkajame	92
karelijoje	92
kariauną	92
karibai	92
karieta	92
kariškis	92
karoliukų	92
karolį	92
kartagina	92
kartaginos	92
kartoti	92
karčiai	92
karštį	92
karūnacijos	92
karūnavosi	92
karūnuoti	92
kasetė	92
kasinėti	92
kasmetines	92
kasmetinių	92
kasparas	92
kaspinuočio	92
kastytis	92
kat	92
katalikiško	92
katapultos	92
katilo	92
katodo	92
katyčių	92
katę	92
kauke	92
kaukolę	92
kaulinis	92
kauliukas	92
kauluose	92
kauptis	92
kedrai	92
keleivinių	92
keleivio	92
kelialapių	92
keliavimo	92
keliukų	92
kenijoje	92
kenkėjus	92
keptas	92
kepurių	92
kerpėmis	92
kerpės	92
kertantis	92
kerų	92
keterą	92
ketvertas	92
ketvirtadalius	92
kiaušidėse	92
kiaušidžių	92
kibirkštis	92
kiemu	92
kijevą	92
kilmingas	92
kilmingos	92
kilogramo	92
kilusius	92
kinams	92
kiniškas	92
kiniški	92
kinišką	92
kinus	92
kirai	92
kirovo	92
kirpėjas	92
kirstynėse	92
kirvio	92
kirčiuoti	92
kitokiems	92
kitom	92
klajonių	92
klampi	92
klampumo	92
klavišų	92
klestinčią	92
klimatinių	92
kliudė	92
klodo	92
klodų	92
klostėsi	92
knygnešius	92
knygyno	92
kode	92
koeficientus	92
kojinės	92
kokardas	92
kolonizavimo	92
kolūkiuose	92
komandiruotas	92
komandoras	92
kombinacijas	92
komercinėje	92
komforto	92
kompasas	92
kompiliatorius	92
kompiuteriniuose	92
kompiuterinius	92
komplikacijos	92
kompozitoriui	92
komunistinį	92
koncentracijai	92
koncertinės	92
koncertui	92
konfiskuota	92
konfrontacija	92
konkurento	92
konkurentu	92
konkuruojančių	92
konservatizmo	92
konservatyvi	92
konsolės	92
konsorciumas	92
konstancija	92
konstantinopolis	92
konstantinopolyje	92
konstitucijai	92
konstitucinio	92
kontinentinio	92
kontrastai	92
kontrastingų	92
kontroliuojamų	92
kontūru	92
koplytstulpių	92
kopti	92
kosminiuose	92
kostiumais	92
kotai	92
kotelis	92
kovojusių	92
kovotojams	92
košės	92
krakmolą	92
kraustytis	92
kraštovaizdžių	92
kreditas	92
kreditą	92
kreipiamas	92
kreipimasis	92
kreminė	92
krepšiai	92
krikščioniškomis	92
kristalizuojasi	92
kristalus	92
kritinė	92
kritulius	92
krosnyse	92
kryžminiai	92
krūmus	92
krūmynų	92
krūvas	92
krūvą	92
kubitai	92
kulikauskas	92
kulių	92
kultui	92
kultūriniams	92
kunigiškių	92
kuojų	92
kupina	92
kuravo	92
kurortinė	92
kurstė	92
kuršius	92
kuršėnuose	92
kučinskas	92
kvalifikuotų	92
kvietinių	92
kėdė	92
kėdžių	92
kūdikiams	92
kūrėją	92
labirintą	92
labo	92
laborantė	92
lageris	92
laibas	92
laidais	92
laidota	92
laikino	92
laikomą	92
laimingi	92
laimėjimo	92
laimėtos	92
laivybą	92
lakštas	92
lamų	92
landšafto	92
lankomiausių	92
lankstumas	92
latakas	92
latakų	92
latgaloje	92
latgalos	92
laukelyje	92
laukimo	92
laukininkų	92
lavinimas	92
lazdelė	92
lcs	92
ledlaužis	92
ledynmetį	92
legendiniu	92
legionieriai	92
leidybine	92
leidybinės	92
leidęs	92
leidžiamą	92
leidžiančios	92
leliūnų	92
lempučių	92
lemūras	92
lengvatų	92
lenkimo	92
lenkišką	92
lenktais	92
letenomis	92
liaudį	92
libretą	92
libretų	92
liepoja	92
lietuviškam	92
likusiam	92
likusiems	92
likusioji	92
linijinės	92
liono	92
lipdytų	92
lituanistinių	92
liudijimai	92
liudyti	92
liudytojas	92
liuksemburge	92
liūdesio	92
liūdesys	92
liūtis	92
liūtu	92
llri	92
loginių	92
lokomotyvų	92
lotaringijos	92
lotosas	92
lošimų	92
ltu	92
lubas	92
luvro	92
lydere	92
lydosi	92
lygiadienis	92
lygiagretės	92
lytėjimo	92
lėktuvnešio	92
lėtinė	92
lūžį	92
madrigalų	92
magistrale	92
magistrą	92
magišką	92
magminė	92
maišoma	92
maištininkai	92
makštys	92
malaizija	92
malavio	92
maldaknyges	92
maldaknygių	92
maldas	92
maldomis	92
malimo	92
malinauskas	92
malkos	92
malonių	92
mamontovas	92
manijos	92
manufaktūros	92
marijona	92
markata	92
markgrafo	92
maršalu	92
masiulis	92
matavo	92
matą	92
mauzoliejų	92
mazgus	92
mašinai	92
mažiausio	92
mažonų	92
mažvydas	92
mažylis	92
mažyčiai	92
mechaniku	92
medalininkas	92
mediana	92
medicininis	92
medkirtis	92
meistriškumas	92
meistrą	92
melanino	92
meldžiamasi	92
melodijomis	92
melodingojo	92
meniniai	92
mergelių	92
merą	92
metabolizmo	92
metalistų	92
metalui	92
metinę	92
metmenys	92
mezgimo	92
mfk	92
midaus	92
midi	92
mielagėnų	92
migruojantys	92
mikrobų	92
mikronų	92
mikroprocesorius	92
mikroskopu	92
miltais	92
milteliais	92
mineralais	92
mineraliniai	92
minesotos	92
minkštą	92
minomis	92
mintimi	92
minutėmis	92
minėjime	92
minėtini	92
miroslavo	92
mirtiną	92
misti	92
mistinių	92
mitingus	92
mitingų	92
miunchenas	92
mišinyje	92
miškingos	92
miškingumas	92
miškotvarkos	92
mišrias	92
mobilizuoti	92
modernia	92
moderniai	92
modernias	92
modulį	92
mokomieji	92
moksliniame	92
mokydavo	92
mokyta	92
mokėjęs	92
molekulėmis	92
molingas	92
molinės	92
mongolais	92
monitorius	92
monotipinei	92
monumentų	92
moreninės	92
morfologijos	92
morkos	92
morkūnas	92
motinų	92
motociklus	92
motorinių	92
motyvuodamas	92
motyvą	92
mugėje	92
muitus	92
mulatai	92
multimedijos	92
municipalinis	92
musninkų	92
muziejais	92
muziko	92
mylėtis	92
mėginius	92
mėginių	92
mėsoje	92
mįslių	92
mįslės	92
mūrine	92
mūryti	92
mūzos	92
nacionalinėse	92
nagrinėjimui	92
naikinamos	92
naktinės	92
naminis	92
naras	92
nardo	92
narkotikams	92
natalija	92
natūraliomis	92
naudingosios	92
naudodamos	92
naudojimasis	92
naudotojas	92
naujiena	92
naujuose	92
neaiškiomis	92
neapibrėžta	92
nedarė	92
nedažnai	92
negalėdamas	92
negilus	92
negyvi	92
neigimas	92
neilgam	92
neiškovojo	92
neišsiskiria	92
nejaučia	92
nekenčia	92
nelaimingas	92
nemalonius	92
nemanė	92
nematomi	92
nemažo	92
nemunaičio	92
nenaudoti	92
nenusileidžia	92
neorganinės	92
nepajėgia	92
nepaklusnumo	92
nepakluso	92
nepalietė	92
nepartinis	92
nepatartina	92
nepatenkintų	92
nepavykusio	92
nepriimtinas	92
nervinius	92
nervus	92
nesistengė	92
nespėja	92
nesudėtingas	92
nesulaukęs	92
nesutarimams	92
netikra	92
netikėtą	92
netolimoje	92
netrūksta	92
neturėdami	92
neutralios	92
neutralūs	92
neužšąla	92
nevengė	92
neįprasto	92
neįveikė	92
nešėjas	92
nežinomą	92
nežymi	92
nežymūs	92
nida	92
nirvana	92
nirvaną	92
nitrato	92
nišą	92
nominacijų	92
nostrifikuota	92
nugriautos	92
nukentėti	92
nukirstas	92
nukrypimus	92
nuliejo	92
nulinės	92
numalšinimo	92
numatant	92
numeruojami	92
nuodais	92
nuodingųjų	92
nuodėmė	92
nuolaužos	92
nuostabai	92
nuostabiai	92
nuostatuose	92
nuovados	92
nuošliaužos	92
nusidažo	92
nusidriekusi	92
nusileidžianti	92
nusistatymas	92
nusiteikęs	92
nusižengimas	92
nustatytomis	92
nutarimais	92
nutraukiamas	92
nutraukimą	92
nuveda	92
nykštukių	92
nėris	92
obelis	92
obligacijų	92
oderio	92
odinių	92
oficialiomis	92
oficialiose	92
oksiduojasi	92
oksidą	92
oktaviano	92
olimpiadą	92
olimpinėms	92
op	92
oponavo	92
opozicinė	92
optimalų	92
optimizavimas	92
optiniu	92
orams	92
oranžinių	92
oratorijos	92
oratorijų	92
orbitalių	92
orbitalės	92
organizacinės	92
organizacinį	92
organizuotai	92
ornitologinis	92
ornitologų	92
osakos	92
ovalinis	92
ožka	92
paaiškinamas	92
paaiškinimo	92
paaiškinimus	92
paaiškinimą	92
pabaisų	92
pablogino	92
pabrėždamas	92
pabėgimą	92
pabėgėlius	92
pabūklais	92
pacientus	92
padaliniui	92
padarydamas	92
padarydavo	92
padarymo	92
padedantys	92
padedančios	92
padedančių	92
pademonstruotas	92
padengiamas	92
padidinant	92
padidėjusios	92
padovanota	92
padėka	92
pagalbines	92
pagalbininkai	92
pagalbinį	92
pagaminamas	92
pageidavo	92
pagelsta	92
pagerbtas	92
pagerinta	92
pagerėja	92
pagoniška	92
pagrindimas	92
pagrindiniams	92
pagrindinėms	92
pagrioviuose	92
pagrobia	92
pagrobimas	92
pagrobimo	92
pajamomis	92
pajėgiausių	92
pajėgumus	92
pajėgus	92
pakaitalai	92
pakaktų	92
pakankamos	92
pakarti	92
pakavimo	92
pakeisdama	92
pakilusi	92
pakirto	92
pakitę	92
paklausai	92
pakliūna	92
paklusnumo	92
pakraipa	92
pakrantei	92
pakraštėliai	92
pakėlęs	92
palaikydavo	92
palaipomis	92
palapinė	92
palaužti	92
paleidžiami	92
paliekami	92
paliekamos	92
palikuoniai	92
palivarkai	92
palivarke	92
palivarkus	92
palydovu	92
palydovė	92
paminklinių	92
paminėtinas	92
pamėgdžioti	92
panaudojimui	92
panaudojęs	92
panelė	92
panika	92
paniką	92
panteonas	92
paparčiai	92
paparčių	92
papildomu	92
papildydavo	92
papildymų	92
papilvė	92
paplitus	92
paplūdimiuose	92
paprastesnis	92
paprastumu	92
paprasčiausi	92
paprašius	92
papuoštos	92
paragauti	92
paraidžiui	92
paraką	92
parazitiniai	92
parašai	92
parašu	92
parašytame	92
parašytoje	92
pardavimais	92
pardavėjų	92
pareiškia	92
parengimą	92
parenkant	92
parfumerijoje	92
pargabenti	92
parinkimo	92
parlamentarų	92
parlamentų	92
parodantis	92
parodytų	92
paruošiamas	92
parvežė	92
paryškinti	92
pasaga	92
pasaginių	92
pasamdyti	92
pasenę	92
pasidalinimas	92
pasidavimo	92
pasiekimo	92
pasiekusių	92
pasienis	92
pasigailėjo	92
pasikalbėti	92
pasikėsinimas	92
pasinaudodama	92
pasinaudoja	92
pasipriešinimui	92
pasirengusi	92
pasirodžiusios	92
pasisekimas	92
pasislepia	92
pasisuka	92
pasitiki	92
pasitikėjo	92
pasivaikščioti	92
pasižymėti	92
paskatina	92
paskelbtą	92
paskiriama	92
paskirstomos	92
paskirto	92
pasklinda	92
paskos	92
paskutiniosios	92
pasodinta	92
pasroviui	92
pastangoms	92
pastatyto	92
pastatę	92
pastiprinimo	92
pastoja	92
pastos	92
pasvalyje	92
pasų	92
patalpino	92
patalpinta	92
patalpoms	92
patarimai	92
patikslino	92
patikslinti	92
patogumo	92
patyrimą	92
patyrus	92
paukščiui	92
paulas	92
pavadindamas	92
pavaduotojų	92
pavardėmis	92
paveikslėlyje	92
paveldi	92
paveldimi	92
paverčiami	92
paverčiant	92
pavojingiausių	92
pavojuje	92
pavėsyje	92
pašalintos	92
paštui	92
pažadus	92
pažangios	92
pažangių	92
pažinimu	92
pažinimui	92
pažymą	92
pažįsta	92
pedagogams	92
pelnę	92
penketuką	92
penkiose	92
penktadalį	92
penktadieniais	92
penktadienis	92
pensinio	92
perdavimų	92
perdirba	92
perdirbama	92
pergalei	92
perimetras	92
periodika	92
periodikos	92
perkamas	92
perkamosios	92
perkirstas	92
perkėlos	92
perprasti	92
persekiojimai	92
persikėlėlių	92
personalinės	92
personažu	92
persus	92
pertvarkytos	92
perversme	92
peržiūrėjo	92
pesticidai	92
peteris	92
petrograde	92
petronis	92
pečenegų	92
phare	92
pietvakarinės	92
pigmėjai	92
pikapas	92
pikas	92
piktųjų	92
pilietinė	92
pilkapyje	92
pilkapyne	92
pilotuojamas	92
piniginį	92
pionieriai	92
pirkdavo	92
pirkimai	92
pirkėjo	92
pirmam	92
pirminiu	92
pirmykščio	92
planetai	92
planetomis	92
planinės	92
plastikiniai	92
plastikinės	92
platesne	92
platformai	92
platinant	92
platindavo	92
plaukuotos	92
plazmoje	92
plaštaka	92
plempė	92
plečiama	92
plieninių	92
plieninės	92
plieną	92
plokštėje	92
plokščiųjų	92
plonomis	92
pluoštu	92
pluoštus	92
plytėjo	92
plėtotei	92
plėtotę	92
plūsti	92
pobūdžiu	92
poelgiai	92
poelgis	92
poetinė	92
pogrindinį	92
poliarinis	92
polifonija	92
poligone	92
polinkio	92
politiku	92
poltavos	92
populiaresnė	92
poreikiui	92
poriniai	92
porinės	92
pornografija	92
porteris	92
poruotis	92
posmai	92
postūmį	92
posvyrio	92
posėdžiauja	92
posėdžiavo	92
poveikiai	92
poška	92
prabangūs	92
prabilo	92
pradininkių	92
pradmenys	92
pradų	92
pragare	92
praktiniai	92
pralaimėtas	92
pralaužė	92
praminta	92
pramogoms	92
pramokęs	92
pranašavo	92
pranciškonams	92
pranešdavo	92
pranešimais	92
pranešimu	92
pranyksta	92
praplaukti	92
praplėstas	92
praporščiko	92
praradimu	92
prarasdavo	92
praretintais	92
praryja	92
prasidėjusį	92
prasiskverbti	92
prasitarė	92
prastesnės	92
praturtėjo	92
pratybos	92
praėjusiais	92
pražudė	92
prestižas	92
pretorijų	92
priaugę	92
prieangį	92
priebalsiu	92
prieigas	92
prieinamumo	92
priekinį	92
priepuolis	92
prieskoninis	92
priešiška	92
priešiškas	92
prieštarauti	92
prieštaringa	92
prigludusios	92
priimtinas	92
prijaukinti	92
prijungiami	92
priklausančiose	92
priklausomos	92
priklausomybe	92
priklausymą	92
primenančios	92
primenančių	92
primityvios	92
prioritetai	92
prioritetus	92
priplaukė	92
prisikėlimą	92
prisipildo	92
prisitaikymo	92
priskirtini	92
pristatymą	92
pritaikymą	92
privalu	92
privatizuoti	92
prižiūrima	92
prižiūrimos	92
problemai	92
problematiką	92
prodiusuoja	92
prodiusuoti	92
produkcijai	92
produktyvus	92
profesinėms	92
profesionalius	92
profilinio	92
progesterono	92
prognozavimas	92
prognozių	92
progos	92
programuotojams	92
projekcijos	92
prokonsulo	92
proporcingumo	92
prosenelis	92
protakos	92
protektoratą	92
protingi	92
protingų	92
protiškai	92
protėvynė	92
prozininkė	92
psalmių	92
psichiatrų	92
psichinis	92
psichiškai	92
psichologė	92
psichoterapija	92
ptolemėjaus	92
publikacija	92
pulkininku	92
puodininkystė	92
puodus	92
puolimu	92
puotą	92
puošni	92
pupas	92
puri	92
puskarininkio	92
puslaidininkio	92
pusėmis	92
pėsti	92
pūdymas	92
pūkais	92
pūslelių	92
pūslėje	92
pūsti	92
qdos	92
qed	92
qft	92
rabinų	92
radikalai	92
radikalas	92
radiologijos	92
radioteleskopas	92
radvilai	92
raginami	92
raginius	92
raidynas	92
raiti	92
rama	92
ramios	92
rangai	92
rankovės	92
ras	92
rasite	92
rasizmo	92
rastus	92
raudonajai	92
raudonarmiečiai	92
raukšlėtas	92
rausia	92
rašyta	92
rašytame	92
rašytinio	92
rašytinius	92
reaktyviniai	92
realizuoja	92
realizuotas	92
reflektorius	92
reformatorių	92
regbis	92
regioniniu	92
regioninėse	92
reglamentuojama	92
reguliariajame	92
reguliariųjų	92
reguliavimą	92
reidus	92
reikalaudami	92
reikšmingumo	92
reinkarnacijos	92
reisų	92
reiškiančios	92
reklamuoti	92
rekomendacijų	92
rekordinį	92
religinėje	92
relikvijų	92
reljefais	92
remiksai	92
remontavo	92
rengimui	92
reportažus	92
respublikinę	92
retesni	92
retuose	92
rezervatu	92
režimams	92
ribojimai	92
riebalinio	92
riebus	92
rieduliai	92
riedulio	92
riešuto	92
rifuose	92
rifus	92
rinkiniais	92
ritualais	92
rogių	92
rolė	92
romantikų	92
romanui	92
rotušėje	92
rožinė	92
ruošimas	92
ruožus	92
rup	92
rupūžės	92
rusakalbių	92
rutuliai	92
rutulyje	92
ruzveltas	92
ryšininkas	92
ryškaus	92
ryškias	92
ryškiau	92
ryšku	92
ryškumas	92
rėžėsi	92
rūgimas	92
rūgštingumo	92
rūgštynių	92
rūgščiai	92
rūkytos	92
saga	92
sagos	92
sagtis	92
sakalauskas	92
sakinį	92
saldiklis	92
salėmis	92
sambūris	92
samiai	92
sandaugai	92
sanitarinės	92
sankciją	92
santrauka	92
saracėnų	92
sarmatai	92
saugai	92
saugodavo	92
saugomo	92
saugykloje	92
saugūs	92
saulėgrįža	92
sausrą	92
savaeigių	92
savaitinis	92
savanoje	92
savimonė	92
savininką	92
savotiškai	92
savuosius	92
savųjų	92
sceninį	92
scenografiją	92
scenomis	92
sdi	92
seimelių	92
seimų	92
sekanti	92
sekančios	92
sekasi	92
sekcijai	92
sekcijoje	92
sekluma	92
sekomis	92
sekretas	92
sekretoriai	92
seksualinė	92
sekundėmis	92
semantikos	92
semeliškių	92
semestrų	92
senegalas	92
senkapių	92
senomis	92
senovinius	92
sensacija	92
senvagės	92
senėjimo	92
septintoje	92
septyneri	92
serbijai	92
sertifikuotas	92
seseriai	92
sgml	92
siaurai	92
siauresni	92
siauro	92
siaurėja	92
sidabrinėmis	92
sidabrinę	92
sidro	92
siekiams	92
sienojai	92
sifilio	92
signalui	92
signataro	92
sijono	92
sijonus	92
sijos	92
siloso	92
silpnesnės	92
silpnino	92
silpnumo	92
silpnus	92
simboliniai	92
simbolizmo	92
simon	92
simone	92
simpoziumus	92
singapūre	92
sintaksę	92
sintetinė	92
sirenų	92
sirijus	92
sisteminės	92
sistemiškai	92
siūlomą	92
siūlymų	92
siųstuvas	92
skaidyti	92
skaitmeniniai	92
skaitmeninius	92
skaitytoją	92
skaičiuojamos	92
skalbimo	92
skaliarinė	92
skanavimo	92
skatinantis	92
skausmų	92
skeletą	92
skerdynių	92
skerspjūvis	92
skeveldrų	92
skiltyje	92
skirstinio	92
skirtomis	92
skirtumais	92
skirtuose	92
sklandytuvas	92
sklidimą	92
sklisti	92
skoliniai	92
skrisdami	92
skulptoriai	92
skulptūrėlių	92
skundžiasi	92
skuode	92
skveras	92
skydais	92
skylant	92
sl	92
slapstosi	92
slenkant	92
slenkstį	92
slidininkas	92
sloga	92
slovėnai	92
slėpdavo	92
smarkaus	92
smarkus	92
smerkia	92
smuikai	92
smuikininko	92
smukti	92
smulki	92
smulkučiai	92
smulkų	92
smurtu	92
smėlėtas	92
sninga	92
socialdemokratais	92
socialdemokratams	92
socialiniam	92
socialiniuose	92
soda	92
solisto	92
sonatos	92
sorų	92
sostinėse	92
spalvotais	92
spalvotos	92
spalvotosios	92
sparnuotas	92
spausdinimas	92
spausdintos	92
spausdintų	92
specifiniais	92
specifiškai	92
spektrų	92
spermatozoidas	92
spirališkai	92
sportininkams	92
sportininku	92
sprinto	92
sprogti	92
sps	92
spėjamai	92
spėjamas	92
sraigių	92
sriubų	92
stabdžius	92
stabilumui	92
stadionų	92
stalininkas	92
stambesnis	92
stambesnius	92
stambiausios	92
stambiomis	92
stambule	92
standūs	92
starkiai	92
startą	92
statistikų	92
statistiškai	92
statybininkai	92
statykla	92
statytojai	92
stebuklingas	92
stebuklingo	92
stebuklą	92
stendų	92
stengdamasis	92
sterbliniai	92
stereotipai	92
stilizacija	92
stilizuota	92
stipinų	92
stipriam	92
stipriausiu	92
stiprėti	92
stirnų	92
stokholmas	92
storesnė	92
storį	92
stovinčiame	92
strazdas	92
struktūriškai	92
struktūroms	92
strypo	92
stuburas	92
stuburiniai	92
studentė	92
stulpą	92
suardo	92
suardyta	92
subgrupių	92
subjektus	92
subkontinente	92
subprefektūros	92
subrendusios	92
sudalyvauti	92
sudargo	92
sudeda	92
sudėjimas	92
sudėtingesnes	92
sugadino	92
sugebėjęs	92
sugerti	92
sugriovimo	92
suimamas	92
suinteresuotos	92
sukauptų	92
suklaidinti	92
suklestėjimą	92
suknelę	92
sukosi	92
sukurdavo	92
sukėlėjas	92
sultingi	92
sultonatui	92
sumažinamas	92
sumažėjimo	92
sumažėti	92
sunaikinus	92
suniokota	92
sunkesnių	92
sunkesnės	92
sunkiąją	92
sunkvežimis	92
suolų	92
superliga	92
supersonics	92
suplota	92
sur	92
surašomi	92
surašyme	92
suremontuoti	92
surinkimą	92
susidarantis	92
susijusiems	92
susijusiu	92
susikaupti	92
susilpnina	92
susirgus	92
susirinkusi	92
susirėmė	92
susiskaldymas	92
susisuka	92
susitelkia	92
susitelkusios	92
susitikinėjo	92
susitikinėti	92
susituokti	92
susižeidė	92
suskaidyta	92
suskaičiuojama	92
suskaldė	92
suskirstytų	92
sustabdymo	92
sustiprintos	92
sutampantis	92
sutapimo	92
sutaptų	92
sutartinių	92
suteikimą	92
suteiks	92
suteikusi	92
sutelktos	92
sutemų	92
sutriuškinimo	92
sutriuškintas	92
sutrumpinti	92
sutuoktinis	92
suvaidinusi	92
suvaidinęs	92
suvartoja	92
suverenumą	92
suvokimu	92
suėjo	92
sušaudyta	92
svajoja	92
svajonę	92
svarbioje	92
svarbumą	92
svarstomas	92
svarstymo	92
svetainėse	92
svetimo	92
sviedinį	92
sviestą	92
svogūnais	92
sykai	92
sąjunginė	92
sąlaja	92
sąmoningo	92
sąsiuvinių	92
sąskrydžiui	92
sąvadą	92
sąveikoje	92
sąžalynus	92
sėdynių	92
sėdynės	92
sėklinių	92
sėkmingiausiai	92
sėslios	92
sūnėnui	92
sūraus	92
tadžikijos	92
taigoje	92
taikios	92
taikomojo	92
taikytina	92
taikūs	92
taisyklingi	92
takeliui	92
talkos	92
tamsieji	92
tamsią	92
tankams	92
tankiau	92
tankiomis	92
tapusia	92
tapybai	92
tapymo	92
tapytas	92
tariamo	92
tariamos	92
tarimu	92
tarmiškai	92
tarnybinė	92
taros	92
tarpeklių	92
tarpeklyje	92
tarpsnis	92
tarpt	92
tarybinius	92
tarėsi	92
taršą	92
tasmanijos	92
tauras	92
tautelių	92
tautiniu	92
teatrams	92
tebegyvena	92
techniniu	92
technologiškai	92
teigiant	92
teiginiais	92
teikėjas	92
teisiniu	92
teisinėse	92
teisminių	92
teisyną	92
teisėto	92
tekstams	92
tektoninė	92
telefonams	92
telefonus	92
telkinį	92
tembro	92
tenisininku	92
tenkantis	92
teoretikai	92
teorinę	92
teritoriniuose	92
terjeras	92
terminija	92
teroristai	92
testamentas	92
tiekiamos	92
tiesimas	92
tikintys	92
tikrinama	92
tikrinami	92
tikrove	92
tikslesnis	92
tikslias	92
tikėjimuose	92
tinklams	92
tinkuoto	92
tirpaluose	92
tirpimas	92
titanai	92
tobulas	92
tobulinama	92
tobulo	92
tobulėjant	92
togo	92
toksinių	92
tolima	92
tolimesni	92
tolimesnis	92
tomą	92
torpedomis	92
totoriams	92
tradicinėse	92
transformavosi	92
transkripcija	92
transliacija	92
transliaciją	92
transliuojami	92
transliuota	92
transliuotojų	92
transo	92
trasas	92
traukiamas	92
trejetas	92
tremtis	92
treniruotėms	92
trečiajai	92
trečiajam	92
trečiu	92
trijulė	92
trikdžių	92
trimitu	92
triumfas	92
trobelę	92
troškimus	92
trukmei	92
trumpalaikės	92
trumpiausia	92
trumpinamas	92
trunkanti	92
trupmenų	92
trėmimų	92
trūkumui	92
tualetinio	92
tuometiniai	92
tuometinius	92
turbinas	92
turiniui	92
turkmėnijos	92
turku	92
turtingumą	92
turėjimas	92
tvarkant	92
tverečiaus	92
tvirtinamos	92
tyko	92
tyrinėdamas	92
tyrinėjama	92
tyrinėjimuose	92
tyrinėjęs	92
tyrinėtojams	92
tėvynei	92
tūryje	92
tūtelės	92
ugnikalniu	92
ulonų	92
ultragarso	92
unijai	92
unikalius	92
universalią	92
universalų	92
universitetinis	92
uodai	92
uosio	92
uostais	92
upninkų	92
urbanizacija	92
urnos	92
urveliuose	92
utilitaristai	92
uzbekai	92
uzbekijos	92
užbaigimo	92
užblokavo	92
uždarbio	92
uždaru	92
uždėta	92
uždėtas	92
užeigos	92
užgesusių	92
užimamą	92
užimančių	92
užimtumą	92
užkariauja	92
užkariavime	92
užkerta	92
užlieta	92
užmezgę	92
užmuštų	92
užpilas	92
užsakymai	92
užsiimančių	92
užsiimdavo	92
užtaisomas	92
užtaisų	92
užtarimo	92
užuomazgas	92
užšalęs	92
vabalus	92
vadinamajai	92
vadinamąja	92
vadinto	92
vadovaujamais	92
vadovaujanti	92
vadovės	92
vadybininkai	92
vaidinimuose	92
vaiguvos	92
vaistažolės	92
vaitystei	92
vaivadijas	92
vaizdingas	92
vaizdinius	92
vakar	92
vakariau	92
vakarėlį	92
vakuumą	92
valandai	92
valdomus	92
valdytoja	92
valdytos	92
valentino	92
valerijus	92
valgytojų	92
valstybinei	92
valstybiniais	92
valstybiniams	92
valsčiumi	92
valties	92
vandeningas	92
vandeningiausia	92
vandeningų	92
vandentalpa	92
variacijas	92
varomus	92
varpose	92
varputę	92
vatikanas	92
važiuodamas	92
važiuojama	92
vedamas	92
vedlys	92
vegetarų	92
veikiančio	92
veiksniu	92
veikusią	92
velionio	92
velnių	92
ventės	92
vergija	92
verslininkė	92
versta	92
vertinamų	92
vertinimus	92
vertinimą	92
vertybe	92
veteranai	92
vetuoti	92
veždavo	92
vgpš	92
vibracija	92
vicemeras	92
vicepirmininkė	92
vidiniuose	92
viduramžius	92
viduriavimą	92
viduriniai	92
vienašmenis	92
vieninteliam	92
vienkiemiais	92
vienspalviai	92
vienspalvis	92
vienspalvė	92
vientisąsias	92
vienuolė	92
vietininkus	92
vietnamiečiai	92
vietovardžius	92
viešpats	92
viešumą	92
viliojo	92
vingis	92
violončele	92
virsdavo	92
virtuali	92
virtualus	92
viršaičiu	92
viršila	92
viršininkai	92
viršugalvio	92
viršugalvyje	92
viršutiniuose	92
visaėdžiai	92
visuomeninėmis	92
visuotiniame	92
visuotinius	92
visžalis	92
vitalija	92
vizitą	92
vokalistų	92
vokiški	92
voko	92
vonioje	92
voroneže	92
vroclavo	92
vykdomųjų	92
vykdydavo	92
vykstantį	92
vynuoges	92
vyraujančia	92
vyriškis	92
vyžuonų	92
vėduoklės	92
vėles	92
vėlesnio	92
vėlesnėse	92
vėliavai	92
vėlu	92
vėlyvaisiais	92
vėrinį	92
vėžaičių	92
ypatingosios	92
ypatumas	92
zaporožės	92
zenitinės	92
zoknių	92
zootechnikė	92
zubovo	92
zubovų	92
černobylio	92
činšo	92
čiulpai	92
čiulpikės	92
čiulpuose	92
čiulėnų	92
čiurkšlės	92
įdubose	92
įdubų	92
įeinančių	92
įgalioti	92
įgaliotinių	92
įgijus	92
įgimta	92
įgimtą	92
įgulų	92
įgyjama	92
įgyvendinama	92
įjungiamas	92
įkalbėti	92
įkalinta	92
įkurdami	92
įkurdinta	92
įneša	92
įplaukų	92
įprastais	92
įprastiniai	92
įprastinė	92
įraše	92
įsakęs	92
įsigiję	92
įsigijęs	92
įsikišus	92
įsiskverbia	92
įsiterpę	92
įskaitą	92
įspaudais	92
įspūdingo	92
įspūdingus	92
įsteigimą	92
įstrigo	92
įtakingiausia	92
įtakojama	92
įtempimo	92
įterpiami	92
įtikinamai	92
įtvirtintų	92
įvaizdžiai	92
įvardijimas	92
įvardis	92
įvartis	92
įveikimo	92
įvertinant	92
įvertinus	92
įvijų	92
įvykdo	92
įžaidėjas	92
šablonų	92
šachmatininkai	92
šachmatus	92
šakotais	92
šakutė	92
šalimais	92
šalmais	92
šalmu	92
šalčiams	92
šamanizmas	92
šampanas	92
šarvo	92
šarvuotus	92
šarvuotų	92
šaukimas	92
šaukimą	92
šaulio	92
šedevras	92
šedevrų	92
šeimyna	92
šerti	92
šešiose	92
šiaure	92
šiemet	92
šifravimo	92
šiltnamiuose	92
šiltnamių	92
šiltose	92
šiltą	92
šlapimu	92
šlapių	92
šlaplę	92
šliaužiančiu	92
šliuzų	92
šluoteles	92
šlėktų	92
šnipinėjimu	92
šokiu	92
šoniniais	92
šoninio	92
šriftą	92
štabų	92
švaraus	92
švedas	92
švelniomis	92
švelniu	92
šventikai	92
šventorių	92
šventovių	92
šventvietė	92
šventąjį	92
šviesiu	92
šviesiuose	92
šviesulių	92
šviesų	92
švietėjišką	92
švietėjų	92
švytėjimas	92
ūgiu	92
ūkai	92
ūkiniais	92
ūkininkauja	92
ūkinio	92
ūmėdžių	92
ūtos	92
žadino	92
žagarėje	92
žaidynėmis	92
žalingi	92
žandikaulyje	92
žarėnų	92
žemais	92
žemesnėse	92
žemėn	92
žengia	92
žiaurumo	92
žiaurūs	92
žibintas	92
židinius	92
žiedynai	92
žilevičiaus	92
žinomoje	92
žinovų	92
žirgelių	92
žirklės	92
žiūrėjimo	92
žmoguje	92
žmogžudyste	92
žmonomis	92
žodinio	92
žodinės	92
žodynu	92
žodynėlį	92
žudikai	92
žudikus	92
žuvėdros	92
žvaigždei	92
žvaigždėdaros	92
žvakių	92
žvejybą	92
žymes	92
žymėjimą	92
žymėmis	92
žėručio	92
abatas	91
abatijos	91
abba	91
abejojo	91
abejoti	91
abipusiai	91
abitūros	91
abortas	91
absoliutizmą	91
absolventas	91
abstrakti	91
adamavos	91
administratorė	91
admirolą	91
aikšteles	91
akordeonų	91
aktorinio	91
aktyviausi	91
akveduko	91
alandų	91
albaniją	91
ale	91
alka	91
almanache	91
almanacho	91
altoriuje	91
alyvmedžiai	91
alėją	91
amerikai	91
amsterdamas	91
amuletų	91
amunicija	91
amžininkai	91
amžininkas	91
anaiptol	91
andalūzijos	91
aneksija	91
anemija	91
angelo	91
angys	91
antibiotikais	91
anties	91
antitarybinę	91
antologija	91
antplūdis	91
antradieniais	91
antropologai	91
anuliavo	91
anuliuoti	91
apdailai	91
apdorojimą	91
apdovanoja	91
apdovanotos	91
apjungtos	91
apkalta	91
apklausą	91
aprašymais	91
apsistojęs	91
aptrauktas	91
apvesti	91
apžvalgų	91
arabais	91
arbaletas	91
arbatų	91
architektūrinę	91
archyvui	91
arfos	91
arkikatedra	91
arkivyskupui	91
arkomis	91
arktinis	91
arseno	91
aršios	91
asmeniniuose	91
asortimentą	91
astronominis	91
ateitininkai	91
ateivius	91
atestato	91
atimant	91
atitikimo	91
atitikmenį	91
atkarpas	91
atkeltas	91
atkuria	91
atkurtą	91
atkūrimu	91
atlaikytų	91
atlanta	91
atm	91
atnaujina	91
atodangų	91
atpažinimas	91
atradimus	91
atrenka	91
atrinko	91
atrinkta	91
atrinktas	91
atsakingo	91
atsakydavo	91
atsargoms	91
atsargus	91
atsidurti	91
atsigauna	91
atsinaujina	91
atsirandantys	91
atsiskaitymas	91
atsiskyrėlis	91
atsistato	91
atsižvelgus	91
atskyla	91
atstumia	91
atėjusi	91
atėniečiai	91
atžalos	91
aukai	91
auksavabalis	91
aukuro	91
autochtonai	91
automatizavimo	91
autonominius	91
ačeho	91
ašančių	91
ašmenis	91
aštuonkampio	91
baigtinis	91
baigtinių	91
baiminamasi	91
baisiausias	91
bakteriologijos	91
balanse	91
baltarusijai	91
baltistikos	91
bandydama	91
bankininkų	91
bantai	91
barbara	91
barokinės	91
barškuolė	91
batalionu	91
batalionus	91
bateriją	91
baudas	91
begalybę	91
belgiją	91
bendraautorius	91
bendrabutyje	91
bendrabučio	91
bendraties	91
bendruoju	91
bermontininkai	91
besisukantis	91
besisukančio	91
bestuburiai	91
betoninių	91
bevielio	91
beždžionė	91
biologė	91
biržose	91
bizonų	91
blogiausiu	91
boksuose	91
bolivaro	91
bombonešio	91
branduoliniai	91
branduolinius	91
brangenybes	91
brangesnė	91
briaunotas	91
briedžio	91
brigadai	91
brėžinių	91
brūkšneliais	91
bubiai	91
bugo	91
bulvė	91
bunkerių	91
butanas	91
buveines	91
bėdų	91
būriams	91
būsenai	91
būstus	91
carinėje	91
cdu	91
cecilijos	91
celibatas	91
centriniam	91
chorvedybą	91
cilindrinės	91
cirkų	91
citata	91
dailėtyrininkė	91
dainininkais	91
dalijimasis	91
dalino	91
dalinyje	91
dancigo	91
darbinį	91
dark	91
darvino	91
daržo	91
daugiamandatėje	91
daugiapartinė	91
daugirdas	91
daugpilis	91
dažiklių	91
dažniais	91
dažniausi	91
dažnumo	91
dbu	91
deficito	91
deformuojasi	91
degino	91
deguoniui	91
deives	91
deklaruoja	91
deklinacija	91
dekoruotas	91
demetra	91
demoną	91
derlinguose	91
derybomis	91
desantininkų	91
dešros	91
didikais	91
didėjanti	91
didžiaisiais	91
didžiule	91
dieviškasis	91
dieviškųjų	91
diferencialinės	91
dinaminis	91
dinaminės	91
dinaras	91
diplomatu	91
diplominis	91
dirbusio	91
distancija	91
dokumentinius	91
domenas	91
donoras	91
dovanoja	91
dovilų	91
drakonų	91
dramatiškai	91
draudžiantį	91
druskingi	91
dryžuotas	91
drėkinti	91
dujotiekio	91
dukrų	91
dukterine	91
duktės	91
duobutės	91
duotos	91
durklo	91
dvejopos	91
dviaukščiai	91
dvinamis	91
dvivietis	91
dydžiais	91
dykra	91
dėde	91
dėmę	91
dėstymą	91
dėstytojus	91
dėvima	91
džiaugiasi	91
džinsų	91
ebtt	91
ediktą	91
edukologas	91
egta	91
einšteinas	91
eitų	91
ekipažai	91
ekologiją	91
eksperimentiniai	91
eksperimentinius	91
eksploatuojamas	91
ekspresionizmas	91
elektrotechnikas	91
elgeta	91
embriono	91
emigraciją	91
emyratai	91
energetikai	91
epilepsija	91
epizodus	91
erdvinis	91
ernesto	91
erotinis	91
eroziją	91
eskadronas	91
eskimai	91
esme	91
estafetės	91
eta	91
etapui	91
etmonu	91
etnosas	91
euras	91
europietiškos	91
ežių	91
faneros	91
fantastikai	91
fašistinės	91
federacinės	91
federaliniai	91
felčerių	91
feodalo	91
fermentuojant	91
figūrinės	91
filmukas	91
filmuojant	91
filomatų	91
fleitai	91
fln	91
fondams	91
fonetika	91
fotoaparato	91
fpö	91
franco	91
fridrichas	91
fruktozės	91
funkcines	91
gabaliukais	91
gabalėlį	91
gabija	91
gabone	91
gabūs	91
gaisrinės	91
galvučių	91
gaminamo	91
gaminamą	91
gamtininko	91
ganymas	91
garantija	91
garavimas	91
gardinas	91
garsui	91
garsėti	91
gausioje	91
gautume	91
gaz	91
geležtėmis	91
gelsvomis	91
gelsvų	91
gerbia	91
gerėja	91
ginamos	91
giraičių	91
giriose	91
globėją	91
gotikinių	91
graižas	91
grasinti	91
gražiausios	91
grietinės	91
griežčiau	91
grigiškių	91
grikių	91
grimzta	91
griūti	91
grižo	91
grožinė	91
grubus	91
grupinės	91
grybams	91
grūdo	91
gulėti	91
gustaitis	91
gynimą	91
gynėjams	91
gyvenamoje	91
gyvenamojoje	91
gyventoju	91
gyvenusią	91
gyvu	91
gyvūnuose	91
hagoje	91
hamburgas	91
heseno	91
hidrogeologijos	91
hidrografinį	91
homoseksualumą	91
honkonge	91
horizontalia	91
horizontalus	91
humanizmas	91
icmp	91
ideali	91
identifikuojamas	91
ieškinio	91
iešmo	91
igbų	91
imbrado	91
importuotojai	91
imtinai	91
imtuvą	91
infliacijai	91
informaciniai	91
ingredientai	91
inicialais	91
inicijuota	91
inicijuotas	91
inkstas	91
inkstus	91
inspektoriaus	91
internatas	91
intriga	91
investicinio	91
irklavimas	91
ironijos	91
itališkas	91
izotopo	91
izraelitai	91
išaiškintas	91
išblunkanti	91
išbraukti	91
išbuvęs	91
išdalino	91
išdėstymą	91
išgavimas	91
išgraužia	91
išimtys	91
iškeliamas	91
iškilimą	91
iškopė	91
iškvietė	91
iškyšulyje	91
išlaikymu	91
išlaisvinta	91
išleisdamas	91
išlenkti	91
išmokstama	91
išnuomoti	91
išpažinimas	91
išpirkos	91
išplauti	91
išpuolis	91
išrinkdavo	91
išsiaiškinta	91
išsigelbėjimo	91
išsimokslinimą	91
išsiplėtimas	91
išsiunčia	91
išsivystymas	91
išskleisti	91
išspaudos	91
išstumiamas	91
ištisa	91
ištvermė	91
ištyrinėta	91
ištyrus	91
išvedimas	91
išėjusi	91
jachtos	91
jaguaro	91
jakobas	91
jaudina	91
jaunajai	91
jaunajam	91
jaučius	91
jorubai	91
judrumą	91
juodaodžiams	91
juolab	91
juosteles	91
jurbarkų	91
kabinos	91
kabojo	91
kadrai	91
kaimiečių	91
kainuos	91
kairiesiems	91
kalbinei	91
kalbėdavo	91
kalendra	91
kalifu	91
kalnams	91
kalvotomis	91
kamajų	91
kamieninės	91
kampinio	91
kamštis	91
kamščio	91
kana	91
kandidačių	91
kanopos	91
kantoną	91
kapinynus	91
kapitalizmas	91
kapitalu	91
kapitonija	91
kapsules	91
karališkąją	91
karbono	91
karelai	91
kariu	91
kariškiams	91
kariūnų	91
karma	91
kartingais	91
kartojama	91
karštligė	91
karštligės	91
karščiavimas	91
kasacijos	91
kasta	91
kataloguose	91
kateriais	91
kates	91
katinas	91
kaukole	91
kaupiamos	91
kazimierui	91
kaštus	91
kažkokiu	91
keldavosi	91
keleivinius	91
keliaujantiems	91
kentė	91
kepa	91
kepinys	91
ketinta	91
kiaulytės	91
kietus	91
kilimais	91
kiniškų	91
kintamuosius	91
kintantis	91
kipre	91
kirgizai	91
kitokioms	91
kišimąsi	91
klaidingos	91
klasicistinio	91
klasta	91
klaudijus	91
klierikai	91
kluonas	91
klyvlende	91
kodifikuoti	91
kokosų	91
kolekcionavimas	91
kolektyvinis	91
kolektyvinę	91
kolonizuotas	91
kolūkius	91
komandinio	91
komentuoja	91
komercijai	91
komercinėse	91
kompiuterijos	91
kompiuterine	91
komponavimas	91
komtūro	91
konsoliduoti	91
konstrukcijomis	91
konstruktyvizmo	91
konsulinę	91
kontekstas	91
kontrastas	91
kontrolierė	91
kontūras	91
konvojaus	91
kopenhaga	91
kopijavo	91
kopomis	91
korekcija	91
kortai	91
kortelėmis	91
kosmologijoje	91
kosovas	91
koteliais	91
kr	91
kraterius	91
kraterį	91
kreida	91
kreipti	91
kriauklė	91
krikščioniškąją	91
krinčino	91
kritinės	91
kritinę	91
krokuva	91
kroviniai	91
krovos	91
kruopių	91
kruopų	91
kryžkelės	91
krūminis	91
kuklus	91
kultūrinei	91
kunigaikštijos	91
kupiną	91
kuratorė	91
kurortu	91
kvadratinį	91
kvadratų	91
kvalifikuotas	91
kybartuose	91
kėbulą	91
kėniai	91
kūgių	91
laidojimas	91
laikymąsi	91
laimingą	91
laisvei	91
laisvuosius	91
lakas	91
lankstymo	91
lankęsis	91
laose	91
laukiniais	91
lavonas	91
lazdijuose	91
leidybai	91
leistinas	91
leistos	91
lempas	91
lengvu	91
leone	91
lgbt	91
licenziją	91
liemeniu	91
liepęs	91
lietumi	91
lingvistai	91
lingvistika	91
linko	91
linksmas	91
linksniuotės	91
litas	91
liudijo	91
liudininku	91
liūdesį	91
liūtais	91
lnp	91
lts	91
luko	91
lukoševičius	91
lydymas	91
lygu	91
lytiniais	91
lėlė	91
lėtą	91
madinga	91
magdalena	91
magistrai	91
magistralinio	91
mailius	91
maistinis	91
maitinama	91
maišelyje	91
maišytos	91
maksimalios	91
makštin	91
maldai	91
malšina	91
malūne	91
mansių	91
marijaus	91
markso	91
marselis	91
maru	91
marškinius	91
mastas	91
materialinio	91
mauzoliejaus	91
mažajame	91
mažąja	91
mechanizuoti	91
medicininiais	91
melo	91
memuarus	91
menkavertis	91
menotyrininkas	91
mergelio	91
metaforos	91
metalams	91
metamorfizmo	91
metimus	91
metiniai	91
metodams	91
metodui	91
miegamajame	91
mieliau	91
miestiečius	91
migrantai	91
mikalauskas	91
milijonams	91
mineralinėmis	91
minimo	91
minosvaidžio	91
minėjimai	91
mitingo	91
mitingą	91
mitiniai	91
miuziklų	91
miškingoje	91
mobilaus	91
mobilumo	91
moderniais	91
moderniu	91
moderniąją	91
mogiliovo	91
mokomąjį	91
moksleiviais	91
mokydamas	91
moldovos	91
monakas	91
monrealio	91
moreninio	91
moreninis	91
morenų	91
motociklai	91
motociklą	91
muziejininkystės	91
muzikavimo	91
mygtuku	91
mylimas	91
mylimojo	91
mylintis	91
myriop	91
naikinama	91
naktinį	91
napoleonui	91
narsiai	91
natūralizmo	91
naujesni	91
naujojoje	91
navigacijai	91
neapima	91
neaplenkė	91
neatlygintinai	91
neatsiranda	91
neatsitiktinai	91
nebeatsigavo	91
nebijo	91
neefektyvus	91
negaudavo	91
negausūs	91
negiliai	91
negyvenamų	91
neišvengė	91
nektarą	91
nelaikomos	91
nelygi	91
nemaži	91
nemenką	91
neogeno	91
neogotikinio	91
neono	91
neoromaninio	91
nepakitęs	91
nepaklusnumą	91
nepalieka	91
nepasidavė	91
nepasirašė	91
nepelnė	91
nepilnas	91
nepraėjus	91
nepriklausantys	91
neptūnas	91
neretas	91
neribotai	91
neryškiomis	91
nesirūpino	91
neskaičiuojant	91
nespėjus	91
nesėkmingą	91
netekimas	91
netekusi	91
netiesa	91
netiesioginis	91
netiesioginių	91
netiksliai	91
netikėjo	91
netinkamų	91
neutralaus	91
neutrono	91
nevilties	91
neįgijo	91
nešdavosi	91
nfl	91
nitratas	91
nominali	91
nominalus	91
normalią	91
norėdamos	91
npc	91
nugabeno	91
nukelti	91
nukreipiamas	91
numatantis	91
numizmatika	91
nuodėmę	91
nuogulos	91
nuomoti	91
nuorodomis	91
nuosekli	91
nuoseklią	91
nuostabią	91
nurodanti	91
nusikaltėliais	91
nusileidimas	91
nusileidžiantis	91
nusistovėjusią	91
nusitęsia	91
nusivylimo	91
nusivylė	91
nusivylęs	91
nuskleistas	91
nuskristi	91
nuslinkusi	91
nuslūgsta	91
nusmailėjusia	91
nustatymą	91
nutapyta	91
nuteistųjų	91
nuvežti	91
nuvykusi	91
nykštukų	91
objektyvių	91
objektyvus	91
odelė	91
oficialusis	91
oksidais	91
okupacinėje	91
okupantais	91
onegos	91
operetėse	91
oriono	91
orlando	91
orleano	91
ornamentuoti	91
ortopedijos	91
osetinai	91
paaiškėjus	91
paauglius	91
paauglė	91
padalinimą	91
padariusi	91
padaromi	91
padarymą	91
padažnėja	91
padrikai	91
padėjusi	91
padėtys	91
pagalbai	91
pagalvėlės	91
pagerbimo	91
pagoniškų	91
pagonybę	91
pagrasino	91
pagrindiniuose	91
pagyrų	91
pailginta	91
pailgų	91
paimtos	91
pajevonio	91
pakaitalą	91
pakakdavo	91
pakeistu	91
pakeičiami	91
pakuotes	91
paladžio	91
palaikomos	91
palaikytų	91
palankumo	91
palemono	91
palenkti	91
palikuonė	91
palydovinės	91
pamėgta	91
panašiems	91
papildų	91
papirko	91
paplitusią	91
paprastam	91
papuasų	91
papėdę	91
parašiutininkų	91
parenkama	91
parinkimas	91
parodydamas	91
parodęs	91
pasakojimu	91
pasaulietinio	91
pasauliniuose	91
pasaulius	91
pasidalija	91
pasiektą	91
pasiekusios	91
pasinaudojus	91
pasipriešinime	91
pasirengę	91
pasirenkami	91
pasirinktu	91
pasirodymams	91
pasiskolinti	91
pasitarime	91
pasitenkinimas	91
pasitraukimas	91
pasmerkta	91
pasok	91
pastarajai	91
pastatymuose	91
pastatymą	91
pasyvi	91
pateikus	91
patikėtas	91
patobulinimas	91
patobulintą	91
patriotizmo	91
patyrusio	91
patyčių	91
paukščiu	91
pauodegys	91
pauzės	91
pavadinimui	91
paveikslėlis	91
paveikslėlius	91
paveldimų	91
paveldėjimą	91
paverčiama	91
pavėjui	91
pašarus	91
pašaukimas	91
pašte	91
pažaboti	91
pažangai	91
pažeidus	91
pažymėjimo	91
pažymėtini	91
pažįstami	91
pelesos	91
pelningumas	91
pelnydamas	91
perdirbinys	91
perdirbėjų	91
pereidavo	91
pereinanti	91
periferinių	91
perkeltine	91
perkirsti	91
perkūnijos	91
pernaša	91
perpirko	91
persiuntimo	91
perspektyvą	91
perspėjo	91
perstojo	91
perėti	91
peržiūros	91
petkevičius	91
pianinas	91
piestu	91
piko	91
pikta	91
pilkosios	91
pilkųjų	91
pilnametražis	91
pilotams	91
piltuvo	91
pintys	91
pirkimą	91
pirmagimis	91
pirmomis	91
pjautuvai	91
plantacijas	91
platesnę	91
platumoje	91
plačialapiai	91
plokštele	91
plokštėms	91
plonesni	91
plukdyti	91
plytinės	91
plytomis	91
plėtinys	91
plėtojami	91
plėtojamos	91
plėtota	91
plūstelėjo	91
poelgio	91
poetinio	91
poilsį	91
polimerai	91
polimeras	91
popieriniai	91
populiarintojas	91
populiarioji	91
portugalijai	91
porūšius	91
posistemė	91
posvyris	91
posėdžiaudavo	91
požemius	91
prabėgus	91
pradmenų	91
pradą	91
praha	91
pralaidumą	91
pranašauja	91
pranašesni	91
praplaukė	91
prarastų	91
prasiveržia	91
pratybų	91
pravardžiuojamas	91
praėję	91
premijomis	91
preparato	91
prestižo	91
pretendentas	91
pridedami	91
prieblandoje	91
priedu	91
priekiniame	91
priešdėliu	91
priešinimosi	91
priešininku	91
prieštaravimo	91
prigludęs	91
priimtiną	91
prilyginama	91
pripažinus	91
prireikti	91
prisiglaudė	91
pristatantis	91
pritaikomos	91
privalomų	91
privatinę	91
privesti	91
prižiūrinti	91
procesijos	91
procesoriuose	91
protingos	91
psichologines	91
psichologo	91
ptolemėjus	91
publicistinius	91
publicistinės	91
pudra	91
puldinėjimai	91
pulto	91
puotos	91
puošmena	91
pusryčiams	91
pėstininku	91
raginės	91
raitelį	91
ramina	91
rangus	91
rasa	91
rase	91
rasime	91
ratelių	91
raudonmedis	91
raudonąjį	91
raumeninis	91
raštinė	91
reagavimo	91
reagentų	91
recepcija	91
receptus	91
receptų	91
redukcija	91
redukuota	91
refleksai	91
refleksas	91
reformacijai	91
refrakcija	91
registruojama	91
reglamentavimas	91
reguliarios	91
reguliuojant	91
reikalauta	91
reikmenimis	91
reklamų	91
reliktas	91
remiamą	91
rezervas	91
rezervatui	91
rezervatus	91
rezidencijoje	91
režimus	91
riebalinių	91
rimša	91
rinkliavų	91
ritmais	91
rojas	91
ropės	91
rudosios	91
rungiasi	91
rungties	91
rungtines	91
ruožais	91
ruožų	91
rutuliška	91
ryškesnis	91
rėmimą	91
rūgščios	91
rūkai	91
rūpesčiai	91
sakralinio	91
sakydami	91
sakykla	91
salietros	91
salone	91
sandėliavimo	91
sankaupos	91
santvarkoje	91
saracėnai	91
sarkofagas	91
saugojimą	91
saugomą	91
sausosios	91
sausringas	91
savaite	91
savanoriškas	91
savim	91
savininkus	91
savito	91
scenografijos	91
segmente	91
seilėmis	91
sekas	91
semantika	91
senuosiuose	91
serijinių	91
serotonino	91
servisas	91
sezamas	91
sferai	91
sferomis	91
siautėjo	91
sidabrines	91
siekimo	91
siekio	91
sietas	91
signalais	91
silikatinių	91
simpatijų	91
sinodą	91
sintetinės	91
sinuso	91
sirgalių	91
sirų	91
sistemingas	91
siuntimą	91
siunčiant	91
siūlymą	91
skaidrios	91
skaitovas	91
skaičiavimui	91
skambino	91
skandalai	91
skardžių	91
skautai	91
skiautėmis	91
skilteles	91
skilčių	91
skinami	91
skiriamoji	91
skirstinį	91
skirtųsi	91
skliaute	91
skraidančių	91
skraidina	91
skrotelę	91
skurdžios	91
skysta	91
skėtis	91
slaptumo	91
sliekais	91
slėptuvėje	91
slėptuvėse	91
smailiais	91
smarkios	91
smūginių	91
socialdemokratinių	91
socializacija	91
sodais	91
sodams	91
solistus	91
spalvotu	91
sparnu	91
specifiniu	91
spindesio	91
spiralinių	91
sporomis	91
spu	91
spuab	91
stabiliai	91
staigų	91
stalius	91
stalus	91
statiniuose	91
statulėlė	91
statytis	91
stavropolio	91
stačiomis	91
stačius	91
stebuklinga	91
stebėjimams	91
stefanas	91
stemplę	91
steponavičius	91
stiebuose	91
stikliniai	91
stilizuoti	91
stiprinimą	91
stiprioji	91
stipriosios	91
stiprybę	91
storesni	91
stotimis	91
stovėjusią	91
strategijų	91
strateginiai	91
stribų	91
struktūrinio	91
struktūrinius	91
studentui	91
sudarymui	91
sudeikių	91
suderintos	91
sudominti	91
sugebėjimu	91
sujungiama	91
sujungiamos	91
sukilusių	91
sukinį	91
sukryžiuotos	91
sukurtuose	91
sulaukdavo	91
sulaukta	91
sumaišius	91
sumanymus	91
sumatroje	91
sumažinant	91
sumontavo	91
sumūrytas	91
sunaikinimą	91
sunkesnė	91
sunkiausia	91
sunkiausių	91
sunkvežimius	91
suolai	91
supaprastina	91
superlygoje	91
suplanuoti	91
suprantame	91
surastų	91
surašyta	91
surengtą	91
surenkamas	91
surišta	91
susekti	91
susekė	91
susibūrimo	91
susidarančių	91
susieja	91
susiformavimui	91
susijaudinus	91
susijusiuose	91
susirūpinta	91
susivienijimui	91
sustingsta	91
sustojęs	91
susuktas	91
sutelktas	91
sutvirtintos	91
suvaidintas	91
suvienijęs	91
suėmus	91
sužeistųjų	91
sužlugdyti	91
svajones	91
svarbiems	91
sveriantys	91
swapo	91
sąjunginio	91
sąjungoms	91
sąjūdyje	91
sąsiauriai	91
sėkmei	91
sūnėno	91
taikdarių	91
taikiniams	91
talerių	91
talinas	91
talpyklos	91
talpą	91
tamara	91
tankesnis	91
tankiuose	91
tanzanijos	91
tapatumas	91
tapatumą	91
tapyrai	91
tapyras	91
tariamų	91
tarinio	91
tarmei	91
tarnams	91
tarno	91
taro	91
tarpininkavimas	91
tarpininko	91
tarpsniai	91
tarpui	91
tarybinei	91
tc	91
techniku	91
technologo	91
teigiamus	91
teisyno	91
tekstilę	91
tekstūra	91
telefonijos	91
telefoninių	91
temperatūras	91
tenkino	91
tenkintis	91
teologinių	91
teritoriniu	91
termitas	91
terorizmą	91
tetą	91
tiekimu	91
tiesimą	91
tikino	91
tikraisiais	91
tinklinis	91
tipiškai	91
tirpūs	91
tobago	91
toksiški	91
tolesnių	91
tolimesnio	91
tolimą	91
tonu	91
topai	91
torpedos	91
traktate	91
traktatų	91
transformatoriai	91
transilvanijos	91
transliuojantis	91
tranzitinis	91
traumatologijos	91
trečdalių	91
tribūnai	91
trikampyje	91
trisdešimties	91
triumviratas	91
trukme	91
trėmimai	91
turgavietė	91
turine	91
turinčioms	91
turinčiuose	91
turkijai	91
turkmėnijoje	91
tvarkoma	91
tvirtais	91
tvirtesnis	91
tvirtindavo	91
tyli	91
tyrinėjimą	91
tyrėjo	91
tėkmę	91
tėviškė	91
tęsiamos	91
tęsiant	91
tūno	91
uncijos	91
universitetinį	91
uoslė	91
upokšnis	91
urbanizacijos	91
urdu	91
urėdo	91
užeiga	91
užkandžių	91
užkariavęs	91
užkasti	91
užkrėsti	91
užpakalyje	91
užsieniečiais	91
užsiimančios	91
užsikrėtimo	91
užverbuotas	91
vadinamuose	91
vadovaujamoje	91
vadovėliuose	91
vairuodamas	91
vaistinėje	91
vaizduojant	91
vakarietiško	91
vakarėlis	91
valdininkais	91
valdininkus	91
valdomo	91
valdoms	91
valdžiusią	91
valgomasis	91
vandeninių	91
vandenskyros	91
vardui	91
vargonininkai	91
varliagyvis	91
varomoji	91
varomos	91
varpininkas	91
veidų	91
veikliosios	91
veisiamos	91
velėniniai	91
vengriškai	91
veninis	91
verkė	91
verslininkus	91
vestminsterio	91
vešli	91
vežimais	91
vicekaralius	91
vidurius	91
vidurupis	91
viekšniuose	91
vienašališkai	91
vienete	91
vienetinį	91
vienijantis	91
vienkiemio	91
vienovės	91
vietiniam	91
viešpatauja	91
viešuose	91
vikrūs	91
vilkus	91
vilkėti	91
violončelės	91
virta	91
virtimo	91
virtuvėmis	91
virusą	91
virvių	91
virė	91
viršeliu	91
viršutinius	91
visokeriopai	91
visuomeninei	91
visąlaik	91
vištienos	91
vokalistą	91
vykdydami	91
vykdytoju	91
vykusias	91
vyraujantys	91
vyresnės	91
vytautu	91
vėdrynas	91
vėjuotas	91
vėlyvąjį	91
vėrinys	91
yda	91
ypatingomis	91
ypatingųjų	91
ypatybėmis	91
zambijos	91
ąžuolynas	91
čekiškės	91
čempionės	91
čepkelių	91
čerčilis	91
čiabuviai	91
įdarbinimo	91
įdiegimas	91
įeidavo	91
įgyjamas	91
įgytos	91
įgyvendinimu	91
įkaitu	91
įkvepia	91
įpareigoti	91
įpročius	91
įpėdiniams	91
įrašams	91
įsidarbinti	91
įsigijus	91
įsitikino	91
įsitraukęs	91
įspėja	91
įstrižainės	91
įtariamas	91
įtarė	91
įtekančios	91
įvairiausiose	91
įvardyti	91
įveistas	91
įveisė	91
įvertinamas	91
įvykiui	91
įšventinimo	91
įšventino	91
įžengus	91
įžiūrėti	91
šakiai	91
šakniastiebis	91
šakniavaisiai	91
šalin	91
šalinamos	91
šaltai	91
šarvuotasis	91
šaunamojo	91
šaškytė	91
šermukšnių	91
šešto	91
šiauliečiai	91
šienas	91
šildymą	91
šilką	91
šiltesnis	91
šiurkščiai	91
škotas	91
šlaunis	91
šokiams	91
šokiuose	91
šokoladas	91
šopeno	91
špagos	91
šuniukai	91
šunskų	91
šuolius	91
šventais	91
šventikų	91
šventąja	91
šviestuvai	91
švyti	91
švyturiai	91
švęsdavo	91
ūkine	91
ūkines	91
žalvariniais	91
žandikauliai	91
žemaičiams	91
žiauraus	91
žiaurų	91
žiemojimo	91
žinojimą	91
žiurkėnai	91
žiuželių	91
žlugimu	91
žmonėse	91
žolėje	91
žurnalistinės	91
žvalgybinis	91
žvyneliai	91
žvėrį	91
žymenų	91
žymiausius	91
žymėjimai	91
žąslai	91
žūdavo	91
abatija	90
absoliutų	90
abstraktūs	90
acc	90
acetono	90
adaptuoti	90
adygų	90
aek	90
aeroklubas	90
agentė	90
aglomeracijos	90
aglomeraciją	90
agresyvią	90
aikštes	90
aistė	90
aiškia	90
aiškinimų	90
aiškintis	90
akiai	90
akiduobės	90
aklai	90
akompanuodavo	90
akordų	90
aksonai	90
aktyvacijos	90
aktyvioje	90
akustinių	90
akvarelė	90
akvariumas	90
akvedukas	90
akvedukų	90
akyje	90
akylai	90
algas	90
alpes	90
alternatyvią	90
alumi	90
alžyriečių	90
amatą	90
ambicijas	90
amerikietiškos	90
amerikietiškų	90
amerikietė	90
amfiteatras	90
amplitudžių	90
analizuojami	90
ananasas	90
anbo	90
angliarūgštės	90
anglikonai	90
angola	90
ankstesniame	90
ankstesniųjų	90
ankstesnėse	90
ankstyviausi	90
antenomis	90
antibiotikai	90
antikoje	90
antplūdžio	90
antsparniais	90
antspaude	90
anūkė	90
aparatuose	90
apdengta	90
apeiginis	90
apeiginės	90
apeliacinės	90
apimtas	90
apimtų	90
apiplaukė	90
aplankyta	90
aplinkų	90
aprėpti	90
apsauginio	90
apsaugoje	90
apsiautė	90
apsidės	90
apsirengusi	90
apskaičiuojami	90
apsodinta	90
aptverta	90
aptverti	90
aptvertos	90
apvaliomis	90
apybraiža	90
apšaudymo	90
apžiūros	90
apžvelgiama	90
arbaletų	90
archeologinę	90
archipelagas	90
archipelagą	90
architektūrinį	90
arimo	90
arkinis	90
armatūra	90
armijose	90
armėniją	90
artefaktų	90
artemidės	90
artimesnės	90
asocijuojamas	90
asteroido	90
astmos	90
astrofizikos	90
astrologija	90
atbulai	90
ateistų	90
ateiviais	90
ateizmą	90
atidėjo	90
atiteks	90
atitrūksta	90
atlaiko	90
atlantos	90
atliekančios	90
atlikdami	90
atlyginimai	90
atnaujintą	90
atnešdavo	90
atomines	90
atsakinguoju	90
atsidavęs	90
atsidūrę	90
atsipalaiduoja	90
atsistatydinimą	90
atsisveikinti	90
atsitrenkia	90
atskaitingas	90
atskaitingi	90
atskirasis	90
atskleidžiami	90
atskyrimą	90
atspindintys	90
atstatydintas	90
atstovybei	90
atvaizduotas	90
atvykimą	90
atšakai	90
atšilimą	90
audrey	90
augantį	90
aukojimą	90
aukštumomis	90
aukštuosiuose	90
aukštupių	90
aukštutinio	90
aurimas	90
australas	90
autentiškumo	90
autentiškų	90
automobilinė	90
autonominiame	90
autoritarinis	90
aštuoniais	90
bagdonavičius	90
baidarėmis	90
baigiamąjį	90
baigiamųjų	90
baigs	90
baigties	90
baigtinės	90
bakalaurų	90
balais	90
balandos	90
balsiu	90
baltarusiją	90
baltymams	90
baltąja	90
baltąją	90
banda	90
bandomosios	90
bandomųjų	90
barsukų	90
bazelio	90
bazelyje	90
bažnytines	90
bd	90
bebras	90
begalinį	90
bendradarbiavimu	90
bendrijai	90
bendrumų	90
benediktinių	90
benzinas	90
beresnevičius	90
beretės	90
bibliofilijos	90
bibliotekoms	90
biografas	90
biologines	90
biologinį	90
biologų	90
biomasė	90
blakstienėlės	90
blankesnių	90
bns	90
bondą	90
bosinės	90
bosą	90
botanikų	90
braižybos	90
branduolines	90
brangenybių	90
brangiausias	90
brantas	90
briedis	90
brigadą	90
bristolio	90
broniaus	90
bruožą	90
bręsti	90
budizmui	90
bulgariją	90
bures	90
buriuotojų	90
buržuazija	90
buteliuose	90
bėdos	90
celiuliozė	90
centrams	90
chirurginio	90
cholera	90
ciano	90
cilindrą	90
citoplazma	90
civilizacijas	90
civilizacijomis	90
colio	90
cukrinis	90
dabartiniam	90
dabartiniams	90
dadaizmo	90
dailidės	90
dalgių	90
dalijo	90
dalinamos	90
dambrauskas	90
danielis	90
dantenų	90
darbovietėje	90
daryklų	90
darytas	90
daržovėms	90
daugialypės	90
daugiatautė	90
daugiskaitą	90
daugkartinė	90
dažnesnės	90
dažnu	90
dažnumą	90
dažomi	90
dbls	90
dedant	90
dedikuotas	90
degalinės	90
deginančio	90
deklaracijoje	90
deltose	90
demokratinėse	90
demokratizacijos	90
demono	90
demonstrantų	90
demonus	90
dengiama	90
derinius	90
derinį	90
desertų	90
detektyvas	90
detonatoriaus	90
detonuoja	90
devyniolika	90
dešimtmečiai	90
dešimtokų	90
diagnostiką	90
dialogą	90
diaspora	90
didesnieji	90
didiesiems	90
didingas	90
didmiesčio	90
didmiesčiuose	90
didėjantį	90
didžiają	90
didžiausioje	90
didžiosiose	90
dielektrinė	90
dievaitis	90
dieviškos	90
dieviškumą	90
difuzijos	90
diplomatinį	90
dirbtinius	90
dirgikliai	90
dirigentai	90
disidentai	90
diskais	90
diskriminuojami	90
disnėjaus	90
distiliuojamas	90
divizionuose	90
docentai	90
doktorantūra	90
doktrinų	90
dokumentuoti	90
doleriai	90
domarkas	90
dorybių	90
draminis	90
draugijomis	90
draugijoms	90
drebėjimus	90
dsh	90
dualizmas	90
duburys	90
duetų	90
dukterėčia	90
dulkėmis	90
dumbldoras	90
duobutę	90
durklu	90
durklą	90
dvariškiai	90
dyzeliniai	90
dėstęs	90
dėže	90
džeksonas	90
ediktas	90
edinburgo	90
eeb	90
efektyvaus	90
eglutės	90
ego	90
egzotinių	90
eiliuotas	90
eilėms	90
ekipas	90
ekosistemoms	90
eksperimentinį	90
eksportavo	90
ekspresas	90
eksterjero	90
ekvadore	90
ekvatorinis	90
eldorado	90
elektronikoje	90
elvyra	90
emocinės	90
energetinio	90
entropija	90
epai	90
er	90
eriko	90
ertme	90
ertmėse	90
eskadra	90
eskadros	90
eskizai	90
eskortinių	90
esmingai	90
estradinio	90
etalonu	90
europietiškų	90
europinėje	90
evenkų	90
fantastas	90
fante	90
felikso	90
filipinai	90
filipo	90
filmuota	90
filtracijos	90
filtrą	90
finansuojamos	90
fiziologinis	90
folio	90
formacijos	90
formavimui	90
fotografė	90
fregata	90
funkcionierius	90
gabalais	90
gabalo	90
gabrielius	90
gadina	90
galerijose	90
galingesnius	90
galvijams	90
galvinių	90
galvojama	90
gamintoją	90
gamintą	90
gamybiniai	90
gamą	90
gandas	90
ganyklas	90
ganymo	90
garantuota	90
garas	90
garbingas	90
gargžduose	90
gaunamą	90
gausaus	90
gebos	90
gelbsti	90
gelvonų	90
genocidu	90
georgijus	90
gidas	90
giesmininkų	90
giminaičio	90
gineso	90
giraitė	90
gitaromis	90
gižų	90
gniužulo	90
grafiko	90
grafystėse	90
graikišką	90
gramo	90
granato	90
grandininė	90
gravitropinės	90
graviūra	90
gražiausias	90
greitieji	90
grindinio	90
gripu	90
grojanti	90
grupinėse	90
grupuoti	90
grynų	90
gręžimo	90
grįžtama	90
gyvenančio	90
gyvenančią	90
gyvojo	90
hado	90
hagos	90
henriką	90
hercogijos	90
heroinas	90
hetitams	90
hibridai	90
hipoksija	90
hipotetinis	90
hipoteze	90
hitlerininkų	90
humanistinės	90
humanistų	90
idealizmo	90
identifikuota	90
ideologas	90
ignoruojant	90
ilgiems	90
ilgius	90
iliustruotą	90
imperatore	90
indams	90
industrinio	90
industrinės	90
intelektu	90
intelektualiai	90
intensyvų	90
internetinėje	90
investicinius	90
investicinė	90
ipolitas	90
ira	90
iraką	90
irigacijos	90
islamui	90
ispaniškos	90
ispaniškų	90
ispanui	90
issn	90
istorijose	90
istorinei	90
išdalinti	90
išdygo	90
išeitis	90
išilgine	90
išimtos	90
iškarto	90
iškiliai	90
išklotas	90
iškviestas	90
išmatas	90
išmokos	90
išmokėta	90
išmušti	90
išnaikino	90
išnaudojimas	90
išnyks	90
išpažintis	90
išplėtimas	90
išpopuliarėjęs	90
išradėjų	90
išrinktasis	90
išrinktu	90
išsamų	90
išsilaikiusi	90
išsilaikę	90
išsilaisvinti	90
išsilavinusių	90
išsiliejo	90
išsitiesia	90
išskiriant	90
išskyrimo	90
ištikima	90
ištirpusios	90
ištremtos	90
išvežama	90
išvykas	90
išėjimas	90
jaunesnius	90
javais	90
jci	90
jodinėti	90
jonynas	90
jordano	90
josifas	90
judėjimais	90
jugoslaviją	90
juknevičius	90
juodkalniečių	90
juriskonsultė	90
jutai	90
juvelyriniai	90
jėgainėse	90
jūrinę	90
kaimyninio	90
kairių	90
kairo	90
kaizerio	90
kalbėję	90
kaldinamos	90
kalkingą	90
kalnelių	90
kamasutroje	90
kamienai	90
kankina	90
kankinamas	90
kanojomis	90
kantonu	90
kantrybės	90
kapavietėse	90
kapliai	90
kapoti	90
karantino	90
kardiologų	90
kariaujančios	90
karosas	90
karstą	90
kartografavimo	90
kartoje	90
kartotinis	90
karūnas	90
karūnavimas	90
kasdienius	90
kasinėjimuose	90
katalonijos	90
katapulta	90
kaukėmis	90
kazimierą	90
kazlėkas	90
kažkokia	90
kažkokios	90
kedro	90
keistos	90
keltuvo	90
keramikai	90
kerštą	90
keturmetė	90
khmerai	90
kidulių	90
kietai	90
kietumą	90
kilpas	90
kingas	90
kintamos	90
kintančių	90
kirtikliai	90
kirveliai	90
kirvukų	90
kišenėje	90
kiškinių	90
kkp	90
klaidingą	90
klarnetininkas	90
klasifikavimas	90
klastotė	90
klausia	90
klebonai	90
klijais	90
klipais	90
kliūties	90
kliūtimi	90
kliūtį	90
knygelėje	90
koalicijų	90
kodifikacijos	90
kolekcionavimo	90
kolektorius	90
kolektyvizacijos	90
kolizija	90
kolonijinis	90
komandinių	90
komentuoti	90
komercinei	90
komercines	90
komiksus	90
komisarai	90
kompaktinius	90
kompiliacinis	90
kompiuterininkų	90
komunalinės	90
komunistas	90
kondensacijos	90
kondensatorių	90
konfliktuose	90
konkrečiau	90
konsorciumo	90
konstituciniai	90
konstrukcinių	90
konsulato	90
konsultantai	90
kontribuciją	90
kontrolėje	90
kontroversiškas	90
kontroversiškų	90
kooperaciją	90
koordinuojanti	90
kopuliacijos	90
koralais	90
koreliacijos	90
koridoriaus	90
korporacijai	90
kosmosas	90
kosulio	90
kotelio	90
kovotojo	90
kraitis	90
krasnodaro	90
kraujavimą	90
kraštovaizdyje	90
kraštovaizdžiui	90
kreditorių	90
kreiserius	90
krentantis	90
kriaukles	90
krikščioniškoje	90
krikščionišku	90
krikščioniškųjų	90
krikščionybe	90
kristalas	90
kristianas	90
kritikė	90
kritinį	90
kriukų	90
krosnyje	90
krovininiai	90
krovinys	90
kulno	90
kultivuoti	90
kunigaikštienės	90
kurdavo	90
kurt	90
kurše	90
kuršiams	90
kuršėnai	90
kužių	90
kvadratui	90
kvalifikacinėse	90
kvantinio	90
kvapiosios	90
kviesdavo	90
kvėpavimui	90
kylančia	90
kyšulių	90
kęsgaila	90
kūdikius	90
kūgiški	90
lagūnoje	90
laidininkų	90
laikinojo	90
laikinąja	90
laikmečiu	90
laikrodžius	90
laikymui	90
laipsniškas	90
lakšto	90
lankus	90
latviškai	90
laureate	90
laužas	90
lavinimą	90
lavono	90
lavonų	90
lavoriškių	90
lažas	90
ledus	90
legalizuoti	90
legalūs	90
legionierius	90
leidiniu	90
leisdama	90
leksiką	90
lengvesnė	90
lenkiškas	90
lenkiško	90
lenkiškomis	90
lh	90
libane	90
liberali	90
licenciato	90
lielupės	90
lietingos	90
lietuviškoms	90
limos	90
lipdyti	90
lisabonoje	90
lituanistinę	90
liturginės	90
liubeko	90
liudytojai	90
livonija	90
livonijoje	90
liūdna	90
lkt	90
lobius	90
logotipą	90
lokaliai	90
lombardijos	90
lorenco	90
lorenzo	90
lotynai	90
lotyniškus	90
lpa	90
lsdms	90
lukšių	90
lvove	90
lydyti	90
lygiam	90
lygią	90
lygtimis	90
lyrinės	90
lytines	90
ląsta	90
lėtina	90
magistralinių	90
magistralių	90
maišai	90
maišelių	90
maišomos	90
maišosi	90
maištų	90
maišą	90
maldavo	90
manevras	90
mani	90
marga	90
marienburgo	90
masyvaus	90
masėje	90
materialaus	90
matricą	90
mažėjimą	90
mechanikai	90
mechanizuotos	90
medžiotojo	90
medžiui	90
megalito	90
meilei	90
meilužės	90
meldų	90
melodinga	90
meniniu	90
menonitų	90
mesdavo	90
metantys	90
meteorologinių	90
meteorologinė	90
metimai	90
metmenis	90
metodologiją	90
mečete	90
mianmaras	90
migelio	90
migracijai	90
mikroautobusai	90
mikrolitų	90
miniai	90
miniatiūros	90
minimaliu	90
minimalią	90
minimalūs	90
minčiai	90
minėjimą	90
mirtys	90
misterijos	90
mistinės	90
mitochondrijos	90
mitologijose	90
mitologines	90
mitologinio	90
miškui	90
mišria	90
mišriam	90
mobilizacijos	90
modeliavimą	90
mokantys	90
mokančių	90
mokinį	90
moksl	90
mokslininką	90
mokslinėmis	90
molekuliniai	90
molekulėse	90
mongolus	90
monopolija	90
monrealyje	90
moteriško	90
moteriškoji	90
motetų	90
motorizuotųjų	90
močiutė	90
mph	90
msn	90
murmansko	90
musmirių	90
muziejinių	90
mušamiesiems	90
mvd	90
mylimosios	90
mėgautis	90
mėgstantis	90
mėgstantys	90
mėlynuoja	90
mėtymo	90
mūriniame	90
mūza	90
nacionalsocialistų	90
nagrinėjimą	90
nagu	90
naikintuvais	90
namibijoje	90
nares	90
naršyklių	90
natiurmortai	90
natūralu	90
naudojimąsi	90
neakivaizdinėje	90
neapibrėžtas	90
neaptinkama	90
neatitikimas	90
neatsako	90
nebaigtą	90
nebebus	90
nebenaudojami	90
nebereikia	90
nedaryti	90
nedegintus	90
nedideliam	90
neigimo	90
neišleido	90
nekalba	90
nekartą	90
nelegaliu	90
nemalonumų	90
nemunu	90
nepamiršti	90
nepanašus	90
nepasitikėjo	90
nepatikimas	90
nepatikimi	90
nepilną	90
nepolitinė	90
neporomis	90
nepripažintos	90
nepriskiriamas	90
nepriskiriami	90
nereaguoja	90
nereti	90
neribota	90
neršia	90
nesiderino	90
nesustabdė	90
neturinčius	90
neturtingoje	90
neutralumą	90
neveiksniu	90
neįgyvendintas	90
neįprastus	90
nešanti	90
nežinant	90
nina	90
nišas	90
nišų	90
nominalai	90
nosimi	90
nuaugę	90
nugalėtojos	90
nukleorūgščių	90
nukritusiais	90
nukryžiavimo	90
nukryžiuotas	90
nuleistuką	90
nuolaidus	90
nuosavus	90
nuostoliais	90
nuostolis	90
nuovargį	90
nurimo	90
nusistovėjusios	90
nusivylimas	90
nusižengimus	90
nuslopinus	90
nutarties	90
nutekėjo	90
nutolsta	90
nutolusio	90
nutraukiama	90
nutrūkus	90
nykštukinės	90
objektyvų	90
oksidacija	90
okultizmo	90
okupacinio	90
operetė	90
ordine	90
organizatoriaus	90
organizavimui	90
originaliai	90
orkestrus	90
ortopedas	90
oscar	90
ovalas	90
ožių	90
paauglystės	90
pablogėja	90
pabrėždavo	90
pabunda	90
pabėgus	90
pabūti	90
pacas	90
padalijimų	90
padavimuose	90
padažų	90
padengto	90
padidinus	90
pagalbininkais	90
pagalvė	90
pagavimo	90
pageidavimus	90
pagerintas	90
pagimdžiusi	90
pakitusios	90
paklaidų	90
pakraipų	90
pakviečia	90
paleidimui	90
palestiną	90
palėvenės	90
pamiškėje	90
pamoka	90
pamyro	90
paneigia	90
papildomomis	90
papjė	90
papročiuose	90
papėde	90
paraiškas	90
parazitas	90
parašyto	90
pareikalauti	90
paremia	90
parengimas	90
parengusi	90
parenka	90
parinktų	90
parlamentinę	90
paruošų	90
parūpindavo	90
pasekmėmis	90
pasenusios	90
pasibaigusi	90
pasidalijimas	90
pasikliauti	90
pasikvietęs	90
pasipildo	90
pasirašydamas	90
pasirinkimu	90
pasirinkęs	90
pasiruošimą	90
pasiskirstė	90
pasiskirstęs	90
pasitelkė	90
paskalio	90
paskelbtų	90
pasklidę	90
paskyręs	90
pastabos	90
pastebėjus	90
pastiprinimas	90
pastoracinį	90
pasus	90
pasveikino	90
pataikius	90
patarėjus	90
patenkina	90
patenkintų	90
patiekalu	90
patikrinimą	90
patinėliai	90
patirtas	90
patobulinimų	90
patogumui	90
patvirtinimas	90
patyrimas	90
paukštiena	90
paukštienos	90
paukštyno	90
pavadiniams	90
pavadintame	90
pavadintoje	90
pavaduoti	90
pavaduotojos	90
pavaldinius	90
pavaldžią	90
paveldimumo	90
paveldėta	90
pavesti	90
pavidalais	90
pašaukimo	90
pašaukti	90
pašlijo	90
pažeidimais	90
pažymėtų	90
pažįstama	90
pedagoginių	90
peleką	90
pelkėtuose	90
pelkėtų	90
pelėdų	90
pelėnas	90
pelėžirnis	90
pensų	90
perjungimas	90
perkama	90
perlamutro	90
perlojos	90
permesti	90
perorganizavo	90
perorganizuotas	90
perrinkti	90
persijoje	90
persikų	90
persiorientavo	90
perskeltas	90
perspėja	90
pertvarka	90
peržiūrėta	90
peticiją	90
petru	90
petrui	90
pečiais	90
pečioros	90
pianistu	90
pienininkystės	90
piešimas	90
piešiniuose	90
pieštuku	90
pilaitė	90
pilietinę	90
pilkapį	90
pilką	90
piratus	90
pirmiems	90
pirmumą	90
pirmykštę	90
pirštines	90
pivašiūnų	90
platinimui	90
platumą	90
plaukas	90
plaukdamas	90
plačiam	90
plutono	90
plytelių	90
plėtimąsi	90
pnr	90
pomirtiniu	90
ponios	90
ponui	90
populiariame	90
populiarius	90
postmodernizmo	90
posūkius	90
potencinė	90
povandeniniu	90
požemį	90
ppp	90
prabangą	90
praeitų	90
praktikuojančių	90
pranašu	90
prancūziškos	90
prarandamas	90
prekiautojai	90
prekinio	90
prevenciją	90
prezidentais	90
prezidiumą	90
priartinti	90
priedanga	90
priekalnių	90
priepuolio	90
priespauda	90
prietaisu	90
priešiškumas	90
priklausomybėn	90
priklausymas	90
priklausytų	90
prioritetas	90
pripildyta	90
prisikėlimas	90
prisiminė	90
prisipažinti	90
priskirtų	90
pritariamasis	90
privačiu	90
privilegijomis	90
priėmusi	90
prižiūrėtojai	90
proanūkis	90
procesinių	90
produktyvumą	90
profesinius	90
profesoriui	90
protestantams	90
protokolais	90
protonas	90
protėviams	90
psd	90
publikuojama	90
pudingas	90
pumpurus	90
punta	90
puolėją	90
puošnios	90
pusiaujas	90
puta	90
pėdsakas	90
pūga	90
raidynu	90
rainelė	90
raižinio	90
rajoninio	90
rakete	90
ram	90
ramutė	90
rankovių	90
rasinės	90
rasizmą	90
ratifikuota	90
rauda	90
rauginti	90
raumenimis	90
rašalas	90
rašau	90
raštiją	90
raštininko	90
rašybą	90
reabilitacija	90
realijos	90
realizuojama	90
redakcijų	90
reikalaudavo	90
reikėję	90
rekonstrukcijai	90
remėjo	90
rengusi	90
renovuota	90
reorganizacija	90
reprodukcijos	90
respublikinė	90
reversas	90
rezonatorius	90
ribojimo	90
rietavas	90
rika	90
rinkdamas	90
rinktų	90
ritmikos	90
ritmiškai	90
ritualinis	90
ritulį	90
rizikuoti	90
ričių	90
rišamas	90
rodantys	90
rojalistų	90
rokenrolas	90
rokų	90
romantinio	90
romantinis	90
ronaldo	90
roplius	90
rss	90
rugius	90
ruklos	90
rukų	90
runomis	90
ruošdavo	90
ryklys	90
ryklę	90
rytojaus	90
ryškesnės	90
rėmėju	90
rūkant	90
rūmininko	90
rūpestis	90
sabinų	90
saksus	90
salvadore	90
salynų	90
samdė	90
sandorį	90
sandėlyje	90
santykinės	90
santūri	90
saugotoju	90
saugotų	90
saugu	90
sausgyslių	90
sausgyslės	90
sausųjų	90
savaitgaliais	90
savanorio	90
savarankiškus	90
savikainą	90
sba	90
sbs	90
sdk	90
seimeliuose	90
sekančią	90
sekančių	90
sekrecija	90
seksualiai	90
seksualinius	90
sektoms	90
sekę	90
sename	90
senelius	90
septinta	90
serbiją	90
severas	90
sezoniniai	90
silikato	90
simas	90
simbiozėje	90
simbolinės	90
simbolizuojantys	90
sinagogų	90
sisteminti	90
siurblinė	90
siurblio	90
siurblių	90
siūti	90
skaidomas	90
skambėtų	90
skandinaviškas	90
skanus	90
skausmu	90
skelbta	90
skeletai	90
skeletų	90
skiemonių	90
skilus	90
skirdamas	90
skiriamieji	90
skirsis	90
skraidinti	90
skulptūrėlės	90
skystą	90
skystų	90
slibino	90
slėptuvė	90
smailiu	90
smogia	90
smėlėti	90
sniegynai	90
soboro	90
sodrios	90
sohc	90
sonatų	90
sorgas	90
sovietine	90
sovietinius	90
spalvingų	90
spalvinės	90
spalvoms	90
spektrinė	90
spermatozoido	90
spiralę	90
sprendinio	90
sraigtasparniais	90
sraigė	90
srūva	90
ssl	90
stabilizatorius	90
staklėmis	90
stalių	90
stambia	90
standus	90
stanevičius	90
startavęs	90
statinė	90
statistikoje	90
stebėjimą	90
steigiama	90
steigėju	90
stiebiniai	90
stigo	90
stiklinę	90
stimuliavimo	90
stipriausiai	90
stoniškių	90
stratosferos	90
strypų	90
stulpeliai	90
stumbro	90
stumti	90
subjektiškumą	90
subjektu	90
subjektą	90
subrendęs	90
sudanas	90
sudarytojų	90
sudedant	90
sudievintas	90
sudėtingais	90
sueigos	90
sueižėjusi	90
sugalvoja	90
sugebėtų	90
sugrupuoti	90
sugrįžę	90
sukakčiai	90
sukamas	90
sukeliamos	90
sukilus	90
sukurtoje	90
sulfidų	90
sultonai	90
sumažintos	90
sumedėjęs	90
suomijai	90
suprojektuotų	90
supykęs	90
surengto	90
surenkamos	90
surviliškio	90
susidarančios	90
susidomi	90
susidomėjęs	90
susijusiais	90
susikūrusiai	90
susilaikyti	90
susilaukusi	90
susiliejimai	90
susilieti	90
susiskaldymą	90
susiskaldžiusi	90
susitaria	90
susitelkti	90
susivienijus	90
suskaičiuotos	90
suspausti	90
susukti	90
suteikiantys	90
suteikiančios	90
sutikimu	90
sutuoktiniai	90
suvalgė	90
suvalstybinta	90
suvažiuoja	90
sužalojo	90
sužalota	90
sužinoma	90
svainis	90
svarbiausio	90
svarbiausiuose	90
svarelis	90
svarstomos	90
svarstykles	90
svastika	90
sveikina	90
svečio	90
sviedinius	90
sąjungininko	90
sąryšio	90
sąryšiu	90
sąsiaurių	90
sąsiuvinį	90
sąskrydžiams	90
sąveikaujant	90
sėdmenis	90
sėjos	90
sūdytas	90
tadžikistane	90
taisykle	90
talentu	90
tapusiu	90
tarkšlių	90
tarkšlys	90
tarnavimo	90
tarpsnius	90
taukų	90
taurų	90
tautiniam	90
tautininkai	90
taškelių	90
teatrinio	90
technine	90
teisiami	90
teisingu	90
teisėjams	90
tekstūros	90
tektoninėje	90
tekę	90
telefonuose	90
tempais	90
teorijose	90
tepalai	90
terminiją	90
termito	90
teturėjo	90
tezių	90
tiara	90
tibetas	90
tibetiečiams	90
tikinčių	90
tikrino	90
tikėtinai	90
tinkamiausia	90
tinklalapis	90
tinklaraštis	90
tipais	90
tiražą	90
tituliniu	90
titulinė	90
tobulos	90
toksinai	90
tolesnė	90
toliaregystė	90
tpp	90
tragedijoje	90
traktoriai	90
traleriai	90
transliavimo	90
traukdamiesi	90
traukinius	90
treniruoklis	90
trečiose	90
trečiąsias	90
trikdo	90
trimatį	90
triptikas	90
triukai	90
trobas	90
trobos	90
trumpieji	90
trūkstant	90
tuberkuliozė	90
tuneliuose	90
tuometine	90
tuopos	90
turimo	90
turtingiausiu	90
turėtojo	90
tvaną	90
tvarkymui	90
tvartų	90
tvirtumas	90
tvorų	90
tūkstančiams	90
upeliuose	90
urale	90
užbaigdamas	90
uždaromas	90
uždengė	90
užkandis	90
užkardos	90
užklausos	90
užliejamos	90
užmirkusios	90
užpilama	90
užrašinėti	90
užrašą	90
užsakyti	90
užsienietis	90
užsiimantis	90
užtat	90
užteršta	90
užtvankomis	90
užupio	90
užėmimą	90
vadinsis	90
vadoklių	90
vadovaujamam	90
vadovaujamasi	90
vadovėlio	90
vagysčių	90
vagų	90
vaikiškų	90
vairuotojui	90
vaisiakūnio	90
vaivorykštė	90
vaizdiniais	90
vaizduojančios	90
vakarėlius	90
valdomose	90
valdys	90
valdytojui	90
valerija	90
vampyrais	90
vandeninės	90
varduvos	90
vargonavo	90
variantais	90
varpais	90
vartoseną	90
vatikane	90
vašką	90
vedančio	90
veidrodį	90
veiksminga	90
venas	90
vengrams	90
ventspilio	90
verkti	90
vers	90
verslais	90
verstų	90
vertikalia	90
vertimais	90
vertingus	90
vertintas	90
veržimasis	90
vestfalijos	90
vidurdienio	90
vienkiemiai	90
vientisumo	90
viesulas	90
viešosiose	90
vikaro	90
vikrumo	90
viksvų	90
virtus	90
virškinti	90
visuotiniais	90
vitražo	90
vizualinių	90
višta	90
vokai	90
volga	90
vykdantysis	90
vykdymu	90
vykstančias	90
vykusią	90
vynus	90
vyriausią	90
vyriausiąja	90
vyriausiąją	90
vyriškumo	90
vystomos	90
vytautą	90
vėžiai	90
ypatybę	90
zooplanktonu	90
čartoriskių	90
čečėnijos	90
čikagą	90
čili	90
čiuožti	90
ėmęs	90
įdirbti	90
įdomų	90
įdubęs	90
įgaliotinio	90
įgautų	90
įjungia	90
įkaitus	90
įkomponuota	90
įkomponuoti	90
įkvėpta	90
įkūrimui	90
įleisti	90
įmirkusios	90
įnašą	90
įnirtingai	90
įprastinio	90
įrašomos	90
įrengia	90
įrengtose	90
įrengus	90
įsakius	90
įsigalėjusi	90
įsigyjant	90
įsijungti	90
įsileisti	90
įsipareigojimą	90
įsiruošia	90
įsisavinimą	90
įsitvirtinęs	90
įsivaikino	90
įsivaizduoja	90
įstatinis	90
įsteigusi	90
įtariama	90
įterpiamas	90
įtvirtinimais	90
įvaizdžiu	90
įvertinama	90
įvykusioje	90
įėjimų	90
įėjęs	90
šachmatuose	90
šachtoje	90
šaltoji	90
šaltųjų	90
šansus	90
šančiuose	90
šauklys	90
šaukė	90
šauna	90
šaunamuosius	90
šauti	90
šelfas	90
šerelių	90
šiaurrytinėje	90
šieną	90
šilavoto	90
šildomas	90
šilingų	90
šiltine	90
širdys	90
šiuolaikiniu	90
šlapime	90
šnektų	90
šnipų	90
šonių	90
šovė	90
špitolė	90
štabai	90
štabu	90
štutgarto	90
šukomis	90
šuoliais	90
švabijos	90
švelnesnis	90
švelni	90
švelnų	90
šventimas	90
šventus	90
šviesia	90
šviesiais	90
šūkį	90
ūglius	90
žaibai	90
žaibiškai	90
žaibu	90
žaliakalnio	90
žaliasis	90
žalsvus	90
žalumos	90
žeberklai	90
želdiniai	90
žeminės	90
žemėtvarkininkas	90
ženkluose	90
žiedynais	90
žingsniu	90
žingsnyje	90
žinomai	90
žirnius	90
žiuželiai	90
žiūrovui	90
žiūrėdamas	90
žuvivaisos	90
žvaigždynai	90
žvalgyboje	90
žvilgantis	90
žvilgsnį	90
žydais	90
žydrame	90
žymintys	90
abatijoje	89
abdul	89
abejones	89
abidvi	89
abipusiu	89
abiturientas	89
abraomo	89
absentą	89
absoliutinis	89
abstraktaus	89
actekams	89
adalbertas	89
adamkaus	89
adis	89
adjunktas	89
admirolų	89
afganistaną	89
agamemnonas	89
agavinių	89
agentus	89
agentūras	89
agrastinių	89
agregatus	89
agregatų	89
agronomu	89
aide	89
aidą	89
aistringai	89
aitvaras	89
aiškinantis	89
aiškinančių	89
akademiniai	89
akcentuojama	89
akcijai	89
akivaizdžių	89
akmena	89
akmenine	89
akmeniniu	89
akmenėje	89
akordeonistas	89
akordeonistų	89
akredituotas	89
akrų	89
aksonų	89
akstis	89
aktiobės	89
aktorei	89
aktoriui	89
aktualiomis	89
aktualu	89
aktualūs	89
aktyviais	89
aktyvistė	89
akumuliatorius	89
akustine	89
akušerijos	89
akušeris	89
akušerė	89
albedas	89
albrechto	89
alchemija	89
aleksa	89
aleksandrijoje	89
aleksandru	89
aleksijus	89
alelis	89
alenas	89
alex	89
alkanų	89
alkio	89
alkoholizmas	89
alkoholizmu	89
alkoholizmą	89
alksniais	89
almatos	89
alpinistai	89
altas	89
altu	89
alšėniškis	89
amatas	89
amatus	89
ambasadorių	89
ambicingas	89
aminorūgštis	89
amplitudę	89
analai	89
analitikai	89
analogiškus	89
analuose	89
anarchistas	89
andora	89
andrejaus	89
andriejaus	89
andronikas	89
andrés	89
andželas	89
aneksavus	89
angelus	89
anglijai	89
anglimis	89
anglo	89
anglosaksai	89
animaciją	89
ankstesnėje	89
ankstyviausias	89
anodas	89
anonimiškai	89
antanavičius	89
antanui	89
antaną	89
antarktidą	89
antašavos	89
antgalį	89
antgamtinės	89
antigeną	89
antigvos	89
antikinis	89
antikinę	89
antinių	89
antipopiežių	89
antologijoje	89
antologiją	89
anton	89
antpečiuose	89
antrinius	89
antropogeninių	89
antropologinė	89
antropologų	89
antsiuvai	89
antžeminiai	89
antžeminiuose	89
ao	89
aparatinės	89
apaugusių	89
apdirbamas	89
apdirbami	89
apdorojama	89
apdorojimu	89
apeiginių	89
apeina	89
apeliacijos	89
apeliavimo	89
apgalvoti	89
apgaubti	89
apgaule	89
apginta	89
apgriovė	89
apgyvendinimą	89
apgyvendintoje	89
apgyvendintose	89
apibūdinanti	89
apibūdinimui	89
apimantį	89
apimančios	89
apiplėšimą	89
apiplėšti	89
apjungiant	89
apkaltinus	89
apkalų	89
apkrauti	89
apleistų	89
apmokymo	89
aprašančių	89
aprašytą	89
aprašą	89
apribojimo	89
aprūpinami	89
apsakymo	89
apsieiti	89
apsimeta	89
apsimoka	89
apsinuodijimas	89
apsiriboti	89
apsisukimų	89
apskaitai	89
apskaičiuoja	89
apskritims	89
apsuptoje	89
apsvarstyti	89
aptarnaudavo	89
aptarnavimui	89
aptarnavimą	89
apversti	89
apvijos	89
apylinkę	89
apyniai	89
apyrankes	89
arabiškos	89
aravakai	89
arbatinę	89
archeologine	89
archetipai	89
archipelago	89
architektūrinės	89
architektūrų	89
ardė	89
areštuota	89
argo	89
argono	89
argumentais	89
ariamas	89
aristokratiją	89
arkiniais	89
arkivyskupiją	89
armijoms	89
armėnus	89
aromatiniai	89
arteriją	89
artilerijoje	89
artimoje	89
artojų	89
artumas	89
asas	89
asfaltas	89
asimiliuotos	89
asiūklis	89
asmenvardžių	89
aspektą	89
aspirantė	89
aspirantūra	89
asteroidą	89
astrofizika	89
astronominiais	89
astronominio	89
astronominė	89
astronominės	89
ataskaitose	89
atbaidyti	89
ateinant	89
ateitimi	89
atestatas	89
atestatus	89
atf	89
atgarsio	89
atgyja	89
atidaromas	89
atidarymą	89
atidavimo	89
atidengė	89
atiduodavo	89
atitikimas	89
atitraukė	89
atkirto	89
atkovodavo	89
atlasą	89
atliekomis	89
atminčiai	89
atmosferai	89
atmosferų	89
atnaujinama	89
atnaujinant	89
atnaujinimai	89
atnešęs	89
atolą	89
atome	89
atpažįstami	89
atpk	89
atrandant	89
atrankinio	89
atributika	89
atrinktų	89
atsakingų	89
atsarginės	89
atsidaranti	89
atsidavimo	89
atsidurtų	89
atsigavimas	89
atsikratė	89
atsilaikė	89
atsiminimuose	89
atsiradusias	89
atsiradusius	89
atsiskleisti	89
atsiskyrimas	89
atsiskyrę	89
atsitikimas	89
atsitikti	89
atsitiktinė	89
atsitiktinės	89
atsitraukus	89
atsiversti	89
atskaitomybę	89
atskiram	89
atskirųjų	89
atspindį	89
atstatoma	89
atstovavę	89
atstovybėse	89
atstumui	89
atsukti	89
atsvarą	89
atvaizduojantis	89
atveždavo	89
atvežtos	89
atvirkštinės	89
atvirukai	89
atvirukus	89
atvyks	89
atvykusiems	89
atėjimu	89
atėjusių	89
atėnės	89
atšiauraus	89
atšventė	89
audiokasetę	89
audrai	89
audžiami	89
augančią	89
augumo	89
augustą	89
augę	89
auklėjo	89
aukojamas	89
aukojimui	89
aukojimus	89
auksakalių	89
aukštapelkių	89
aukštuomenė	89
aukščiausiais	89
aukščiausieji	89
auskarų	89
austrams	89
autentiška	89
autentiškas	89
autobiografija	89
autobiografinę	89
autokelių	89
automatines	89
automatiniu	89
automatus	89
automatą	89
autoritarinį	89
autorystę	89
aušinamas	89
aušrininkas	89
aušrą	89
auštant	89
avalynę	89
aviakompanijos	89
aviakonstruktorius	89
aviatorius	89
avienos	89
avietės	89
avinai	89
avivo	89
azotu	89
ašaras	89
ašigalyje	89
aštuoniakampė	89
aštuoniuose	89
bagdado	89
baigdavo	89
baigiamajame	89
baisios	89
bakai	89
bakterijose	89
baladę	89
baletui	89
baliono	89
balnas	89
balneologinis	89
balsavime	89
balsavusiųjų	89
balsvomis	89
baltimorėje	89
baltramiejus	89
baltymingumo	89
balus	89
bambukinės	89
bandomi	89
bangelės	89
bangoje	89
bankrotas	89
bankrotą	89
barakai	89
baravykų	89
barbadoso	89
barjerai	89
barjerinio	89
barjerus	89
bartkus	89
barus	89
basotų	89
basųjų	89
baterijas	89
baudomis	89
baudų	89
baudžia	89
baudžiamajame	89
baudžiamuosius	89
bavarų	89
bazaltinės	89
bazinį	89
bažnytėlė	89
bedugnė	89
beduinai	89
begalinio	89
belapis	89
belgai	89
bendradarbiaudamas	89
bendradarbiaujama	89
bendratis	89
bendražygiais	89
bendrine	89
bendrose	89
bendrumą	89
bendrybių	89
benetton	89
benzinu	89
bergmanas	89
bermontininkų	89
besimokantys	89
besisukančių	89
besivystančios	89
bespalviai	89
bestuburius	89
bethoveno	89
betoninė	89
betoną	89
bfs	89
biblija	89
bibliografija	89
bibliotekininkystę	89
bibliotekininkų	89
bielskis	89
bijoma	89
billie	89
biochemija	89
biografinis	89
biografinių	89
biokuro	89
biologai	89
biologinę	89
birštonas	89
biržus	89
bitininkystė	89
biuletenius	89
biurokratijos	89
biurus	89
bizantiją	89
bliuzas	89
blizgesys	89
blogiausia	89
blogėti	89
blužnies	89
bmp	89
bogdanas	89
bokštelius	89
bokštelį	89
bombarduoti	89
bombomis	89
bon	89
bona	89
bonapartas	89
boras	89
boriso	89
bosai	89
bosisto	89
bosistą	89
boston	89
bosų	89
botsvana	89
branduoliais	89
brandą	89
brangakmenis	89
brangius	89
braškių	89
brendžio	89
brito	89
bronchitu	89
bronzinius	89
brošiūras	89
bruožu	89
bs	89
bubių	89
buda	89
budriūno	89
buitinis	89
buivolai	89
buivolas	89
buliai	89
bulota	89
bunkeryje	89
burbulas	89
buriasi	89
buriuoti	89
burlaiviai	89
burlaivis	89
burlaivių	89
burnotis	89
burtininko	89
bylinėjosi	89
būreliams	89
būreliuose	89
būsimuoju	89
būsimąją	89
būčiau	89
campbell	89
carinei	89
castle	89
cfu	89
chabarovsko	89
chantų	89
chanui	89
chaotiškai	89
charlotte	89
cheminiams	89
chloras	89
choralą	89
choreografija	89
chromatinės	89
cic	89
ciceronas	89
cicerono	89
cigaro	89
ciklonai	89
cinamono	89
civiliams	89
civilinėse	89
clark	89
cnot	89
coli	89
cunamis	89
cūga	89
daile	89
dainininkių	89
dainuodamas	89
dalijant	89
dalijimąsi	89
dalininkas	89
daliniui	89
dalmatijos	89
dalyba	89
dalyti	89
dalyvaudama	89
dalyvaudami	89
dalyvį	89
danais	89
dangalai	89
dangalą	89
dangalų	89
dangoraižio	89
dangteliu	89
dangtis	89
danielių	89
dantiraštį	89
dantiraščiu	89
dantukais	89
dantyta	89
dantytas	89
daraktoriai	89
darbastalio	89
darbingumo	89
darbiniai	89
darbinių	89
darbuotojos	89
daržininkystė	89
datuoja	89
daugiakampio	89
daugiatautės	89
daugino	89
daugkartinio	89
davėjas	89
dažikliai	89
dažiklis	89
dažnesnė	89
dažniui	89
dažnius	89
debeikių	89
debesimis	89
debito	89
debiutiniu	89
degalais	89
degėsiais	89
dekoracijos	89
dekoratyviniais	89
dekoratyvinio	89
dekoratyvios	89
dekoravimo	89
delno	89
demobilizuotas	89
demografinės	89
demokratais	89
demokratiniu	89
demonstruojama	89
demonstruojamas	89
denaras	89
dengtos	89
denyje	89
deportavo	89
derlingumu	89
derlingus	89
derėti	89
desertas	89
desoto	89
detektyvų	89
deuteris	89
devynbalsių	89
devyniolikos	89
dešimtainę	89
dešimtmete	89
dešiniojoje	89
dešinį	89
dešrų	89
diakono	89
didesnėms	89
didikus	89
didmeistrių	89
didmeninės	89
didybės	89
didėjančią	89
didžiai	89
didžiaja	89
didžiausiai	89
didžiuliame	89
didžiulėmis	89
diegas	89
dieninis	89
dieviškosios	89
dievybei	89
dimensija	89
dimensijos	89
dinamiškas	89
dingti	89
dingę	89
dinozauro	89
dinozaurus	89
diplomatines	89
dirbantį	89
direktorija	89
diržais	89
diskutavo	89
dispečeris	89
distanciją	89
distiliavimo	89
dmt	89
dogmų	89
dokumentiniai	89
dominuojama	89
domėjimasis	89
domėjimąsi	89
doros	89
dorėnų	89
dramai	89
draugijose	89
draugiškos	89
draugiškų	89
drausmė	89
drausti	89
drevininkų	89
drevėje	89
drezdeno	89
driežus	89
drugelių	89
drėgnis	89
dubenėlio	89
dubline	89
dubumoje	89
duetui	89
dujiniai	89
dukteriai	89
dukterines	89
dukterinių	89
dunojus	89
duobutes	89
duobutėje	89
duobutėse	89
duokles	89
duoto	89
durbės	89
dvarams	89
dvarelis	89
dvariškis	89
dvarvietės	89
dvasiniam	89
dvasininku	89
dvasioje	89
dvejopa	89
dvibalsiai	89
dvidešimto	89
dvigubi	89
dvikalbiai	89
dvimečiai	89
dvisavaitinis	89
dvylikai	89
dx	89
dėjimo	89
dėmesiu	89
dėsningumų	89
dėtuvė	89
dūkštų	89
dūlėjimo	89
dūmas	89
dždt	89
džiovinta	89
džiūsta	89
džordžijos	89
ebm	89
ebsw	89
edisonas	89
edukologija	89
edvinas	89
egiptologas	89
egiptu	89
egzekucijos	89
egzekuciją	89
egzemplioriumi	89
egzistuojančias	89
eiliuotą	89
eiliškumas	89
einama	89
einančią	89
ekologiniai	89
ekologiškai	89
ekosistemai	89
ekranizuoti	89
eksperimente	89
ekspertais	89
ekspertizes	89
ekspertizė	89
eksponentiškai	89
eksponuoja	89
eksportuojamas	89
eksportuojamos	89
ekspozicijas	89
ekvivalentas	89
elektro	89
elektrolitų	89
elektromagnetines	89
elektromagnetizmo	89
elektronines	89
elektroniniais	89
elektroninėje	89
elementorius	89
elfas	89
eliminavo	89
elniais	89
emigravę	89
emigravęs	89
emocija	89
emocinė	89
enciklopedijas	89
entomologas	89
entomologų	89
epidemiją	89
epochai	89
epochas	89
epą	89
erdvei	89
erdvinį	89
erekciją	89
erezijų	89
erkutė	89
erogeninių	89
erogeninė	89
erotikos	89
erotinio	89
esamojo	89
eskadriniai	89
eskadrono	89
esminio	89
estetikai	89
estetinės	89
eteriniai	89
eteris	89
etiketo	89
etiketė	89
etiudai	89
etnografiją	89
etnonimas	89
etruskai	89
eukaliptai	89
eukaliptų	89
eukariotinių	89
europidų	89
europietiškas	89
europietišką	89
europiečiu	89
europinių	89
evakavosi	89
evangelijų	89
evoliucijai	89
evoliucijoje	89
ežerynas	89
ežeryne	89
ežerėlio	89
facebooko	89
failais	89
faktinė	89
faktoriumi	89
fantastinius	89
faraonui	89
faraoną	89
farmacija	89
farmacininkas	89
fasadų	89
fašizmą	89
fechtavimas	89
federacinę	89
federalinei	89
federalinę	89
feljetonų	89
feministė	89
feminizmas	89
feniksas	89
fenomenologija	89
fenomenu	89
feodalinio	89
feodalizmas	89
feodas	89
ferganos	89
fernández	89
ferokaktusas	89
fiksacija	89
fiksavimo	89
filialistas	89
filipiniečių	89
filmavimą	89
filmuojasi	89
filomatai	89
filosofu	89
filtrai	89
filtrus	89
finalus	89
fiordų	89
firmose	89
fisichella	89
fiziologinius	89
fiziologiškai	89
flamingas	89
fluoro	89
folija	89
folklorinių	89
formaliojo	89
formuluotė	89
formuojami	89
forumų	89
fotomenininkas	89
fotono	89
frakcijas	89
frankfurtas	89
frankus	89
fredos	89
fregatų	89
freiburgo	89
freskas	89
frikcijų	89
frontams	89
fs	89
fsv	89
fu	89
funkcinė	89
funkcinę	89
futbolui	89
gabaliukai	89
gabaliukus	89
gabaritų	89
gabenimu	89
gaga	89
gagos	89
gaidį	89
gaisrui	89
galaktikas	89
galimais	89
galindai	89
galines	89
galingesni	89
galininko	89
galiojantis	89
galiojančios	89
galiojančius	89
galvakojai	89
galvutes	89
galįs	89
gambijos	89
gametos	89
gaminančios	89
gamintojais	89
gamtinį	89
gango	89
ganykla	89
garažinio	89
garbanoti	89
garbinamos	89
garbinimui	89
garlaivių	89
garnio	89
garsenybių	89
garsiausios	89
garsinių	89
garsinės	89
garsinį	89
garsiųjų	89
gaudama	89
gauną	89
gausias	89
gausumo	89
gebėjimais	89
gebėjimu	89
gedgaudas	89
gegužinės	89
geldapės	89
geležinio	89
geležinkeliuose	89
geležinkelyje	89
geležinėmis	89
gelmes	89
gelsvu	89
gelumbės	89
gelžbetoniniai	89
genealogija	89
generalinei	89
generalinę	89
generatoriumi	89
genetinio	89
genetinius	89
genetinę	89
genezė	89
genių	89
gentinių	89
gentinė	89
geologai	89
geometriniu	89
geriami	89
geriant	89
gerinant	89
geroji	89
gesinti	89
gfdl	89
giedama	89
giedotojų	89
giedraičiai	89
gildijų	89
gilesnis	89
gilia	89
giliavandenis	89
gilinti	89
gilioje	89
giliomis	89
giliuose	89
giluminės	89
gilės	89
gimdymą	89
gimdyti	89
gimimu	89
giminaitį	89
gimnastika	89
gims	89
gimstamumą	89
gimtadieniu	89
gimtąsias	89
gimusios	89
ginanti	89
gindavo	89
ginekologė	89
gintarą	89
ginče	89
ginčijama	89
ginčytinos	89
giraitėje	89
girdima	89
girias	89
girnius	89
giros	89
girą	89
gizos	89
gleives	89
gleivinių	89
gleivėtas	89
glinskis	89
gliukozę	89
globojamos	89
globon	89
gludintu	89
gluosnio	89
glėbyje	89
gotikiniai	89
gradiento	89
grafaitė	89
grafyste	89
graikas	89
granatomis	89
grandinei	89
gravitaciją	89
grašius	89
gražuolę	89
gražutės	89
greitasis	89
greitina	89
greitintuvai	89
greitintuvuose	89
greitkeliu	89
grenoblio	89
gresiant	89
griaučius	89
griebėsi	89
grietine	89
grietinė	89
griežia	89
grifai	89
grifo	89
grindiniu	89
grindyse	89
grindžiami	89
grindžiamos	89
griova	89
grioveliais	89
griūtis	89
grojamos	89
grojančios	89
grota	89
groteskas	89
grotos	89
grotų	89
gruntų	89
grupuotei	89
grynosios	89
grąžinimas	89
grąžtai	89
grąžtų	89
grįstus	89
grūdas	89
gtp	89
gudai	89
gudeliai	89
gudobelės	89
gumbus	89
guolių	89
guramis	89
gvatemala	89
gydyklos	89
gysla	89
gyvavedžių	89
gyvavusių	89
gyvenantį	89
gyvenančias	89
gyvendama	89
gyvenseną	89
gyvenusiu	89
gyvulininkystei	89
gyvūninių	89
gyvūnui	89
gėda	89
gėdos	89
gėjus	89
gėrybes	89
gėtės	89
hadas	89
haliucinogeninių	89
hamiltono	89
harmoningai	89
hc	89
heinricho	89
heksogeno	89
hektaro	89
helijo	89
heraldinės	89
herbertas	89
herbiniame	89
herbui	89
hercogui	89
hercogyste	89
heroiną	89
hidraulikos	89
hipertenzija	89
hipertonija	89
hobis	89
hogvartse	89
homeopatijos	89
horizontalūs	89
horizonte	89
horizontu	89
hugenotai	89
humanistai	89
humanitarinė	89
icq	89
ide	89
idealaus	89
idealiųjų	89
identifikavo	89
ideogramos	89
ideologijų	89
ideologinis	89
ideologinį	89
ieva	89
ieškantys	89
ieškinys	89
ifpi	89
igliaukos	89
ilgakotis	89
ilgametę	89
ilgesnius	89
ilgiausios	89
iliustracijomis	89
ilyrai	89
imamasi	89
imamų	89
imperatorienės	89
imperializmo	89
imperijoms	89
impresionistų	89
ind	89
indrė	89
indukuoja	89
industrinė	89
inertinių	89
informatikas	89
iniciacijos	89
iniciatorė	89
injekcijos	89
inkorporuotas	89
inkvizicija	89
instaliacijas	89
institucijoje	89
instrumentiniai	89
instrumentiniams	89
instrumentinio	89
intakus	89
integracijai	89
integralu	89
inteligentais	89
intereso	89
interferencija	89
interjerai	89
internetiniai	89
internetiniame	89
interpretatorius	89
interpretuojamos	89
intonacijų	89
introdukuoti	89
introdukuotos	89
invazijas	89
inventoriuose	89
investiciniai	89
investuotojo	89
iraniečių	89
iraną	89
irklais	89
irokėzų	89
islamizacija	89
istoriką	89
iteracijų	89
izaokas	89
izidorius	89
izraelitams	89
išaiškėja	89
išanalizuoti	89
išankstinis	89
išaugas	89
išbandymus	89
išbandyta	89
išblėso	89
išbrauktas	89
išbyra	89
išdalintos	89
išdavimu	89
išdavoje	89
išdavystė	89
išgaunant	89
išgauta	89
išgelbėta	89
išgyvenusių	89
išimta	89
išimtimi	89
išimtį	89
iškalbos	89
iškeliant	89
iškeltą	89
iškirtus	89
iškristi	89
iškylantis	89
iškęsti	89
išlaidomis	89
išlaikomi	89
išlaikomos	89
išlaipinti	89
išleidžiamos	89
išleisdavo	89
išlenkta	89
išlenktos	89
išlikusias	89
išlyginta	89
išmanyti	89
išmatuota	89
išmestų	89
išmoka	89
išmėginti	89
išoriniais	89
išoriniams	89
išpažinimą	89
išpažinti	89
išpažinėjų	89
išplatina	89
išplitimo	89
išprievartavo	89
išpuošta	89
išpuoštas	89
išreikštą	89
išrenkama	89
išryškino	89
išsakyti	89
išsaugant	89
išsaugojęs	89
išsaugotos	89
išsekino	89
išsenka	89
išsiaiškina	89
išsiaiškino	89
išsidėstė	89
išsikelti	89
išsikišęs	89
išsikovoti	89
išsinuomojo	89
išsipildyti	89
išsiplėtus	89
išsiplėtusi	89
išsiplėtęs	89
išsirenka	89
išsiruošė	89
išsiskiriančios	89
išsisklaidė	89
išsivadavimą	89
išsiveržus	89
išsišakojęs	89
išskaidyti	89
išskirtine	89
išsklaido	89
išsklaidyti	89
išskyrimą	89
išspausdintą	89
išteisinti	89
ištikimybe	89
ištirpus	89
ištirtų	89
ištverme	89
ištyrinėjo	89
ištęsta	89
ištįsę	89
išugdyti	89
išvedant	89
išvestinės	89
išviso	89
išvykdamas	89
išvystymo	89
išvystytų	89
iššūkius	89
jaguaras	89
jamaikoje	89
japoniško	89
japonišką	89
jaunesnį	89
jaunąją	89
jausmais	89
jautris	89
jautrius	89
jautrių	89
jaučiais	89
jenisiejaus	89
jogurto	89
joja	89
jojamųjų	89
jokiame	89
jokiomis	89
jokiuose	89
jonaičių	89
jonažolė	89
jordanijos	89
junginyje	89
juodligės	89
juodojoje	89
juodžemiai	89
juosvi	89
juosvomis	89
juosvos	89
juozapaitis	89
juozapavičius	89
juridinę	89
justina	89
justino	89
jutimų	89
jutos	89
juzefas	89
jėzų	89
jūreivius	89
jūrine	89
kabantis	89
kabinetais	89
kabrioletai	89
kabučiai	89
kadagių	89
kaimyninėje	89
kaimynių	89
kairiūkštis	89
kaitomi	89
kajetonas	89
kaktoje	89
kalbantysis	89
kalbėdami	89
kalendorines	89
kalendorinės	89
kalendoriuose	89
kalis	89
kalnagūbriais	89
kalnagūbriui	89
kalnujų	89
kalorijų	89
kalta	89
kaltanėnų	89
kaltinamasis	89
kalvinų	89
kalvotoje	89
kalvyno	89
kalykloje	89
kalyklos	89
kambodža	89
kamerūne	89
kamienais	89
kamienu	89
kaminai	89
kaminą	89
kampinių	89
kamuoliukai	89
kamštinius	89
kanalėlių	89
kanauninkai	89
kandidatui	89
kanibalizmas	89
kankinimus	89
kankiniu	89
kantriai	89
kapeliono	89
kapelą	89
kapinėmis	89
kapinėms	89
kapitonijos	89
karalienių	89
karališkajai	89
karališkojoje	89
karališką	89
karališkąja	89
karališkų	89
karatų	89
karbiuratoriumi	89
karbiuratorių	89
kardiologas	89
kariauja	89
karikatūristas	89
karingi	89
kariuomenėms	89
karnavalai	89
karpučių	89
karstinė	89
karstų	89
kartaginiečiai	89
karti	89
kartojamos	89
kartoko	89
karveliai	89
karčiama	89
karštinė	89
karštinės	89
karūnuota	89
kasdieninio	89
kasdieninės	89
kasdienybę	89
kasinėjant	89
kasinėjimo	89
kasmetinę	89
kasmetinį	89
kaspinėlio	89
kastas	89
kasykloje	89
kasų	89
katalizatorių	89
kategorijomis	89
kategorijoms	89
katilą	89
katilėlinių	89
katmandu	89
kaukazas	89
kaukazą	89
kaukolėje	89
kavalerijoje	89
kavalieriai	89
kazachija	89
kazakevičius	89
kazimiera	89
kazimieru	89
kačinskas	89
kaštelioną	89
kaštonai	89
kaštoninės	89
kaštonų	89
kažkokio	89
kažkokių	89
kcal	89
keisdami	89
keisdavosi	89
keitimu	89
keliamosios	89
keliaujama	89
keliaujantis	89
keliaujančių	89
keliavimas	89
kelne	89
kelto	89
keltus	89
kelvinų	89
kembridže	89
kempinės	89
kentėti	89
kepdavo	89
kepimas	89
kepuraitė	89
kerpytė	89
kertanti	89
kertinį	89
kerėjimo	89
ketinimai	89
keturbriaunis	89
keturiasdešimties	89
keturkampių	89
keturvalakių	89
ketvirtadaliai	89
ketvirtadieniais	89
kečujams	89
kiaunių	89
kiaušiniškas	89
kiaušintakio	89
kiaušinėlį	89
kiekvieniems	89
kiemus	89
kietais	89
kiklopus	89
kilminguosius	89
kilmininko	89
kiltų	89
kilusiu	89
kinetinę	89
kiniška	89
kintamąją	89
kiprą	89
kiribačio	89
kirinių	89
kirpimo	89
kirtimą	89
kirvelių	89
kirvukai	89
kirčiu	89
kirčiuotas	89
kirčiuočių	89
kišenes	89
kišenę	89
kiškius	89
klaidingi	89
klajokliais	89
klampos	89
klampumą	89
klampus	89
klanu	89
klarnetu	89
klarnetui	89
klasikinei	89
klasikines	89
klausučių	89
klaviatūrą	89
klimatinis	89
klinikiniai	89
klinikinėje	89
kliūtimis	89
klovainių	89
klėtis	89
kmynų	89
koalicinė	89
kobros	89
kodavimas	89
kodui	89
kokiems	89
kokteiliams	89
kokybiškos	89
koledžai	89
kolekcionavo	89
kolektyviai	89
kolektyvizacija	89
kolonijiniu	89
kolonijinį	89
kolūkiams	89
koma	89
komandinė	89
komisariatui	89
komiškas	89
komiškų	89
kompaktiškai	89
kompaso	89
kompiuterines	89
kompiuterinį	89
kompleksiniai	89
kompleksui	89
komponavimo	89
komponentė	89
komponentės	89
kompozicinių	89
kompromisus	89
koncentruotas	89
koncepcijai	89
koncerną	89
koncesijos	89
kondensuojasi	89
kongresui	89
konkrečiomis	89
konkurencingumą	89
konkuruojančios	89
konservatorius	89
konservatyvios	89
konservatyvus	89
konsistencija	89
konsolių	89
konstantų	89
konstatavo	89
konstitucine	89
konstravimas	89
konstravo	89
konstrukcijoje	89
konstruktyvumas	89
konsuliniai	89
konsultacinio	89
konsultantų	89
kontaktinio	89
kontaktinis	89
konteinerius	89
kontracepciją	89
kontrapunkto	89
kontrastingos	89
kontrolierių	89
kontroliuojant	89
konvencijas	89
kooperatyvus	89
koordinacijos	89
koordinatėmis	89
kornelijus	89
kosciuškos	89
kosminiams	89
kosmodromo	89
kovodavo	89
kovojanti	89
kovojantis	89
kovoję	89
kragas	89
kramtymo	89
krantinė	89
kraujagyslėmis	89
kraujuoja	89
krautuvė	89
kraštinę	89
kreditoriaus	89
kreipia	89
kreipinys	89
kreipė	89
krentant	89
krepšininkus	89
krepšys	89
krevečių	89
kriauklę	89
kriaučiūnas	89
krikštijo	89
krikštytis	89
krikščionio	89
kriminalistikos	89
kriokliais	89
kriokliu	89
kripta	89
kriterijumi	89
kritiko	89
kritikuotas	89
krituliais	89
krištolo	89
kriūkų	89
kronikininko	89
kronos	89
krosnos	89
kruvinos	89
kruša	89
krypsta	89
kryptim	89
kryželiu	89
kryžininkų	89
kryžkaulio	89
kryžminasi	89
krūtinkaulio	89
krūviui	89
ksaveras	89
kubas	89
kukurūzas	89
kulminacijos	89
kultiniu	89
kulvietis	89
kumetynas	89
kunigaikštytę	89
kuoka	89
kuopelės	89
kupiūros	89
kupolų	89
kurapkos	89
kurijoje	89
kurs	89
kursui	89
kursyvu	89
kurtiniai	89
kuršą	89
kuveitas	89
kvalifikacinio	89
kvalifikavosi	89
kvalifikuoti	89
kvantiniai	89
kvantą	89
kvapnūs	89
kvarcinio	89
kvarta	89
kvartetų	89
kviestiniai	89
kvintetas	89
kvotos	89
kylančias	89
kėlinių	89
kėnis	89
kėnių	89
kūdikiui	89
kūdrose	89
kūnams	89
kūnelis	89
labirinto	89
laboratorijas	89
laboratoriniai	89
laboratorinių	89
labūnavos	89
laidininkai	89
laido	89
laidodavo	89
laidoms	89
laikinųjų	89
laikraštėlį	89
laikraščiais	89
laikydami	89
laikydamiesi	89
laikytųsi	89
laimėjimą	89
laimėtoją	89
laiptus	89
laisvais	89
laisvamanis	89
laku	89
lakštai	89
lambertas	89
landtago	89
langobardai	89
lankeliu	89
lankinių	89
lankos	89
lanksto	89
lankstumo	89
lankstumą	89
lankydamas	89
lapelio	89
lapinskas	89
lapkočiais	89
lapuotas	89
latako	89
latvijai	89
latvijas	89
latų	89
laukdamas	89
laukdavo	89
laukiasi	89
laukinio	89
laukinę	89
laurinavičius	89
laužai	89
laužyti	89
lavina	89
lavinosi	89
lavoną	89
lazdelių	89
lazdelėmis	89
lazdelę	89
lazdų	89
lazeriniu	89
lašeliai	89
lašinių	89
lbl	89
lcd	89
lds	89
ledui	89
legatai	89
legatu	89
leidimui	89
leidimuose	89
leidybinę	89
leidyboje	89
leidėjais	89
leidėju	89
leistina	89
leisto	89
leitenantui	89
lemūrai	89
lengvatas	89
lengvus	89
lenktos	89
lenktyniauja	89
lenktyniavimo	89
lenktynininkams	89
lenktynininku	89
leonėje	89
leopardo	89
lep	89
leptonai	89
leptonų	89
lesbiečių	89
leukemijos	89
lianų	89
liaudiškų	89
liaukiniais	89
liberalaus	89
liberalus	89
libretas	89
lidija	89
liejasi	89
liemenės	89
liepomis	89
liepsną	89
lietingasis	89
lietuviškasis	89
lietuviškąją	89
lietuvė	89
ligoninėms	89
likerio	89
likusiose	89
likvidavimas	89
limfa	89
limfmazgių	89
limitas	89
lingvistinė	89
lingvistinės	89
lingvistų	89
lingė	89
linijinio	89
lininių	89
linkolno	89
linksmai	89
linksniais	89
linksnis	89
linksnius	89
linksta	89
linus	89
lionginas	89
lira	89
lis	89
liturgijoje	89
liturgiją	89
liturginius	89
litus	89
liucija	89
liudmila	89
liuteronams	89
liuteronybę	89
lizingas	89
logaritmas	89
loginiai	89
logiška	89
logotipu	89
lojalumą	89
lokalizuoti	89
lombardai	89
lotyniški	89
lotyniškojo	89
lozanos	89
ložė	89
ls	89
lucijus	89
luisto	89
lukšto	89
luomui	89
lusijos	89
lydeka	89
lyderiams	89
lydiminė	89
lygmenys	89
lytimi	89
lėja	89
lėkštė	89
lėtesni	89
lęšiuko	89
lūkesčiai	89
lūšių	89
macintosh	89
magiška	89
magiškas	89
magminių	89
magnetinius	89
magnetizmo	89
magneto	89
maistinės	89
maitinimą	89
maitintojo	89
maišeliai	89
maišelius	89
maištauti	89
maišus	89
majorui	89
maksimumas	89
maksimumą	89
maliariją	89
malkoms	89
malkų	89
malonūs	89
mamutai	89
manieros	89
manifesto	89
manu	89
manufaktūras	89
manufaktūrų	89
maratono	89
marinas	89
marksizmas	89
masačusetso	89
masažo	89
masteliu	89
masyvesnė	89
masyviu	89
masėmis	89
matai	89
matavimais	89
matavimams	89
matematiniais	89
materialinis	89
materialios	89
materializmą	89
matinis	89
matomus	89
matu	89
matulevičius	89
matuojami	89
matuoklis	89
matydama	89
matydami	89
matytas	89
mauna	89
mauzoliejuje	89
mazutas	89
mašinistas	89
mašinose	89
mažametis	89
mažeika	89
mažesniųjų	89
mažesnėse	89
mažojoje	89
mažuosius	89
mažytė	89
medelių	89
medikamentai	89
medingėnų	89
medžiams	89
medžiokliniai	89
medžioklinis	89
meilužis	89
meistrė	89
meksikiečiai	89
melburno	89
melodika	89
memorialinio	89
menines	89
menininku	89
menininką	89
menčių	89
menševikų	89
mergaite	89
merkurijaus	89
metamas	89
metamorfinių	89
metamorfinėse	89
metamorfozė	89
meteoritai	89
metropolito	89
metui	89
meškauskas	89
meškeriotojai	89
meškerės	89
meškuičių	89
miegojo	89
migdolai	89
migdolo	89
mikelis	89
miko	89
mikrometrų	89
mikroneziečių	89
mikrovamzdelių	89
milijonierius	89
militarizmo	89
miltelius	89
milžine	89
milžiniškais	89
milžiną	89
mimo	89
mineralines	89
mineralinius	89
mineralą	89
ministerijoms	89
ministrais	89
ministre	89
minkštu	89
minuso	89
minutė	89
minėtus	89
mirdamas	89
mirusiam	89
misijomis	89
mistinis	89
mitingas	89
mitologijai	89
mišelis	89
mlp	89
mobilioji	89
mockus	89
moderniausias	89
modernius	89
modernizavo	89
modifikavo	89
moduliacijos	89
mokamų	89
mokesčiu	89
mokinės	89
mokomuosius	89
mokslininkui	89
mokyklėlė	89
mokyme	89
mokymuisi	89
mokymuose	89
molekule	89
moliai	89
moliūgas	89
molėtuose	89
momentus	89
monetoje	89
monoplanas	89
monopolis	89
montažas	89
montuojama	89
monumentai	89
monumentaliąją	89
morenos	89
morgan	89
mormonų	89
motininės	89
motorinis	89
motyvo	89
motyvu	89
mova	89
mozaikų	89
muaro	89
muitai	89
muitinėje	89
muito	89
musių	89
mutantai	89
muziejams	89
muzikinei	89
muzikė	89
mušamasis	89
muštynes	89
mušė	89
mygtukas	89
mąstytojas	89
mėgiamos	89
mėginimai	89
mėgėjiškas	89
mėgėjiškų	89
mėlynus	89
mėnesinio	89
mėnraščio	89
mėta	89
mėtė	89
mėšlagrybis	89
mūšiams	89
naciais	89
nacionaliniams	89
nacionalinėmis	89
nacionalizmu	89
nacionalsocializmo	89
nacistų	89
nacizmo	89
nagas	89
naikintojas	89
namelių	89
namelyje	89
nardyti	89
narelio	89
narelis	89
nariuotakojai	89
nasturtė	89
natūra	89
naudojamu	89
naujadarų	89
naujokai	89
naumiestyje	89
navikas	89
našlaičiai	89
naštą	89
neaiškių	89
neaiškumų	89
nealkoholinis	89
neatliko	89
neatnešė	89
neatsisako	89
neatvyko	89
neaukštų	89
nebaigti	89
nebereikėjo	89
nebuvimu	89
nebūdingas	89
nedarbą	89
nederėtų	89
nedirbo	89
neformalaus	89
nefrito	89
negalios	89
negana	89
neišleista	89
neišnyko	89
neišskiria	89
nejudamai	89
nekaltas	89
nekaltų	89
nekeičiant	89
nekilnojamasis	89
nelaiminga	89
nelauktai	89
nelegalaus	89
nelegalius	89
neleisdavo	89
neminimas	89
nemirtinga	89
nemirtingu	89
nemokamos	89
nemokamų	89
nemėsinga	89
nendrės	89
nenoras	89
nenumatyta	89
nenurodo	89
nepaaiškina	89
nepageidaujamas	89
nepainioti	89
nepaisydami	89
nepaisyti	89
nepaisė	89
nepakartojamą	89
nepalas	89
nepalikęs	89
nepamiršo	89
nepanoro	89
nepaprasta	89
neparėmė	89
nepasibaigus	89
nepastebėti	89
nepateikė	89
nepatenkino	89
nepatogu	89
nepatogumų	89
nepavykdavo	89
nepažeidžia	89
nepelno	89
neporakanopis	89
nepraleidžia	89
neprarandant	89
neprasidėjus	89
nepriekaištingai	89
nepriima	89
nepriklausantis	89
nepriklausančių	89
nepriklausomais	89
neribojamas	89
neribotam	89
neribotas	89
nerodo	89
nerodė	89
nervinė	89
neryški	89
nesikišo	89
nesilaikymą	89
nesiliovė	89
nesipriešino	89
nesiryžo	89
neskiria	89
nesklandumų	89
nestabilios	89
nestabilūs	89
nesudarė	89
nesusipratimų	89
netektis	89
netiesinių	89
netiesinė	89
netikrų	89
netikslus	89
netikėto	89
netrukdė	89
neturintį	89
neturtingi	89
neturės	89
netvarkos	89
neurochirurgijos	89
neuromokslų	89
neutralų	89
neužimtas	89
nevada	89
nevaldė	89
nevalgomas	89
nevarų	89
nevedęs	89
nevėžį	89
neėda	89
neįstengė	89
neįtikėtiną	89
neįtraukti	89
neįėjo	89
nešakotas	89
nešakoti	89
nešamos	89
nežemiška	89
nežemiškų	89
niekados	89
nigeris	89
nikelis	89
nikita	89
nikodemas	89
nilas	89
nitratų	89
niūrus	89
norimas	89
normandų	89
norėję	89
norės	89
notangai	89
notangų	89
notariatas	89
nova	89
noveles	89
novosibirsko	89
nubalsavo	89
nubausta	89
nubloškė	89
nudažyti	89
nufilmuotos	89
nugalėtų	89
nugarinio	89
nugarinis	89
nugarėle	89
nugrimzdo	89
nugriuvo	89
nukariauta	89
nukariautų	89
nukariavus	89
nukauna	89
nukelia	89
nukentėjusysis	89
nukreipiama	89
nukreipiamos	89
nukrypimai	89
nukrypimo	89
nulinio	89
nuliu	89
numatomi	89
numeriuose	89
numirė	89
numuštas	89
nuncijus	89
nuniokotą	89
nunuodyti	89
nuodėme	89
nuogos	89
nuogulose	89
nuolatinei	89
nuolydžio	89
nuomoja	89
nuosakas	89
nuosavas	89
nuosavybei	89
nuosavų	89
nuostolinga	89
nuoviru	89
nuošalyje	89
nuošalėje	89
nuošliaužų	89
nupjauti	89
nuplaukti	89
nurodęs	89
nusiaubtos	89
nusilpimo	89
nusiųsta	89
nusižudo	89
nuskaityti	89
nuskurdo	89
nustatęs	89
nustelbia	89
nutekėjimas	89
nuvežė	89
nušalinimo	89
nykstantis	89
nėštumą	89
nėščioms	89
oazė	89
obelys	89
objektuose	89
objektyvas	89
objektyvios	89
obligacijas	89
oficialioji	89
oficialiąja	89
oficina	89
oforto	89
okeaninė	89
oksalo	89
oktetui	89
okupacijų	89
oligarchijos	89
olimpiniame	89
olimpinėmis	89
olimpinę	89
ondatros	89
opcionai	89
opijaus	89
optimalios	89
optimalus	89
optimizmas	89
optiniame	89
optinė	89
orakulą	89
orbitinės	89
orbitose	89
orderio	89
ordinuotas	89
orenburgo	89
organiniais	89
organizacinę	89
orientavimosi	89
originaliu	89
orkų	89
orlaiviams	89
ornamentus	89
ornitologijos	89
osle	89
ova	89
ovališki	89
ovuliacija	89
paaiškinta	89
paaštrino	89
pabaigęs	89
pabiržės	89
pablogėjus	89
pabrėžta	89
padarant	89
padaromas	89
padavimais	89
padažą	89
padegti	89
padengtų	89
padengė	89
padėjėjus	89
padėta	89
pagalbinę	89
pagauta	89
pagelbėjo	89
pagoniško	89
pagoniškos	89
pagreičiu	89
pagrindinėse	89
pagrobtas	89
pagrįstų	89
pailgo	89
pailgėjo	89
paimamas	89
paimant	89
paimdavo	89
painiojami	89
pajamoms	89
pajėgūs	89
pakabinamas	89
pakabino	89
pakabintas	89
pakartotas	89
pakenčia	89
pakisti	89
pakitusių	89
pakrautas	89
pakuonio	89
pakuotę	89
pakviečiamas	89
palaidotos	89
palaimos	89
palangą	89
palankaus	89
palankesnes	89
palankioms	89
paleolitas	89
paleontologas	89
palietus	89
paliktą	89
palikuonio	89
palinkęs	89
pamainom	89
pamaldoms	89
pamačiusi	89
pamokslavo	89
pampos	89
pamėgino	89
panamos	89
panerių	89
panoramą	89
papildymais	89
paplitusio	89
paprastesnės	89
paprasčiausios	89
papuola	89
papėdgrybių	89
paradas	89
paradigmos	89
paraiškos	89
paralyžiuotas	89
paranormalių	89
parapijiečius	89
parapine	89
parapinių	89
parašiutą	89
parašytus	89
pardavėjui	89
pareigūnu	89
pareigūną	89
pareiškime	89
pareiškimus	89
parengiamieji	89
parinktos	89
parlamentai	89
parlamentinio	89
parodijos	89
parodijų	89
parodomi	89
partinio	89
partinį	89
paruošiami	89
pasakojami	89
pasakojamos	89
pasalų	89
pasaulietiniai	89
pasenusius	89
pasiekiantis	89
pasiektos	89
pasigirsta	89
pasikartojo	89
pasikeis	89
pasikviečia	89
pasimokyti	89
pasipuošė	89
pasirašant	89
pasirašydavo	89
pasirašytų	89
pasireiškęs	89
pasirengimas	89
pasirinkdamas	89
pasirinkdavo	89
pasirinkus	89
pasirodymais	89
pasirodyme	89
pasirodžiusio	89
pasirodžiusį	89
pasisakymai	89
pasisavinti	89
pasiskolinta	89
pasitaikanti	89
pasitaikius	89
pasitarnauti	89
pasitelkia	89
pasitikrinti	89
pasitraukiantis	89
pasitrauks	89
pasiverčia	89
pasivijo	89
pasižada	89
pasižymėjusiems	89
paskelbdamas	89
paskelbiama	89
paskelbtame	89
paskirdavo	89
paskiri	89
paskiriami	89
paskleidė	89
paskutiniąsias	89
paskyrimas	89
paslaptimi	89
paslaptingi	89
paslapčia	89
paslėptos	89
paslėptą	89
paslėptų	89
pastele	89
pastogėse	89
pastojimo	89
pastoviosios	89
pastočių	89
pasturgalis	89
pataisytas	89
pataisą	89
patarimu	89
patarlių	89
patarlės	89
pateikdamas	89
pateikimą	89
pateikęs	89
pateks	89
patenkino	89
patentuoti	89
patikimos	89
patikslinta	89
patikėtinė	89
patinams	89
patirta	89
patirtus	89
patobulinimus	89
patogiausia	89
patogioje	89
patrauklumą	89
patriarchato	89
patriarchą	89
patriotinių	89
patvirtinto	89
patvoriuose	89
paukštė	89
pavadinę	89
pavaduotojus	89
pavaldumą	89
paveldėtojo	89
paveldėtoją	89
pavestos	89
pavojingu	89
pavydą	89
pavėlavo	89
paėmimas	89
paįvairina	89
pašnekovo	89
pažadėjęs	89
pažangias	89
pažeidžiant	89
pažeistą	89
pažeminti	89
pažino	89
pažymėtais	89
pažymėtus	89
pci	89
pedagogės	89
pediatras	89
pelekais	89
pelkiniai	89
pelkynus	89
pelkėtomis	89
pelninga	89
pelningumą	89
perdengtas	89
perdirbimu	89
perdirbta	89
perdozavimo	89
perdėtas	89
performuoti	89
periferijoje	89
perimtų	89
perkaitimo	89
perkamos	89
perkirto	89
perkėla	89
perkūno	89
perlas	89
perleistos	89
permainas	89
permatomas	89
permatomi	89
perpjovus	89
perrašytas	89
persekiojamos	89
persekiojimus	89
persikai	89
persikrausto	89
persikėlę	89
persiųsti	89
perskaito	89
personažais	89
perspektyvoje	89
perteikiama	89
perteikimas	89
pertvara	89
pertvarkymų	89
pervadintą	89
pervažiavo	89
pervedė	89
pervežama	89
pervežimas	89
perėmėja	89
peržengia	89
peržiūrėtas	89
petrulis	89
petrą	89
pečenegai	89
pianisto	89
piengrybis	89
piengrybių	89
pienui	89
pietrytine	89
pietrytiniu	89
pietvakariniu	89
pievagrybis	89
pievoje	89
piešia	89
pieštukas	89
pigesnės	89
pigi	89
pigiausias	89
pijaus	89
piktnaudžiavimo	89
piktąsias	89
pildyti	89
piliastrais	89
pilietiniai	89
pilietė	89
piligrimystės	89
piliulių	89
pilkapyną	89
pilku	89
pilkšvais	89
pilnus	89
pilotažo	89
pilotą	89
pilsudskio	89
pilve	89
pilvinė	89
pinigas	89
pinsko	89
pipirais	89
piratais	89
piratavimas	89
pirkėjus	89
pirmadienis	89
pirmai	89
pirmine	89
pirmtakės	89
pirmykštė	89
pirtį	89
piteris	89
pitonas	89
pjaunami	89
pjaustyti	89
pjūviai	89
pkn	89
placenta	89
planktono	89
planui	89
planuojami	89
platesnių	89
plaukiojimui	89
plaučiuose	89
plaušų	89
plačiausioje	89
plaštakiškai	89
plaštaką	89
plintančių	89
plk	89
plokščio	89
plonesnė	89
plovimas	89
plukdo	89
plukdymui	89
plunksną	89
plynaukštėse	89
plynaukščių	89
plyšyje	89
plėšikavo	89
plėšrūnas	89
plėšti	89
plūdė	89
poaibis	89
pobūvis	89
podagra	89
poelgį	89
pogrindinė	89
pokalbius	89
pokariu	89
pokštas	89
poliaračio	89
poliarizacija	89
polietileno	89
polifoninės	89
polinkiu	89
polinomas	89
polinomų	89
politologų	89
popierinius	89
poplūdis	89
poproko	89
populiaresnis	89
populiarėjant	89
portikas	89
portretais	89
portretinių	89
posistemės	89
potencialus	89
povandeniniuose	89
poveikyje	89
pozityvizmas	89
pozityvizmo	89
poškos	89
požeminiu	89
požeminiuose	89
požemyje	89
praba	89
prabangiai	89
pradedantiesiems	89
pradinei	89
pradiniai	89
pradmenis	89
pradėjusios	89
prakaitas	89
pralaimėti	89
pramoninei	89
pramuša	89
pramušė	89
pranašesnis	89
pranašumus	89
pranašystes	89
prancūziška	89
prancūzo	89
praplečia	89
prarijo	89
prasimušti	89
prasmėmis	89
pravardės	89
praėjimo	89
praėjusius	89
prašydama	89
pražudyti	89
precedento	89
prefektu	89
prekybiniais	89
prekybininkas	89
prekymečiai	89
prekymečius	89
prenumeratorių	89
prerijose	89
prestižinių	89
prezidentinės	89
prezidentūra	89
priartėjus	89
pridėdavo	89
priegaidę	89
prieinamumą	89
priekine	89
priekrančių	89
prielaidomis	89
prieplaukų	89
prieskoninių	89
prieskonį	89
priestato	89
prietarai	89
prietarų	89
prietemoje	89
prieveiksmiai	89
priešišką	89
priešpiliai	89
priešpilį	89
priešybių	89
priešybė	89
priežiūroje	89
prigludę	89
priiminėjo	89
priklausančiais	89
priklausančiu	89
priklausiusio	89
priklausomybių	89
prikėlė	89
prilaikyti	89
prilyginta	89
primityvi	89
principui	89
pripažinęs	89
pripažįstant	89
pripildyti	89
pririštas	89
pririšti	89
prisiima	89
prisijungusi	89
pristabdyti	89
pritaikius	89
pritaikytų	89
pritrūkus	89
privačioms	89
priversdamas	89
priverstinių	89
priverstinį	89
priverstų	89
prizais	89
prizmę	89
prižiūrėdavo	89
prižiūrėtojo	89
procesinės	89
procesoriumi	89
prodiuseriui	89
prodiusuota	89
profesine	89
profesinei	89
profesionalais	89
programavime	89
programavimui	89
programinio	89
programuoti	89
progresavo	89
proistorės	89
projektuojant	89
propagandai	89
proporcijomis	89
protestantais	89
protingo	89
protinio	89
protoną	89
prototipo	89
pryšmančių	89
pseudo	89
pseudonimą	89
psichika	89
psichine	89
psichoterapeutas	89
psichotropinių	89
psichozės	89
publikaciją	89
publikuoja	89
puldavo	89
pulkams	89
pulkuose	89
punktuose	89
puodelis	89
puodo	89
puolėju	89
puoselėjimą	89
puota	89
puošniais	89
purpurinis	89
purus	89
pus	89
pusbroliui	89
pusbrolių	89
pusfinalių	89
puslaidininkis	89
pusrutulis	89
putos	89
putų	89
pučiamaisiais	89
pučiantis	89
pušaloto	89
pušynais	89
pušynas	89
pušyne	89
pynimo	89
pyragai	89
racionali	89
racionalizmo	89
racionalumo	89
radioaktyvumo	89
radę	89
raginis	89
raikytojas	89
rainės	89
raiškių	89
raiščiais	89
raižinys	89
raižo	89
raižyba	89
rakauskas	89
raketinio	89
raketinius	89
raketoms	89
raketę	89
rambyno	89
rangovas	89
rankinių	89
rankinė	89
rankinės	89
rankovėmis	89
rasizmu	89
rasos	89
ratams	89
ratifikavimo	89
raudonuoju	89
raudonąja	89
raudos	89
raukšlėti	89
raumeningi	89
raumeningos	89
rašalo	89
raštelį	89
raštija	89
rašytinę	89
rcd	89
realias	89
realistiniai	89
realistinis	89
realistinė	89
realizavimas	89
realusis	89
receptas	89
redkolegijų	89
redukuoti	89
reflektorių	89
regimosios	89
reglamentavo	89
reglamento	89
reglamentuotas	89
reguliaraus	89
reguliariojo	89
reguliuojami	89
reguliuojantis	89
regulos	89
regykla	89
reidą	89
reikalu	89
reikšmingiausias	89
reisais	89
reklaminės	89
reklamuoja	89
rekomendacija	89
rekordiškai	89
rekreaciniai	89
religiniame	89
reljefu	89
rengiamose	89
renta	89
reparacijas	89
reportažai	89
reportažas	89
reportažų	89
reporteris	89
represuoti	89
respublikomis	89
retesnis	89
reto	89
retro	89
revoliucionieriaus	89
rezervą	89
rezidentūrą	89
rezistencinio	89
rezultatyviausių	89
ribojimų	89
ribosomų	89
ribotų	89
richardas	89
rieda	89
riedlentininkų	89
rievių	89
rikiai	89
rimtais	89
rimtus	89
rinkiniui	89
rinktinėmis	89
ristūnai	89
riteriais	89
riteriams	89
ritualams	89
ritualiniai	89
rodikliais	89
rodikliu	89
rodymas	89
roges	89
rogėmis	89
rogės	89
romai	89
romaninio	89
romo	89
romėniškas	89
rsfsr	89
rst	89
ru	89
rublius	89
rudnios	89
rungt	89
rusia	89
rusifikacijos	89
rusinimo	89
rusiški	89
rusiškoji	89
rusnė	89
rusvųjų	89
rutuliukas	89
ruzvelto	89
ryja	89
rytis	89
ryškesnė	89
rėmimu	89
rėvų	89
rūgtinių	89
rūgštingumą	89
rūke	89
rūpinamasi	89
rūsį	89
sagomis	89
sagose	89
sakalai	89
sakiniais	89
sakralinių	89
saksofonu	89
saksonijoje	89
salelėse	89
salonikų	89
salotų	89
samariečių	89
samaros	89
samdo	89
samdomu	89
sampratai	89
sandra	89
sandėlys	89
sankaupų	89
santrauką	89
santuokai	89
santykinio	89
santūrus	89
sapno	89
sapnuose	89
saturnas	89
satyrinis	89
saugikliai	89
saugios	89
saugiu	89
saugoję	89
saugomus	89
saugotoja	89
saulėlydis	89
saulėta	89
sausai	89
sausojo	89
savaiminio	89
savaiminė	89
savaitgalis	89
savamokslis	89
savanorius	89
savasties	89
savavališkai	89
savijautą	89
savikainos	89
savisaugos	89
savitumas	89
savivalės	89
savižudybe	89
scenaristų	89
seimuose	89
seišelių	89
sekančiame	89
sekęs	89
senaisiais	89
senatvę	89
senesniuose	89
senesnę	89
senesnį	89
senienas	89
seniūną	89
senkapio	89
sentimų	89
senvagėse	89
separatistų	89
separatizmas	89
septima	89
serialus	89
serijinę	89
serveriui	89
seržanto	89
sezoniškai	89
siamo	89
siauriausia	89
siauriausioje	89
sicilija	89
sidabravo	89
siejamų	89
siekiančio	89
siekiančią	89
siekusių	89
sielovada	89
sienele	89
sigita	89
signalu	89
silpniausia	89
silpniausios	89
silpnosios	89
silpnumu	89
silpnumą	89
silpnybė	89
silpnėti	89
silueto	89
simbolikoje	89
simetriškos	89
simfonijų	89
simfoniniai	89
simona	89
simuliacijos	89
sinagogą	89
sinergetikos	89
singapūras	89
sinode	89
sinonimų	89
sistematikos	89
sisteminis	89
sisteminių	89
situacijoms	89
siuitą	89
siuntų	89
siunčiamos	89
siurbti	89
siuvėjo	89
siūlus	89
siūlymas	89
skaidraus	89
skaidrumą	89
skaisti	89
skaistumo	89
skaistumą	89
skaitovų	89
skaitymui	89
skaičiavo	89
skalaujama	89
skaldo	89
skambina	89
skambėjimo	89
skarulių	89
skaudžių	89
skersinį	89
skiauterė	89
skiautės	89
skiaučių	89
skiemenyse	89
sklandytuvus	89
sklandė	89
skleidžiamas	89
skliautu	89
sklidimas	89
skolinti	89
skolinys	89
skorpionas	89
skorpionų	89
skraidantis	89
skrendantis	89
skruostai	89
skruzdėda	89
skruzdėdos	89
skrynia	89
skurdūs	89
skylutę	89
skyriams	89
skyręs	89
skėčius	89
skėčių	89
slidininkų	89
sliekus	89
slinko	89
slėgiu	89
smakras	89
smakro	89
smarkių	89
smegenims	89
smtp	89
smuklę	89
smulkesnis	89
smulkinant	89
smulkmenų	89
smėlingos	89
sniečkaus	89
snukį	89
socialdemokratus	89
socialistine	89
sociologai	89
sociologijoje	89
sodininkas	89
sodui	89
sodybomis	89
sol	89
solidarumą	89
spalvingas	89
spanguolių	89
sparneliais	89
sparnui	89
sparnuose	89
sparti	89
spartų	89
spaudiniai	89
spaudžiama	89
spaudžiamos	89
specializuotą	89
specifikacijas	89
specifine	89
specifiniams	89
specifinėmis	89
spektrai	89
spindis	89
spręsdavo	89
spygliuotos	89
spėjimas	89
srautais	89
stabdomas	89
stabilią	89
stabilumu	89
stagnacijos	89
staigios	89
staigūs	89
stalinizmo	89
stalinui	89
stalu	89
stambiai	89
stambiuose	89
standartizuoti	89
stanislava	89
statistinis	89
statmeni	89
statulas	89
statulėles	89
statutus	89
statytame	89
stebina	89
stebino	89
stebuklingu	89
stebuklo	89
stebuklu	89
stebėtas	89
stebėtoja	89
steigtis	89
steką	89
stengdamiesi	89
stepas	89
stereotipų	89
stibio	89
stichinių	89
stilizuotos	89
stipresnio	89
stipresnių	89
stipriųjų	89
stiprumu	89
stiprybės	89
storų	89
stovinčios	89
stovinčių	89
stovėdamas	89
stovėjusio	89
strasbūre	89
strasbūro	89
strazdai	89
streikus	89
stuburą	89
studijavęs	89
studijuodama	89
stulginskis	89
stumbras	89
styginiai	89
stygomis	89
stūmimo	89
suaktyvėja	89
suardytų	89
suaugusi	89
suaugusiam	89
subalansuoti	89
subkultūroje	89
subregionai	89
subrendimo	89
subrendo	89
subsidijos	89
subsidijų	89
subtili	89
subtilios	89
subtilių	89
subyrėjus	89
sudarytoja	89
sudeginimas	89
suderinamos	89
sudėtas	89
sudėtingomis	89
sudėtinius	89
sueičiai	89
suformavus	89
suformuluotos	89
suformuotame	89
sugebės	89
sugebėti	89
suinteresuoti	89
sukeliant	89
sukiniu	89
sukčiavimo	89
sukėlėjai	89
sukėlėjų	89
sukūrusių	89
sulaikymo	89
sultims	89
sultinga	89
sultonatų	89
sulėtinti	89
sumaišytas	89
sumanytojas	89
sumažėjusi	89
sumažėjusio	89
sumažės	89
suminis	89
sunaudojimas	89
sunkumą	89
sunkųjį	89
sunykę	89
suomį	89
supama	89
supančio	89
supažindinama	89
superkontinentas	89
supertaurę	89
supilamas	89
suplanuotą	89
suprastėjo	89
suprastų	89
supuvusių	89
supyko	89
surandamas	89
surašymai	89
surengtų	89
suriname	89
surinktais	89
susergama	89
susiburia	89
susidarys	89
susidomėta	89
susidraugauja	89
susidūręs	89
susigrūmė	89
susijungimų	89
susikaupė	89
susikoncentravo	89
susikoncentruoti	89
susikūrusių	89
susilieję	89
susilpnėjimas	89
susilygina	89
susintetinti	89
susipynę	89
susirašinėti	89
susirinkęs	89
susiskaidymas	89
susiskaldę	89
susisteminti	89
susituokia	89
susituokusi	89
susižadėjo	89
suskaičiuota	89
suspaudžia	89
sustabdomas	89
sustiprintai	89
sustiprintų	89
sustiprėjusi	89
sustojimas	89
sustojus	89
sutartinė	89
sutartyse	89
sutaupyti	89
suteikiantį	89
sutemus	89
sutraukė	89
sutrikdyti	89
sutrikdė	89
sutriuškinus	89
sutrumpėję	89
sutuoktinio	89
suvaidinta	89
suvalkuose	89
suvereni	89
suverenios	89
suvienytas	89
suviliojo	89
suvokimui	89
sušvelnino	89
sužadino	89
sužaista	89
sužalojimo	89
sužavėti	89
svarbesnius	89
svarbiausiems	89
svareliai	89
sveikam	89
sveikasis	89
sveikino	89
sverdavo	89
svetimi	89
svetimšaliai	89
sąjunginės	89
sąjungomis	89
sąlygojamas	89
sąlygotas	89
sąmokslininkai	89
sąskrydžio	89
sąvartynas	89
sąvartyno	89
sąvokai	89
sėkmingu	89
tabaku	89
tadžikai	89
taikiniais	89
taikius	89
taikią	89
taikliai	89
taikymu	89
taičio	89
takeliais	89
takelyje	89
talkas	89
talpinanti	89
tamilai	89
tamsias	89
tamsiose	89
tamsėja	89
tankaus	89
tankesnės	89
tantalo	89
tapatinamos	89
tapimas	89
tapoma	89
tapytojai	89
tarifai	89
tarifas	89
tarnais	89
tarnaitė	89
tarnaudavo	89
tarnystės	89
tarnystę	89
tarpdiecezinėje	89
tarpeklius	89
tarpines	89
tarpininku	89
tarpinį	89
tarpląstelinės	89
tarpsnį	89
tarėjas	89
taupomasis	89
taurei	89
tauriabudžių	89
tauriojo	89
tautiečius	89
tautiškai	89
tautodailininko	89
tautodailininkė	89
tautoje	89
taškeliai	89
taškinių	89
techniniais	89
techninėmis	89
technologijoje	89
tegalėjo	89
teiginiu	89
teisiniams	89
teisininkams	89
teisinėmis	89
teismais	89
teisnumas	89
teisus	89
teisybės	89
teisynai	89
teisyne	89
teisėjais	89
teisėją	89
teisėtą	89
tekančiuose	89
tekstui	89
telkia	89
telkšančio	89
temoms	89
tempera	89
temperatūrose	89
tempiant	89
tendencijoms	89
tenisininkė	89
teodora	89
teologiniai	89
teorijoms	89
teroristinės	89
terpių	89
terpėse	89
teršia	89
testosterono	89
tetervinai	89
tetervinas	89
tezes	89
tiekėjo	89
tiesinio	89
tiesinės	89
tiesioginiam	89
tiesiomis	89
tiesėje	89
tikrinimas	89
tiltui	89
tilžė	89
tina	89
tinkamumo	89
tinkantis	89
tinklalapį	89
tipinės	89
tipiškos	89
tipiškų	89
tiriamoji	89
tiriamąjį	89
tirolio	89
tirpina	89
tirta	89
tirtą	89
titanais	89
tituluodavosi	89
tituluotas	89
tituluočiausių	89
tiškevičiaus	89
tobulinimui	89
tobulėja	89
tokiom	89
toleravo	89
tolesnes	89
tolimesniam	89
tolimesnę	89
tolimi	89
tolimoje	89
tomė	89
toninė	89
tonus	89
topografijos	89
toriai	89
toskanos	89
totalitarizmo	89
trachėjos	89
traktatus	89
traktavimas	89
transliuotas	89
trapecija	89
trapumas	89
traumatologas	89
traupio	89
trejybės	89
tremtinio	89
trenerį	89
treniruojami	89
trečiaisiais	89
trečiosiose	89
tribūna	89
tribūnų	89
trigubai	89
trimatis	89
trimatės	89
trimačių	89
trinant	89
trinčiai	89
triušis	89
triušius	89
troba	89
trobeles	89
trobelė	89
trobesiais	89
trobesių	89
troškimo	89
trukę	89
trumpalaikių	89
trumpesniu	89
trumpiausią	89
trupių	89
tryliktasis	89
trąšas	89
trąšomis	89
trėmimo	89
trėmimus	89
tunelius	89
tunisas	89
tunise	89
tupintis	89
turai	89
turinčiame	89
turinčiomis	89
turite	89
turtingesni	89
turtingesnių	89
turtingus	89
turtuolių	89
turėtos	89
turėtume	89
turį	89
tvanas	89
tvarkyklių	89
tvarkyklė	89
tvarkyklės	89
tvarkymu	89
tvarkytis	89
tvirtindamas	89
tvoromis	89
tvorą	89
tvyrojo	89
tyrinėjimui	89
tyzenhauzas	89
tąkart	89
tėvonija	89
tęsdamas	89
tęsinių	89
tęsinyje	89
ugnikalniui	89
ungurių	89
unijoje	89
unikalumo	89
universalaus	89
universalių	89
uodegas	89
uoloje	89
uolėti	89
uoslę	89
upeace	89
utilitarizmą	89
utrechto	89
užbaigęs	89
uždaroji	89
uždaruose	89
uždegė	89
užduotimi	89
užkastas	89
užlenktas	89
užmezga	89
užpakalinius	89
užpelkėję	89
užpiltas	89
užpuolimą	89
užpuolimų	89
užrakto	89
užrašant	89
užrašytą	89
užsakytas	89
užsidegė	89
užsieniui	89
užsikrečia	89
užsitarnavo	89
užslinkęs	89
užtaisomi	89
užtaisu	89
užtemimo	89
užterštų	89
užtikrinama	89
užtrukti	89
užtvankas	89
užtvarą	89
užtvindė	89
užuominos	89
užutėkis	89
užveisė	89
vadovaudamasi	89
vadovaudamasis	89
vaikaičiai	89
vaikinu	89
vainikavimo	89
vainikus	89
vainikėlis	89
vairas	89
vaistininko	89
vaistinėse	89
vaisto	89
vaito	89
vaizdingai	89
vaizduotė	89
vaišės	89
vakarėlių	89
valdančią	89
valdančių	89
valdančiųjų	89
valdininkams	89
valdomai	89
valdytas	89
valdytojais	89
valentina	89
valiūnas	89
valstybingumas	89
valstybinėmis	89
valstybėlė	89
vampyru	89
vamzdyje	89
vandenilinius	89
vandenilinės	89
vandeniniai	89
vandenskyroje	89
vandenvardžių	89
vankuverio	89
vargina	89
variagai	89
variantuose	89
variniai	89
varinis	89
varmių	89
varnų	89
vartojamą	89
vartotojais	89
varžybomis	89
varžydavosi	89
varžyti	89
važiuojate	89
važiuoklę	89
vedantys	89
vedybomis	89
vedėjais	89
vedę	89
vega	89
vegetaras	89
veidrodyje	89
veikalu	89
veikiančia	89
veikliųjų	89
veiksnumą	89
veikusį	89
veisimu	89
vejasi	89
vektorinės	89
velenas	89
velniu	89
vena	89
venerą	89
vengrais	89
verdainės	89
verdančiu	89
verpstiškos	89
versdavo	89
verslininku	89
verslus	89
vertikalias	89
vertėms	89
verčiamos	89
vežėjų	89
vicedirektorius	89
vicekaralystę	89
viceministrė	89
vidiniams	89
vidinėmis	89
vidinėse	89
vidutine	89
vidutines	89
vidutinius	89
vienalyčiai	89
vienaląsčių	89
vieningi	89
vieniši	89
vienkartinis	89
vienokią	89
vienovė	89
vienpakopes	89
vienuoliktasis	89
vienuose	89
vienytis	89
vienąkart	89
vietininkų	89
vietovei	89
viešajam	89
vijoklinis	89
vikių	89
vilniui	89
viltimi	89
vingiuotos	89
violončelė	89
virdžinijoje	89
virtimą	89
virvutės	89
viršenybė	89
viršijus	89
viršutiniu	89
viržynai	89
visuomeniniam	89
visuomeniniu	89
vitaminais	89
vitaminu	89
vitaminus	89
vitkauskas	89
vitražai	89
vizigotai	89
vizituojantis	89
vizos	89
vizą	89
vištelės	89
vištinis	89
vištinių	89
vladislavas	89
vmi	89
vogti	89
vokalistai	89
vokalistės	89
voldemaras	89
voldemarininkų	89
volteris	89
voro	89
vulkanai	89
vulkaninio	89
vykdyto	89
vyksmą	89
vykstantiems	89
vynmedžiai	89
vyraujančią	89
vyresnumą	89
vyresnė	89
vyriausio	89
vyriausiu	89
vyriausiųjų	89
vyriškieji	89
vėjams	89
vėju	89
vėlesnei	89
vėlesniu	89
vėlyvoji	89
vėlų	89
vėsiau	89
yrant	89
zagrebo	89
zigota	89
zodiako	89
zoninių	89
zonomis	89
ąžuolinėse	89
ąžuolynuose	89
čerpių	89
čiobrelis	89
čiuopiklinės	89
čiuopiklių	89
čiurkšlė	89
ėjusi	89
ėriuką	89
įbauginti	89
įdomiai	89
įdubomis	89
įgaliotoji	89
įgaliotojo	89
įgaliotuoju	89
įgaudavo	89
įgydavo	89
įgyvendinanti	89
įgyvendintų	89
įgūdžiais	89
įkopta	89
įkrauti	89
įkurtam	89
įkvėpimu	89
įkvėpimą	89
įkūrėją	89
įlipti	89
įmanomi	89
įmanomų	89
įplaukti	89
įpėdiniui	89
įpėdinė	89
įregistravimo	89
įrengtuose	89
įrengęs	89
įsakymais	89
įsibėgėti	89
įsigalioja	89
įsigaliojęs	89
įsigijusi	89
įsikėlė	89
įsikūnijimu	89
įsikūrusio	89
įsimylėjusi	89
įsiplieskė	89
įsitaiso	89
įsitempia	89
įsiterpusios	89
įsitikinimą	89
įsitraukia	89
įsiurbimo	89
įsiveržia	89
įsiviešpatavo	89
įspėti	89
įspūdžio	89
įstatais	89
įstatomas	89
įsteigę	89
įtaiso	89
įtaisus	89
įtakojant	89
įtampų	89
įtarimai	89
įtarus	89
įteikiami	89
įtekančių	89
įtemptos	89
įtikina	89
įtraukimas	89
įtvirtinama	89
įvairesnių	89
įvairiaspalviai	89
įvairiausias	89
įvardžiai	89
įveiktas	89
įveisti	89
įvertintų	89
įvesties	89
įvykusius	89
įžambinės	89
įžeidė	89
įžvalga	89
įžvelgia	89
šachas	89
šakele	89
šakniastiebius	89
šalinamas	89
šalinami	89
šaltasis	89
šaltiniui	89
šaltkalviu	89
šaltį	89
šamanizmo	89
šamanizmą	89
šamukų	89
šamų	89
šarkos	89
šarminių	89
šarvuota	89
šarvuotą	89
šaudmenis	89
šaudmenys	89
šaudyklės	89
šaukiama	89
šaukoto	89
šaukštą	89
šaunamaisiais	89
šaunamasis	89
šautuvu	89
šaškės	89
šeichas	89
šeimyninių	89
šereliai	89
šeriami	89
šešeriems	89
šeštuoju	89
šešėliai	89
šiaurvakarinėje	89
šiltu	89
šiltuoju	89
šimtmečiams	89
širdiški	89
šiuolaikiniais	89
šiuolaikinėse	89
šnekėjo	89
šokant	89
šokinėja	89
šoninė	89
šonkauliai	89
špitolės	89
šturmanas	89
šturmavo	89
šturmu	89
šturmuoti	89
šukuosena	89
šuniukų	89
švarios	89
švaros	89
šveicarai	89
švelnių	89
šventaisiais	89
šventežerio	89
šventovėje	89
šventvietės	89
švenčionyse	89
šviesoforo	89
šviečiantys	89
šviežio	89
švyturį	89
švėkšnoje	89
šėrimo	89
šūkiai	89
šūvius	89
šūvį	89
ūkiams	89
ūkininką	89
ūmus	89
žaibus	89
žaibų	89
žaidėja	89
žaidžianti	89
žaidžiančių	89
žaizdą	89
žalinga	89
žalingas	89
žalingų	89
žaloja	89
žalsvo	89
žalvaris	89
žano	89
žanrams	89
žarijų	89
žeberklų	89
želdinių	89
žemaitija	89
žemaičiais	89
žemdirbiams	89
žemumomis	89
žemuogės	89
žemutinio	89
žemynine	89
žemyninio	89
žemyninę	89
žemėvaldos	89
žemųjų	89
žiaunomis	89
žiaurios	89
žiaurumą	89
žiedinė	89
žiedlapių	89
žieduotųjų	89
žiedyne	89
žiedyną	89
žiniatinklyje	89
žinioms	89
žinybos	89
žinynai	89
žinyną	89
žiotelės	89
žirgeliai	89
žmogiškojo	89
žmogiškos	89
žmogžudystė	89
žodinė	89
žudiku	89
žukas	89
žuko	89
žurnalistės	89
žuvininkas	89
žvaigždynu	89
žvalgybininkas	89
žvejams	89
žvejoja	89
žvejojamos	89
žydrą	89
žygimantui	89
žymia	89
žymiausiais	89
žymiausiu	89
žymėdavo	89
absoliutinio	88
abstrakčią	88
actas	88
adaptuotis	88
aerouosto	88
afera	88
afrikiečiai	88
agentūromis	88
agnostikai	88
agrofirma	88
agronomiją	88
aguonų	88
agurkai	88
akademikų	88
akademiniais	88
akimirka	88
akimirkų	88
akmenims	88
akomodacijos	88
akordai	88
aksiomas	88
aktualius	88
aktyvesni	88
aktyviausias	88
alain	88
albumais	88
aldano	88
algonkinų	88
alkoholiniais	88
alksniai	88
alpakos	88
alt	88
alternatyvias	88
anarchizmas	88
anatomas	88
andrejevas	88
andromedos	88
anekdotai	88
aneksuoti	88
anemijos	88
angliakasių	88
animacinius	88
ankstyvame	88
ann	88
anoreksija	88
antanu	88
antigenų	88
antikinė	88
antram	88
antropologiniu	88
apauga	88
apavas	88
apaštalai	88
apec	88
apeliacine	88
apgintų	88
apgyvendinami	88
apibrėžianti	88
apibrėžimus	88
apkaba	88
apkaltinamas	88
aplankydavo	88
aplankys	88
apm	88
apmokestinamos	88
apmokestinti	88
aprašai	88
aprūpinimui	88
apsauginių	88
apsiaustis	88
apsiaustį	88
apsikrikštyti	88
apsitraukia	88
apsiėmė	88
apskritime	88
apskritimų	88
aptarnaujanti	88
aptarnaujantis	88
aptinkamų	88
apvadai	88
apvaisinimui	88
apvaliai	88
apykaitoje	88
apšaudymas	88
apšviesta	88
apžvelgti	88
archeologinėms	88
areštą	88
arijai	88
arktinė	88
aromatinio	88
aromatinis	88
arsenalo	88
artistu	88
aršus	88
asimptotė	88
asistentai	88
asistento	88
asmenvardinis	88
astronominiai	88
asyžiečio	88
atakoms	88
ateistu	88
atestatai	88
atestuota	88
atgauta	88
atidavęs	88
atlantoje	88
atlaso	88
atleidimas	88
atleidžiamas	88
atletas	88
atlikinėti	88
atmetamas	88
atmetus	88
atnaujinamos	88
atominius	88
atsarga	88
atsidavimas	88
atsikosėjimą	88
atsilikimą	88
atsilikusių	88
atsiremti	88
atsiskaitymai	88
atsiskyrėliai	88
atsistatydina	88
atsisėsti	88
atsitiktinius	88
atsitraukia	88
atsižadėjo	88
atskleistas	88
atspaudas	88
atspausdintas	88
atstatomas	88
atstatomi	88
atstume	88
atvaizduoja	88
atvejui	88
atversta	88
atšiaurių	88
auditoriai	88
audringas	88
augalinis	88
augančiai	88
augmeniją	88
aukciono	88
aukštesnysis	88
aukštielninki	88
aukščiausiuoju	88
aurelijaus	88
autokatastrofoje	88
automagistralių	88
aviganiai	88
bacevičius	88
bagažinės	88
baigiamieji	88
baiminosi	88
baisūs	88
baitus	88
bajų	88
bakalaurė	88
bakas	88
baklažanų	88
balistinių	88
balkanus	88
baltiškos	88
bandelės	88
bandomas	88
bandys	88
banionis	88
bar	88
barakus	88
barbarai	88
barelių	88
barokinių	88
barstyčių	88
baskai	88
batais	88
batista	88
baudžiamieji	88
bausmėmis	88
bažnytinėje	88
bebaimis	88
bendrumas	88
bendruomeninių	88
bendruose	88
benziną	88
berilio	88
bernotas	88
beržynuose	88
besiformuojančios	88
bi	88
bijodama	88
bijoti	88
biochemikų	88
biografijas	88
bitais	88
bitas	88
bitininkyste	88
bitėms	88
blizgančiais	88
blogiausias	88
blokais	88
bondas	88
brandinimo	88
branduoliniuose	88
branduoliuose	88
brangakmenius	88
bratislavos	88
brazausko	88
briauną	88
bronzinio	88
bsc	88
budriūnas	88
buitimi	88
buitiniai	88
bukarešto	88
buliaus	88
bulvėms	88
buoželė	88
buožių	88
buožę	88
bušas	88
būdingiausias	88
būkle	88
būreliais	88
būtybe	88
būvį	88
charakteristiką	88
cheminėms	88
cilindre	88
cinamonas	88
citatos	88
citoplazmą	88
clarke	88
cpc	88
dabartinėmis	88
dailidė	88
dainininkui	88
dalinimas	88
dalyviui	88
darantis	88
darbininkių	88
darbštus	88
dariniams	88
darnią	88
darvinas	88
darydami	88
daręs	88
daržinėje	88
daugialąsčiai	88
dauginant	88
daugėti	88
daukšos	88
davę	88
dažyta	88
debatus	88
dedikacija	88
degančios	88
degučiai	88
deivido	88
dekoratyvinę	88
dekoru	88
demografinių	88
demonstracijų	88
dengiančios	88
deriniais	88
derlingiausių	88
detalę	88
determinizmo	88
dešimtuko	88
dešiniąja	88
diagnozę	88
dialektinio	88
dializės	88
didinga	88
didmeistrio	88
didvyriškai	88
diegiant	88
dieviškumo	88
dinaminių	88
dinastinių	88
dinozaurais	88
diplomatiniais	88
dirbtų	88
dirgina	88
disidentais	88
distribucijos	88
div	88
divizionus	88
djia	88
dokumentams	88
domimasi	88
donald	88
dongų	88
dramatiška	88
dramatiškas	88
dramatiškos	88
dramblius	88
dramblį	88
draugiška	88
dreifo	88
drezdene	88
drėgnasis	88
dtm	88
duobutė	88
duodamos	88
durti	88
dvarais	88
dvarvietę	88
dvasinius	88
dvejetainis	88
dvideginis	88
dvigarsių	88
dvikovose	88
dvispalvė	88
dygiųjų	88
dyglius	88
dygsta	88
dykumėjimo	88
dyzelinį	88
dzeusui	88
dėtuvėje	88
dūdmaišis	88
džozefas	88
ebitda	88
ebu	88
edisono	88
edukacinės	88
efektyvumu	88
egzistuojantys	88
egzoplaneta	88
eilutėse	88
eismui	88
ekonomikų	88
ekranų	88
eksperimentuoja	88
ekspertizių	88
ekspertizę	88
eksploatuojama	88
eksportu	88
eksportuotoja	88
ekspresijos	88
ekspresyvios	88
ekstremalaus	88
elastinių	88
elektrodai	88
elektrodinamika	88
elektrodinamikos	88
elektrotechnika	88
embrionų	88
emilio	88
emocinių	88
emocinį	88
emulsija	88
emyrų	88
enciklopedijose	88
endokrinologijos	88
energinga	88
entuziazmo	88
epe	88
eraičinas	88
erdvinę	88
erdvėlaiviai	88
erių	88
erozijai	88
etalonas	88
etikoje	88
etimologijos	88
etiopų	88
etnogenezė	88
etnogenezėje	88
etnografinius	88
etnosą	88
europietiško	88
evangelijoje	88
ež	88
faktinę	88
fantastiniai	88
fanus	88
fenomeno	88
fenomenologijos	88
feodalines	88
feodalinėje	88
feodalinę	88
fermą	88
filmavimui	88
filmuojama	88
filologo	88
filosofus	88
finansavimu	88
finansinei	88
firmoms	88
flamingų	88
flangą	88
fleitą	88
folikulas	88
folikulo	88
folikulų	88
folklorinį	88
formacija	88
formate	88
formuojamos	88
forumuose	88
fosfatas	88
fotoaparatų	88
fotografuojant	88
fragmentą	88
frederiko	88
froidas	88
fryzai	88
funkcionalumas	88
funkcionavo	88
gabalą	88
galerijas	88
galimam	88
galingesnė	88
galininkas	88
galiuko	88
galvutėmis	88
gaminosi	88
gamintojui	88
gaminį	88
gandrinių	88
ganoje	88
ganomi	88
garantuotas	88
garcía	88
gardelę	88
gardą	88
gardį	88
garsesni	88
garu	88
gatvėms	88
gaubliui	88
gaubtasėklių	88
gaudė	88
geizerių	88
gelbėjimosi	88
geležinkeliečių	88
geležinį	88
generavimas	88
generavimo	88
generuojamas	88
genetiniais	88
genijų	88
gentinės	88
geologinėje	88
geologinę	88
geometrinis	88
geresniu	88
geriamo	88
gerinimą	88
gerklos	88
gestais	88
gestas	88
giesmyne	88
gilesnių	88
gilesnė	88
giminaičiu	88
gimp	88
gimtasis	88
gimusiam	88
ginčuose	88
gks	88
glamonių	88
glaudinimo	88
glaudžiau	88
gležni	88
glikolizės	88
glitimas	88
globėjos	88
golfas	88
gomelio	88
gotika	88
grafikoje	88
grakščios	88
gramatikoje	88
grandys	88
gražuolės	88
greitus	88
grikiai	88
grindžia	88
grojimą	88
grundalai	88
gryni	88
grąžinama	88
grįžtamojo	88
grįžtamąjį	88
grūdėta	88
gudrybės	88
guoba	88
guolyje	88
guptų	88
gvazdikėliai	88
gvazdikėlių	88
gynybiniais	88
gyvais	88
gyvenamuose	88
gyvenamus	88
gyvenimų	88
gyvybingas	88
gyvybingumo	88
gyvąja	88
gyvūniją	88
habilitacija	88
haliucinacijų	88
haliucinogenai	88
haremą	88
harmonizuotų	88
hegzametru	88
helenizmo	88
henrikui	88
herbinis	88
hercogiją	88
hermeneutika	88
hermio	88
hidrologijos	88
hidroterminėse	88
hitleriui	88
horizontalaus	88
humanitarinius	88
humoristas	88
humoristinių	88
husarai	88
idealiu	88
ideogramų	88
ideologiniu	88
idėjinis	88
ietigaliu	88
ieškanti	88
ieškotis	88
igno	88
ignoruojamas	88
ignoruoti	88
ik	88
ikonografijos	88
ikrų	88
ilgaamžiškumo	88
ilgalaikiai	88
ilgesniais	88
ilgesnę	88
ilgumą	88
ilja	88
ilona	88
iltimis	88
imap	88
imigraciją	88
imlumas	88
imperatoriams	88
importuota	88
imtynėse	88
imunologijos	88
indigo	88
individualia	88
indiškas	88
indoeuropietiškos	88
induistai	88
infekcijai	88
iniciatyvų	88
instrumentinį	88
integralų	88
integravimas	88
integruojant	88
interjeruose	88
interpretavimą	88
intuityviai	88
investuojama	88
investuotojus	88
inžinierės	88
iridžio	88
ironiškas	88
irtyšiaus	88
ivinskis	88
izoliuotą	88
izotopus	88
išaiškinamųjų	88
išdavikas	88
išdavimas	88
išdidus	88
išduotą	88
išgalvoti	88
išgelbėjimo	88
išgraužė	88
išgrįsti	88
išgyventų	88
iširimą	88
iškasenas	88
iškilmingos	88
išlikimui	88
išmainytas	88
išmano	88
išmatavus	88
išmetamas	88
išmetami	88
išmetamų	88
išmetimas	88
išmokas	88
išnara	88
išpažįstančių	88
išplanavimo	88
išplitus	88
išplėšti	88
išradęs	88
išraižytos	88
išryškina	88
išsami	88
išsidėsčiusiais	88
išsidėsčiusius	88
išsimokslinimo	88
išsipirkti	88
išsitempia	88
išskirdamas	88
išskirstyta	88
išskirtiniais	88
išstumtas	88
išteisino	88
ištekliams	88
ištekėjusios	88
ištiesinta	88
ištikimai	88
ištyrinėtas	88
išvaduota	88
išvežtų	88
išvyta	88
išėmė	88
iššovė	88
jaguarai	88
jakštas	88
janonis	88
janulaitis	88
jauja	88
jaunai	88
jaunikio	88
jaunuoliams	88
jašiūnų	88
jefreitorius	88
jerry	88
jeruzalė	88
jevgenijus	88
jiesios	88
jojimas	88
jokiam	88
jonizacija	88
jono	88
jotvingiais	88
jubiliejiniuose	88
judesiu	88
judita	88
judri	88
jungiamajame	88
jungiant	88
jungimas	88
juodaodžius	88
juodąja	88
juosmuo	88
jutimas	88
jūreiviams	88
jūrininko	88
kabliu	88
kabliukai	88
kailinių	88
kainuoti	88
kairiajam	88
kaklelį	88
kaktuso	88
kaktą	88
kalbininko	88
kalbėjusi	88
kalibrų	88
kaligrafija	88
kalinta	88
kalniškių	88
kalnynai	88
kaltinimą	88
kaltininkas	88
kalvės	88
kalė	88
kamanos	88
kamiengalio	88
kamikadzių	88
kamščių	88
kanadietis	88
kandžiai	88
kantas	88
karališka	88
karietos	88
karininką	88
kariui	88
kariškio	88
karmelitai	88
karmą	88
karoliais	88
karsakiškio	88
karūnai	88
kasas	88
kasdieniame	88
kasdienis	88
kasdienybėje	88
kasetėje	88
kata	88
katapultų	88
katedrose	88
katilius	88
katėmis	88
kaunantis	88
kaučiuką	88
kavalerijai	88
kažkaip	88
kažkurio	88
kdr	88
keistus	88
keitimasis	88
keitimui	88
keitimą	88
kekėmis	88
kelmuose	88
kelnėmis	88
keltuvai	88
kenkėjais	88
kenkėjas	88
kentauras	88
kepant	88
kerus	88
keturmetę	88
ketvirtu	88
ketvirčiu	88
khz	88
kietame	88
kietaviškių	88
kietąjį	88
kietėja	88
kilmininkas	88
kilometre	88
kils	88
kintamas	88
kintamoji	88
kirgizijoje	88
kirilicą	88
kirmėles	88
kirtosi	88
kiršliai	88
kirų	88
kitimus	88
klaidingų	88
klaidomis	88
klajoti	88
klasicistinis	88
klasicistinės	88
klasifikuoja	88
klasikas	88
klauso	88
klemenso	88
kleopatra	88
klientu	88
klimatologijos	88
klintonas	88
klintys	88
kloakos	88
klodus	88
klonų	88
klostosi	88
klyvlendo	88
knygutę	88
knygynuose	88
kobra	88
kodifikaciją	88
kojytės	88
kokardos	88
kolekcionierių	88
kolektyvinius	88
kolektyvinį	88
kolonizuojant	88
koloną	88
kombinuotųjų	88
komentatoriai	88
kompiliatoriaus	88
kompiliatorių	88
kompleksams	88
komplektuoti	88
komponentą	88
komunikuoti	88
komunizmui	88
koncentracijų	88
koncertinė	88
koncertinėse	88
kondensatorius	88
konditerijoje	88
konfrontaciją	88
konkrečiame	88
konstitucines	88
konstitucionalistas	88
kontrastuoja	88
kontrastą	88
kontroliavusi	88
kontūrų	88
konvencijoje	88
konvertuoti	88
kooptuotas	88
koordinatė	88
koraliniuose	88
korintiečiams	88
korsikos	88
kosminiais	88
kovojantys	88
kpvt	88
kraitį	88
kranai	88
krauti	88
kreditoriai	88
kreditoriui	88
kreditorius	88
kreivas	88
kreives	88
kreivių	88
krepšininką	88
krepšiniui	88
krešėjimo	88
kriauklelių	88
krikščioniškoji	88
krintantis	88
kriptosistema	88
kristalinio	88
kristalinis	88
kritine	88
kritinių	88
krištolas	88
krokialaukio	88
krosnelės	88
krymą	88
krėvės	88
krūmokšniais	88
krūvius	88
kujavijos	88
kultūrtechnikų	88
kumelės	88
kuolų	88
kupini	88
kurdama	88
kursavo	88
kutikula	88
kučiūnų	88
kvadratiniai	88
kvadratiniame	88
kvalifikacijai	88
kvantinį	88
kvapiųjų	88
kvarką	88
kviesdamas	88
kviestinė	88
kvietimus	88
kūgiškas	88
kūgį	88
kūrenama	88
kūrybiniai	88
labguvos	88
laikinus	88
laikmena	88
laikmenose	88
laikomo	88
laikymosi	88
laikytų	88
laimutis	88
laiptelių	88
laivynus	88
lakų	88
lamanšo	88
lamborghini	88
lankantis	88
lankinė	88
lankstūs	88
lasik	88
latviams	88
laukelis	88
laukinį	88
laužus	88
laužų	88
lazerinis	88
lazerinė	88
lazerinį	88
lašas	88
ledkalnių	88
ledyninių	88
legionams	88
leidžiamuose	88
leitenantai	88
lekėčių	88
lemiama	88
lemingai	88
lenktynininkus	88
lentas	88
liberalizmą	88
lieporių	88
lietui	88
lietuviui	88
lietuviškųjų	88
liežuviai	88
liežuvėlio	88
ligotas	88
likvidavimą	88
lingvistinę	88
linijinė	88
linijiškai	88
linkolnas	88
linksmybės	88
linoraižinio	88
lione	88
litais	88
literatūrinei	88
lituanistas	88
lituanistinėje	88
livoniją	88
liūno	88
loginius	88
loja	88
lojalus	88
lojalūs	88
lokiais	88
lokinių	88
lokiu	88
lordu	88
loterijos	88
lozoraitis	88
lvls	88
lydima	88
lyduokių	88
lygiaverčiai	88
lyginamąją	88
lygmeniui	88
lyriniai	88
lyros	88
lytiniam	88
lėkštę	88
lėlę	88
lūžimo	88
macijauskas	88
madas	88
magadano	88
maironis	88
maištavo	88
maišymasis	88
makso	88
maldininkai	88
malkas	88
malonios	88
malt	88
malūnininkas	88
malūnu	88
mamai	88
mamutų	88
manierų	88
manipuliuoja	88
maoriai	88
margai	88
margo	88
margučių	88
marihuana	88
marinuotos	88
markes	88
markgrafu	88
marmuru	88
masalas	88
masalskis	88
masačiusetso	88
masiniu	88
mastais	88
matematinėje	88
matomo	88
matulaičio	88
mačiulis	88
mažakraujystė	88
mažažemių	88
mažesne	88
mažesnėms	88
mažyčių	88
mba	88
mechanizme	88
medalioną	88
medicininiai	88
medikamentų	88
medikams	88
medžioklinių	88
meksikiečiais	88
meluoti	88
memorialiniai	88
menotyrininkė	88
menševikai	88
merkinėje	88
metabolizmas	88
metaforų	88
metančių	88
metimą	88
metisų	88
metražo	88
metrika	88
metrikacijos	88
metropolitenu	88
mezgimas	88
mezodermos	88
mikrobiologas	88
mikrobus	88
mikrolitai	88
mineralinė	88
mineralinę	88
mineraluose	88
ministerijas	88
minskas	88
minutėms	88
mistikos	88
mistinė	88
miuzikluose	88
miuziklą	88
miškingų	88
mjr	88
modernistų	88
modifikuotos	88
modifikuotų	88
modų	88
moiros	88
moksleivė	88
mokyklinis	88
mokėdami	88
moldavai	88
moliūgo	88
monarchijų	88
monitoriai	88
monografijoje	88
monstras	88
montuojamos	88
monumentalumas	88
morfologinių	88
morka	88
morta	88
motininė	88
motoras	88
motoriniai	88
mozės	88
muitas	88
mumiją	88
musinukė	88
mėginiai	88
nacionalinėms	88
nailono	88
narkotikas	88
narkotinės	88
natomis	88
natūraliais	88
natūros	88
naudodavosi	88
naujagimį	88
naujausiomis	88
navigaciją	88
navą	88
neakivaizdinę	88
neapsiribojo	88
neaptiko	88
neatlieka	88
neatsakė	88
nebegalima	88
nebeveikia	88
nebeįmanoma	88
nebyliojo	88
nebūta	88
nedalyvaus	88
nedegtų	88
nedidelei	88
neformalios	88
negrai	88
negrįžtamas	88
negyva	88
negyvena	88
negyvosios	88
negyvus	88
neišleistos	88
neištikimybę	88
nekaltumo	88
nekontroliuojamas	88
nekrošius	88
nektaras	88
nekyla	88
nelegalūs	88
neleistų	88
nenusileido	88
neonas	88
neorenesanso	88
neoromaninė	88
neoromantizmo	88
nepagrįstas	88
nepaisydama	88
nepakankama	88
nepakitę	88
neparodė	88
nepasiduoti	88
nepateisino	88
nepatiria	88
nepažeidžiant	88
nepilnametis	88
nepilnamečiams	88
nepilotuojamų	88
neprigirdinčiųjų	88
nepriklausomumą	88
nepripažinti	88
neradęs	88
neranda	88
nerandama	88
nereguliarus	88
nereikšminga	88
neršti	88
nesikišti	88
nesugebės	88
nesukėlė	88
neteisingi	88
neteisingo	88
neteisėtų	88
netekties	88
netenkama	88
netiesioginiai	88
netikintys	88
netikrą	88
netradicinės	88
netrūko	88
neturintiems	88
neturėdama	88
neturėjusi	88
neturėjęs	88
netvarkingai	88
neuronus	88
neutronas	88
nevalgo	88
nevalingai	88
nevartojamas	88
neįvyksta	88
nešama	88
nešiojamų	88
nišomis	88
norimo	88
norite	88
normalius	88
normalių	88
notaru	88
nubrėžė	88
nugalėtoją	88
nuginklavo	88
nukentėję	88
nukreiptais	88
numanyti	88
numačiusi	88
numeravimo	88
nuolaidesni	88
nuolaidos	88
nuolatiniam	88
nuolatinėje	88
nuostabi	88
nuostatais	88
nuotolius	88
nuotėkų	88
nurodydamas	88
nusidriekė	88
nusilpnino	88
nusipelniusi	88
nusipelniusius	88
nusirito	88
nusistovi	88
nusivylę	88
nusižengimą	88
nusmuko	88
nutarimams	88
nutrenkė	88
nutylėjimą	88
nuvesti	88
nušvitimą	88
nužudomi	88
nužudymu	88
nykštukę	88
nykštys	88
nykščio	88
nėjo	88
obuoliais	88
odinius	88
oksforde	88
okupuojant	88
ontologijos	88
opel	88
opendocument	88
operatorė	88
operuoti	88
opozicijai	88
oranžerija	88
oranžerijose	88
oratoriaus	88
oratorinio	88
ordinus	88
orestas	88
organikas	88
organinio	88
organizacinius	88
organizacinė	88
orientuotą	88
originalia	88
oriolo	88
ornamentuota	88
ornitologiniu	88
osmosinį	88
ovuliaciją	88
paaiškinimais	88
pablogėjusios	88
pabūklą	88
padangomis	88
padas	88
padavimus	88
padega	88
padėję	88
paežerėse	88
pagalbiniu	88
pagalvę	88
pagaminamos	88
pageidautina	88
pagerbė	88
pagerėjus	88
pagonimis	88
pagonybė	88
pagrobta	88
paguldytas	88
pagyvenusiems	88
paimk	88
pajodinėti	88
pajudinti	88
pajėgė	88
pakankamo	88
pakilę	88
pakopomis	88
pakražančio	88
pakrikštyta	88
pakrovimo	88
pakruojyje	88
pakso	88
pakvietimą	88
palaikomojo	88
palaikę	88
palaimino	88
palaimintas	88
palankesnės	88
palankų	88
palapinių	88
palapinėje	88
palestiniečiai	88
paliks	88
palivarkui	88
palėpėje	88
paminėjimai	88
pamokslą	88
pamėlynuoja	88
panemunio	88
paplitusį	88
paplūdimius	88
paprastumą	88
paprikos	88
papulkininkio	88
parapijiečiams	88
parapinėje	88
pardavimu	88
pardavinėjamos	88
pardavėja	88
pareikalavus	88
partnere	88
pasaginė	88
pasakodavo	88
pasakojimuose	88
pasala	88
pasauliečiams	88
pasauliniai	88
pasaulėžiūrai	88
pasekėjus	88
pasibaigę	88
pasidalijus	88
pasiekdami	88
pasienį	88
pasigailėjimo	88
pasigirdo	88
pasijuto	88
pasiprašė	88
pasireikšdavo	88
pasirinks	88
pasirodžiusių	88
pasiryžę	88
pasiseka	88
pasistatydino	88
pasitaikantys	88
pasitarimuose	88
pasitarimą	88
pasitelkiamas	88
pasiturinčio	88
pasiunčia	88
pasižiūrėti	88
paskaninti	88
paskelbiant	88
paskelbusios	88
paskirstytų	88
paskirtimi	88
paskutiniuose	88
pastarajame	88
pastariesiems	88
pastogėje	88
pastovius	88
pasveiko	88
pataria	88
patarėją	88
pateikto	88
pateka	88
patikimu	88
patiriamas	88
patobulintos	88
patrauklios	88
patrauklumo	88
patriotinės	88
patruliniai	88
pavaduodavo	88
pavandenės	88
paveikslėliai	88
paveiktų	88
pavidalus	88
pavietui	88
pavojingus	88
paėmę	88
pašarais	88
pašarams	88
pažintines	88
pažymiais	88
pb	88
pelenus	88
pelkinės	88
pelnytų	88
pelėmis	88
pentinų	88
perauga	88
perdirbtas	88
perduotą	88
perduotų	88
performuotas	88
pergalingai	88
perlaužta	88
perlo	88
perpjauta	88
perrašyta	88
persiją	88
persimetė	88
personalui	88
perstatant	88
perteikimo	88
peruką	88
perversmai	88
perveža	88
pervežimams	88
pervežė	88
perėjas	88
perėmusi	88
pianistės	88
piešiamas	88
pigmentais	88
pigūs	88
piktnaudžiavimas	88
piktoji	88
piką	88
pikų	88
piliulės	88
pilkapynuose	88
pilkieji	88
pinami	88
pinigams	88
pinti	88
pirm	88
pirmininkais	88
pirmtakus	88
pirčių	88
pjūkliškais	88
plakatai	88
planavimu	88
plastiškas	88
plačiame	88
pliaterio	88
plikasėklių	88
plokštumai	88
plyšiais	88
plėtojasi	88
plėvės	88
poetikos	88
policininko	88
policininką	88
polimetalų	88
polinkius	88
polinės	88
polipai	88
polis	88
politologiją	88
pomidoras	88
pompėjų	88
pomėgiai	88
pomėgio	88
pomėgis	88
pomėgį	88
populiacijoms	88
populiacijose	88
populiarinimą	88
porakanopis	88
porcijomis	88
pornografinių	88
poterį	88
povandeniniams	88
požeminėse	88
prabanga	88
pradai	88
prado	88
pradėto	88
pragaras	88
pragyvena	88
prakaitavimą	88
pralaidumo	88
pralaužti	88
praliejimo	88
pramoginė	88
pramoninį	88
prancūziškoji	88
praras	88
prasidedantiems	88
prasidedančios	88
prasminga	88
pravažumo	88
preciziškai	88
preke	88
prerijų	88
prestižinis	88
pretendentai	88
prevencijai	88
pridėjimas	88
priemiesčiu	88
priešdėliai	88
priešdėlius	88
priešingus	88
priešininkams	88
priešpaskutinis	88
prigimtinę	88
priimtini	88
prijaukintas	88
prijungdamas	88
priklausomą	88
priklausydavo	88
prilygino	88
primetė	88
primityvius	88
pripažindamas	88
priplaukti	88
prisidėdavo	88
prisiekia	88
prisijungimas	88
priskaičiuota	88
prispausti	88
pristabdė	88
pristatydavo	88
pritaikytus	88
pritarimas	88
pritvirtinamas	88
privalomojo	88
priverstinės	88
procesoriui	88
profiliu	88
profsąjunga	88
prognozuojamas	88
prognozuojami	88
programavimą	88
programuojant	88
progresija	88
projektuojami	88
prokurorai	88
prokurorui	88
propagavimą	88
proporcine	88
protestantiška	88
protestuodami	88
protestuotojų	88
protinis	88
protinių	88
protokole	88
protui	88
provincijoms	88
pseudomokslas	88
psichologijai	88
psichozė	88
puikias	88
pulsą	88
puma	88
puodas	88
puode	88
puodą	88
puoselėjimo	88
pusbroliai	88
pusiausvyroje	88
pusmečiui	88
pustoniu	88
pusėms	88
puvimo	88
pėdkelnės	88
pūtimo	88
pūtė	88
radimas	88
radioaktyvaus	88
radioaktyviųjų	88
radioaktyvus	88
rafinavimo	88
rafinuota	88
raiteliams	88
raiščiu	88
rajoninė	88
ramusis	88
ramutis	88
ramų	88
rangu	88
rankiniai	88
rankraščiu	88
rasto	88
rateliai	88
ratinė	88
rauginimo	88
raukšlėmis	88
raumeninga	88
raumeninių	88
raunde	88
rausvą	88
rausvų	88
rašinius	88
rašinių	88
raštininkai	88
reaktyvinės	88
realinis	88
receptai	88
receptoriais	88
redaguotas	88
redukuotos	88
refleksija	88
regeneracijos	88
reglamentavimo	88
reguliarius	88
reguliavimui	88
reguliuojančios	88
reikalaujantys	88
reikalaujančius	88
reikalaujančių	88
reiškiama	88
reiškimo	88
reiškęs	88
rekombinacija	88
rekomendaciją	88
rekonstruojant	88
rektascensija	88
religinga	88
religingas	88
religingi	88
reliktinio	88
remiksuota	88
renė	88
reparticijos	88
repertuarinės	88
repeticijos	88
restauruotos	88
retesnės	88
retu	88
retušuotu	88
revizorius	88
revoliuciniai	88
revoliucinius	88
revoliucinį	88
rezervai	88
rezervuare	88
rezervuarų	88
rezginys	88
rezistentų	88
rezistorių	88
ribinis	88
ribojami	88
rimtu	88
rinkimui	88
rinkėjams	88
ritmiški	88
ritmų	88
rjl	88
rodymo	88
rodyta	88
rodytų	88
rokiruotę	88
rokui	88
romaninės	88
romantikas	88
romantikos	88
rombinių	88
rubikių	88
rudenų	88
rudžemiai	88
rumunijai	88
rupijos	88
rupūžė	88
rusnėje	88
rytoj	88
rytojus	88
rėmu	88
rūdiškių	88
rūgti	88
rūgštaus	88
rūstus	88
saab	88
sabaliauskas	88
sacharoje	88
sakralinė	88
sakramentų	88
sakus	88
saldaus	88
saldžios	88
samprotavimas	88
sandas	88
santykiauti	88
sarah	88
saugojęs	88
saugą	88
sauliaus	88
saulėgrąžų	88
saulėgrįžą	88
saulėlydį	88
saulėtekio	88
sausrai	88
savi	88
savireguliacijos	88
savuoju	88
sb	88
scenarijai	88
sceninio	88
scientologų	88
seimai	88
sekančias	88
sekančiu	88
seklys	88
seleno	88
senelį	88
seniausiais	88
seniausio	88
senosioms	88
senovę	88
septintos	88
septyniose	88
septyniuose	88
serialu	88
serijai	88
serijinės	88
seto	88
sezoninis	88
siaubas	88
sidabrinius	88
siektų	88
siekę	88
sienelėse	88
sijonais	88
silikatas	88
sima	88
simbolines	88
simbolinių	88
simfoninė	88
sinagogoje	88
sistematikai	88
sistematikoje	88
siuita	88
siuitos	88
siuntinių	88
siurblinės	88
siuvamos	88
siuvinėjimas	88
siužetais	88
skalda	88
skalikų	88
skambančių	88
skandžio	88
skardis	88
skausminga	88
skelbdavo	88
skeptikų	88
skersine	88
skirstykla	88
sklypais	88
skraistė	88
skruzdėlių	88
skruzdėlėmis	88
skrynelę	88
skudučiai	88
skulptūrinė	88
skulptūroms	88
skulptūrose	88
skustagalvių	88
skydelio	88
skylėmis	88
skėtinė	88
slaptame	88
slegia	88
slengo	88
slenkstėtos	88
slepiami	88
sliekų	88
sluoksniniai	88
slėgyje	88
smauglys	88
smiltainis	88
smukimo	88
smulkia	88
smulkiems	88
smulkintuvai	88
smulkiu	88
smūgiais	88
smūgiui	88
snaiperio	88
snukiu	88
socialiniame	88
socialistinis	88
socialistinį	88
sodrinimo	88
sopranui	88
sorbonos	88
sostu	88
spalvinio	88
spartakiados	88
specializuoto	88
specifikos	88
spektakliui	88
spekuliacijos	88
spinduliškai	88
sportininkui	88
spp	88
sprandą	88
sprogimu	88
sprukti	88
spėtų	88
stabai	88
stabilų	88
staliaus	88
stambią	88
standartams	88
standartizuota	88
statymą	88
stačiatikybės	88
stažuotę	88
stebuklais	88
stebėdavo	88
stebėtinai	88
stefanija	88
steigiamąjį	88
stela	88
stereotipus	88
stichijos	88
stiliams	88
stipendininkų	88
stiprinama	88
stiprinant	88
stiprį	88
stirnių	88
storais	88
stotelėje	88
strategas	88
strategijoje	88
stratigrafijos	88
striptizo	88
struktūrinę	88
stručiai	88
studijuojantiems	88
studijuojančių	88
stulpiniais	88
stūmė	88
suaižėjusi	88
subjektyviai	88
subjektyvus	88
subrendusi	88
subsidijas	88
substratą	88
subtropiniai	88
subyra	88
sudarančius	88
sudarymu	88
sudedamos	88
sudega	88
sudegintos	88
sudegusių	88
sudėlioti	88
suformuodamas	88
sugalvojęs	88
suima	88
suinteresuota	88
suinteresuotų	88
suirutę	88
sujungimai	88
sukneles	88
sukomplektuota	88
sukonstruotos	88
sukurtai	88
sukėlusi	88
sulaukusių	88
sultonatu	88
sumaišė	88
sumišo	88
sumoka	88
sunaikins	88
sunkino	88
sunykus	88
sunykusios	88
suodžiai	88
supamas	88
supaprastintos	88
supilta	88
surengdavo	88
surengus	88
surištos	88
susidariusį	88
susidurdavo	88
susidūrimus	88
susietų	88
susiformavusią	88
susiformavusių	88
susijusia	88
susiklosto	88
susimaišius	88
susirgimas	88
susitikus	88
susitikęs	88
susivieniję	88
susišaudymas	88
suskaldytais	88
susmulkinti	88
sustabdytų	88
sutartines	88
suteikdama	88
sutinkate	88
sutramdė	88
sutrikusio	88
sutrumpino	88
suvaržytas	88
suvaržytos	88
suvieko	88
suėmimas	88
sužadina	88
sužeistą	88
sužinota	88
sužinotų	88
svarių	88
svastikos	88
sveikinimo	88
svečiui	88
sąjungininke	88
sąjūdžiui	88
sąlygojama	88
sąlygota	88
sąlygotosios	88
sąmokslas	88
sąmoningumas	88
sąnašų	88
sąrašui	88
sąskrydyje	88
sąvartynuose	88
sūdyti	88
tabletėmis	88
taikai	88
taikiklį	88
taikių	88
tailandas	88
taisyklingos	88
taktikas	88
tamplierių	88
tamsesnėmis	88
tamsų	88
tankia	88
tankius	88
tanzanijoje	88
tapdamos	88
tarifus	88
tarnautojais	88
tarnus	88
tarnybinis	88
tarnybomis	88
tautelės	88
tavimi	88
taškui	88
tbilisyje	88
teatrologas	88
tebevyksta	88
teigiantis	88
teikiamomis	88
teikėjai	88
teisiniais	88
teismams	88
teisėtu	88
tekantį	88
tekstūrą	88
tektonikos	88
televizijose	88
temperamento	88
tenkinosi	88
tepalo	88
terapiją	88
teresa	88
teritorines	88
teritorinėje	88
terjerai	88
terminis	88
termitais	88
teroras	88
teršalai	88
tiesiąją	88
tikrumo	88
tikėdamas	88
tilžę	88
tinklinį	88
tinku	88
tipišką	88
tirpikliai	88
tirpių	88
tirštas	88
tobulesnis	88
tobulėjimą	88
tolimesnes	88
tolimiausias	88
toltekai	88
tonais	88
tonažas	88
tonga	88
torpedinius	88
tošies	88
tragiška	88
trakai	88
trakėnų	88
transliuotojas	88
transportavimui	88
transporteriai	88
transportinis	88
traukiniui	88
treniravęs	88
trikampiais	88
trikampę	88
trikovės	88
trimitai	88
triumfą	88
trišalė	88
troja	88
trolis	88
trolių	88
troškulį	88
trumpalaikiai	88
trumpalaikę	88
trumpametražis	88
truputėlį	88
tulpės	88
turbo	88
turguose	88
turinčioje	88
turk	88
turkmėnai	88
turtingieji	88
tuščiaviduriai	88
tuščiavidurių	88
tvarkingas	88
tvarkykles	88
tyrelio	88
tyrinėtojus	88
tęsdavosi	88
tūkstantmečiui	88
tūkstantmečių	88
tūriui	88
uogiene	88
uolienomis	88
uolieną	88
uostamiestyje	88
urbanavičius	88
urbanizuota	88
urvelius	88
usnis	88
utėlė	88
uzbekistano	88
užaugina	88
užaugę	88
užbaigtos	88
uždarame	88
uždarbiauti	88
uždarbis	88
uždaromi	88
uždarymas	88
uždega	88
užgesinti	88
užimama	88
užimamos	88
užimantys	88
užkarda	88
užkariautojams	88
užkariautojus	88
užliejamas	88
užlipti	88
užmigo	88
užmokesčiui	88
užmuš	88
užpakalinėmis	88
užpakalio	88
užpildas	88
užpildytos	88
užpuolę	88
užraktas	88
užsiimama	88
užsikrėtę	88
užsilenkę	88
užspausti	88
užtaisus	88
užteršti	88
užtikrinimą	88
užtrukdavo	88
užtvaros	88
užvaldžius	88
vaclovo	88
vadi	88
vadinamomis	88
vadinę	88
vadovautų	88
vadė	88
vagių	88
vagį	88
vaisiui	88
vaitiekus	88
vaizdingoje	88
vaizdui	88
vaizduodavo	88
vaičiūnas	88
vaižganto	88
valdančio	88
valdytą	88
valdytų	88
valtį	88
vamzdiški	88
vargšus	88
varijuoti	88
varomų	88
varovais	88
varžovui	88
vasalinė	88
vasalo	88
vatos	88
vedančių	88
vedimo	88
veikimu	88
veiklioji	88
veiksmažodžiu	88
veiksmingi	88
veiksmingą	88
veisimas	88
vektoriumi	88
velenai	88
veleno	88
venecijiečių	88
vengrijai	88
vengrus	88
vertintojų	88
veršis	88
ves	88
vežime	88
viceministro	88
videoklipo	88
vidiniam	88
vienalytė	88
vienijimo	88
vienpartinę	88
viens	88
vienuole	88
vienuoliktas	88
vietovardžiams	88
viešame	88
vigų	88
vikarą	88
vikšrus	88
vilijampolės	88
vilku	88
virtualią	88
virtuvėms	88
virusu	88
viršaičio	88
virškinimas	88
viršun	88
viskam	88
vizijas	88
vizijų	88
vizirio	88
vizualinės	88
višakio	88
višinskis	88
vištelė	88
voką	88
volfgangas	88
volto	88
voveraitė	88
vpi	88
vulkanizmo	88
vykdantys	88
vykusiai	88
vyresniems	88
vyresniuosius	88
vyresnybės	88
vyresnį	88
vytelių	88
vėlesniųjų	88
vėlesnę	88
vėsta	88
ypatingais	88
zenitinių	88
zoninės	88
ąžuolinių	88
čarlzo	88
čiuopikliai	88
čiuožia	88
ėjusių	88
ėjusį	88
įdeda	88
įdiegtos	88
įeinanti	88
įeinantis	88
įgalino	88
įgaliojo	88
įgaliota	88
įgavusi	88
įgijimo	88
įgūdis	88
įgūdžio	88
įjungiama	88
įjungimo	88
įkaitai	88
įkaitas	88
įkopti	88
įkėlė	88
įlenda	88
įmesti	88
įminti	88
įpėdiniais	88
įrašinėjimo	88
įrengdavo	88
įrengimais	88
įrenginyje	88
įrengtą	88
įrengę	88
įrodančių	88
įsibėgėjo	88
įsimintinų	88
įsipareigojimo	88
įsirausia	88
įsisavinimo	88
įsisavino	88
įsivedė	88
įsivesti	88
įspūdingais	88
įstatoma	88
įsteigimas	88
įtaisais	88
įtariamojo	88
įteisintos	88
įvairiausiomis	88
įvardintas	88
įvažiuoti	88
įvesdamas	88
įvežta	88
įvyktų	88
įžymi	88
šachmatininko	88
šakeles	88
šakniastiebį	88
šakotis	88
šakynos	88
šalnos	88
šaltosios	88
šaltuoju	88
šaltuonos	88
šaltus	88
šalčininkai	88
šarmų	88
šaudantis	88
šaudykla	88
šauktiniai	88
šiandieninių	88
šifro	88
šilalėje	88
šiltus	88
šitoks	88
šiukšlynuose	88
šliuzai	88
šnerves	88
šnervių	88
šoktelėjo	88
šonas	88
šoninėse	88
šoviniams	88
šukės	88
šuliniai	88
šulinį	88
šventimo	88
šventumo	88
šviesesne	88
šviną	88
ūkininkė	88
ūkiniu	88
ūkvedys	88
ūsais	88
žagrė	88
žandas	88
žandikaulį	88
žando	88
žarnas	88
žavėjo	88
želdynuose	88
žemesnioji	88
žemesniąją	88
žemupiu	88
žemvaldžio	88
žiedui	88
žiedyno	88
žingsniais	88
žirginiai	88
žirmūnų	88
žirnio	88
žiurkę	88
žlungant	88
žmogiškosios	88
žodinę	88
žodynui	88
žolynai	88
žvaigždėje	88
žvaigždėlapius	88
žvejojo	88
žvilgsniu	88
žybsnių	88
žymiausią	88
žymųjį	88
abejingas	87
aberacija	87
aberacijos	87
abipusis	87
abortus	87
abrikosai	87
absoliučia	87
absoliučiu	87
abstrakčiai	87
action	87
adelaidės	87
administracine	87
administracinėse	87
administratoriui	87
administruojamos	87
adp	87
advokatavo	87
advokatą	87
aerodinamikos	87
aerodromai	87
afganistanas	87
afganų	87
afrikietiškų	87
agresyvių	87
agrometeorologijos	87
aguoninių	87
agurkus	87
aida	87
airbaltic	87
aistrų	87
aisčiai	87
aisčių	87
aiškiu	87
akmenukų	87
akmenuotose	87
akmenynai	87
akordeonui	87
aktyvesnis	87
akustinis	87
akutėmis	87
akutės	87
akvatorija	87
alb	87
albina	87
albino	87
alchemijos	87
alchemikas	87
aleksandrija	87
aleksijaus	87
aleutai	87
alfabetas	87
algoritmais	87
alionių	87
aliuviniai	87
alkaloido	87
alkas	87
alkoholiai	87
alkoholių	87
alkūnių	87
alpinizmas	87
alternatyvas	87
aluje	87
alytų	87
alzhaimerio	87
amatininkas	87
amerikiečiais	87
amfetamino	87
amnestija	87
amžinybę	87
amžinąją	87
analitinis	87
analizuojama	87
analogijos	87
analų	87
anarchijos	87
andai	87
andre	87
andriejus	87
angaras	87
angaros	87
animistai	87
ankaros	87
ankstesne	87
ankstesniu	87
ankstyvumo	87
antakiai	87
anteną	87
antilai	87
antinacinės	87
antkapių	87
antpetis	87
antraeilis	87
antrajį	87
antrašte	87
antrinę	87
antrose	87
apakino	87
apartamentai	87
apaštalu	87
apdorojimui	87
apdulkinami	87
apertūros	87
apetitas	87
apgaulės	87
apgynus	87
apibendrinimo	87
apibrėžimu	87
apibrėžto	87
apibūdinimo	87
apimantys	87
apjungiamos	87
apkabina	87
apkasuose	87
aplenkusi	87
apnašu	87
apra	87
apribojimą	87
aprėpė	87
apsakymuose	87
apsauganti	87
apsauginį	87
apsaugotą	87
apsisukimo	87
apsiverčia	87
apskaičiuosime	87
apskritimais	87
apsupę	87
aptarnaujančio	87
aptarnavimu	87
aptvaro	87
apuokai	87
apvažiavo	87
apykaklių	87
apysakoje	87
apysakose	87
apytaka	87
apytikslė	87
apyžiedžio	87
apėmusią	87
apšaudytas	87
apšepęs	87
apšviečiamas	87
apšvitinimo	87
apžvalgininkai	87
arbitras	87
architektą	87
archyvais	87
argentinietis	87
argumentu	87
argumentuoja	87
arminas	87
arnold	87
aromatu	87
arsenalas	87
arsenalą	87
arterijas	87
artileristai	87
artimiausiais	87
artinys	87
artistės	87
arturas	87
artėjantį	87
artėjančio	87
asfaltuotu	87
asilo	87
asirija	87
asmenvardis	87
asmenyje	87
asocijuotas	87
asocijuotos	87
astrachanės	87
astravo	87
astronominius	87
atabradas	87
atakuojant	87
atatrankos	87
atbudimo	87
ateitininkas	87
atgailauti	87
atitikmeniu	87
atitikmens	87
atkasti	87
atkurto	87
atkėlė	87
atlygis	87
atmetimo	87
atmintinę	87
atnaujinimų	87
atneštas	87
atomams	87
atomu	87
atotrūkis	87
atpalaiduoja	87
atplaukęs	87
atrastą	87
atributu	87
atsakyta	87
atsibunda	87
atsidūrus	87
atsigabeno	87
atsikovojo	87
atsikėlęs	87
atsiliepimą	87
atsimena	87
atsinaujinantys	87
atsinaujinimą	87
atsirandančios	87
atsiskaito	87
atsisuko	87
atsitiktiniais	87
atsivežti	87
atsparumu	87
atspindėtų	87
atspindžiai	87
atstato	87
atstačius	87
atstojamoji	87
atstovaujami	87
atstovaujančios	87
atstovaus	87
atveža	87
atvirkštinė	87
atvirkščia	87
atvykusiais	87
atvykėliais	87
atšąla	87
atžvilgių	87
audeklu	87
audiencijos	87
auditorijoje	87
audėja	87
audėjų	87
auginant	87
augindavo	87
augliai	87
augusių	87
augusta	87
augustinų	87
augęs	87
aukcionai	87
aukcionuose	87
auklė	87
auklės	87
aukojant	87
aukštinama	87
aukštoki	87
australijai	87
austronezinių	87
austrės	87
autobiografijoje	87
autokompresorių	87
automatiniais	87
automatinėmis	87
automatizacijos	87
automatizuota	87
automatizuotų	87
automobilininkų	87
autonomiškai	87
autorinis	87
autorystės	87
avarus	87
aviakatastrofoje	87
avižonis	87
aštuntoje	87
aštuoniomis	87
babrungo	87
bachas	87
baigtinį	87
balerina	87
balioną	87
balkonai	87
balos	87
balotiravosi	87
balzamas	87
bambergo	87
bankais	87
bankininko	87
bantustanų	87
barkauskas	87
bartuvos	87
bazine	87
baziniu	87
bačiūnų	87
bažnytiniame	87
beatifikacijos	87
bekvapis	87
bermontininkus	87
besikeičianti	87
besikuriančios	87
besiribojantis	87
betoninis	87
bevardžiai	87
biocheminių	87
biofizikas	87
biologine	87
bitai	87
bizantijoje	87
biznio	87
bičiuliai	87
bliuzą	87
blogybių	87
blužnis	87
bmi	87
boguslavas	87
bonaparto	87
botsvanoje	87
branduolinėje	87
breiko	87
brigadas	87
britą	87
brošiūrą	87
buhalterijos	87
bundestago	87
bure	87
burundžio	87
burę	87
buržuazinės	87
buvusioji	87
bušmėnai	87
bėgantis	87
bėgdamas	87
bėgdavo	87
būgos	87
būriuose	87
būsimajam	87
būsiu	87
būsią	87
būtinumo	87
būtojo	87
būtybėms	87
carienės	87
centralizacija	87
cenzūrą	87
cerkvei	87
cfc	87
cha	87
chanai	87
charakterius	87
charlie	87
chazarai	87
chorinių	87
chose	87
chrestomatiją	87
chruščiovas	87
ciklinis	87
cilindrinis	87
cirkonio	87
citavo	87
citrusinių	87
cituojamas	87
civilinei	87
cmdb	87
cno	87
csu	87
cukranendres	87
daigai	87
daigų	87
daiktavardžiams	87
dailininkais	87
dailininkams	87
dainius	87
daktarus	87
dalelei	87
dalią	87
dalyvavimui	87
dalyvavusio	87
dambos	87
danieliaus	87
darantys	87
darbinę	87
darbuotis	87
darnos	87
darnų	87
darymo	87
datavimas	87
daugelių	87
daugialąsčių	87
daugiavaikėje	87
daugėla	87
dažo	87
debian	87
debiutavusi	87
debiutus	87
defektai	87
degalinių	87
degtine	87
degtukai	87
deguliams	87
dekolonizacijos	87
dekoratyvi	87
dekoruojami	87
delikatesu	87
demografijos	87
deportacijos	87
derliai	87
determinizmas	87
devinta	87
devyneri	87
dešimta	87
dešimtame	87
dešimtimis	87
dešimtukus	87
dešiniame	87
diafragmą	87
diagnostikai	87
diakritiniai	87
dianos	87
didaktikos	87
didmeistriu	87
didžiavosi	87
didžėjai	87
dieninių	87
dieninės	87
dieviškojo	87
diferencialinė	87
diferencijuojasi	87
diktatoriui	87
diktorė	87
diktuoja	87
dinastijoms	87
diplomai	87
diplomais	87
diplomatinėmis	87
dirbamų	87
dirbtuvėmis	87
dirbtuvę	87
dirgiklio	87
dirgiklį	87
dirginimas	87
diriguojamas	87
diriguojant	87
dispanserio	87
distiliuotas	87
dizenterija	87
dogmas	87
dokai	87
dokumentinės	87
domeikavos	87
domenus	87
dominija	87
dominikonas	87
dominyko	87
donas	87
dorai	87
dovanotos	87
dovydaitis	87
dozių	87
drabužį	87
dragūnai	87
drakula	87
dramatizmas	87
draudžiantis	87
draugišką	87
dresuojamas	87
drobę	87
drėgnuoju	87
dts	87
dubumos	87
dumblą	87
durklais	87
dvarininkui	87
dvibalsių	87
dvigubus	87
dvikovų	87
dviratininkams	87
dvisparniai	87
dygliuoti	87
dykumomis	87
dykynės	87
dyzelinių	87
dėdei	87
dėkingas	87
dėstytojais	87
dėvimi	87
dėvimos	87
dūdų	87
džiovinimas	87
ebay	87
efektyvesnė	87
efektyvių	87
egiptiečius	87
eilėraščiais	87
einančia	87
eiseną	87
ekonomiškesnis	87
ekscentricitetas	87
eksploataciją	87
eksportuota	87
ekspresionistų	87
ekspresyvumas	87
ekstraktai	87
elamo	87
elastingumo	87
elbingo	87
elegantiškas	87
elektronams	87
elementarioji	87
elfais	87
elijas	87
emigrantas	87
emigrantus	87
emigruoja	87
emisija	87
emisijas	87
emocinis	87
emocinę	87
empirinių	87
enciklopedijai	87
enciklopedinių	87
endokrininė	87
endokrininės	87
energetikoje	87
energetiniai	87
entomologijos	87
entuziastas	87
epinio	87
epinis	87
epizodą	87
epų	87
eretikus	87
ergas	87
eritrocitus	87
erotas	87
eršketas	87
erškėčių	87
eskadrą	87
estetinį	87
estus	87
etanolį	87
etikečių	87
etninėmis	87
eurolygoje	87
evakuacijos	87
evakuaciją	87
ežys	87
facebookas	87
faktūrų	87
falsifikacija	87
faraonu	87
faze	87
fdp	87
fernandas	87
festivaliams	87
fi	87
filmukus	87
filmuojami	87
filė	87
finansine	87
finansinėmis	87
fiskalinė	87
fizikinio	87
flagmanas	87
fleitų	87
fojė	87
folklorinis	87
fontanai	87
fonu	87
fortepijonas	87
fortran	87
forumai	87
fosilija	87
fotonus	87
freskose	87
fundamentalių	87
funikulierius	87
funkcionalizmo	87
futbolininkus	87
gabenant	87
gabrielis	87
gailesčio	87
galerijomis	87
galilėjus	87
galiojusi	87
galiojusios	87
galutiniu	87
galėčiau	87
gamoje	87
gamtiniame	87
garbinga	87
gardelė	87
gargždai	87
garinis	87
garsieji	87
gastrolėse	87
gaunasi	87
gausiu	87
gazuoto	87
gegutė	87
gegužines	87
gegužraibė	87
geizeris	87
geltonosios	87
generolams	87
genezę	87
geniušas	87
geografai	87
geologines	87
geologinį	87
geometriškai	87
georgo	87
geram	87
geriausiems	87
gerino	87
germanais	87
germanizacija	87
gerosios	87
giedamas	87
giedras	87
giesmėmis	87
gimdydama	87
gimdyvių	87
giminaičiui	87
gimusią	87
ginkluotiems	87
girdisi	87
gitaristų	87
gladiatoriai	87
glažutė	87
gleivine	87
globėjais	87
globėjus	87
gluosninių	87
gobeleno	87
golfą	87
gorbačiovo	87
grafais	87
grafiniai	87
grafinius	87
graikijai	87
graikiškos	87
gramatikų	87
gramatinių	87
granada	87
granatai	87
grandimi	87
grandinėlė	87
grandį	87
granulės	87
grasina	87
grasinimų	87
gražiomis	87
greitinamos	87
greitintuvo	87
greitkeliai	87
greitųjų	87
greičiausia	87
greičiausių	87
gretasienio	87
griaustinį	87
grietinėlės	87
grigaitis	87
grindinių	87
griovelius	87
griovyje	87
griškevičius	87
griūtį	87
grobiui	87
grybauskas	87
grynoji	87
grynu	87
grūmėsi	87
gulyklos	87
gyvastį	87
gyvenamuosiuose	87
gyvenančioms	87
gyvendami	87
gyviems	87
gėlųjų	87
gėrimuose	87
gėrybėmis	87
gūbrys	87
harlemo	87
harmonika	87
herakliui	87
hercogais	87
herojams	87
hibridinės	87
hienos	87
hierarchinę	87
holografija	87
homoseksualūs	87
hondūras	87
horizontalią	87
humanitariniai	87
idealais	87
idealo	87
iec	87
ieškodama	87
ieškojimų	87
ieškotojas	87
igbai	87
igliškėlių	87
ikonografija	87
ilgasis	87
imamai	87
imantis	87
imbiero	87
imigrantus	87
imituojantis	87
importuojamų	87
improvizuoti	87
imtuvus	87
inauguracija	87
indijų	87
individams	87
injekcija	87
instaliacija	87
instruktorių	87
integruojama	87
intelektualas	87
interpretacijas	87
introdukuotų	87
ipcc	87
ips	87
iranu	87
istorinėse	87
italui	87
iteracijos	87
ivanovas	87
izoliavimo	87
izoliuotai	87
išaugusių	87
išbarstyti	87
išdidumą	87
išduodami	87
išdėstytomis	87
išgabentas	87
išgalvotame	87
išgaubtos	87
išgelbėtų	87
išgyvenimais	87
išgėrė	87
išilginis	87
išilginę	87
iškasena	87
iškildavo	87
iškilmingą	87
iškviečia	87
iškylantys	87
išlaikiusių	87
išlaisvinimas	87
išleistuose	87
išlikimas	87
išlikusiuose	87
išmainė	87
išmetamos	87
išmokama	87
išmokta	87
išnaudojimu	87
išorinėmis	87
išpirktas	87
išplatinti	87
išpranašauta	87
išpuolį	87
išpuošti	87
išradimais	87
išrastos	87
išreiškiamos	87
išsako	87
išsikėlus	87
išsisklaido	87
išsiskleidžia	87
išsivystymą	87
išsižadėjo	87
išskirtinius	87
išskleistas	87
išskyromis	87
išskyrų	87
išskėstų	87
išspręstų	87
ištirpęs	87
išvaizdai	87
išvesties	87
jako	87
jamaika	87
janavičius	87
japoniškos	87
jasaitis	87
jaunesnio	87
jaunius	87
jausdamas	87
jc	87
jogą	87
jojant	87
jozefo	87
judrumas	87
jugoslavai	87
juosvais	87
jupiterį	87
jurgutis	87
jurisprudencija	87
juvelyrinių	87
juzeliūno	87
jūreivio	87
kabeliu	87
kabinasi	87
kadastrinės	87
kadencijoms	87
kadetai	87
kadras	87
kaimelių	87
kaimyninė	87
kainavusi	87
kainavęs	87
kairiojoje	87
kairiu	87
kaizerinės	87
kaladę	87
kalbančias	87
kaldintas	87
kalendoriai	87
kaliforniją	87
kalima	87
kaliningradas	87
kalinti	87
kalmarais	87
kalmaro	87
kalniečių	87
kalnuotuose	87
kalnynu	87
kalnynų	87
kaltintas	87
kalviukas	87
kamavo	87
kambodžoje	87
kamikadzės	87
kaminus	87
kampui	87
kamuoliuku	87
kamščiai	87
kandidatais	87
kandidatūras	87
kandidatūros	87
kanonizavo	87
kanopiniai	87
kantonais	87
kapelmeisterio	87
kapelmeisteriu	87
kapiliarai	87
kapu	87
karališkas	87
karališkąjį	87
kardamonas	87
kareliją	87
kariavimo	87
karjerų	87
karnegis	87
karoliukais	87
karpelėmis	87
karstai	87
kartografija	87
kartografinės	87
kartojami	87
kartomis	87
kartotis	87
karvedžiu	87
karvę	87
karyba	87
karčemos	87
karštasis	87
karščiu	87
kasetes	87
kasmetinio	87
katalikiškosios	87
katalizatoriai	87
kaulinį	87
kaulu	87
kavai	87
kaveckas	87
kazitiškio	87
kažkokią	87
kebabai	87
kebabas	87
keblu	87
keitiklių	87
kekėje	87
keleivinį	87
keliančius	87
kelininkas	87
kelione	87
kengūra	87
kenksminga	87
kentaurų	87
kepenėlių	87
kepsnys	87
kepurėlių	87
keturiskart	87
keturklasė	87
ketvirtadienio	87
ketvirtadienis	87
kiaulėmis	87
kiaulę	87
kielė	87
kietieji	87
kildinamos	87
kildinti	87
kilnoja	87
kilnojamas	87
kilusias	87
kingo	87
kintamo	87
kirsnos	87
kirčių	87
klarneto	87
klasifikuojama	87
klasifikuojamas	87
klastos	87
klausytoją	87
klavesinui	87
klestintis	87
klojime	87
klostės	87
klosčių	87
klubinio	87
kluonai	87
knygnešystės	87
kodeksus	87
kohorta	87
kohortos	87
kojelių	87
kojines	87
kokso	87
kolektyvizaciją	87
kolibriai	87
kolizijos	87
kolonijine	87
kolonijiniai	87
kolonijiniais	87
kolonizatorius	87
kombinuoti	87
komedijas	87
komerciniams	87
komiksas	87
komikso	87
komisariatai	87
komišką	87
kompiuteriniais	87
kompiuterizuota	87
komplektavimo	87
komplekte	87
komponenčių	87
kompresorius	87
kompresorių	87
komunalininkas	87
koncentruota	87
koncentruotis	87
kondensatoriaus	87
kondicionavimo	87
kongas	87
kongregaciją	87
kongresus	87
konjakas	87
konjunkcija	87
konsolidacijos	87
konstruktyvios	87
kontinentas	87
kontrabosu	87
kontraktui	87
kontraktus	87
kontrapunktas	87
kontrastingas	87
kontrastų	87
kontrolinio	87
kontroliuodavo	87
kontroliuojamoje	87
kontroliuojantis	87
konvekcijos	87
konventas	87
konvento	87
koplytėlių	87
korespondentai	87
kosmines	87
kosulys	87
kovojančios	87
kovomis	87
krakmolu	87
krantinių	87
krateriais	87
kraujospūdžio	87
kraustymasis	87
kraštiečių	87
kražiuose	87
kreditai	87
kregždė	87
krikštatėvis	87
kriminologija	87
krintančių	87
kristalais	87
kristaliniai	87
kristalinė	87
kristoforas	87
kristoforo	87
kritiku	87
kritikus	87
kritusių	87
krizes	87
krokodilo	87
kruizinių	87
krušos	87
krūtinplėvės	87
kukliai	87
kulautuvos	87
kuldygos	87
kulinarinės	87
kultivuojamas	87
kuodas	87
kupranugaris	87
kuriamų	87
kuriu	87
kursantų	87
kuršas	87
kuskusas	87
kuskuso	87
kvalifikacines	87
kvapai	87
kviestinės	87
kvietimo	87
kvintetą	87
kėdę	87
kėglių	87
kęsti	87
kūgiai	87
kūrusių	87
kūrybines	87
kūrybiniu	87
laikinajai	87
laikmenoje	87
laikmetis	87
laikmetį	87
laikydamasis	87
laikytą	87
laimėjusių	87
laimėtojais	87
laimėtojo	87
laipteliai	87
laivybinė	87
lakoniškumas	87
lakštingala	87
lakštiniai	87
lan	87
langelis	87
lankelis	87
lankymo	87
laptevų	87
latgala	87
latte	87
latvius	87
laukan	87
lavino	87
lavonai	87
lazdomis	87
lazdynų	87
lazerį	87
ledainė	87
ledais	87
legalių	87
legione	87
legionuose	87
leidimosi	87
leksikografas	87
lelijinių	87
lemiamos	87
lemiamu	87
lenas	87
lenktynininkui	87
lentpjūvėje	87
lesyklos	87
liaukutėmis	87
liaukutės	87
liberalią	87
lichtenšteinas	87
liejimas	87
liejyklos	87
likimus	87
likviduojant	87
liliškių	87
lingvistinių	87
linijinių	87
lipimas	87
lipnus	87
lipo	87
literatūrines	87
lizdais	87
liūnas	87
lk	87
logo	87
logotipo	87
lojalumo	87
lokalizuojama	87
lokis	87
lola	87
lovys	87
lsds	87
ltok	87
luiza	87
luizianos	87
lukštavaisis	87
lumpėnų	87
luominės	87
lygiagreti	87
lygindamas	87
lygiojoje	87
lygmenyse	87
lygybe	87
lyno	87
lyrinių	87
lyriška	87
lyrą	87
lyti	87
lyvius	87
lęšį	87
madrigalai	87
maginis	87
magiškos	87
magnetiniam	87
magnetofono	87
maitinimasis	87
maitino	87
majoratą	87
majus	87
makaka	87
maksimaliu	87
maldyvų	87
malonė	87
malta	87
malti	87
manevruoti	87
manko	87
margi	87
marijampolę	87
markizas	87
marta	87
marškinių	87
maršrutiniai	87
masonai	87
mastus	87
matais	87
matavimą	87
matematiniams	87
matematinę	87
matematinį	87
materialines	87
matilda	87
matriarchato	87
matytų	87
mačetės	87
mačuose	87
mačus	87
mašinėle	87
mažesnieji	87
mažesniems	87
mažinimą	87
mažmeninė	87
mechanikų	87
medalionas	87
medeliai	87
medelynas	87
medinėje	87
medinėse	87
medvilninių	87
medžioklis	87
meilužių	87
melancholiška	87
melasos	87
melioruojant	87
melsvus	87
membranas	87
memorandumas	87
memuarų	87
meninius	87
menkių	87
mentaliteto	87
mere	87
merkinė	87
merkurijus	87
metafiziką	87
metalinę	87
metantis	87
meteorologas	87
meteorų	87
metodistai	87
metraščius	87
metropoliją	87
metropolinėje	87
miegamasis	87
miegant	87
miegodavo	87
mielino	87
miežis	87
migelis	87
miglė	87
mikrobai	87
mikrofonai	87
mikrofoną	87
mikroschema	87
milžiniškame	87
mimika	87
minias	87
minija	87
minkštieji	87
mintančių	87
mintinai	87
minėjimas	87
mirusiu	87
miškininkyste	87
mišparų	87
mocarto	87
modernizaciją	87
modifikacijas	87
mokestinės	87
mokyklinės	87
monetarinę	87
montavimas	87
moralinis	87
morfologiją	87
moteriškieji	87
motinoms	87
motociklais	87
motociklininkų	87
motorinės	87
motorizuotų	87
motyvuojant	87
mozambikas	87
mozambike	87
mstislavas	87
musolinis	87
musonas	87
mutacijas	87
muzikiniam	87
muzikologija	87
mušamaisiais	87
muškietų	87
mvp	87
mykolui	87
mylėtojas	87
mėgindamas	87
mėgėjiškos	87
mėšlu	87
mūras	87
nacionalistinių	87
nacionalizmui	87
naikintojų	87
naikintuvams	87
namibija	87
nanometrų	87
narbuto	87
narkomaniją	87
narsa	87
naršyklę	87
nasrus	87
naudingus	87
naudojamais	87
naudojame	87
naudoję	87
naujesnių	87
naujesnės	87
naujoku	87
naujovėmis	87
navigacija	87
neabejoja	87
neabejojama	87
neaktyvus	87
neapsaugo	87
neatskiriamos	87
neatskleidė	87
nebandė	87
nebeteko	87
neblogas	87
nedaloma	87
nedažnas	87
nedviprasmiškai	87
neformali	87
negalimas	87
negalėdami	87
negandos	87
negausus	87
negyvenami	87
negyvo	87
negyvą	87
neilgą	87
neišaugo	87
nekaltybės	87
nekenkia	87
nekreipia	87
nekropolis	87
nekūrė	87
neliečiamumą	87
nemajūnų	87
nemetalų	87
neoromaninės	87
nepakankamos	87
nepakeičiamas	87
nepalaiko	87
nepalanki	87
nepaliaujamai	87
nepaliesta	87
nepaplito	87
nepaprastąją	87
nepasiekus	87
nepasitikėjimo	87
nepatogūs	87
nepatvirtina	87
nepatvirtintas	87
nepilnos	87
nepraeina	87
nepranešė	87
nepripažįstamas	87
nerastas	87
nereikalingi	87
nereiklūs	87
nereiškė	87
neriasi	87
nervais	87
neryškių	87
neryškūs	87
nerėmė	87
nesantaiką	87
nesilaiko	87
nesimaitina	87
nesmarkiai	87
nespalvotas	87
nestipriai	87
nesugebėdavo	87
nesusiformavo	87
nesusijusios	87
nesutarimais	87
nesvyžiuje	87
netaikomas	87
netaikomi	87
netikslumų	87
neurologas	87
nevaisingumas	87
nevartoja	87
nevienoda	87
nevykdo	87
nevykdymo	87
next	87
neįprastais	87
neįrodyta	87
nike	87
niko	87
nimfą	87
nišose	87
nominaliu	87
normalizuoti	87
normalūs	87
norminimo	87
norminius	87
norvegiškai	87
norįs	87
novelistas	87
nudegimai	87
nufotografuotas	87
nugarinėje	87
nukeltas	87
nukirsdintas	87
nukirstos	87
nukrypimu	87
nuleidžia	87
nulietas	87
numatęs	87
numeracija	87
numeriui	87
numirusiųjų	87
nuogą	87
nuolaidas	87
nuosavoje	87
nuoseklaus	87
nuostolingas	87
nuotoliais	87
nuošimčių	87
nuošliauža	87
nupjautos	87
nusiaubus	87
nusidėvėjimo	87
nusileisdavo	87
nusisuko	87
nusižengimų	87
nuslinkę	87
nusmailėję	87
nustatydavo	87
nykštukinis	87
nėgės	87
nėrimosi	87
objektiškai	87
objektyvumo	87
objektyvą	87
observatorijų	87
odininkų	87
odinis	87
oficialiosios	87
oficialiųjų	87
oficinos	87
ok	87
oksidu	87
okupaciniams	87
okupacinių	87
okupuotame	87
olimpija	87
olimpiniai	87
olimpinius	87
omsko	87
oną	87
operatoriais	87
operetėje	87
opiumo	87
orbitinio	87
orchidėjų	87
ordinarinis	87
organizmais	87
orkaitėje	87
ornamentuotu	87
osetija	87
ovidijus	87
paauga	87
pacientui	87
padalija	87
padalinamos	87
padalytos	87
padangėje	87
padargų	87
padarą	87
padidinamas	87
padidintą	87
padidėtų	87
padirbėti	87
paduotas	87
padėdami	87
padėką	87
pagalbininku	87
pagalbinio	87
pagamindavo	87
pagarsėję	87
pagemaker	87
pagimdyti	87
pagoniškas	87
pagonišką	87
pagrįstus	87
pailgintos	87
pailgą	87
paisoma	87
pakartotinio	87
pakaušis	87
pakeliauti	87
paketais	87
pakildavo	87
pakils	87
paklausti	87
pakopą	87
pakuotė	87
pakviestos	87
pakėlimas	87
palaikančios	87
palaikiusių	87
palaima	87
palapines	87
palaukėse	87
palenkta	87
palermo	87
palikusi	87
palydovės	87
palyginimo	87
pamačius	87
pamilsta	87
paminklams	87
pamokoms	87
pamokose	87
pamokymų	87
pamokyti	87
panaikintų	87
panamoje	87
panas	87
panaudodami	87
panaudodavo	87
panašioje	87
pandemija	87
paneigta	87
papiktino	87
paprašyta	87
paprašyti	87
papročiu	87
parade	87
paraiškų	87
paralyžių	87
paranormalius	87
parazitus	87
parašiutų	87
parašę	87
pardavėjo	87
pareikalauja	87
pareiškusi	87
parengtus	87
pariteto	87
parodanti	87
parodydami	87
pasakojamosios	87
pasaulietinis	87
pasaulinei	87
pasekėjams	87
pasibaigs	87
pasidalinta	87
pasidalyti	87
pasigrožėti	87
pasikartojantis	87
pasikartojančių	87
pasikeitęs	87
pasiklausyti	87
pasinerti	87
pasipylė	87
pasirinkimai	87
pasirinkimų	87
pasisakymų	87
pasisakyti	87
pasisavina	87
pasiskirsčiusios	87
pasisuko	87
pasiturintys	87
pasiturinčioje	87
pasiuntęs	87
paskaitą	87
paskelbiami	87
paskirdamas	87
paskirsto	87
paskolino	87
paskolinti	87
paslinktas	87
paso	87
paspausti	87
pastalininkis	87
pastarojoje	87
pastatomi	87
pastelių	87
pastiprinimą	87
pastogę	87
pasyviai	87
pasėliai	87
pasėliams	87
pataiko	87
patarti	87
pateisino	87
patelei	87
patenkinta	87
patentuotas	87
patikėtinio	87
patirtą	87
patogesnis	87
patrikas	87
patruliavo	87
patvari	87
patvirtindamas	87
patvirtindavo	87
paule	87
paulio	87
paulis	87
pavadintus	87
pavaldiniais	87
pavalgius	87
pavalgyti	87
pavažos	87
paveldimu	87
paveldėjimas	87
paveldėtojai	87
pavertimas	87
pavieniams	87
pavienis	87
paviršinį	87
pavogta	87
pašalinant	87
pašalinio	87
pažiedės	87
pažinties	87
pedagogais	87
pelaginės	87
pele	87
pelkėtu	87
penetracija	87
penkiapirštės	87
penkiskart	87
penkmečio	87
penktojoje	87
pentimi	87
pentinas	87
perdangos	87
perdaug	87
perdavimu	87
perdirbimą	87
pereinamojo	87
periferinės	87
periodinė	87
perkasas	87
perkeliamos	87
permatoma	87
perrinkimo	87
perrinkta	87
persirengę	87
persirengęs	87
pertraukų	87
pertvarką	87
perversmų	87
pervežimui	87
pervežimus	87
pervežimų	87
perų	87
peržiūrą	87
pesų	87
petraitis	87
petronėlė	87
pica	87
pietvakariai	87
pietvakarinių	87
pigesnių	87
pigmentą	87
pijorai	87
pikselio	87
piktnaudžiauti	87
pila	87
pilama	87
piliakalniais	87
pilietybes	87
pilimis	87
piliules	87
pilkus	87
pilkų	87
piltas	87
pilveliu	87
piniginius	87
pintas	87
piotro	87
piratams	87
pirkėjui	87
pirmaujanti	87
pirmtakais	87
pirmykštėje	87
pirmykščiai	87
pisaro	87
pjautuvą	87
pjūvius	87
pjūvyje	87
plakimas	87
plastikinis	87
plastinių	87
plastiška	87
plastiškumas	87
platformoje	87
platinamųjų	87
platumas	87
plaukiotojų	87
plaukuose	87
plaušuotai	87
plazmą	87
plačiaekranis	87
plekšnės	87
plieninius	87
plintanti	87
pliuralizmas	87
plonėja	87
plotmėje	87
pluoštui	87
plėtimas	87
plėtotė	87
plėtotės	87
poetais	87
poetiką	87
poetus	87
pokaryje	87
policininkus	87
polinkių	87
politeistinė	87
pomeranijos	87
pomirtiniame	87
pomėgių	87
poną	87
populiacijas	87
populiariausią	87
populiarioje	87
populiarėjo	87
portale	87
porūšį	87
posakiai	87
posėdžiauti	87
potraukių	87
potėpis	87
pozityvių	87
pradingsta	87
pradėjusių	87
prailginti	87
praleidžiame	87
praleistas	87
pramogas	87
pramoninius	87
pranašumu	87
prancūzą	87
prasiskverbė	87
praturtina	87
praėjusį	87
pražuvo	87
prekiniu	87
prestižiniuose	87
pretekstą	87
prezentacijos	87
priaugusi	87
pridarė	87
pridengdavo	87
pridūrė	87
priegliaus	87
priegloba	87
prieinamose	87
prietarais	87
priešiški	87
priešpriešos	87
priimantis	87
priklausančiomis	87
priklausymo	87
prilimpa	87
primelžiama	87
primindavo	87
prioritetą	87
prisiekusiųjų	87
prisijungiant	87
prisirišimas	87
prisitvirtinusios	87
pritraukdavo	87
pritrauktų	87
privalumais	87
privačiais	87
prizmė	87
prišlieta	87
